file_number,category,filed_by,doc_type,outcome,on_consent,sheriff_referenced
LTB-L-037727-25,A1,unknown,Order,dismissed,False,False
LTB-L-040204-25,A1,unknown,Order,dismissed,False,False
LTB-L-042790-25,A1,unknown,Order,other,False,False
LTB-L-046265-25,A1,unknown,Order,other,True,True
LTB-L-050599-25,A1,unknown,Order,dismissed,False,False
LTB-L-051440-25,A1,unknown,Order,other,False,False
LTB-L-068454-25,A1,unknown,Order,dismissed,False,False
LTB-L-095501-25,A1,unknown,Order,other,False,False
LTB-T-000786-26,A1,unknown,Order,other,False,False
LTB-T-001306-26,A1,unknown,Order,other,False,False
LTB-T-016061-25,A1,unknown,Order,dismissed,False,False
LTB-T-037318-25,A1,unknown,Order,dismissed,False,False
LTB-T-044567-25,A1,unknown,Order,dismissed,False,False
LTB-T-071495-25,A1,unknown,Order,dismissed,False,False
LTB-T-086812-23,A1,unknown,Order,dismissed,False,False
LTB-L-000472-25,A2,unknown,Order,terminated,False,True
LTB-L-018621-25,A2,unknown,Review Order,other,False,False
LTB-L-026170-25,A2,unknown,Review Order,other,False,False
LTB-L-026211-25,A2,unknown,Order,terminated,False,True
LTB-L-031493-24,A2,unknown,Order,terminated,False,True
LTB-L-036412-25,A2,unknown,Order,terminated,False,True
LTB-L-048544-25,A2,unknown,Order,money_only,False,False
LTB-L-049505-25,A2,unknown,Order,dismissed,False,False
LTB-L-054505-25,A2,unknown,Review Order,other,False,False
LTB-L-057526-25,A2,unknown,Order,terminated,False,False
LTB-L-057540-25,A2,unknown,Order,terminated,False,True
LTB-L-057757-25,A2,unknown,Order,terminated,False,True
LTB-L-069286-25,A2,unknown,Order,terminated,False,True
LTB-L-071130-25,A2,unknown,Order,dismissed,False,False
LTB-L-073799-25,A2,unknown,Order,other,False,False
LTB-L-076295-25,A2,unknown,Order,terminated,False,True
LTB-L-077358-25,A2,unknown,Order,terminated,False,True
LTB-L-081039-25,A2,unknown,Order,dismissed,False,False
LTB-L-081074-25,A2,unknown,Order,terminated,False,True
LTB-L-081117-25,A2,unknown,Order,dismissed,False,False
LTB-L-082818-25,A2,unknown,Order,withdrawn,False,False
LTB-L-082975-25,A2,unknown,Order,dismissed,False,False
LTB-L-083621-24,A2,unknown,Order,dismissed,False,False
LTB-L-085900-25,A2,unknown,Order,other,False,False
LTB-L-088711-25,A2,unknown,Order,other,True,True
LTB-L-091963-25,A2,unknown,Order,terminated,True,True
LTB-L-097432-25,A2,unknown,Order,terminated,True,True
LTB-L-097444-25,A2,unknown,Order,other,False,False
LTB-L-099119-25,A2,unknown,Order,terminated,False,True
LTB-L-099829-25,A2,unknown,Order,terminated,True,True
LTB-L-101921-25,A2,unknown,Amended Order,terminated,False,False
LTB-L-102191-25,A2,unknown,Order,terminated,False,True
LTB-L-104442-25,A2,unknown,Order,terminated,False,True
LTB-L-104561-25,A2,unknown,Order,other,False,False
LTB-T-018404-25,A2,unknown,Order,dismissed,False,False
LTB-T-030283-25,A2,unknown,Order,dismissed,False,False
LTB-T-036020-25,A2,unknown,Order,other,False,False
LTB-T-077403-25,A2,unknown,Order,withdrawn,False,False
LTB-T-085755-25,A2,unknown,Order,other,False,False
LTB-T-101926-24,A2,unknown,Order,dismissed,False,False
LTB-T-101926-24,A2,unknown,Order,dismissed,False,False
LTB-T-102045-24,A2,unknown,Order,terminated,False,False
LTB-C-001313-26,C1,co-op,Order,other,False,False
LTB-C-010712-26,C1,co-op,Order,other,False,True
LTB-C-012862-26,C1,co-op,Order,other,False,True
LTB-C-024971-26,C1,co-op,Order,other,True,False
LTB-C-029481-26,C1,co-op,Order,other,True,True
LTB-C-032500-26,C1,co-op,Order,other,False,True
LTB-C-037737-25,C1,co-op,Order,other,False,True
LTB-C-047877-25,C1,co-op,Order,other,True,False
LTB-C-057697-25,C1,co-op,Order,other,False,True
LTB-C-076715-25,C1,co-op,Order,other,True,False
LTB-C-090134-25,C1,co-op,Order,other,True,True
LTB-C-091004-25,C1,co-op,Order,other,True,False
LTB-C-093503-25,C1,co-op,Order,other,False,True
LTB-C-099881-25,C1,co-op,Order,other,True,False
LTB-C-099994-25,C1,co-op,Order,other,False,False
LTB-C-103763-25,C1,co-op,Review Order,other,True,False
LTB-C-103763-25,C1,co-op,Order,other,True,False
LTB-C-106100-25,C1,co-op,Order,other,True,False
LTB-C-107437-25,C1,co-op,Order,other,True,False
LTB-C-005356-26,C2,co-op,Order,other,True,False
LTB-C-008026-25,C2,co-op,Order,other,False,False
LTB-C-011607-26,C2,co-op,Order,other,True,False
LTB-C-030775-25,C2,co-op,Order,other,False,False
LTB-C-044217-24,C2,co-op,Order,other,False,False
LTB-C-055915-24,C2,co-op,Review Order,other,False,False
LTB-C-080299-25,C2,co-op,Order,other,True,False
LTB-C-093184-25,C2,co-op,Order,other,True,False
LTB-C-102589-25,C2,co-op,Order,other,False,False
LTB-C-106014-25,C2,co-op,Order,other,False,False
LTB-C-108009-25,C2,co-op,Order,other,True,False
LTB-C-004666-26,C4,co-op,Order,other,False,False
LTB-C-010048-26,C4,co-op,ExParte Order,other,False,True
LTB-C-011716-26,C4,co-op,Order,other,False,False
LTB-C-021423-26,C4,co-op,ExParte Order,other,False,True
LTB-C-023450-26,C4,co-op,Order,other,False,False
LTB-C-023497-26,C4,co-op,Order,other,False,False
LTB-C-036845-26,C4,co-op,ExParte Order,other,False,True
LTB-C-039176-26,C4,co-op,ExParte Order,other,False,True
LTB-C-043141-26,C4,co-op,ExParte Order,other,False,True
LTB-C-094902-25,C4,co-op,Order,other,True,False
LTB-C-095480-25,C4,co-op,Order,other,True,False
LTB-C-099505-25,C4,co-op,Order,other,False,False
LTB-C-108056-25,C4,co-op,ExParte Order,other,False,True
LTB-C-108916-25,C4,co-op,Order,other,False,True
LTB-L-000042-26,L1,landlord,Order,terminated,False,False
LTB-L-000050-26,L1,landlord,Order,terminated,False,False
LTB-L-000067-26,L1,landlord,Order,terminated_voidable,False,True
LTB-L-000082-26,L1,landlord,Amended Order,terminated,False,True
LTB-L-000108-26,L1,landlord,Order,terminated_voidable,False,True
LTB-L-000114-26,L1,landlord,Order,terminated,False,False
LTB-L-000132-25,L1,landlord,Review Order,terminated,False,False
LTB-L-000134-26,L1,landlord,Order,money_only,True,False
LTB-L-000137-25,L1,landlord,Order,money_only,True,False
LTB-L-000137-25,L1,landlord,Review Order,money_only,True,False
LTB-L-000175-26,L1,landlord,Order,money_only,False,False
LTB-L-000182-26,L1,landlord,Order,money_only,True,False
LTB-L-000194-26,L1,landlord,Order,money_only,False,False
LTB-L-000209-26,L1,landlord,Order,money_only,True,False
LTB-L-000247-26,L1,landlord,Order,money_only,False,False
LTB-L-000285-26,L1,landlord,Order,money_only,True,False
LTB-L-000303-26,L1,landlord,Order,money_only,False,False
LTB-L-000306-26,L1,landlord,Order,terminated,True,True
LTB-L-000312-26,L1,landlord,Order,terminated,True,False
LTB-L-000350-26,L1,landlord,Order,terminated,False,False
LTB-L-000404-26,L1,landlord,Order,terminated_voidable,False,True
LTB-L-000416-26,L1,landlord,Order,money_only,True,False
LTB-L-000470-26,L1,landlord,Order,terminated_voidable,False,True
LTB-L-000482-26,L1,landlord,Order,terminated_voidable,False,True
LTB-L-000486-26,L1,landlord,Order,terminated_voidable,False,True
LTB-L-000488-26,L1,landlord,Order,terminated_voidable,True,True
LTB-L-000492-26,L1,landlord,Order,terminated_voidable,True,True
LTB-L-000493-26,L1,landlord,Order,other,False,False
LTB-L-000521-26,L1,landlord,Order,money_only,True,False
LTB-L-000597-26,L1,landlord,Order,money_only,False,False
LTB-L-000622-25,L1,landlord,Order,money_only,True,False
LTB-L-000647-26,L1,landlord,Order,terminated,True,True
LTB-L-000670-26,L1,landlord,Order,terminated,True,True
LTB-L-000681-26,L1,landlord,Order,other,False,False
LTB-L-000714-26,L1,landlord,Order,terminated_voidable,False,True
LTB-L-000722-26,L1,landlord,Order,other,False,False
LTB-L-000722-26,L1,landlord,Order,other,False,False
LTB-L-000743-26,L1,landlord,Order,terminated_voidable,False,True
LTB-L-000752-26,L1,landlord,Order,terminated_voidable,False,True
LTB-L-000760-26,L1,landlord,Order,terminated_voidable,True,True
LTB-L-000798-25,L1,landlord,Order,terminated,False,False
LTB-L-000802-26,L1,landlord,Order,other,False,False
LTB-L-000857-26,L1,landlord,Order,terminated,True,True
LTB-L-000860-26,L1,landlord,Order,terminated,False,False
LTB-L-000870-26,L1,landlord,ExParte Order,other,False,False
LTB-L-000889-26,L1,landlord,Amended Order,money_only,True,False
LTB-L-000898-26,L1,landlord,Order,terminated,False,False
LTB-L-000907-26,L1,landlord,Order,terminated_voidable,False,True
LTB-L-000908-26,L1,landlord,Order,money_only,False,False
LTB-L-000914-26,L1,landlord,Order,dismissed,False,False
LTB-L-000926-26,L1,landlord,ExParte Order,other,False,False
LTB-L-000959-26,L1,landlord,ExParte Order,other,False,False
LTB-L-001015-26,L1,landlord,Order,terminated_voidable,False,True
LTB-L-001027-26,L1,landlord,Order,dismissed,False,False
LTB-L-001031-26,L1,landlord,Order,terminated_voidable,False,True
LTB-L-001043-26,L1,landlord,Order,terminated_voidable,False,True
LTB-L-001068-26,L1,landlord,Order,dismissed,False,False
LTB-L-001070-26,L1,landlord,Order,money_only,True,False
LTB-L-001078-26,L1,landlord,ExParte Order,other,False,False
LTB-L-001087-26,L1,landlord,Order,terminated_voidable,True,True
LTB-L-001131-26,L1,landlord,Order,other,False,False
LTB-L-001140-26,L1,landlord,Order,money_only,True,False
LTB-L-001145-26,L1,landlord,Order,terminated_voidable,False,True
LTB-L-001146-26,L1,landlord,Order,money_only,True,False
LTB-L-001153-26,L1,landlord,Order,dismissed,False,False
LTB-L-001162-26,L1,landlord,Order,terminated_voidable,False,True
LTB-L-001172-26,L1,landlord,Order,terminated_voidable,False,True
LTB-L-001193-26,L1,landlord,Order,other,False,False
LTB-L-001210-26,L1,landlord,Order,terminated_voidable,False,True
LTB-L-001234-26,L1,landlord,Order,terminated_voidable,False,True
LTB-L-001250-26,L1,landlord,Order,terminated_voidable,False,True
LTB-L-001263-26,L1,landlord,Order,terminated_voidable,False,True
LTB-L-001280-26,L1,landlord,Order,other,False,False
LTB-L-001302-26,L1,landlord,Order,money_only,True,False
LTB-L-001308-26,L1,landlord,Order,money_only,True,False
LTB-L-001322-26,L1,landlord,Order,other,False,False
LTB-L-001323-26,L1,landlord,ExParte Order,other,False,False
LTB-L-001326-26,L1,landlord,ExParte Order,other,False,False
LTB-L-001381-26,L1,landlord,Order,terminated,False,False
LTB-L-001408-26,L1,landlord,Order,terminated,False,True
LTB-L-001416-26,L1,landlord,Order,terminated_voidable,True,True
LTB-L-001426-26,L1,landlord,Order,terminated_voidable,False,True
LTB-L-001456-26,L1,landlord,Order,money_only,True,False
LTB-L-001462-26,L1,landlord,Order,dismissed,False,False
LTB-L-001518-26,L1,landlord,Order,terminated,False,False
LTB-L-001518-26,L1,landlord,Order,terminated,False,False
LTB-L-001532-26,L1,landlord,Order,terminated,False,False
LTB-L-001546-26,L1,landlord,Order,dismissed,False,False
LTB-L-001566-26,L1,landlord,Order,terminated_voidable,False,True
LTB-L-001609-26,L1,landlord,Order,terminated,True,True
LTB-L-001619-26,L1,landlord,ExParte Order,other,False,False
LTB-L-001625-26,L1,landlord,Order,money_only,True,False
LTB-L-001634-26,L1,landlord,Order,terminated_voidable,False,True
LTB-L-001643-26,L1,landlord,Order,terminated_voidable,False,True
LTB-L-001663-26,L1,landlord,Order,terminated_voidable,False,True
LTB-L-001665-26,L1,landlord,Order,terminated_voidable,False,True
LTB-L-001715-26,L1,landlord,Order,terminated,False,False
LTB-L-001732-26,L1,landlord,Order,terminated_voidable,False,True
LTB-L-001736-26,L1,landlord,Order,terminated_voidable,False,True
LTB-L-001742-26,L1,landlord,Order,other,False,False
LTB-L-001757-26,L1,landlord,Amended Order,terminated_voidable,False,True
LTB-L-001763-26,L1,landlord,Order,other,False,False
LTB-L-001776-26,L1,landlord,Order,terminated,False,False
LTB-L-001792-26,L1,landlord,Order,money_only,True,False
LTB-L-001804-26,L1,landlord,Order,money_only,True,False
LTB-L-001812-26,L1,landlord,ExParte Order,other,False,False
LTB-L-001818-26,L1,landlord,Order,terminated_voidable,False,True
LTB-L-001846-26,L1,landlord,Order,terminated_voidable,True,True
LTB-L-001869-26,L1,landlord,Order,money_only,True,False
LTB-L-001936-26,L1,landlord,Order,money_only,False,False
LTB-L-001948-26,L1,landlord,Order,other,False,False
LTB-L-001950-26,L1,landlord,Order,terminated_voidable,False,True
LTB-L-002004-26,L1,landlord,Order,dismissed,False,False
LTB-L-002031-26,L1,landlord,Order,terminated_voidable,False,True
LTB-L-002053-26,L1,landlord,Order,money_only,True,False
LTB-L-002061-26,L1,landlord,Review Order,money_only,True,False
LTB-L-002074-26,L1,landlord,Order,dismissed,False,False
LTB-L-002076-26,L1,landlord,Order,money_only,True,False
LTB-L-002079-26,L1,landlord,Order,money_only,True,False
LTB-L-002080-26,L1,landlord,Order,terminated,True,False
LTB-L-002081-26,L1,landlord,Order,terminated_voidable,False,True
LTB-L-002111-26,L1,landlord,Order,terminated_voidable,False,True
LTB-L-002136-26,L1,landlord,Order,money_only,True,False
LTB-L-002145-26,L1,landlord,Order,money_only,True,False
LTB-L-002174-26,L1,landlord,Order,terminated_voidable,False,True
LTB-L-002175-26,L1,landlord,Order,money_only,True,False
LTB-L-002201-26,L1,landlord,Order,terminated_voidable,True,True
LTB-L-002204-26,L1,landlord,Order,terminated_voidable,False,True
LTB-L-002221-26,L1,landlord,ExParte Order,other,False,False
LTB-L-002224-26,L1,landlord,Order,money_only,True,False
LTB-L-002234-26,L1,landlord,Order,terminated_voidable,False,True
LTB-L-002236-26,L1,landlord,ExParte Order,other,False,False
LTB-L-002251-26,L1,landlord,Order,terminated_voidable,False,True
LTB-L-002282-26,L1,landlord,Order,money_only,False,False
LTB-L-002293-26,L1,landlord,Order,terminated_voidable,False,True
LTB-L-002304-26,L1,landlord,Order,money_only,False,False
LTB-L-002348-26,L1,landlord,ExParte Order,other,False,False
LTB-L-002387-26,L1,landlord,Order,terminated_voidable,False,True
LTB-L-002476-26,L1,landlord,Order,terminated,True,True
LTB-L-002526-26,L1,landlord,Order,terminated_voidable,False,True
LTB-L-002611-26,L1,landlord,Order,terminated_voidable,False,True
LTB-L-002637-26,L1,landlord,Order,money_only,True,False
LTB-L-002641-26,L1,landlord,Order,terminated_voidable,False,True
LTB-L-002658-26,L1,landlord,Order,dismissed,False,False
LTB-L-002675-26,L1,landlord,Order,other,False,False
LTB-L-002678-26,L1,landlord,Order,other,False,False
LTB-L-002691-26,L1,landlord,Order,other,False,False
LTB-L-002708-26,L1,landlord,Order,terminated_voidable,False,True
LTB-L-002736-26,L1,landlord,Order,money_only,True,False
LTB-L-002746-26,L1,landlord,Order,terminated_voidable,True,True
LTB-L-002758-26,L1,landlord,Order,terminated_voidable,False,True
LTB-L-002792-26,L1,landlord,Order,dismissed,False,False
LTB-L-002863-26,L1,landlord,Order,money_only,False,False
LTB-L-002880-26,L1,landlord,Order,terminated_voidable,False,True
LTB-L-002894-26,L1,landlord,Order,terminated_voidable,False,True
LTB-L-002896-26,L1,landlord,Order,money_only,True,False
LTB-L-002897-26,L1,landlord,Order,terminated,True,True
LTB-L-002917-26,L1,landlord,Order,money_only,True,False
LTB-L-002955-26,L1,landlord,Order,money_only,True,False
LTB-L-003008-26,L1,landlord,Order,other,False,False
LTB-L-003019-26,L1,landlord,Order,money_only,True,False
LTB-L-003029-26,L1,landlord,Order,money_only,True,False
LTB-L-003051-26,L1,landlord,Order,money_only,True,False
LTB-L-003061-26,L1,landlord,Order,terminated_voidable,False,True
LTB-L-003078-26,L1,landlord,Order,terminated_voidable,False,True
LTB-L-003085-26,L1,landlord,Order,withdrawn,True,False
LTB-L-003087-26,L1,landlord,Order,money_only,False,False
LTB-L-003099-26,L1,landlord,Order,terminated,False,True
LTB-L-003109-26,L1,landlord,Order,other,False,False
LTB-L-003165-26,L1,landlord,Order,terminated_voidable,False,True
LTB-L-003167-26,L1,landlord,Order,terminated,False,False
LTB-L-003172-26,L1,landlord,Order,terminated_voidable,False,True
LTB-L-003174-26,L1,landlord,Order,other,False,False
LTB-L-003179-26,L1,landlord,Order,money_only,True,False
LTB-L-003186-26,L1,landlord,Order,terminated_voidable,False,True
LTB-L-003194-26,L1,landlord,Order,terminated_voidable,False,True
LTB-L-003209-26,L1,landlord,Order,money_only,True,False
LTB-L-003229-26,L1,landlord,Order,other,False,False
LTB-L-003233-26,L1,landlord,Order,terminated_voidable,False,True
LTB-L-003241-26,L1,landlord,Order,terminated,False,False
LTB-L-003248-26,L1,landlord,Order,terminated_voidable,False,True
LTB-L-003323-26,L1,landlord,Order,terminated_voidable,False,True
LTB-L-003347-26,L1,landlord,Order,money_only,False,False
LTB-L-003388-26,L1,landlord,Order,other,False,False
LTB-L-003396-26,L1,landlord,Order,terminated_voidable,False,True
LTB-L-003416-26,L1,landlord,Order,dismissed,False,False
LTB-L-003431-26,L1,landlord,Order,terminated,False,False
LTB-L-003439-26,L1,landlord,Order,terminated_voidable,False,True
LTB-L-003446-26,L1,landlord,ExParte Order,other,False,False
LTB-L-003452-26,L1,landlord,Order,other,False,False
LTB-L-003470-26,L1,landlord,Order,other,False,False
LTB-L-003474-26,L1,landlord,Order,dismissed,False,False
LTB-L-003495-26,L1,landlord,Order,terminated_voidable,False,True
LTB-L-003500-26,L1,landlord,Order,terminated_voidable,False,True
LTB-L-003503-26,L1,landlord,Order,money_only,False,False
LTB-L-003514-26,L1,landlord,Order,terminated_voidable,False,True
LTB-L-003530-26,L1,landlord,Order,money_only,False,False
LTB-L-003555-26,L1,landlord,Order,terminated_voidable,True,True
LTB-L-003561-26,L1,landlord,Order,terminated,True,True
LTB-L-003563-26,L1,landlord,Amended Order,terminated_voidable,False,True
LTB-L-003572-26,L1,landlord,Order,terminated_voidable,False,True
LTB-L-003607-26,L1,landlord,Order,terminated_voidable,False,True
LTB-L-003628-26,L1,landlord,Order,terminated,True,True
LTB-L-003636-26,L1,landlord,Order,dismissed,False,False
LTB-L-003637-26,L1,landlord,Order,terminated_voidable,False,True
LTB-L-003645-26,L1,landlord,Order,other,False,False
LTB-L-003671-26,L1,landlord,Order,terminated,False,True
LTB-L-003713-26,L1,landlord,Order,terminated_voidable,False,True
LTB-L-003737-26,L1,landlord,ExParte Order,other,False,False
LTB-L-003760-26,L1,landlord,Order,money_only,True,False
LTB-L-003788-26,L1,landlord,ExParte Order,other,False,False
LTB-L-003796-26,L1,landlord,Order,money_only,False,False
LTB-L-003802-26,L1,landlord,Order,other,False,False
LTB-L-003805-26,L1,landlord,ExParte Order,other,False,False
LTB-L-003850-25,L1,landlord,Review Order,terminated,False,False
LTB-L-003860-26,L1,landlord,Order,terminated,True,True
LTB-L-003888-26,L1,landlord,Order,terminated_voidable,False,True
LTB-L-003925-26,L1,landlord,Order,terminated,False,False
LTB-L-003937-26,L1,landlord,Order,terminated_voidable,False,True
LTB-L-003975-26,L1,landlord,Order,money_only,False,False
LTB-L-003982-26,L1,landlord,Order,money_only,True,False
LTB-L-004005-26,L1,landlord,Order,money_only,True,False
LTB-L-004011-26,L1,landlord,Order,terminated_voidable,False,True
LTB-L-004047-26,L1,landlord,Order,money_only,True,False
LTB-L-004118-26,L1,landlord,Order,terminated_voidable,False,True
LTB-L-004194-26,L1,landlord,Order,dismissed,False,False
LTB-L-004221-26,L1,landlord,Order,other,False,False
LTB-L-004241-26,L1,landlord,Order,terminated_voidable,False,True
LTB-L-004255-26,L1,landlord,ExParte Order,other,False,False
LTB-L-004271-26,L1,landlord,Order,terminated_voidable,False,True
LTB-L-004277-26,L1,landlord,Order,money_only,True,True
LTB-L-004309-26,L1,landlord,Order,terminated_voidable,False,True
LTB-L-004310-26,L1,landlord,Order,money_only,True,False
LTB-L-004330-26,L1,landlord,Order,terminated_voidable,False,True
LTB-L-004348-26,L1,landlord,Order,terminated_voidable,False,True
LTB-L-004351-26,L1,landlord,Order,terminated_voidable,False,True
LTB-L-004415-26,L1,landlord,Order,money_only,False,False
LTB-L-004421-26,L1,landlord,Order,terminated,False,False
LTB-L-004426-26,L1,landlord,Order,dismissed,False,False
LTB-L-004450-26,L1,landlord,Order,money_only,False,False
LTB-L-004467-26,L1,landlord,Order,terminated_voidable,False,True
LTB-L-004469-26,L1,landlord,Review Order,other,False,False
LTB-L-004499-26,L1,landlord,Order,withdrawn,False,False
LTB-L-004503-26,L1,landlord,Order,other,False,False
LTB-L-004556-26,L1,landlord,Order,terminated_voidable,False,True
LTB-L-004589-26,L1,landlord,Order,money_only,True,False
LTB-L-004607-26,L1,landlord,Order,other,False,False
LTB-L-004615-26,L1,landlord,Order,money_only,True,False
LTB-L-004630-26,L1,landlord,Order,other,False,False
LTB-L-004636-26,L1,landlord,Order,money_only,True,False
LTB-L-004672-26,L1,landlord,Order,money_only,True,False
LTB-L-004673-26,L1,landlord,Order,money_only,True,False
LTB-L-004685-24,L1,landlord,Order,money_only,True,False
LTB-L-004687-26,L1,landlord,ExParte Order,other,False,False
LTB-L-004728-26,L1,landlord,Order,money_only,True,False
LTB-L-004744-26,L1,landlord,Order,terminated_voidable,False,True
LTB-L-004754-26,L1,landlord,Order,other,False,False
LTB-L-004761-26,L1,landlord,Order,money_only,False,False
LTB-L-004782-26,L1,landlord,Order,other,False,False
LTB-L-004785-26,L1,landlord,Order,other,False,False
LTB-L-004895-26,L1,landlord,Order,money_only,True,False
LTB-L-004896-26,L1,landlord,Order,dismissed,False,False
LTB-L-004908-26,L1,landlord,Order,other,False,False
LTB-L-004916-24,L1,landlord,Order,terminated_voidable,False,True
LTB-L-004933-26,L1,landlord,Order,terminated_voidable,False,True
LTB-L-004968-26,L1,landlord,Order,other,False,False
LTB-L-004995-26,L1,landlord,Amended Order,terminated,True,True
LTB-L-005002-26,L1,landlord,Order,terminated,False,False
LTB-L-005030-26,L1,landlord,Order,terminated_voidable,False,True
LTB-L-005033-26,L1,landlord,Order,money_only,True,False
LTB-L-005034-26,L1,landlord,Order,money_only,True,False
LTB-L-005051-26,L1,landlord,Order,terminated_voidable,False,True
LTB-L-005054-26,L1,landlord,Order,money_only,True,False
LTB-L-005073-26,L1,landlord,Order,terminated_voidable,False,True
LTB-L-005093-26,L1,landlord,Order,money_only,True,False
LTB-L-005124-26,L1,landlord,Order,terminated_voidable,False,True
LTB-L-005140-26,L1,landlord,Order,money_only,True,False
LTB-L-005143-26,L1,landlord,Order,terminated_voidable,False,True
LTB-L-005160-26,L1,landlord,Order,money_only,True,False
LTB-L-005171-26,L1,landlord,Order,money_only,True,False
LTB-L-005177-26,L1,landlord,ExParte Order,other,False,False
LTB-L-005178-26,L1,landlord,Order,terminated_voidable,False,True
LTB-L-005183-26,L1,landlord,Order,money_only,True,False
LTB-L-005194-26,L1,landlord,Order,terminated,False,False
LTB-L-005231-26,L1,landlord,Order,dismissed,False,False
LTB-L-005248-26,L1,landlord,Order,terminated_voidable,False,True
LTB-L-005253-26,L1,landlord,Order,other,False,False
LTB-L-005286-26,L1,landlord,Order,money_only,True,False
LTB-L-005326-26,L1,landlord,Order,money_only,True,False
LTB-L-005354-26,L1,landlord,Order,terminated_voidable,False,True
LTB-L-005366-26,L1,landlord,Order,money_only,False,False
LTB-L-005382-26,L1,landlord,ExParte Order,other,False,False
LTB-L-005390-26,L1,landlord,Order,money_only,True,False
LTB-L-005391-26,L1,landlord,Order,money_only,True,False
LTB-L-005403-26,L1,landlord,Order,money_only,True,False
LTB-L-005405-26,L1,landlord,Order,terminated_voidable,False,True
LTB-L-005488-26,L1,landlord,Order,terminated_voidable,False,True
LTB-L-005535-26,L1,landlord,Order,terminated_voidable,False,True
LTB-L-005537-24,L1,landlord,Order,terminated,False,True
LTB-L-005556-26,L1,landlord,Order,terminated_voidable,False,True
LTB-L-005560-26,L1,landlord,Order,money_only,True,False
LTB-L-005609-26,L1,landlord,ExParte Order,other,False,False
LTB-L-005615-26,L1,landlord,Order,money_only,True,False
LTB-L-005623-26,L1,landlord,Order,other,False,False
LTB-L-005625-26,L1,landlord,Order,other,False,False
LTB-L-005636-26,L1,landlord,Order,terminated,False,False
LTB-L-005730-26,L1,landlord,Order,money_only,True,False
LTB-L-005739-26,L1,landlord,Order,money_only,False,False
LTB-L-005757-26,L1,landlord,Order,terminated_voidable,False,True
LTB-L-005763-26,L1,landlord,Order,money_only,True,False
LTB-L-005773-26,L1,landlord,Order,other,False,False
LTB-L-005780-26,L1,landlord,Order,terminated,False,False
LTB-L-005815-26,L1,landlord,ExParte Order,other,False,False
LTB-L-005820-26,L1,landlord,Order,terminated_voidable,False,True
LTB-L-005821-26,L1,landlord,Order,terminated,False,False
LTB-L-005822-26,L1,landlord,Order,other,False,False
LTB-L-005828-26,L1,landlord,Order,money_only,False,False
LTB-L-005850-26,L1,landlord,Order,terminated_voidable,False,True
LTB-L-005860-26,L1,landlord,Order,dismissed,False,False
LTB-L-005885-26,L1,landlord,Order,terminated_voidable,False,True
LTB-L-005907-26,L1,landlord,ExParte Order,other,False,False
LTB-L-005960-26,L1,landlord,ExParte Order,other,False,False
LTB-L-005991-26,L1,landlord,Order,money_only,True,False
LTB-L-006001-26,L1,landlord,ExParte Order,other,False,False
LTB-L-006006-26,L1,landlord,Order,terminated,True,True
LTB-L-006012-26,L1,landlord,Order,terminated,False,True
LTB-L-006016-26,L1,landlord,Order,terminated_voidable,False,True
LTB-L-006051-26,L1,landlord,Order,terminated_voidable,False,True
LTB-L-006062-26,L1,landlord,Order,terminated,False,False
LTB-L-006064-26,L1,landlord,ExParte Order,other,False,False
LTB-L-006077-26,L1,landlord,ExParte Order,other,False,False
LTB-L-006094-26,L1,landlord,Order,terminated_voidable,True,True
LTB-L-006114-26,L1,landlord,Order,money_only,True,False
LTB-L-006149-26,L1,landlord,Order,money_only,True,False
LTB-L-006169-26,L1,landlord,Order,money_only,False,False
LTB-L-006180-26,L1,landlord,Order,terminated_voidable,False,True
LTB-L-006232-26,L1,landlord,Review Order,other,False,False
LTB-L-006248-26,L1,landlord,Order,money_only,True,False
LTB-L-006252-26,L1,landlord,Order,terminated_voidable,True,True
LTB-L-006258-26,L1,landlord,Order,money_only,True,False
LTB-L-006276-26,L1,landlord,Order,other,False,False
LTB-L-006304-26,L1,landlord,Order,terminated_voidable,True,True
LTB-L-006331-26,L1,landlord,Order,money_only,True,False
LTB-L-006353-26,L1,landlord,Order,other,False,False
LTB-L-006354-26,L1,landlord,Order,terminated,False,True
LTB-L-006356-26,L1,landlord,Order,terminated_voidable,False,True
LTB-L-006374-26,L1,landlord,Order,terminated_voidable,False,True
LTB-L-006389-26,L1,landlord,Order,terminated_voidable,False,True
LTB-L-006410-26,L1,landlord,Order,terminated_voidable,False,True
LTB-L-006414-26,L1,landlord,Order,dismissed,False,False
LTB-L-006420-26,L1,landlord,Order,terminated_voidable,False,True
LTB-L-006439-26,L1,landlord,Order,terminated_voidable,False,True
LTB-L-006443-26,L1,landlord,Order,dismissed,False,False
LTB-L-006474-26,L1,landlord,Order,dismissed,False,False
LTB-L-006589-26,L1,landlord,ExParte Order,other,False,False
LTB-L-006626-26,L1,landlord,Order,terminated_voidable,False,True
LTB-L-006631-26,L1,landlord,Order,dismissed,False,False
LTB-L-006633-26,L1,landlord,Order,money_only,True,False
LTB-L-006634-26,L1,landlord,Order,terminated,False,False
LTB-L-006701-26,L1,landlord,Order,money_only,True,False
LTB-L-006749-26,L1,landlord,Order,withdrawn,False,False
LTB-L-006785-26,L1,landlord,Order,terminated,False,False
LTB-L-006830-26,L1,landlord,Order,money_only,True,False
LTB-L-006844-26,L1,landlord,Order,other,False,False
LTB-L-006870-26,L1,landlord,Order,dismissed,False,False
LTB-L-006875-26,L1,landlord,Order,withdrawn,False,False
LTB-L-006882-26,L1,landlord,Order,terminated_voidable,False,True
LTB-L-006885-26,L1,landlord,Order,money_only,False,False
LTB-L-006908-24,L1,landlord,Order,other,False,False
LTB-L-006916-26,L1,landlord,Order,dismissed,False,False
LTB-L-006929-25,L1,landlord,Review Order,other,False,False
LTB-L-006946-26,L1,landlord,Order,terminated_voidable,False,True
LTB-L-007057-26,L1,landlord,Order,terminated_voidable,False,True
LTB-L-007071-26,L1,landlord,Order,money_only,False,False
LTB-L-007152-26,L1,landlord,Order,terminated_voidable,True,True
LTB-L-007173-26,L1,landlord,Order,terminated_voidable,False,True
LTB-L-007185-26,L1,landlord,Order,terminated,False,False
LTB-L-007193-25,L1,landlord,Review Order,other,False,False
LTB-L-007247-26,L1,landlord,Order,other,False,False
LTB-L-007252-26,L1,landlord,Order,terminated_voidable,False,True
LTB-L-007258-26,L1,landlord,Order,terminated_voidable,False,True
LTB-L-007259-26,L1,landlord,Order,dismissed,False,False
LTB-L-007280-26,L1,landlord,Order,terminated_voidable,False,True
LTB-L-007292-26,L1,landlord,Order,other,False,False
LTB-L-007297-26,L1,landlord,Order,money_only,True,False
LTB-L-007316-26,L1,landlord,ExParte Order,other,False,False
LTB-L-007317-26,L1,landlord,Order,terminated_voidable,False,True
LTB-L-007328-26,L1,landlord,ExParte Order,other,False,False
LTB-L-007337-26,L1,landlord,Order,terminated_voidable,False,True
LTB-L-007359-26,L1,landlord,Order,terminated_voidable,False,True
LTB-L-007367-26,L1,landlord,Order,terminated_voidable,False,True
LTB-L-007415-26,L1,landlord,Order,terminated_voidable,False,True
LTB-L-007456-26,L1,landlord,Order,money_only,True,False
LTB-L-007501-26,L1,landlord,Amended Order,terminated_voidable,False,True
LTB-L-007535-23,L1,landlord,Order,terminated,False,False
LTB-L-007535-23,L1,landlord,Amended Order,terminated,False,False
LTB-L-007576-26,L1,landlord,ExParte Order,other,False,False
LTB-L-007578-26,L1,landlord,Order,terminated_voidable,False,True
LTB-L-007582-26,L1,landlord,Order,other,False,False
LTB-L-007598-26,L1,landlord,Order,money_only,True,False
LTB-L-007603-26,L1,landlord,ExParte Order,other,False,False
LTB-L-007612-26,L1,landlord,Order,terminated_voidable,False,True
LTB-L-007638-26,L1,landlord,Order,money_only,True,False
LTB-L-007641-26,L1,landlord,ExParte Order,other,False,False
LTB-L-007645-26,L1,landlord,Order,terminated_voidable,False,True
LTB-L-007654-26,L1,landlord,Order,money_only,True,False
LTB-L-007693-26,L1,landlord,Order,terminated_voidable,False,True
LTB-L-007704-26,L1,landlord,Order,withdrawn,True,False
LTB-L-007741-26,L1,landlord,Amended Order,terminated,False,False
LTB-L-007798-26,L1,landlord,Order,money_only,True,False
LTB-L-007815-26,L1,landlord,Order,money_only,True,False
LTB-L-007825-26,L1,landlord,Order,terminated_voidable,False,True
LTB-L-007827-26,L1,landlord,Order,terminated_voidable,True,True
LTB-L-007837-26,L1,landlord,Order,terminated,True,False
LTB-L-007865-26,L1,landlord,Order,terminated_voidable,False,True
LTB-L-007877-26,L1,landlord,Order,other,False,False
LTB-L-007881-26,L1,landlord,Order,terminated_voidable,True,True
LTB-L-007895-26,L1,landlord,Order,terminated_voidable,False,True
LTB-L-007906-26,L1,landlord,Order,other,False,False
LTB-L-007917-26,L1,landlord,ExParte Order,other,False,False
LTB-L-007919-26,L1,landlord,Order,terminated_voidable,False,True
LTB-L-007928-26,L1,landlord,Order,terminated_voidable,False,True
LTB-L-007967-26,L1,landlord,Order,money_only,True,False
LTB-L-008022-26,L1,landlord,Order,money_only,True,False
LTB-L-008025-26,L1,landlord,Order,other,False,False
LTB-L-008027-26,L1,landlord,Order,terminated_voidable,True,True
LTB-L-008049-26,L1,landlord,Amended Order,money_only,True,False
LTB-L-008050-26,L1,landlord,Order,terminated,False,False
LTB-L-008068-26,L1,landlord,Order,terminated_voidable,False,True
LTB-L-008078-26,L1,landlord,Order,terminated_voidable,False,True
LTB-L-008087-26,L1,landlord,ExParte Order,other,False,False
LTB-L-008148-26,L1,landlord,Order,terminated_voidable,False,True
LTB-L-008210-26,L1,landlord,Order,terminated_voidable,False,True
LTB-L-008235-26,L1,landlord,Order,money_only,True,False
LTB-L-008236-26,L1,landlord,Order,terminated_voidable,True,True
LTB-L-008243-26,L1,landlord,Order,terminated_voidable,False,True
LTB-L-008305-26,L1,landlord,Order,terminated,True,False
LTB-L-008317-26,L1,landlord,Order,money_only,True,False
LTB-L-008350-26,L1,landlord,Order,terminated_voidable,False,True
LTB-L-008355-26,L1,landlord,Order,terminated_voidable,False,True
LTB-L-008360-26,L1,landlord,ExParte Order,other,False,False
LTB-L-008379-26,L1,landlord,ExParte Order,other,False,False
LTB-L-008381-26,L1,landlord,Order,money_only,True,False
LTB-L-008388-26,L1,landlord,Order,terminated_voidable,False,True
LTB-L-008411-26,L1,landlord,Order,money_only,True,False
LTB-L-008422-26,L1,landlord,Order,money_only,True,False
LTB-L-008430-26,L1,landlord,Order,terminated_voidable,False,True
LTB-L-008435-26,L1,landlord,Order,other,False,False
LTB-L-008442-26,L1,landlord,Order,terminated_voidable,False,True
LTB-L-008448-26,L1,landlord,Order,money_only,True,False
LTB-L-008466-26,L1,landlord,Order,terminated_voidable,False,True
LTB-L-008475-26,L1,landlord,Order,money_only,True,False
LTB-L-008482-26,L1,landlord,Order,money_only,True,False
LTB-L-008489-26,L1,landlord,Order,money_only,False,False
LTB-L-008490-26,L1,landlord,Order,money_only,True,False
LTB-L-008500-26,L1,landlord,Order,money_only,True,False
LTB-L-008503-26,L1,landlord,Order,terminated_voidable,False,True
LTB-L-008511-26,L1,landlord,Order,withdrawn,False,False
LTB-L-008568-26,L1,landlord,Order,other,False,False
LTB-L-008599-26,L1,landlord,Order,other,False,False
LTB-L-008622-26,L1,landlord,Order,terminated_voidable,False,True
LTB-L-008629-26,L1,landlord,Order,terminated_voidable,False,True
LTB-L-008639-26,L1,landlord,Order,terminated_voidable,False,True
LTB-L-008648-26,L1,landlord,Order,money_only,True,False
LTB-L-008651-26,L1,landlord,Order,terminated_voidable,False,True
LTB-L-008676-26,L1,landlord,Order,terminated_voidable,False,True
LTB-L-008691-26,L1,landlord,Order,money_only,False,False
LTB-L-008701-26,L1,landlord,Order,dismissed,False,False
LTB-L-008733-26,L1,landlord,Order,terminated,False,False
LTB-L-008748-26,L1,landlord,Order,money_only,True,False
LTB-L-008769-26,L1,landlord,Order,other,False,False
LTB-L-008826-26,L1,landlord,Order,money_only,True,False
LTB-L-008848-26,L1,landlord,Order,money_only,True,False
LTB-L-008872-26,L1,landlord,Order,terminated_voidable,False,True
LTB-L-008876-26,L1,landlord,Order,other,False,False
LTB-L-008879-26,L1,landlord,Order,terminated,True,True
LTB-L-008895-26,L1,landlord,Order,terminated_voidable,False,True
LTB-L-008898-26,L1,landlord,ExParte Order,other,False,False
LTB-L-008902-26,L1,landlord,Order,money_only,True,False
LTB-L-008914-26,L1,landlord,Order,money_only,False,False
LTB-L-008919-26,L1,landlord,Order,terminated_voidable,True,True
LTB-L-008934-26,L1,landlord,Order,other,False,False
LTB-L-008948-26,L1,landlord,ExParte Order,other,False,False
LTB-L-008952-26,L1,landlord,Order,terminated_voidable,False,True
LTB-L-008954-26,L1,landlord,Order,terminated_voidable,False,True
LTB-L-008972-25,L1,landlord,Review Order,terminated_voidable,False,True
LTB-L-008984-26,L1,landlord,Order,terminated_voidable,False,True
LTB-L-008994-26,L1,landlord,Order,terminated_voidable,False,True
LTB-L-009007-26,L1,landlord,Order,other,False,False
LTB-L-009016-26,L1,landlord,Order,terminated,False,True
LTB-L-009039-26,L1,landlord,ExParte Order,other,False,False
LTB-L-009041-26,L1,landlord,Order,money_only,True,False
LTB-L-009047-26,L1,landlord,Order,terminated_voidable,False,True
LTB-L-009066-26,L1,landlord,Order,other,False,False
LTB-L-009125-26,L1,landlord,Order,money_only,True,False
LTB-L-009134-26,L1,landlord,Order,terminated,False,False
LTB-L-009141-26,L1,landlord,Order,money_only,True,False
LTB-L-009144-26,L1,landlord,ExParte Order,withdrawn,False,False
LTB-L-009172-26,L1,landlord,Order,money_only,False,False
LTB-L-009188-26,L1,landlord,Order,money_only,True,False
LTB-L-009244-26,L1,landlord,Order,terminated_voidable,False,True
LTB-L-009292-26,L1,landlord,Order,money_only,True,False
LTB-L-009329-26,L1,landlord,Order,money_only,True,False
LTB-L-009337-26,L1,landlord,Order,other,False,False
LTB-L-009343-26,L1,landlord,Order,terminated_voidable,False,True
LTB-L-009346-26,L1,landlord,Order,terminated,True,False
LTB-L-009362-26,L1,landlord,Order,terminated_voidable,False,True
LTB-L-009426-26,L1,landlord,Order,terminated,False,True
LTB-L-009428-26,L1,landlord,Order,other,True,False
LTB-L-009463-26,L1,landlord,ExParte Order,other,False,False
LTB-L-009492-26,L1,landlord,Order,terminated,False,False
LTB-L-009498-26,L1,landlord,Order,terminated_voidable,False,True
LTB-L-009520-26,L1,landlord,Order,terminated_voidable,True,True
LTB-L-009534-26,L1,landlord,Order,terminated,True,False
LTB-L-009545-26,L1,landlord,Order,terminated_voidable,False,True
LTB-L-009634-26,L1,landlord,Order,terminated_voidable,False,True
LTB-L-009666-26,L1,landlord,Order,terminated_voidable,False,True
LTB-L-009710-26,L1,landlord,Order,terminated_voidable,False,True
LTB-L-009726-26,L1,landlord,Order,terminated,False,False
LTB-L-009734-26,L1,landlord,Order,terminated,False,False
LTB-L-009739-26,L1,landlord,Amended Order,terminated_voidable,True,True
LTB-L-009764-26,L1,landlord,Order,other,False,False
LTB-L-009771-26,L1,landlord,Order,terminated_voidable,False,True
LTB-L-009786-26,L1,landlord,Order,terminated_voidable,False,True
LTB-L-009787-26,L1,landlord,Order,terminated_voidable,False,True
LTB-L-009808-26,L1,landlord,Order,money_only,False,False
LTB-L-009833-26,L1,landlord,Order,terminated_voidable,False,True
LTB-L-009851-26,L1,landlord,Order,money_only,False,False
LTB-L-009853-26,L1,landlord,Order,terminated_voidable,False,True
LTB-L-009855-26,L1,landlord,Order,terminated_voidable,True,True
LTB-L-009864-26,L1,landlord,Order,dismissed,False,False
LTB-L-009905-26,L1,landlord,Order,money_only,True,False
LTB-L-009906-26,L1,landlord,Order,terminated,False,True
LTB-L-009933-26,L1,landlord,Order,money_only,True,False
LTB-L-010006-26,L1,landlord,ExParte Order,other,False,False
LTB-L-010011-26,L1,landlord,Order,other,False,False
LTB-L-010020-26,L1,landlord,ExParte Order,other,False,False
LTB-L-010032-26,L1,landlord,Order,terminated_voidable,False,True
LTB-L-010047-26,L1,landlord,Order,money_only,True,False
LTB-L-010052-26,L1,landlord,Order,terminated_voidable,False,True
LTB-L-010055-26,L1,landlord,Order,money_only,True,False
LTB-L-010107-26,L1,landlord,Order,dismissed,False,False
LTB-L-010121-26,L1,landlord,Order,terminated_voidable,True,True
LTB-L-010154-26,L1,landlord,Order,terminated,True,True
LTB-L-010171-26,L1,landlord,Order,money_only,True,False
LTB-L-010201-26,L1,landlord,Order,terminated_voidable,False,True
LTB-L-010203-26,L1,landlord,ExParte Order,other,False,False
LTB-L-010206-26,L1,landlord,Order,terminated,False,True
LTB-L-010251-26,L1,landlord,Order,terminated_voidable,False,True
LTB-L-010253-26,L1,landlord,Order,money_only,True,False
LTB-L-010261-26,L1,landlord,Order,terminated_voidable,False,True
LTB-L-010274-26,L1,landlord,Order,other,False,False
LTB-L-010276-26,L1,landlord,Order,terminated_voidable,False,True
LTB-L-010283-26,L1,landlord,Order,money_only,False,False
LTB-L-010297-26,L1,landlord,Order,money_only,False,False
LTB-L-010298-26,L1,landlord,Order,money_only,True,False
LTB-L-010334-26,L1,landlord,Order,terminated_voidable,True,True
LTB-L-010353-26,L1,landlord,Order,other,False,False
LTB-L-010399-26,L1,landlord,Order,terminated_voidable,True,True
LTB-L-010447-26,L1,landlord,Order,other,False,False
LTB-L-010448-26,L1,landlord,Order,terminated,True,True
LTB-L-010479-26,L1,landlord,Amended Order,terminated_voidable,False,True
LTB-L-010494-26,L1,landlord,Order,money_only,True,False
LTB-L-010521-26,L1,landlord,Order,money_only,True,False
LTB-L-010532-26,L1,landlord,Order,money_only,True,False
LTB-L-010553-26,L1,landlord,ExParte Order,other,False,False
LTB-L-010578-26,L1,landlord,ExParte Order,other,False,False
LTB-L-010579-26,L1,landlord,Order,terminated_voidable,False,True
LTB-L-010589-26,L1,landlord,ExParte Order,other,False,False
LTB-L-010611-26,L1,landlord,ExParte Order,other,False,False
LTB-L-010613-26,L1,landlord,Order,terminated_voidable,False,True
LTB-L-010629-26,L1,landlord,ExParte Order,other,False,False
LTB-L-010633-26,L1,landlord,Order,terminated_voidable,False,True
LTB-L-010653-26,L1,landlord,Order,terminated_voidable,False,True
LTB-L-010697-26,L1,landlord,Order,money_only,False,False
LTB-L-010774-26,L1,landlord,Order,dismissed,False,False
LTB-L-010777-26,L1,landlord,Order,terminated_voidable,False,True
LTB-L-010790-26,L1,landlord,Order,terminated_voidable,False,True
LTB-L-010793-26,L1,landlord,Order,money_only,True,False
LTB-L-010795-26,L1,landlord,Order,other,False,False
LTB-L-010869-26,L1,landlord,Order,terminated_voidable,False,True
LTB-L-010870-26,L1,landlord,Order,terminated_voidable,False,True
LTB-L-010889-26,L1,landlord,Order,money_only,True,False
LTB-L-010896-26,L1,landlord,Order,terminated_voidable,True,True
LTB-L-010906-26,L1,landlord,Order,terminated_voidable,False,True
LTB-L-010926-26,L1,landlord,Order,terminated_voidable,False,True
LTB-L-010961-26,L1,landlord,Order,other,False,False
LTB-L-010997-26,L1,landlord,Order,money_only,True,False
LTB-L-011009-26,L1,landlord,Order,terminated_voidable,True,True
LTB-L-011018-26,L1,landlord,Order,dismissed,False,False
LTB-L-011043-26,L1,landlord,Order,other,False,False
LTB-L-011048-26,L1,landlord,Order,money_only,False,False
LTB-L-011065-26,L1,landlord,Order,other,False,False
LTB-L-011089-26,L1,landlord,Order,dismissed,False,False
LTB-L-011093-26,L1,landlord,Order,money_only,True,False
LTB-L-011101-26,L1,landlord,Order,terminated_voidable,False,True
LTB-L-011106-26,L1,landlord,Order,terminated,True,True
LTB-L-011118-26,L1,landlord,Order,terminated_voidable,True,True
LTB-L-011141-26,L1,landlord,Order,money_only,True,False
LTB-L-011144-26,L1,landlord,Order,other,False,False
LTB-L-011177-26,L1,landlord,Order,terminated_voidable,False,True
LTB-L-011190-26,L1,landlord,Order,terminated_voidable,True,True
LTB-L-011192-26,L1,landlord,Order,terminated_voidable,False,True
LTB-L-011194-26,L1,landlord,Order,other,False,False
LTB-L-011208-26,L1,landlord,Order,other,False,False
LTB-L-011216-26,L1,landlord,Order,terminated_voidable,False,True
LTB-L-011242-26,L1,landlord,Order,terminated_voidable,False,True
LTB-L-011243-26,L1,landlord,Amended Order,terminated_voidable,False,True
LTB-L-011248-26,L1,landlord,Order,terminated_voidable,False,True
LTB-L-011257-26,L1,landlord,Order,other,False,False
LTB-L-011267-26,L1,landlord,Order,terminated,False,False
LTB-L-011275-26,L1,landlord,Order,terminated,False,False
LTB-L-011317-26,L1,landlord,Order,other,False,False
LTB-L-011318-26,L1,landlord,Order,terminated_voidable,False,True
LTB-L-011325-26,L1,landlord,ExParte Order,other,False,False
LTB-L-011335-26,L1,landlord,Order,money_only,True,False
LTB-L-011380-26,L1,landlord,Order,terminated_voidable,False,True
LTB-L-011394-26,L1,landlord,Order,terminated_voidable,False,True
LTB-L-011408-26,L1,landlord,Order,terminated_voidable,False,True
LTB-L-011413-26,L1,landlord,ExParte Order,other,False,False
LTB-L-011418-26,L1,landlord,Order,money_only,True,False
LTB-L-011428-26,L1,landlord,Order,money_only,True,False
LTB-L-011476-26,L1,landlord,Order,terminated_voidable,False,True
LTB-L-011490-26,L1,landlord,Order,terminated_voidable,False,True
LTB-L-011497-26,L1,landlord,Order,money_only,True,False
LTB-L-011501-26,L1,landlord,Order,terminated_voidable,False,True
LTB-L-011504-26,L1,landlord,Order,other,False,False
LTB-L-011519-26,L1,landlord,ExParte Order,other,False,False
LTB-L-011524-26,L1,landlord,Order,terminated_voidable,False,True
LTB-L-011527-26,L1,landlord,Order,terminated_voidable,False,True
LTB-L-011572-26,L1,landlord,Order,money_only,True,False
LTB-L-011599-26,L1,landlord,Order,terminated_voidable,True,True
LTB-L-011652-26,L1,landlord,Order,money_only,False,False
LTB-L-011657-26,L1,landlord,Order,other,False,False
LTB-L-011663-26,L1,landlord,Order,terminated_voidable,False,True
LTB-L-011683-26,L1,landlord,ExParte Order,other,False,False
LTB-L-011732-26,L1,landlord,Order,money_only,False,False
LTB-L-011796-26,L1,landlord,Order,terminated_voidable,False,True
LTB-L-011802-26,L1,landlord,Order,terminated_voidable,True,True
LTB-L-011816-26,L1,landlord,Order,money_only,True,False
LTB-L-011830-26,L1,landlord,Order,money_only,True,False
LTB-L-011846-26,L1,landlord,ExParte Order,other,False,False
LTB-L-011856-26,L1,landlord,Order,terminated_voidable,False,True
LTB-L-011895-26,L1,landlord,Order,terminated_voidable,False,True
LTB-L-011930-26,L1,landlord,Order,terminated_voidable,False,True
LTB-L-011945-26,L1,landlord,ExParte Order,other,False,False
LTB-L-011969-26,L1,landlord,Order,money_only,True,False
LTB-L-011972-26,L1,landlord,Order,terminated_voidable,False,True
LTB-L-011973-26,L1,landlord,Order,terminated,False,False
LTB-L-012030-26,L1,landlord,Order,other,False,False
LTB-L-012064-26,L1,landlord,Order,money_only,False,False
LTB-L-012066-26,L1,landlord,Order,other,False,False
LTB-L-012075-26,L1,landlord,Order,money_only,True,False
LTB-L-012083-26,L1,landlord,Order,other,False,False
LTB-L-012084-26,L1,landlord,Order,terminated,False,False
LTB-L-012097-26,L1,landlord,Amended Order,money_only,True,False
LTB-L-012112-26,L1,landlord,Order,money_only,True,False
LTB-L-012140-26,L1,landlord,Order,money_only,False,False
LTB-L-012153-26,L1,landlord,Order,terminated_voidable,False,True
LTB-L-012202-26,L1,landlord,Order,terminated,True,True
LTB-L-012205-26,L1,landlord,Order,terminated_voidable,True,True
LTB-L-012217-26,L1,landlord,Order,money_only,False,False
LTB-L-012225-26,L1,landlord,Order,money_only,True,False
LTB-L-012232-26,L1,landlord,Order,other,False,False
LTB-L-012270-26,L1,landlord,Order,terminated_voidable,False,True
LTB-L-012285-26,L1,landlord,Order,terminated_voidable,False,True
LTB-L-012314-26,L1,landlord,Order,terminated_voidable,True,True
LTB-L-012388-26,L1,landlord,Order,money_only,True,False
LTB-L-012409-26,L1,landlord,Order,terminated_voidable,False,True
LTB-L-012410-26,L1,landlord,Order,money_only,False,False
LTB-L-012441-26,L1,landlord,Order,terminated_voidable,False,True
LTB-L-012444-26,L1,landlord,Order,terminated_voidable,False,True
LTB-L-012465-26,L1,landlord,Order,terminated_voidable,True,True
LTB-L-012472-26,L1,landlord,Order,money_only,True,False
LTB-L-012476-26,L1,landlord,Order,terminated_voidable,False,True
LTB-L-012481-26,L1,landlord,Order,terminated_voidable,False,True
LTB-L-012549-26,L1,landlord,Order,terminated_voidable,False,True
LTB-L-012554-26,L1,landlord,Order,money_only,False,False
LTB-L-012565-26,L1,landlord,Order,terminated_voidable,False,True
LTB-L-012599-26,L1,landlord,ExParte Order,other,False,False
LTB-L-012613-26,L1,landlord,Order,other,False,False
LTB-L-012652-26,L1,landlord,Order,terminated_voidable,False,True
LTB-L-012655-26,L1,landlord,Order,terminated_voidable,False,True
LTB-L-012660-26,L1,landlord,Order,terminated,False,False
LTB-L-012740-26,L1,landlord,Order,money_only,False,False
LTB-L-012751-26,L1,landlord,Order,money_only,True,False
LTB-L-012755-26,L1,landlord,Order,terminated,False,False
LTB-L-012757-26,L1,landlord,Order,dismissed,False,False
LTB-L-012758-26,L1,landlord,Order,money_only,False,False
LTB-L-012776-26,L1,landlord,Order,dismissed,False,False
LTB-L-012789-26,L1,landlord,Order,terminated_voidable,True,True
LTB-L-012805-26,L1,landlord,ExParte Order,other,False,False
LTB-L-012822-26,L1,landlord,Order,money_only,True,False
LTB-L-012841-26,L1,landlord,Order,terminated_voidable,False,True
LTB-L-012873-26,L1,landlord,Order,terminated_voidable,True,True
LTB-L-012875-26,L1,landlord,Order,terminated_voidable,False,True
LTB-L-012912-26,L1,landlord,Order,other,False,False
LTB-L-012940-26,L1,landlord,Order,other,False,False
LTB-L-012958-26,L1,landlord,ExParte Order,other,False,False
LTB-L-012981-26,L1,landlord,Order,money_only,False,False
LTB-L-013051-26,L1,landlord,Order,money_only,False,False
LTB-L-013056-26,L1,landlord,Order,terminated_voidable,False,True
LTB-L-013082-26,L1,landlord,Order,terminated,True,True
LTB-L-013095-26,L1,landlord,Order,terminated,False,False
LTB-L-013136-26,L1,landlord,Order,other,False,False
LTB-L-013171-26,L1,landlord,Order,terminated_voidable,False,True
LTB-L-013203-26,L1,landlord,ExParte Order,other,False,False
LTB-L-013224-26,L1,landlord,Order,money_only,True,False
LTB-L-013226-26,L1,landlord,Order,terminated,False,False
LTB-L-013263-26,L1,landlord,Order,terminated_voidable,False,True
LTB-L-013283-26,L1,landlord,Amended Order,money_only,True,False
LTB-L-013324-26,L1,landlord,Order,terminated,True,False
LTB-L-013341-26,L1,landlord,Order,money_only,True,False
LTB-L-013362-26,L1,landlord,Order,terminated_voidable,False,True
LTB-L-013374-26,L1,landlord,Order,terminated_voidable,False,True
LTB-L-013377-26,L1,landlord,Order,terminated_voidable,False,True
LTB-L-013387-26,L1,landlord,Order,money_only,True,False
LTB-L-013391-26,L1,landlord,ExParte Order,other,False,False
LTB-L-013403-26,L1,landlord,Order,terminated_voidable,False,True
LTB-L-013404-26,L1,landlord,Order,terminated_voidable,False,True
LTB-L-013427-26,L1,landlord,Order,terminated_voidable,False,True
LTB-L-013434-26,L1,landlord,Order,terminated_voidable,True,True
LTB-L-013473-26,L1,landlord,Order,terminated_voidable,False,True
LTB-L-013510-26,L1,landlord,Order,terminated_voidable,False,True
LTB-L-013518-26,L1,landlord,Order,other,False,False
LTB-L-013529-26,L1,landlord,Order,other,False,False
LTB-L-013533-26,L1,landlord,ExParte Order,other,False,False
LTB-L-013536-26,L1,landlord,Order,terminated,False,False
LTB-L-013567-26,L1,landlord,Order,terminated_voidable,False,True
LTB-L-013576-26,L1,landlord,Order,money_only,True,False
LTB-L-013578-26,L1,landlord,Order,terminated_voidable,False,True
LTB-L-013590-26,L1,landlord,ExParte Order,other,False,False
LTB-L-013599-26,L1,landlord,Order,terminated_voidable,False,True
LTB-L-013600-26,L1,landlord,Order,terminated_voidable,False,True
LTB-L-013644-26,L1,landlord,Order,terminated_voidable,False,True
LTB-L-013713-26,L1,landlord,Order,money_only,False,False
LTB-L-013720-26,L1,landlord,Order,money_only,True,False
LTB-L-013797-26,L1,landlord,Order,terminated_voidable,False,True
LTB-L-013799-26,L1,landlord,Order,terminated_voidable,False,True
LTB-L-013810-26,L1,landlord,Order,terminated_voidable,False,True
LTB-L-013861-26,L1,landlord,Order,terminated_voidable,False,True
LTB-L-013871-26,L1,landlord,Order,terminated_voidable,False,True
LTB-L-013896-26,L1,landlord,Order,terminated_voidable,False,True
LTB-L-013909-26,L1,landlord,Order,terminated_voidable,True,True
LTB-L-013921-26,L1,landlord,Order,terminated_voidable,False,True
LTB-L-013950-26,L1,landlord,Order,terminated_voidable,False,True
LTB-L-013974-26,L1,landlord,Order,money_only,True,False
LTB-L-013980-26,L1,landlord,Order,dismissed,False,False
LTB-L-013982-26,L1,landlord,Order,other,False,False
LTB-L-013984-26,L1,landlord,Order,money_only,True,False
LTB-L-013989-26,L1,landlord,Order,money_only,True,False
LTB-L-014007-26,L1,landlord,Order,terminated_voidable,False,True
LTB-L-014022-26,L1,landlord,ExParte Order,other,False,False
LTB-L-014036-26,L1,landlord,Order,other,False,False
LTB-L-014080-26,L1,landlord,Order,terminated,False,True
LTB-L-014117-26,L1,landlord,Order,terminated_voidable,False,True
LTB-L-014129-26,L1,landlord,Order,terminated_voidable,False,True
LTB-L-014134-26,L1,landlord,Order,other,False,False
LTB-L-014140-26,L1,landlord,Order,terminated_voidable,False,True
LTB-L-014142-26,L1,landlord,Order,terminated,False,False
LTB-L-014165-26,L1,landlord,Order,dismissed,False,False
LTB-L-014186-26,L1,landlord,Order,other,False,False
LTB-L-014201-26,L1,landlord,Order,money_only,False,False
LTB-L-014247-26,L1,landlord,Order,terminated_voidable,False,True
LTB-L-014256-26,L1,landlord,Order,other,False,False
LTB-L-014263-26,L1,landlord,ExParte Order,other,False,False
LTB-L-014267-26,L1,landlord,Order,dismissed,False,False
LTB-L-014299-26,L1,landlord,Order,money_only,False,False
LTB-L-014330-26,L1,landlord,Order,terminated,True,True
LTB-L-014360-26,L1,landlord,Order,dismissed,False,False
LTB-L-014361-26,L1,landlord,Order,terminated_voidable,True,True
LTB-L-014369-26,L1,landlord,Order,terminated_voidable,False,True
LTB-L-014373-26,L1,landlord,Order,terminated,False,False
LTB-L-014429-26,L1,landlord,Order,money_only,True,False
LTB-L-014457-26,L1,landlord,Order,terminated_voidable,True,True
LTB-L-014476-26,L1,landlord,ExParte Order,other,False,False
LTB-L-014498-26,L1,landlord,Order,terminated_voidable,False,True
LTB-L-014510-26,L1,landlord,ExParte Order,other,False,False
LTB-L-014521-26,L1,landlord,Order,dismissed,False,False
LTB-L-014582-26,L1,landlord,Order,other,False,False
LTB-L-014602-26,L1,landlord,Order,other,False,False
LTB-L-014613-26,L1,landlord,Order,other,False,False
LTB-L-014617-26,L1,landlord,Order,money_only,True,False
LTB-L-014622-26,L1,landlord,Order,money_only,True,False
LTB-L-014648-26,L1,landlord,Order,other,False,False
LTB-L-014682-25,L1,landlord,Order,withdrawn,False,False
LTB-L-014689-26,L1,landlord,Order,money_only,True,False
LTB-L-014712-26,L1,landlord,Order,dismissed,False,False
LTB-L-014714-26,L1,landlord,Order,money_only,True,False
LTB-L-014734-26,L1,landlord,Order,terminated,False,False
LTB-L-014760-26,L1,landlord,Order,dismissed,False,False
LTB-L-014800-26,L1,landlord,Order,other,False,False
LTB-L-014808-26,L1,landlord,Order,money_only,True,False
LTB-L-014842-26,L1,landlord,Order,terminated,True,True
LTB-L-014855-26,L1,landlord,Order,money_only,True,False
LTB-L-014881-26,L1,landlord,Order,terminated_voidable,False,True
LTB-L-014906-26,L1,landlord,Order,terminated_voidable,False,True
LTB-L-014916-26,L1,landlord,Order,money_only,True,False
LTB-L-014920-26,L1,landlord,Order,money_only,True,False
LTB-L-014943-26,L1,landlord,Order,terminated_voidable,False,True
LTB-L-014946-26,L1,landlord,Order,terminated_voidable,False,True
LTB-L-014953-26,L1,landlord,Order,terminated_voidable,False,True
LTB-L-014971-26,L1,landlord,ExParte Order,other,False,False
LTB-L-014990-26,L1,landlord,Order,terminated_voidable,False,True
LTB-L-015013-26,L1,landlord,ExParte Order,other,False,False
LTB-L-015046-26,L1,landlord,ExParte Order,other,False,False
LTB-L-015053-26,L1,landlord,Order,terminated,False,False
LTB-L-015060-26,L1,landlord,Order,money_only,True,False
LTB-L-015064-26,L1,landlord,Order,money_only,True,False
LTB-L-015074-26,L1,landlord,Order,other,False,False
LTB-L-015080-26,L1,landlord,Order,terminated_voidable,False,True
LTB-L-015086-26,L1,landlord,Order,terminated_voidable,False,True
LTB-L-015088-26,L1,landlord,Order,terminated_voidable,True,True
LTB-L-015108-26,L1,landlord,Order,terminated_voidable,True,True
LTB-L-015126-26,L1,landlord,Order,terminated_voidable,False,True
LTB-L-015135-26,L1,landlord,Order,terminated_voidable,False,True
LTB-L-015138-26,L1,landlord,Order,dismissed,False,False
LTB-L-015248-26,L1,landlord,Order,terminated,False,False
LTB-L-015271-26,L1,landlord,Order,remedy_ordered,True,False
LTB-L-015289-26,L1,landlord,Order,terminated_voidable,False,True
LTB-L-015297-26,L1,landlord,Order,money_only,True,False
LTB-L-015299-26,L1,landlord,Order,other,False,False
LTB-L-015302-26,L1,landlord,Order,other,False,False
LTB-L-015314-26,L1,landlord,Order,terminated_voidable,True,True
LTB-L-015336-26,L1,landlord,Order,terminated_voidable,False,True
LTB-L-015364-26,L1,landlord,Order,money_only,True,False
LTB-L-015394-26,L1,landlord,Order,other,False,False
LTB-L-015402-26,L1,landlord,Order,terminated_voidable,False,True
LTB-L-015434-26,L1,landlord,Order,terminated_voidable,False,True
LTB-L-015451-26,L1,landlord,Order,terminated,True,True
LTB-L-015492-26,L1,landlord,Order,money_only,True,False
LTB-L-015607-26,L1,landlord,Order,money_only,True,False
LTB-L-015641-26,L1,landlord,Order,terminated,True,True
LTB-L-015645-26,L1,landlord,Order,money_only,False,False
LTB-L-015656-26,L1,landlord,Order,withdrawn,False,False
LTB-L-015691-26,L1,landlord,Order,terminated_voidable,False,True
LTB-L-015703-26,L1,landlord,Order,terminated_voidable,False,True
LTB-L-015726-26,L1,landlord,Order,terminated,False,False
LTB-L-015745-26,L1,landlord,Order,money_only,True,False
LTB-L-015747-26,L1,landlord,Order,terminated,True,True
LTB-L-015788-26,L1,landlord,Order,terminated_voidable,True,True
LTB-L-015798-26,L1,landlord,Order,other,False,False
LTB-L-015800-26,L1,landlord,Order,other,False,False
LTB-L-015805-26,L1,landlord,Order,other,False,False
LTB-L-015832-26,L1,landlord,Order,terminated_voidable,False,True
LTB-L-015863-26,L1,landlord,ExParte Order,other,False,False
LTB-L-015869-26,L1,landlord,ExParte Order,other,False,False
LTB-L-015870-26,L1,landlord,Order,terminated_voidable,False,True
LTB-L-015875-26,L1,landlord,Order,money_only,True,False
LTB-L-015938-26,L1,landlord,Order,money_only,True,False
LTB-L-015945-26,L1,landlord,Order,other,False,False
LTB-L-015950-26,L1,landlord,Order,terminated_voidable,False,True
LTB-L-015961-26,L1,landlord,Order,terminated_voidable,False,True
LTB-L-015983-26,L1,landlord,Order,terminated_voidable,False,True
LTB-L-015999-26,L1,landlord,Order,other,False,False
LTB-L-016021-26,L1,landlord,Order,terminated_voidable,False,True
LTB-L-016054-26,L1,landlord,Order,terminated_voidable,False,True
LTB-L-016064-26,L1,landlord,Order,terminated,True,True
LTB-L-016070-26,L1,landlord,Order,dismissed,False,False
LTB-L-016075-25,L1,landlord,Order,other,False,True
LTB-L-016089-26,L1,landlord,Order,dismissed,False,False
LTB-L-016091-26,L1,landlord,Order,terminated,False,False
LTB-L-016121-26,L1,landlord,Order,terminated,False,False
LTB-L-016167-26,L1,landlord,Order,dismissed,False,False
LTB-L-016187-26,L1,landlord,Order,other,False,False
LTB-L-016247-26,L1,landlord,Order,terminated_voidable,True,True
LTB-L-016264-26,L1,landlord,Order,other,False,False
LTB-L-016269-26,L1,landlord,Order,terminated,True,True
LTB-L-016287-26,L1,landlord,Order,terminated_voidable,False,True
LTB-L-016318-26,L1,landlord,Order,terminated_voidable,False,True
LTB-L-016324-26,L1,landlord,ExParte Order,other,False,False
LTB-L-016325-26,L1,landlord,Order,money_only,True,False
LTB-L-016332-26,L1,landlord,Order,other,False,False
LTB-L-016334-26,L1,landlord,Order,terminated_voidable,False,True
LTB-L-016337-26,L1,landlord,Order,terminated,False,False
LTB-L-016343-26,L1,landlord,Order,money_only,True,False
LTB-L-016355-26,L1,landlord,Order,terminated_voidable,False,True
LTB-L-016383-26,L1,landlord,Order,money_only,True,False
LTB-L-016420-26,L1,landlord,ExParte Order,other,False,False
LTB-L-016464-26,L1,landlord,Order,terminated_voidable,False,True
LTB-L-016474-26,L1,landlord,Order,terminated_voidable,False,True
LTB-L-016484-26,L1,landlord,Order,terminated_voidable,False,True
LTB-L-016496-26,L1,landlord,Order,terminated_voidable,False,True
LTB-L-016521-26,L1,landlord,Order,terminated_voidable,False,True
LTB-L-016529-26,L1,landlord,Order,dismissed,False,False
LTB-L-016559-26,L1,landlord,Order,terminated_voidable,False,True
LTB-L-016571-26,L1,landlord,Order,terminated_voidable,False,True
LTB-L-016605-26,L1,landlord,Order,terminated_voidable,False,True
LTB-L-016611-26,L1,landlord,Order,money_only,True,False
LTB-L-016613-26,L1,landlord,Order,other,False,False
LTB-L-016628-26,L1,landlord,Order,terminated_voidable,False,True
LTB-L-016656-26,L1,landlord,Order,other,False,False
LTB-L-016664-26,L1,landlord,Order,terminated_voidable,False,True
LTB-L-016674-26,L1,landlord,Order,terminated,False,False
LTB-L-016689-26,L1,landlord,Order,money_only,True,False
LTB-L-016700-26,L1,landlord,Order,terminated_voidable,False,True
LTB-L-016705-26,L1,landlord,Order,other,False,False
LTB-L-016710-26,L1,landlord,Order,terminated_voidable,False,True
LTB-L-016727-26,L1,landlord,Order,money_only,True,False
LTB-L-016736-26,L1,landlord,Order,terminated_voidable,False,True
LTB-L-016738-26,L1,landlord,Order,terminated_voidable,False,True
LTB-L-016750-26,L1,landlord,Order,other,False,False
LTB-L-016751-26,L1,landlord,Order,money_only,True,False
LTB-L-016797-26,L1,landlord,Order,dismissed,False,False
LTB-L-016798-26,L1,landlord,Order,money_only,True,False
LTB-L-016837-26,L1,landlord,Order,terminated_voidable,False,True
LTB-L-016842-26,L1,landlord,Order,dismissed,False,False
LTB-L-016851-26,L1,landlord,Order,terminated_voidable,False,True
LTB-L-016855-26,L1,landlord,Order,terminated_voidable,False,True
LTB-L-016862-26,L1,landlord,Order,terminated_voidable,False,True
LTB-L-016868-26,L1,landlord,Order,other,False,False
LTB-L-016872-26,L1,landlord,Order,terminated_voidable,False,True
LTB-L-016882-26,L1,landlord,Order,money_only,False,False
LTB-L-016912-26,L1,landlord,Order,money_only,True,False
LTB-L-016924-26,L1,landlord,Order,terminated_voidable,False,True
LTB-L-016928-26,L1,landlord,Order,terminated_voidable,False,True
LTB-L-016929-26,L1,landlord,Order,terminated_voidable,False,True
LTB-L-017028-26,L1,landlord,Order,other,False,False
LTB-L-017107-26,L1,landlord,Order,money_only,True,False
LTB-L-017130-26,L1,landlord,Order,terminated_voidable,False,True
LTB-L-017138-26,L1,landlord,Order,terminated_voidable,False,True
LTB-L-017138-26,L1,landlord,ExParte Order,terminated_voidable,False,True
LTB-L-017147-26,L1,landlord,Order,other,False,False
LTB-L-017158-26,L1,landlord,Order,terminated_voidable,False,True
LTB-L-017160-26,L1,landlord,Order,terminated,True,True
LTB-L-017167-26,L1,landlord,Order,terminated_voidable,False,True
LTB-L-017169-26,L1,landlord,Order,terminated,False,False
LTB-L-017182-26,L1,landlord,Order,money_only,True,False
LTB-L-017188-26,L1,landlord,Order,terminated_voidable,False,True
LTB-L-017191-26,L1,landlord,Order,terminated,False,False
LTB-L-017203-26,L1,landlord,Order,money_only,True,False
LTB-L-017210-26,L1,landlord,Order,terminated_voidable,False,True
LTB-L-017234-26,L1,landlord,Order,other,True,False
LTB-L-017242-26,L1,landlord,Order,terminated_voidable,True,True
LTB-L-017286-26,L1,landlord,Order,other,False,False
LTB-L-017296-26,L1,landlord,Order,terminated_voidable,False,True
LTB-L-017297-26,L1,landlord,ExParte Order,other,False,False
LTB-L-017298-25,L1,landlord,Order,other,False,False
LTB-L-017307-26,L1,landlord,Order,money_only,True,False
LTB-L-017358-26,L1,landlord,Order,money_only,True,False
LTB-L-017393-26,L1,landlord,Order,money_only,True,False
LTB-L-017411-26,L1,landlord,Order,terminated_voidable,False,True
LTB-L-017420-26,L1,landlord,Order,money_only,True,False
LTB-L-017469-26,L1,landlord,Order,money_only,True,False
LTB-L-017527-26,L1,landlord,Order,terminated,False,False
LTB-L-017544-26,L1,landlord,Order,terminated_voidable,True,True
LTB-L-017551-26,L1,landlord,Order,terminated_voidable,False,True
LTB-L-017559-26,L1,landlord,ExParte Order,other,False,False
LTB-L-017607-26,L1,landlord,Order,dismissed,False,False
LTB-L-017660-26,L1,landlord,Order,money_only,True,False
LTB-L-017685-26,L1,landlord,Order,money_only,True,False
LTB-L-017693-26,L1,landlord,ExParte Order,other,False,False
LTB-L-017701-26,L1,landlord,Order,terminated_voidable,False,True
LTB-L-017712-26,L1,landlord,Order,terminated,True,True
LTB-L-017751-26,L1,landlord,Order,money_only,True,False
LTB-L-017773-26,L1,landlord,Order,terminated_voidable,False,True
LTB-L-017774-26,L1,landlord,Order,money_only,True,False
LTB-L-017789-26,L1,landlord,Order,terminated_voidable,False,True
LTB-L-017799-26,L1,landlord,Order,terminated_voidable,False,True
LTB-L-017813-26,L1,landlord,Order,terminated_voidable,False,True
LTB-L-017821-26,L1,landlord,Order,money_only,True,False
LTB-L-017824-26,L1,landlord,Order,money_only,True,False
LTB-L-017826-26,L1,landlord,Order,other,False,False
LTB-L-017827-26,L1,landlord,Order,money_only,True,False
LTB-L-017830-26,L1,landlord,Order,terminated_voidable,True,True
LTB-L-017837-26,L1,landlord,Order,money_only,False,False
LTB-L-017872-26,L1,landlord,Order,terminated_voidable,False,True
LTB-L-017875-26,L1,landlord,Order,money_only,True,False
LTB-L-017925-26,L1,landlord,ExParte Order,other,False,False
LTB-L-017954-26,L1,landlord,Order,money_only,True,False
LTB-L-017963-26,L1,landlord,Order,other,False,False
LTB-L-017972-26,L1,landlord,Order,terminated,False,False
LTB-L-018053-26,L1,landlord,Order,money_only,True,False
LTB-L-018128-26,L1,landlord,Order,money_only,True,False
LTB-L-018134-26,L1,landlord,ExParte Order,other,False,False
LTB-L-018139-26,L1,landlord,Order,other,False,False
LTB-L-018152-26,L1,landlord,Order,remedy_ordered,True,False
LTB-L-018209-26,L1,landlord,Order,terminated_voidable,False,True
LTB-L-018237-26,L1,landlord,Order,terminated,False,False
LTB-L-018255-26,L1,landlord,Order,money_only,True,False
LTB-L-018262-26,L1,landlord,Order,other,False,False
LTB-L-018271-26,L1,landlord,ExParte Order,other,False,False
LTB-L-018286-26,L1,landlord,Order,terminated_voidable,True,True
LTB-L-018322-26,L1,landlord,Order,money_only,True,False
LTB-L-018331-26,L1,landlord,Order,terminated_voidable,False,True
LTB-L-018343-26,L1,landlord,Order,terminated_voidable,False,True
LTB-L-018346-26,L1,landlord,Order,money_only,False,False
LTB-L-018359-26,L1,landlord,Order,money_only,True,False
LTB-L-018372-26,L1,landlord,Order,money_only,True,False
LTB-L-018377-26,L1,landlord,Order,terminated_voidable,False,True
LTB-L-018392-26,L1,landlord,ExParte Order,other,False,False
LTB-L-018394-26,L1,landlord,Order,money_only,True,False
LTB-L-018416-26,L1,landlord,ExParte Order,other,False,False
LTB-L-018425-26,L1,landlord,Order,terminated_voidable,False,True
LTB-L-018429-26,L1,landlord,Order,terminated,False,False
LTB-L-018450-26,L1,landlord,Order,terminated_voidable,False,True
LTB-L-018459-26,L1,landlord,Order,terminated_voidable,False,True
LTB-L-018487-26,L1,landlord,Order,terminated_voidable,False,True
LTB-L-018536-25,L1,landlord,Order,terminated,False,False
LTB-L-018548-26,L1,landlord,Order,terminated,True,True
LTB-L-018610-26,L1,landlord,Order,terminated_voidable,False,True
LTB-L-018612-26,L1,landlord,Order,dismissed,False,False
LTB-L-018623-26,L1,landlord,Order,money_only,True,False
LTB-L-018630-26,L1,landlord,Amended Order,terminated_voidable,False,True
LTB-L-018630-26,L1,landlord,Order,terminated_voidable,False,True
LTB-L-018690-26,L1,landlord,Order,money_only,True,False
LTB-L-018765-26,L1,landlord,Order,terminated_voidable,False,True
LTB-L-018767-26,L1,landlord,Order,terminated_voidable,False,True
LTB-L-018797-26,L1,landlord,ExParte Order,other,False,False
LTB-L-018818-26,L1,landlord,Order,terminated_voidable,True,True
LTB-L-018826-26,L1,landlord,Order,terminated_voidable,False,True
LTB-L-018827-26,L1,landlord,Order,terminated_voidable,False,True
LTB-L-018854-26,L1,landlord,Order,terminated_voidable,False,True
LTB-L-018928-26,L1,landlord,Order,other,False,False
LTB-L-018937-26,L1,landlord,Order,terminated_voidable,True,True
LTB-L-019062-26,L1,landlord,Order,terminated_voidable,False,True
LTB-L-019076-26,L1,landlord,Order,money_only,True,False
LTB-L-019087-26,L1,landlord,Order,dismissed,False,False
LTB-L-019092-26,L1,landlord,Order,money_only,True,False
LTB-L-019104-26,L1,landlord,Order,money_only,True,False
LTB-L-019115-26,L1,landlord,Order,terminated_voidable,True,True
LTB-L-019116-26,L1,landlord,Order,dismissed,False,False
LTB-L-019128-26,L1,landlord,Order,terminated,True,False
LTB-L-019129-26,L1,landlord,Order,other,False,False
LTB-L-019131-26,L1,landlord,Order,terminated,True,True
LTB-L-019161-26,L1,landlord,ExParte Order,other,False,False
LTB-L-019170-26,L1,landlord,Order,terminated_voidable,False,True
LTB-L-019234-26,L1,landlord,ExParte Order,other,False,False
LTB-L-019246-26,L1,landlord,Order,terminated_voidable,False,True
LTB-L-019265-26,L1,landlord,Order,money_only,False,False
LTB-L-019271-26,L1,landlord,Order,terminated_voidable,False,True
LTB-L-019277-26,L1,landlord,Order,terminated_voidable,False,True
LTB-L-019287-26,L1,landlord,Order,money_only,True,False
LTB-L-019341-26,L1,landlord,ExParte Order,other,False,False
LTB-L-019384-26,L1,landlord,Order,terminated_voidable,False,True
LTB-L-019411-26,L1,landlord,Order,terminated,True,True
LTB-L-019432-26,L1,landlord,Order,money_only,False,False
LTB-L-019489-26,L1,landlord,Order,terminated_voidable,True,True
LTB-L-019491-26,L1,landlord,Order,terminated_voidable,False,True
LTB-L-019519-26,L1,landlord,Order,terminated_voidable,False,True
LTB-L-019550-26,L1,landlord,Order,other,False,False
LTB-L-019552-26,L1,landlord,Order,terminated_voidable,False,True
LTB-L-019579-25,L1,landlord,Order,terminated,False,False
LTB-L-019589-26,L1,landlord,Order,terminated_voidable,False,True
LTB-L-019591-26,L1,landlord,Order,money_only,True,False
LTB-L-019604-26,L1,landlord,Order,dismissed,False,False
LTB-L-019616-26,L1,landlord,Order,terminated_voidable,False,True
LTB-L-019681-26,L1,landlord,Order,money_only,True,False
LTB-L-019705-26,L1,landlord,Order,terminated_voidable,False,True
LTB-L-019733-26,L1,landlord,Order,terminated_voidable,False,True
LTB-L-019737-26,L1,landlord,Order,terminated_voidable,False,True
LTB-L-019741-26,L1,landlord,Order,money_only,True,False
LTB-L-019749-26,L1,landlord,Order,money_only,True,False
LTB-L-019763-26,L1,landlord,Order,money_only,True,False
LTB-L-019774-26,L1,landlord,Order,terminated_voidable,False,True
LTB-L-019823-26,L1,landlord,Order,money_only,True,False
LTB-L-019834-26,L1,landlord,Order,money_only,True,False
LTB-L-019838-26,L1,landlord,Order,money_only,True,False
LTB-L-019913-26,L1,landlord,ExParte Order,other,False,False
LTB-L-019925-26,L1,landlord,Order,money_only,False,False
LTB-L-019931-26,L1,landlord,Order,terminated,False,False
LTB-L-019935-26,L1,landlord,Order,terminated_voidable,False,True
LTB-L-019986-26,L1,landlord,Order,money_only,False,False
LTB-L-020001-26,L1,landlord,Order,terminated,False,False
LTB-L-020018-26,L1,landlord,ExParte Order,other,False,False
LTB-L-020083-26,L1,landlord,Order,terminated_voidable,False,True
LTB-L-020115-26,L1,landlord,ExParte Order,other,False,False
LTB-L-020118-26,L1,landlord,Order,terminated_voidable,False,True
LTB-L-020133-26,L1,landlord,Order,terminated_voidable,False,True
LTB-L-020201-26,L1,landlord,ExParte Order,other,False,False
LTB-L-020203-26,L1,landlord,Order,terminated_voidable,False,True
LTB-L-020252-26,L1,landlord,ExParte Order,other,False,False
LTB-L-020261-26,L1,landlord,Order,terminated,True,True
LTB-L-020277-26,L1,landlord,Order,terminated_voidable,False,True
LTB-L-020286-26,L1,landlord,Order,money_only,True,False
LTB-L-020293-26,L1,landlord,Order,terminated_voidable,False,True
LTB-L-020312-26,L1,landlord,Order,dismissed,False,False
LTB-L-020320-26,L1,landlord,Order,money_only,True,False
LTB-L-020324-26,L1,landlord,Order,terminated_voidable,True,True
LTB-L-020339-26,L1,landlord,Order,terminated_voidable,False,True
LTB-L-020375-26,L1,landlord,Order,terminated_voidable,False,True
LTB-L-020410-26,L1,landlord,Order,terminated_voidable,False,True
LTB-L-020427-26,L1,landlord,Order,other,False,False
LTB-L-020442-26,L1,landlord,Order,terminated_voidable,False,True
LTB-L-020457-26,L1,landlord,ExParte Order,other,False,False
LTB-L-020479-26,L1,landlord,Order,terminated_voidable,True,True
LTB-L-020493-26,L1,landlord,Order,terminated_voidable,False,True
LTB-L-020533-26,L1,landlord,Order,terminated,True,True
LTB-L-020570-26,L1,landlord,Order,terminated_voidable,False,True
LTB-L-020616-26,L1,landlord,ExParte Order,other,False,False
LTB-L-020620-26,L1,landlord,ExParte Order,other,False,False
LTB-L-020621-26,L1,landlord,Order,terminated_voidable,False,True
LTB-L-020653-26,L1,landlord,Order,terminated_voidable,True,True
LTB-L-020657-26,L1,landlord,Order,terminated_voidable,True,True
LTB-L-020663-26,L1,landlord,ExParte Order,other,False,False
LTB-L-020703-26,L1,landlord,Order,other,False,False
LTB-L-020720-26,L1,landlord,Order,money_only,True,False
LTB-L-020723-26,L1,landlord,ExParte Order,other,False,False
LTB-L-020743-26,L1,landlord,Order,terminated_voidable,False,True
LTB-L-020803-26,L1,landlord,Order,money_only,True,False
LTB-L-020814-26,L1,landlord,Order,other,False,False
LTB-L-020832-26,L1,landlord,ExParte Order,other,False,False
LTB-L-020911-26,L1,landlord,Order,terminated_voidable,False,True
LTB-L-020925-26,L1,landlord,Order,terminated_voidable,False,True
LTB-L-020977-26,L1,landlord,Order,terminated_voidable,True,True
LTB-L-020992-22,L1,landlord,Review Order,other,False,False
LTB-L-021096-26,L1,landlord,Order,terminated_voidable,False,True
LTB-L-021104-26,L1,landlord,Order,money_only,True,False
LTB-L-021109-26,L1,landlord,Order,terminated_voidable,False,True
LTB-L-021119-26,L1,landlord,ExParte Order,other,False,False
LTB-L-021124-26,L1,landlord,Order,other,False,False
LTB-L-021127-26,L1,landlord,Order,terminated_voidable,True,True
LTB-L-021129-26,L1,landlord,Order,money_only,True,False
LTB-L-021154-25,L1,landlord,Order,withdrawn,False,False
LTB-L-021180-26,L1,landlord,Order,terminated_voidable,False,True
LTB-L-021206-26,L1,landlord,Order,money_only,True,False
LTB-L-021274-26,L1,landlord,Order,terminated_voidable,False,True
LTB-L-021336-26,L1,landlord,Order,money_only,False,False
LTB-L-021344-26,L1,landlord,Order,terminated_voidable,False,True
LTB-L-021442-26,L1,landlord,Order,money_only,True,False
LTB-L-021467-26,L1,landlord,Order,terminated_voidable,False,True
LTB-L-021560-26,L1,landlord,Order,terminated_voidable,False,True
LTB-L-021564-26,L1,landlord,Order,terminated_voidable,False,True
LTB-L-021569-26,L1,landlord,Order,terminated,True,True
LTB-L-021594-26,L1,landlord,Order,terminated,False,False
LTB-L-021606-26,L1,landlord,Order,money_only,True,False
LTB-L-021630-26,L1,landlord,ExParte Order,other,False,False
LTB-L-021645-26,L1,landlord,Order,terminated_voidable,True,True
LTB-L-021648-26,L1,landlord,Order,money_only,True,False
LTB-L-021670-26,L1,landlord,ExParte Order,other,False,False
LTB-L-021679-26,L1,landlord,Order,terminated_voidable,False,True
LTB-L-021687-26,L1,landlord,Order,terminated_voidable,False,True
LTB-L-021696-26,L1,landlord,Order,terminated_voidable,False,True
LTB-L-021740-26,L1,landlord,Order,dismissed,False,False
LTB-L-021865-26,L1,landlord,Order,terminated_voidable,False,True
LTB-L-021872-26,L1,landlord,Order,money_only,True,False
LTB-L-021876-26,L1,landlord,Order,money_only,True,False
LTB-L-021918-26,L1,landlord,Order,money_only,True,False
LTB-L-021919-26,L1,landlord,Order,terminated,True,False
LTB-L-021943-26,L1,landlord,Order,money_only,True,False
LTB-L-021986-26,L1,landlord,Order,terminated_voidable,False,True
LTB-L-022001-26,L1,landlord,Order,dismissed,False,False
LTB-L-022019-26,L1,landlord,ExParte Order,other,False,False
LTB-L-022023-26,L1,landlord,Order,terminated,False,False
LTB-L-022237-26,L1,landlord,Order,money_only,False,False
LTB-L-022245-26,L1,landlord,Order,terminated_voidable,False,True
LTB-L-022264-26,L1,landlord,Order,terminated_voidable,False,True
LTB-L-022270-26,L1,landlord,Order,dismissed,False,False
LTB-L-022327-26,L1,landlord,Order,money_only,False,False
LTB-L-022340-26,L1,landlord,Order,terminated_voidable,False,True
LTB-L-022365-26,L1,landlord,Order,money_only,True,False
LTB-L-022404-26,L1,landlord,Order,terminated_voidable,False,True
LTB-L-022417-26,L1,landlord,Order,other,False,False
LTB-L-022419-26,L1,landlord,Order,dismissed,False,False
LTB-L-022420-26,L1,landlord,ExParte Order,other,False,False
LTB-L-022605-26,L1,landlord,ExParte Order,other,False,False
LTB-L-022690-26,L1,landlord,Order,terminated,False,False
LTB-L-022736-25,L1,landlord,Review Order,other,False,False
LTB-L-022804-26,L1,landlord,Order,terminated_voidable,False,True
LTB-L-022895-26,L1,landlord,Order,money_only,True,False
LTB-L-022922-26,L1,landlord,Order,terminated_voidable,True,True
LTB-L-022970-26,L1,landlord,Order,money_only,True,False
LTB-L-023031-25,L1,landlord,Order,dismissed,False,False
LTB-L-023075-26,L1,landlord,ExParte Order,other,False,False
LTB-L-023104-26,L1,landlord,Order,money_only,True,False
LTB-L-023240-26,L1,landlord,Order,other,False,False
LTB-L-023480-26,L1,landlord,Order,money_only,True,False
LTB-L-023490-26,L1,landlord,Order,terminated_voidable,False,True
LTB-L-023516-26,L1,landlord,Order,terminated_voidable,True,True
LTB-L-023590-26,L1,landlord,Order,money_only,True,False
LTB-L-023601-26,L1,landlord,ExParte Order,other,False,False
LTB-L-023613-26,L1,landlord,Order,money_only,False,False
LTB-L-023614-26,L1,landlord,ExParte Order,other,False,False
LTB-L-023650-26,L1,landlord,Order,money_only,True,False
LTB-L-023749-26,L1,landlord,Order,terminated_voidable,False,True
LTB-L-023863-26,L1,landlord,Order,terminated,True,True
LTB-L-024290-26,L1,landlord,ExParte Order,other,False,False
LTB-L-024308-26,L1,landlord,Order,terminated,False,False
LTB-L-024389-26,L1,landlord,Order,money_only,True,False
LTB-L-024409-26,L1,landlord,Order,terminated_voidable,True,True
LTB-L-024464-26,L1,landlord,ExParte Order,other,False,False
LTB-L-024550-25,L1,landlord,Order,terminated,False,False
LTB-L-024621-26,L1,landlord,Order,terminated_voidable,False,True
LTB-L-024668-26,L1,landlord,ExParte Order,other,False,False
LTB-L-024715-26,L1,landlord,ExParte Order,other,False,False
LTB-L-025710-26,L1,landlord,ExParte Order,other,False,False
LTB-L-026331-26,L1,landlord,ExParte Order,other,False,False
LTB-L-026472-26,L1,landlord,Order,terminated_voidable,True,True
LTB-L-026538-26,L1,landlord,Order,money_only,True,False
LTB-L-026614-26,L1,landlord,ExParte Order,other,False,False
LTB-L-026833-26,L1,landlord,ExParte Order,other,False,False
LTB-L-026983-26,L1,landlord,ExParte Order,other,False,False
LTB-L-027027-26,L1,landlord,ExParte Order,other,False,False
LTB-L-027114-26,L1,landlord,ExParte Order,other,False,False
LTB-L-027198-26,L1,landlord,Order,money_only,True,False
LTB-L-027478-26,L1,landlord,Order,money_only,False,False
LTB-L-027811-25,L1,landlord,Review Order,other,False,True
LTB-L-028179-26,L1,landlord,ExParte Order,other,False,False
LTB-L-028355-26,L1,landlord,ExParte Order,other,False,False
LTB-L-028469-26,L1,landlord,ExParte Order,other,False,False
LTB-L-028538-26,L1,landlord,ExParte Order,other,False,False
LTB-L-028687-26,L1,landlord,ExParte Order,other,False,False
LTB-L-028715-26,L1,landlord,ExParte Order,other,False,False
LTB-L-028801-26,L1,landlord,ExParte Order,other,False,False
LTB-L-029276-22,L1,landlord,Order,terminated,False,False
LTB-L-029297-26,L1,landlord,ExParte Order,other,False,False
LTB-L-029327-25,L1,landlord,Review Order,terminated,True,False
LTB-L-029350-25,L1,landlord,Order,money_only,False,False
LTB-L-029718-25,L1,landlord,Review Order,money_only,True,False
LTB-L-030175-26,L1,landlord,ExParte Order,other,False,False
LTB-L-030203-26,L1,landlord,ExParte Order,other,False,False
LTB-L-030216-26,L1,landlord,ExParte Order,other,False,False
LTB-L-030476-26,L1,landlord,ExParte Order,other,False,False
LTB-L-030486-26,L1,landlord,ExParte Order,other,False,False
LTB-L-030792-26,L1,landlord,ExParte Order,other,False,False
LTB-L-030928-25,L1,landlord,Review Order,other,False,False
LTB-L-030988-24,L1,landlord,Review Order,other,False,False
LTB-L-031027-25,L1,landlord,Order,money_only,True,False
LTB-L-031158-26,L1,landlord,ExParte Order,other,False,False
LTB-L-031217-26,L1,landlord,ExParte Order,other,False,False
LTB-L-031233-26,L1,landlord,ExParte Order,other,False,False
LTB-L-031264-24,L1,landlord,Amended Order,money_only,False,False
LTB-L-031512-24,L1,landlord,Order,terminated,False,False
LTB-L-031639-26,L1,landlord,ExParte Order,other,False,False
LTB-L-032467-26,L1,landlord,Order,money_only,True,False
LTB-L-032569-26,L1,landlord,ExParte Order,other,False,False
LTB-L-032759-26,L1,landlord,Order,money_only,True,False
LTB-L-033303-25,L1,landlord,Order,other,False,True
LTB-L-033540-26,L1,landlord,ExParte Order,other,False,False
LTB-L-033664-26,L1,landlord,Order,other,False,False
LTB-L-034303-25,L1,landlord,Order,terminated,False,False
LTB-L-035133-25,L1,landlord,Order,other,False,False
LTB-L-035188-26,L1,landlord,ExParte Order,other,False,False
LTB-L-035892-23,L1,landlord,Order,dismissed,False,False
LTB-L-036320-25,L1,landlord,Order,other,False,False
LTB-L-036950-26,L1,landlord,ExParte Order,other,False,False
LTB-L-037329-26,L1,landlord,ExParte Order,other,False,False
LTB-L-037412-24,L1,landlord,Order,withdrawn,False,False
LTB-L-037722-26,L1,landlord,ExParte Order,other,False,False
LTB-L-037726-26,L1,landlord,ExParte Order,other,False,False
LTB-L-038203-25,L1,landlord,Review Order,other,False,False
LTB-L-040350-25,L1,landlord,Order,terminated,False,False
LTB-L-040587-26,L1,landlord,ExParte Order,other,False,False
LTB-L-040906-25,L1,landlord,Order,terminated,False,False
LTB-L-041481-25,L1,landlord,Amended Order,terminated_voidable,False,True
LTB-L-043376-25,L1,landlord,Review Order,other,False,False
LTB-L-043715-25,L1,landlord,Review Order,other,True,False
LTB-L-043853-25,L1,landlord,Review Order,other,True,False
LTB-L-044464-25,L1,landlord,Order,terminated_voidable,False,True
LTB-L-044675-25,L1,landlord,Amended Order,other,True,False
LTB-L-045187-25,L1,landlord,Order,terminated_voidable,False,True
LTB-L-045896-25,L1,landlord,Order,other,False,False
LTB-L-046584-25,L1,landlord,Order,terminated_voidable,False,True
LTB-L-047317-25,L1,landlord,Review Order,other,False,False
LTB-L-047439-25,L1,landlord,Order,terminated,False,False
LTB-L-047949-25,L1,landlord,Order,terminated_voidable,True,True
LTB-L-048031-25,L1,landlord,Review Order,other,False,True
LTB-L-048378-25,L1,landlord,Order,terminated_voidable,False,True
LTB-L-050284-25,L1,landlord,Review Order,dismissed,True,False
LTB-L-050614-24,L1,landlord,Order,terminated_voidable,False,True
LTB-L-051605-22,L1,landlord,Order,dismissed,False,False
LTB-L-051701-25,L1,landlord,Review Order,money_only,True,False
LTB-L-051813-24,L1,landlord,Order,terminated,False,False
LTB-L-053304-25,L1,landlord,Order,terminated_voidable,False,True
LTB-L-054146-25,L1,landlord,Review Order,terminated,False,False
LTB-L-055680-25,L1,landlord,Order,terminated,False,False
LTB-L-055770-25,L1,landlord,Order,terminated,True,False
LTB-L-056766-25,L1,landlord,Order,other,False,True
LTB-L-056873-24,L1,landlord,Review Order,withdrawn,False,False
LTB-L-057228-25,L1,landlord,Order,terminated,False,False
LTB-L-057708-25,L1,landlord,Order,terminated,False,False
LTB-L-057828-25,L1,landlord,Order,terminated_voidable,False,True
LTB-L-058266-25,L1,landlord,Order,other,False,False
LTB-L-059165-25,L1,landlord,Order,other,False,False
LTB-L-059257-25,L1,landlord,Review Order,other,False,False
LTB-L-059484-25,L1,landlord,Review Order,other,False,False
LTB-L-059570-25,L1,landlord,Amended Order,terminated_voidable,False,True
LTB-L-059707-25,L1,landlord,Order,money_only,True,False
LTB-L-059839-25,L1,landlord,Order,terminated,True,True
LTB-L-059982-25,L1,landlord,Amended Order,terminated_voidable,False,True
LTB-L-060379-25,L1,landlord,Order,terminated_voidable,False,True
LTB-L-060407-25,L1,landlord,Review Order,terminated_voidable,True,True
LTB-L-061612-25,L1,landlord,Order,other,False,False
LTB-L-061873-25,L1,landlord,Order,terminated,False,False
LTB-L-062627-25,L1,landlord,Order,terminated_voidable,False,True
LTB-L-063811-25,L1,landlord,Order,terminated_voidable,False,True
LTB-L-064039-25,L1,landlord,Order,terminated_voidable,False,True
LTB-L-064083-24,L1,landlord,Order,terminated,False,False
LTB-L-064268-25,L1,landlord,Review Order,other,False,False
LTB-L-064781-25,L1,landlord,Review Order,other,False,False
LTB-L-065063-25,L1,landlord,Review Order,dismissed,False,False
LTB-L-065114-25,L1,landlord,ExParte Order,withdrawn,False,False
LTB-L-065344-25,L1,landlord,Order,other,False,False
LTB-L-065351-25,L1,landlord,Review Order,money_only,False,False
LTB-L-066037-25,L1,landlord,Review Order,other,False,False
LTB-L-066129-25,L1,landlord,Order,money_only,False,False
LTB-L-066443-25,L1,landlord,Review Order,other,False,False
LTB-L-066501-25,L1,landlord,Order,terminated,False,False
LTB-L-066986-25,L1,landlord,Review Order,money_only,False,False
LTB-L-067610-25,L1,landlord,Review Order,other,False,False
LTB-L-067748-24,L1,landlord,Order,terminated,False,False
LTB-L-067999-25,L1,landlord,Order,terminated_voidable,False,True
LTB-L-068007-25,L1,landlord,Order,money_only,True,False
LTB-L-068332-25,L1,landlord,Amended Order,money_only,True,False
LTB-L-068332-25,L1,landlord,Review Order,money_only,True,False
LTB-L-068705-25,L1,landlord,Order,terminated,False,False
LTB-L-068730-25,L1,landlord,Order,terminated,False,False
LTB-L-068944-25,L1,landlord,Order,terminated_voidable,False,True
LTB-L-068985-25,L1,landlord,Order,terminated_voidable,False,True
LTB-L-069134-25,L1,landlord,Review Order,other,False,False
LTB-L-069357-25,L1,landlord,Order,money_only,True,False
LTB-L-069412-25,L1,landlord,Order,terminated_voidable,False,True
LTB-L-069574-24,L1,landlord,Order,terminated_voidable,False,True
LTB-L-069889-25,L1,landlord,Order,withdrawn,False,False
LTB-L-070170-25,L1,landlord,Review Order,other,False,False
LTB-L-070338-25,L1,landlord,Review Order,remedy_ordered,False,False
LTB-L-070348-25,L1,landlord,Order,terminated_voidable,False,True
LTB-L-070786-25,L1,landlord,Order,other,False,False
LTB-L-070802-25,L1,landlord,Order,terminated,False,False
LTB-L-070985-25,L1,landlord,Order,money_only,True,False
LTB-L-071068-25,L1,landlord,Review Order,other,False,False
LTB-L-071326-25,L1,landlord,Review Order,other,False,False
LTB-L-071701-25,L1,landlord,Order,terminated,True,False
LTB-L-071768-25,L1,landlord,Order,other,False,False
LTB-L-071793-25,L1,landlord,Order,terminated,False,False
LTB-L-071800-25,L1,landlord,ExParte Order,other,False,False
LTB-L-072158-25,L1,landlord,Review Order,other,False,False
LTB-L-072357-25,L1,landlord,Review Order,other,False,False
LTB-L-072464-25,L1,landlord,Order,other,False,False
LTB-L-072565-25,L1,landlord,Order,terminated,False,False
LTB-L-072905-25,L1,landlord,Order,terminated,False,False
LTB-L-072967-25,L1,landlord,Order,other,False,False
LTB-L-073089-25,L1,landlord,Order,terminated,False,False
LTB-L-073192-25,L1,landlord,Review Order,other,False,False
LTB-L-073404-25,L1,landlord,Order,terminated_voidable,False,True
LTB-L-073413-25,L1,landlord,Order,other,False,True
LTB-L-073514-25,L1,landlord,Review Order,other,False,False
LTB-L-074005-25,L1,landlord,Order,terminated_voidable,False,True
LTB-L-074092-25,L1,landlord,Amended Order,terminated,True,True
LTB-L-074369-25,L1,landlord,Order,terminated_voidable,False,True
LTB-L-074599-25,L1,landlord,Review Order,other,False,False
LTB-L-074662-25,L1,landlord,Order,terminated_voidable,False,True
LTB-L-074953-25,L1,landlord,Review Order,other,False,False
LTB-L-075026-25,L1,landlord,Order,terminated_voidable,False,True
LTB-L-075190-25,L1,landlord,Review Order,other,False,False
LTB-L-075241-25,L1,landlord,Order,dismissed,False,False
LTB-L-075329-23,L1,landlord,Order,other,False,False
LTB-L-075383-25,L1,landlord,Order,other,False,True
LTB-L-075422-25,L1,landlord,Order,money_only,True,False
LTB-L-075497-25,L1,landlord,Order,terminated_voidable,False,True
LTB-L-075591-25,L1,landlord,Order,terminated,False,False
LTB-L-075730-25,L1,landlord,Order,terminated_voidable,False,True
LTB-L-076000-25,L1,landlord,Order,terminated_voidable,False,True
LTB-L-076167-25,L1,landlord,Review Order,terminated_voidable,False,True
LTB-L-076450-25,L1,landlord,Order,other,False,True
LTB-L-076460-25,L1,landlord,Order,other,False,False
LTB-L-076536-25,L1,landlord,Order,dismissed,False,False
LTB-L-076639-25,L1,landlord,Order,other,False,False
LTB-L-076732-25,L1,landlord,Order,terminated_voidable,False,True
LTB-L-076811-25,L1,landlord,Order,money_only,False,False
LTB-L-077030-25,L1,landlord,Review Order,other,False,False
LTB-L-077299-25,L1,landlord,Order,terminated_voidable,False,True
LTB-L-077307-25,L1,landlord,Amended Order,money_only,True,False
LTB-L-077487-25,L1,landlord,Order,money_only,True,False
LTB-L-077594-25,L1,landlord,Review Order,other,False,False
LTB-L-077664-25,L1,landlord,Order,terminated_voidable,False,True
LTB-L-077766-25,L1,landlord,Order,terminated_voidable,False,True
LTB-L-077790-25,L1,landlord,Order,terminated,False,False
LTB-L-077843-25,L1,landlord,Order,terminated_voidable,False,True
LTB-L-078095-25,L1,landlord,Order,terminated_voidable,False,True
LTB-L-078129-25,L1,landlord,Amended Order,other,False,True
LTB-L-078133-25,L1,landlord,Order,terminated_voidable,False,True
LTB-L-078187-25,L1,landlord,Order,terminated_voidable,False,True
LTB-L-078276-25,L1,landlord,Review Order,other,False,False
LTB-L-078279-25,L1,landlord,Order,dismissed,False,False
LTB-L-078305-25,L1,landlord,Amended Order,terminated_voidable,False,True
LTB-L-078354-25,L1,landlord,Order,terminated_voidable,False,True
LTB-L-078513-25,L1,landlord,Order,terminated_voidable,False,True
LTB-L-078588-25,L1,landlord,Order,terminated,False,False
LTB-L-078664-25,L1,landlord,Order,money_only,True,False
LTB-L-078665-25,L1,landlord,Order,other,False,False
LTB-L-078730-25,L1,landlord,Review Order,other,False,False
LTB-L-078770-25,L1,landlord,Order,terminated_voidable,True,True
LTB-L-078782-25,L1,landlord,Review Order,terminated_voidable,False,True
LTB-L-078821-25,L1,landlord,Order,terminated,True,False
LTB-L-078990-25,L1,landlord,Order,terminated_voidable,False,True
LTB-L-079040-25,L1,landlord,Order,money_only,True,False
LTB-L-079048-25,L1,landlord,Order,terminated,True,False
LTB-L-079169-25,L1,landlord,Order,other,False,False
LTB-L-079178-25,L1,landlord,Order,dismissed,False,False
LTB-L-079202-25,L1,landlord,Review Order,other,False,False
LTB-L-079256-25,L1,landlord,Order,terminated_voidable,False,True
LTB-L-079277-25,L1,landlord,Order,terminated,False,False
LTB-L-079283-25,L1,landlord,Order,terminated_voidable,False,True
LTB-L-079293-25,L1,landlord,Amended Order,money_only,True,False
LTB-L-079357-25,L1,landlord,Order,other,True,False
LTB-L-079357-25,L1,landlord,Review Order,other,True,False
LTB-L-079442-25,L1,landlord,Review Order,other,False,False
LTB-L-079471-25,L1,landlord,Order,terminated_voidable,False,True
LTB-L-079505-25,L1,landlord,Order,terminated,True,True
LTB-L-079605-25,L1,landlord,Review Order,other,True,False
LTB-L-079647-25,L1,landlord,Order,other,False,False
LTB-L-079647-25,L1,landlord,Review Order,other,False,False
LTB-L-080003-25,L1,landlord,Order,money_only,True,False
LTB-L-080086-25,L1,landlord,Order,terminated_voidable,True,True
LTB-L-080162-25,L1,landlord,Order,terminated_voidable,False,True
LTB-L-080293-25,L1,landlord,Amended Order,money_only,True,False
LTB-L-080339-25,L1,landlord,Review Order,terminated_voidable,False,True
LTB-L-080396-25,L1,landlord,Order,money_only,True,False
LTB-L-080401-25,L1,landlord,Review Order,dismissed,False,False
LTB-L-080493-25,L1,landlord,Review Order,other,False,False
LTB-L-080498-25,L1,landlord,Order,money_only,True,False
LTB-L-080596-25,L1,landlord,Review Order,other,False,False
LTB-L-080626-25,L1,landlord,Order,money_only,True,False
LTB-L-080628-25,L1,landlord,Review Order,other,False,False
LTB-L-080711-25,L1,landlord,Order,terminated_voidable,False,True
LTB-L-080718-25,L1,landlord,Review Order,other,False,False
LTB-L-080723-25,L1,landlord,Order,terminated,False,False
LTB-L-080749-25,L1,landlord,Order,terminated_voidable,False,True
LTB-L-080768-25,L1,landlord,Order,terminated_voidable,False,True
LTB-L-080772-25,L1,landlord,Order,terminated_voidable,False,True
LTB-L-080795-25,L1,landlord,Order,terminated,False,False
LTB-L-080846-25,L1,landlord,Order,terminated,True,True
LTB-L-080865-25,L1,landlord,Review Order,other,False,False
LTB-L-080869-25,L1,landlord,Order,terminated_voidable,False,True
LTB-L-080871-25,L1,landlord,Order,terminated_voidable,False,True
LTB-L-080873-25,L1,landlord,Order,terminated_voidable,False,True
LTB-L-080909-25,L1,landlord,Review Order,other,False,False
LTB-L-080909-25,L1,landlord,Order,other,False,False
LTB-L-080981-25,L1,landlord,Review Order,withdrawn,False,False
LTB-L-080984-25,L1,landlord,Order,terminated,False,False
LTB-L-081062-25,L1,landlord,Order,terminated_voidable,False,True
LTB-L-081085-25,L1,landlord,Order,terminated_voidable,False,True
LTB-L-081120-25,L1,landlord,Order,terminated_voidable,False,True
LTB-L-081125-25,L1,landlord,Order,terminated_voidable,False,True
LTB-L-081147-25,L1,landlord,Order,other,False,False
LTB-L-081161-25,L1,landlord,Order,terminated,False,False
LTB-L-081169-25,L1,landlord,Order,terminated_voidable,False,True
LTB-L-081202-25,L1,landlord,Order,terminated_voidable,False,True
LTB-L-081263-25,L1,landlord,Review Order,terminated_voidable,False,True
LTB-L-081270-25,L1,landlord,Order,terminated_voidable,False,True
LTB-L-081302-25,L1,landlord,Order,terminated_voidable,False,True
LTB-L-081329-25,L1,landlord,Review Order,other,False,False
LTB-L-081341-25,L1,landlord,Order,money_only,False,False
LTB-L-081356-25,L1,landlord,Order,terminated_voidable,False,True
LTB-L-081399-25,L1,landlord,Order,terminated_voidable,False,True
LTB-L-081410-25,L1,landlord,Order,terminated_voidable,False,True
LTB-L-081448-25,L1,landlord,Order,terminated_voidable,False,True
LTB-L-081461-25,L1,landlord,Order,terminated_voidable,False,True
LTB-L-081528-25,L1,landlord,Order,money_only,True,False
LTB-L-081554-25,L1,landlord,Order,terminated_voidable,False,True
LTB-L-081563-25,L1,landlord,Order,dismissed,False,False
LTB-L-081597-25,L1,landlord,Order,money_only,False,False
LTB-L-081611-25,L1,landlord,Order,terminated_voidable,False,True
LTB-L-081626-25,L1,landlord,Review Order,terminated_voidable,False,True
LTB-L-081626-25,L1,landlord,Order,terminated_voidable,False,True
LTB-L-081684-24,L1,landlord,Order,money_only,True,False
LTB-L-081716-25,L1,landlord,Order,terminated_voidable,False,True
LTB-L-081722-25,L1,landlord,Order,other,False,False
LTB-L-081737-25,L1,landlord,Order,terminated_voidable,False,True
LTB-L-081738-25,L1,landlord,Order,other,False,False
LTB-L-081759-25,L1,landlord,Order,withdrawn,False,False
LTB-L-081770-25,L1,landlord,Order,other,False,False
LTB-L-081912-25,L1,landlord,Order,terminated_voidable,False,True
LTB-L-081916-25,L1,landlord,Order,terminated_voidable,False,True
LTB-L-081926-25,L1,landlord,Order,terminated_voidable,False,True
LTB-L-081926-25,L1,landlord,Order,terminated_voidable,False,True
LTB-L-081939-25,L1,landlord,Order,dismissed,False,False
LTB-L-081963-25,L1,landlord,Order,money_only,True,False
LTB-L-081967-25,L1,landlord,Order,terminated_voidable,False,True
LTB-L-081968-25,L1,landlord,Order,terminated,False,False
LTB-L-081973-25,L1,landlord,Order,terminated_voidable,True,True
LTB-L-081998-25,L1,landlord,Order,terminated,True,True
LTB-L-082002-25,L1,landlord,Order,terminated_voidable,True,True
LTB-L-082040-25,L1,landlord,Order,money_only,True,False
LTB-L-082184-25,L1,landlord,Order,terminated_voidable,False,True
LTB-L-082192-25,L1,landlord,Order,terminated,False,False
LTB-L-082207-25,L1,landlord,Order,terminated_voidable,False,True
LTB-L-082210-25,L1,landlord,Order,terminated_voidable,True,True
LTB-L-082245-25,L1,landlord,Order,terminated,False,False
LTB-L-082260-25,L1,landlord,Order,terminated_voidable,True,True
LTB-L-082273-25,L1,landlord,Order,terminated,False,False
LTB-L-082342-25,L1,landlord,Order,terminated_voidable,False,True
LTB-L-082390-25,L1,landlord,Order,terminated_voidable,False,True
LTB-L-082462-25,L1,landlord,Order,money_only,True,False
LTB-L-082505-25,L1,landlord,Order,terminated_voidable,False,True
LTB-L-082506-25,L1,landlord,Order,terminated,True,True
LTB-L-082531-23,L1,landlord,Order,terminated,True,False
LTB-L-082601-25,L1,landlord,Order,money_only,True,False
LTB-L-082617-25,L1,landlord,Order,money_only,True,False
LTB-L-082626-25,L1,landlord,Order,terminated_voidable,False,True
LTB-L-082687-25,L1,landlord,Order,terminated_voidable,False,True
LTB-L-082712-25,L1,landlord,Order,terminated_voidable,False,True
LTB-L-082912-25,L1,landlord,Order,terminated_voidable,False,True
LTB-L-082943-25,L1,landlord,Order,terminated_voidable,False,True
LTB-L-082963-25,L1,landlord,Amended Order,money_only,True,False
LTB-L-082976-25,L1,landlord,Order,terminated,False,False
LTB-L-082990-25,L1,landlord,Order,withdrawn,False,False
LTB-L-083030-25,L1,landlord,Order,money_only,True,False
LTB-L-083055-25,L1,landlord,Order,money_only,True,False
LTB-L-083069-25,L1,landlord,Order,terminated_voidable,False,True
LTB-L-083075-25,L1,landlord,Order,terminated_voidable,True,True
LTB-L-083199-25,L1,landlord,Order,terminated_voidable,False,True
LTB-L-083201-25,L1,landlord,Order,terminated_voidable,False,True
LTB-L-083215-25,L1,landlord,Order,other,False,False
LTB-L-083230-25,L1,landlord,Order,dismissed,False,False
LTB-L-083238-25,L1,landlord,Order,terminated_voidable,False,True
LTB-L-083246-25,L1,landlord,ExParte Order,other,False,False
LTB-L-083272-25,L1,landlord,Order,terminated_voidable,True,True
LTB-L-083314-25,L1,landlord,Order,money_only,True,False
LTB-L-083347-25,L1,landlord,Order,terminated,False,False
LTB-L-083379-25,L1,landlord,Order,money_only,True,False
LTB-L-083387-25,L1,landlord,Order,other,False,False
LTB-L-083397-25,L1,landlord,Order,other,False,False
LTB-L-083465-25,L1,landlord,Order,money_only,True,False
LTB-L-083471-25,L1,landlord,ExParte Order,other,False,False
LTB-L-083473-25,L1,landlord,Order,money_only,True,False
LTB-L-083482-25,L1,landlord,Order,other,False,False
LTB-L-083487-25,L1,landlord,Order,money_only,False,False
LTB-L-083514-25,L1,landlord,Order,money_only,True,False
LTB-L-083577-25,L1,landlord,Order,terminated_voidable,False,True
LTB-L-083617-25,L1,landlord,Order,other,False,False
LTB-L-083657-25,L1,landlord,Order,terminated_voidable,False,True
LTB-L-083658-25,L1,landlord,Order,money_only,True,False
LTB-L-083679-25,L1,landlord,Order,other,False,False
LTB-L-083685-25,L1,landlord,Order,terminated,True,True
LTB-L-083702-25,L1,landlord,Order,terminated_voidable,True,True
LTB-L-083712-25,L1,landlord,Order,terminated_voidable,False,True
LTB-L-083719-25,L1,landlord,Order,terminated_voidable,False,True
LTB-L-083750-25,L1,landlord,Order,money_only,False,False
LTB-L-083757-25,L1,landlord,Order,terminated_voidable,False,True
LTB-L-083784-25,L1,landlord,Order,terminated_voidable,True,True
LTB-L-083862-25,L1,landlord,Order,terminated_voidable,False,True
LTB-L-083880-25,L1,landlord,Order,terminated,False,True
LTB-L-083900-25,L1,landlord,Order,terminated_voidable,True,True
LTB-L-083906-25,L1,landlord,Order,terminated_voidable,True,True
LTB-L-083924-25,L1,landlord,Order,other,False,False
LTB-L-083930-25,L1,landlord,Order,terminated,True,True
LTB-L-083964-25,L1,landlord,Order,other,False,False
LTB-L-083968-25,L1,landlord,ExParte Order,other,False,False
LTB-L-083970-25,L1,landlord,Review Order,terminated,False,True
LTB-L-083987-25,L1,landlord,Order,terminated_voidable,False,True
LTB-L-084001-25,L1,landlord,Order,terminated,True,False
LTB-L-084003-25,L1,landlord,Order,terminated_voidable,False,True
LTB-L-084072-25,L1,landlord,Order,dismissed,False,False
LTB-L-084092-25,L1,landlord,Order,money_only,True,False
LTB-L-084162-25,L1,landlord,Order,other,False,False
LTB-L-084170-25,L1,landlord,ExParte Order,other,False,False
LTB-L-084172-25,L1,landlord,Order,money_only,True,False
LTB-L-084173-25,L1,landlord,Order,terminated_voidable,False,True
LTB-L-084174-25,L1,landlord,Order,terminated,True,False
LTB-L-084232-25,L1,landlord,Order,terminated_voidable,False,True
LTB-L-084263-25,L1,landlord,Amended Order,money_only,True,False
LTB-L-084279-25,L1,landlord,Order,terminated,False,False
LTB-L-084285-25,L1,landlord,Order,terminated_voidable,False,True
LTB-L-084287-25,L1,landlord,Order,terminated_voidable,False,True
LTB-L-084310-25,L1,landlord,Order,money_only,False,False
LTB-L-084330-25,L1,landlord,Order,terminated_voidable,False,True
LTB-L-084380-25,L1,landlord,Order,terminated_voidable,False,True
LTB-L-084395-25,L1,landlord,Order,money_only,True,False
LTB-L-084444-25,L1,landlord,Order,money_only,True,False
LTB-L-084480-25,L1,landlord,Order,terminated_voidable,False,True
LTB-L-084510-25,L1,landlord,Order,terminated_voidable,False,True
LTB-L-084513-25,L1,landlord,Order,terminated_voidable,False,True
LTB-L-084531-25,L1,landlord,Order,terminated_voidable,True,True
LTB-L-084559-25,L1,landlord,Order,terminated_voidable,False,True
LTB-L-084612-25,L1,landlord,Order,terminated_voidable,False,True
LTB-L-084625-25,L1,landlord,Order,money_only,True,False
LTB-L-084645-25,L1,landlord,Order,other,False,False
LTB-L-084653-25,L1,landlord,Order,terminated,True,True
LTB-L-084658-25,L1,landlord,Order,terminated_voidable,False,True
LTB-L-084672-25,L1,landlord,Order,terminated_voidable,False,True
LTB-L-084690-25,L1,landlord,Order,terminated_voidable,False,True
LTB-L-084700-25,L1,landlord,Order,terminated_voidable,False,True
LTB-L-084744-25,L1,landlord,Order,money_only,True,False
LTB-L-084767-25,L1,landlord,Order,money_only,True,False
LTB-L-084878-25,L1,landlord,ExParte Order,other,False,False
LTB-L-084885-25,L1,landlord,Order,money_only,True,False
LTB-L-084895-25,L1,landlord,Order,money_only,True,False
LTB-L-084942-25,L1,landlord,Order,terminated,False,False
LTB-L-084951-25,L1,landlord,Order,money_only,True,False
LTB-L-084955-25,L1,landlord,Order,other,False,False
LTB-L-084959-25,L1,landlord,Order,other,False,False
LTB-L-084985-25,L1,landlord,Order,terminated_voidable,False,True
LTB-L-084992-25,L1,landlord,Review Order,dismissed,False,False
LTB-L-085007-25,L1,landlord,Order,terminated_voidable,False,True
LTB-L-085025-25,L1,landlord,Order,terminated_voidable,False,True
LTB-L-085038-25,L1,landlord,Order,money_only,True,False
LTB-L-085054-25,L1,landlord,Order,money_only,True,False
LTB-L-085120-25,L1,landlord,Order,terminated,True,True
LTB-L-085127-25,L1,landlord,Order,money_only,True,False
LTB-L-085149-25,L1,landlord,Order,terminated_voidable,False,True
LTB-L-085157-25,L1,landlord,Order,other,False,False
LTB-L-085178-25,L1,landlord,Order,terminated_voidable,False,True
LTB-L-085189-25,L1,landlord,Order,terminated_voidable,False,True
LTB-L-085201-25,L1,landlord,Order,other,False,False
LTB-L-085211-25,L1,landlord,Order,terminated,False,False
LTB-L-085224-25,L1,landlord,Review Order,other,False,False
LTB-L-085309-25,L1,landlord,Order,terminated,False,False
LTB-L-085313-25,L1,landlord,Order,money_only,True,False
LTB-L-085332-25,L1,landlord,Order,terminated,False,False
LTB-L-085349-25,L1,landlord,Order,terminated,False,False
LTB-L-085355-25,L1,landlord,Order,money_only,True,False
LTB-L-085383-25,L1,landlord,Order,terminated_voidable,False,True
LTB-L-085401-25,L1,landlord,Order,terminated,True,True
LTB-L-085461-25,L1,landlord,Order,terminated_voidable,True,True
LTB-L-085474-25,L1,landlord,Order,terminated,True,True
LTB-L-085488-25,L1,landlord,Order,terminated_voidable,True,True
LTB-L-085510-25,L1,landlord,Order,other,False,False
LTB-L-085515-25,L1,landlord,Order,money_only,True,False
LTB-L-085590-25,L1,landlord,Order,terminated_voidable,False,True
LTB-L-085596-25,L1,landlord,Order,money_only,True,False
LTB-L-085598-25,L1,landlord,Order,terminated_voidable,False,True
LTB-L-085599-25,L1,landlord,Review Order,other,False,False
LTB-L-085611-25,L1,landlord,ExParte Order,other,False,False
LTB-L-085650-25,L1,landlord,Order,terminated,True,False
LTB-L-085664-25,L1,landlord,Order,terminated_voidable,False,True
LTB-L-085671-25,L1,landlord,Order,dismissed,False,False
LTB-L-085753-25,L1,landlord,Order,money_only,True,False
LTB-L-085756-25,L1,landlord,Order,terminated_voidable,False,True
LTB-L-085774-25,L1,landlord,Order,terminated_voidable,False,True
LTB-L-085776-25,L1,landlord,ExParte Order,other,False,False
LTB-L-085790-25,L1,landlord,Order,terminated,False,False
LTB-L-085806-25,L1,landlord,Order,terminated,False,False
LTB-L-085809-25,L1,landlord,Order,money_only,True,False
LTB-L-085826-25,L1,landlord,Order,other,False,False
LTB-L-085827-25,L1,landlord,Order,terminated_voidable,False,True
LTB-L-085828-25,L1,landlord,Order,money_only,True,False
LTB-L-085832-25,L1,landlord,Order,terminated_voidable,False,True
LTB-L-085847-25,L1,landlord,Order,terminated,True,True
LTB-L-085857-25,L1,landlord,ExParte Order,other,False,False
LTB-L-085862-25,L1,landlord,Order,terminated_voidable,True,True
LTB-L-085869-25,L1,landlord,Order,money_only,True,False
LTB-L-085886-25,L1,landlord,Order,other,False,False
LTB-L-085902-25,L1,landlord,Order,other,False,False
LTB-L-085902-25,L1,landlord,Review Order,other,False,False
LTB-L-085903-25,L1,landlord,Order,money_only,False,False
LTB-L-085914-25,L1,landlord,Order,terminated,False,False
LTB-L-085917-25,L1,landlord,Order,terminated,False,False
LTB-L-085930-25,L1,landlord,Review Order,other,True,False
LTB-L-085938-25,L1,landlord,Order,terminated_voidable,False,True
LTB-L-085943-25,L1,landlord,Order,other,False,False
LTB-L-085961-25,L1,landlord,Order,money_only,True,False
LTB-L-085973-25,L1,landlord,Order,terminated,False,False
LTB-L-085987-25,L1,landlord,Order,terminated_voidable,False,True
LTB-L-085988-25,L1,landlord,Order,money_only,False,False
LTB-L-086009-25,L1,landlord,Order,terminated_voidable,False,True
LTB-L-086066-25,L1,landlord,Order,money_only,False,False
LTB-L-086112-25,L1,landlord,Order,terminated_voidable,False,True
LTB-L-086221-25,L1,landlord,Order,terminated_voidable,False,True
LTB-L-086240-25,L1,landlord,Order,money_only,True,False
LTB-L-086251-25,L1,landlord,Order,other,True,False
LTB-L-086275-25,L1,landlord,Amended Order,terminated_voidable,False,True
LTB-L-086336-25,L1,landlord,Order,dismissed,False,False
LTB-L-086370-25,L1,landlord,Order,money_only,True,False
LTB-L-086385-25,L1,landlord,Order,terminated,False,False
LTB-L-086390-25,L1,landlord,Order,terminated,False,False
LTB-L-086403-25,L1,landlord,Order,terminated_voidable,False,True
LTB-L-086425-25,L1,landlord,Order,terminated_voidable,False,True
LTB-L-086454-25,L1,landlord,Order,terminated,True,True
LTB-L-086456-25,L1,landlord,Order,terminated_voidable,False,True
LTB-L-086458-25,L1,landlord,Amended Order,terminated_voidable,False,True
LTB-L-086458-25,L1,landlord,ExParte Order,terminated_voidable,False,True
LTB-L-086478-25,L1,landlord,Amended Order,money_only,True,False
LTB-L-086499-25,L1,landlord,Order,terminated,False,True
LTB-L-086500-25,L1,landlord,Order,terminated,False,False
LTB-L-086515-25,L1,landlord,Order,terminated,False,False
LTB-L-086521-25,L1,landlord,Order,money_only,False,False
LTB-L-086538-25,L1,landlord,Order,terminated,False,False
LTB-L-086573-25,L1,landlord,Review Order,money_only,True,False
LTB-L-086626-25,L1,landlord,Order,other,False,False
LTB-L-086672-25,L1,landlord,Order,money_only,True,False
LTB-L-086684-25,L1,landlord,Order,other,False,False
LTB-L-086727-25,L1,landlord,Order,other,False,False
LTB-L-086754-25,L1,landlord,Order,terminated_voidable,False,True
LTB-L-086760-25,L1,landlord,Order,money_only,True,False
LTB-L-086803-25,L1,landlord,Amended Order,terminated,True,True
LTB-L-086812-25,L1,landlord,Order,money_only,True,True
LTB-L-086815-25,L1,landlord,Order,money_only,True,False
LTB-L-086818-25,L1,landlord,Order,money_only,True,False
LTB-L-086822-25,L1,landlord,Order,terminated_voidable,False,True
LTB-L-086848-25,L1,landlord,Order,money_only,True,False
LTB-L-086864-25,L1,landlord,Order,terminated_voidable,False,True
LTB-L-086874-25,L1,landlord,Order,money_only,True,False
LTB-L-086922-25,L1,landlord,Order,terminated,False,False
LTB-L-086942-25,L1,landlord,Order,terminated_voidable,False,True
LTB-L-086971-25,L1,landlord,Order,terminated_voidable,False,True
LTB-L-086982-25,L1,landlord,Order,other,False,False
LTB-L-086991-25,L1,landlord,Order,terminated_voidable,False,True
LTB-L-086993-25,L1,landlord,Order,terminated_voidable,False,True
LTB-L-087025-25,L1,landlord,Order,money_only,True,False
LTB-L-087031-25,L1,landlord,Order,money_only,False,False
LTB-L-087036-25,L1,landlord,Order,money_only,True,False
LTB-L-087077-25,L1,landlord,Order,money_only,True,False
LTB-L-087080-25,L1,landlord,Order,terminated_voidable,False,True
LTB-L-087087-25,L1,landlord,Order,money_only,True,False
LTB-L-087104-25,L1,landlord,Order,terminated_voidable,False,True
LTB-L-087155-25,L1,landlord,Order,money_only,True,False
LTB-L-087191-25,L1,landlord,Order,money_only,True,False
LTB-L-087200-25,L1,landlord,Order,dismissed,False,False
LTB-L-087201-25,L1,landlord,Order,terminated_voidable,False,True
LTB-L-087206-25,L1,landlord,Order,money_only,True,False
LTB-L-087225-25,L1,landlord,Order,money_only,False,False
LTB-L-087245-25,L1,landlord,Order,terminated_voidable,False,True
LTB-L-087258-25,L1,landlord,Order,terminated,True,False
LTB-L-087288-25,L1,landlord,Order,terminated_voidable,False,True
LTB-L-087369-25,L1,landlord,Order,money_only,True,False
LTB-L-087377-25,L1,landlord,Order,terminated_voidable,False,True
LTB-L-087398-25,L1,landlord,Order,terminated_voidable,False,True
LTB-L-087464-25,L1,landlord,Order,terminated_voidable,False,True
LTB-L-087506-25,L1,landlord,Order,terminated_voidable,False,True
LTB-L-087509-25,L1,landlord,Order,terminated_voidable,False,True
LTB-L-087518-25,L1,landlord,Order,terminated,False,False
LTB-L-087525-25,L1,landlord,Order,money_only,False,False
LTB-L-087535-25,L1,landlord,Order,terminated,False,False
LTB-L-087537-25,L1,landlord,Order,terminated,False,False
LTB-L-087553-25,L1,landlord,Order,terminated_voidable,False,True
LTB-L-087573-25,L1,landlord,Order,terminated,False,False
LTB-L-087578-25,L1,landlord,Order,terminated,False,False
LTB-L-087602-25,L1,landlord,Order,other,False,False
LTB-L-087623-25,L1,landlord,Order,terminated_voidable,False,True
LTB-L-087634-25,L1,landlord,Order,money_only,True,False
LTB-L-087637-25,L1,landlord,Order,terminated_voidable,False,True
LTB-L-087649-25,L1,landlord,Order,money_only,True,False
LTB-L-087655-25,L1,landlord,Order,terminated,False,False
LTB-L-087664-25,L1,landlord,Order,money_only,True,False
LTB-L-087686-25,L1,landlord,Order,terminated_voidable,False,True
LTB-L-087692-25,L1,landlord,Order,money_only,True,False
LTB-L-087699-25,L1,landlord,Order,money_only,True,False
LTB-L-087715-25,L1,landlord,Order,terminated,False,False
LTB-L-087721-25,L1,landlord,Review Order,other,False,False
LTB-L-087730-25,L1,landlord,Order,other,False,False
LTB-L-087739-25,L1,landlord,Order,terminated_voidable,False,True
LTB-L-087761-25,L1,landlord,Order,money_only,True,False
LTB-L-087773-25,L1,landlord,Order,money_only,True,False
LTB-L-087814-25,L1,landlord,Order,terminated,False,False
LTB-L-087818-25,L1,landlord,Order,terminated_voidable,False,True
LTB-L-087852-25,L1,landlord,Order,money_only,False,False
LTB-L-087861-25,L1,landlord,Order,terminated_voidable,False,True
LTB-L-087907-25,L1,landlord,Order,terminated_voidable,False,True
LTB-L-087913-25,L1,landlord,Order,money_only,True,False
LTB-L-087923-25,L1,landlord,Order,dismissed,False,False
LTB-L-087961-23,L1,landlord,Order,terminated,False,False
LTB-L-087969-25,L1,landlord,Order,money_only,True,False
LTB-L-088035-25,L1,landlord,Order,terminated,False,False
LTB-L-088062-25,L1,landlord,Order,terminated,False,False
LTB-L-088073-25,L1,landlord,Order,money_only,True,False
LTB-L-088083-25,L1,landlord,Order,terminated_voidable,False,True
LTB-L-088093-25,L1,landlord,Review Order,other,False,False
LTB-L-088093-25,L1,landlord,Review Order,other,False,False
LTB-L-088098-25,L1,landlord,Order,other,False,False
LTB-L-088104-25,L1,landlord,Order,other,False,False
LTB-L-088222-25,L1,landlord,Order,terminated_voidable,False,True
LTB-L-088233-25,L1,landlord,Order,money_only,True,False
LTB-L-088251-25,L1,landlord,Order,money_only,True,False
LTB-L-088254-25,L1,landlord,Order,terminated_voidable,False,True
LTB-L-088254-25,L1,landlord,Order,terminated_voidable,False,True
LTB-L-088263-25,L1,landlord,Order,money_only,True,False
LTB-L-088264-25,L1,landlord,Order,withdrawn,False,False
LTB-L-088279-25,L1,landlord,Order,terminated_voidable,False,True
LTB-L-088286-25,L1,landlord,Order,terminated_voidable,False,True
LTB-L-088308-25,L1,landlord,Order,terminated,False,False
LTB-L-088317-25,L1,landlord,Order,terminated_voidable,False,True
LTB-L-088391-25,L1,landlord,Order,terminated,False,False
LTB-L-088392-25,L1,landlord,Order,dismissed,False,False
LTB-L-088404-25,L1,landlord,Order,money_only,False,False
LTB-L-088425-25,L1,landlord,Order,other,False,False
LTB-L-088465-25,L1,landlord,Order,terminated_voidable,False,True
LTB-L-088488-25,L1,landlord,Order,terminated,False,False
LTB-L-088495-25,L1,landlord,Order,terminated_voidable,True,True
LTB-L-088497-25,L1,landlord,Order,terminated,False,False
LTB-L-088506-25,L1,landlord,Order,terminated,False,False
LTB-L-088511-25,L1,landlord,Order,terminated,True,True
LTB-L-088515-25,L1,landlord,Order,money_only,True,False
LTB-L-088518-25,L1,landlord,Order,terminated,False,False
LTB-L-088554-25,L1,landlord,Order,other,False,False
LTB-L-088655-25,L1,landlord,Review Order,other,False,False
LTB-L-088664-25,L1,landlord,Order,terminated_voidable,False,True
LTB-L-088710-25,L1,landlord,Order,terminated,True,False
LTB-L-088733-25,L1,landlord,ExParte Order,withdrawn,False,False
LTB-L-088740-25,L1,landlord,Order,money_only,True,False
LTB-L-088812-25,L1,landlord,Order,terminated_voidable,False,True
LTB-L-088841-25,L1,landlord,Order,terminated,False,False
LTB-L-088847-25,L1,landlord,Order,money_only,False,False
LTB-L-088883-25,L1,landlord,Order,terminated_voidable,False,True
LTB-L-088947-23,L1,landlord,Order,other,False,False
LTB-L-088947-25,L1,landlord,Order,terminated,True,True
LTB-L-088959-25,L1,landlord,Order,money_only,True,False
LTB-L-088976-25,L1,landlord,Order,terminated_voidable,False,True
LTB-L-088997-25,L1,landlord,Order,terminated_voidable,False,True
LTB-L-089000-25,L1,landlord,Order,remedy_ordered,False,False
LTB-L-089042-25,L1,landlord,Order,other,False,False
LTB-L-089060-25,L1,landlord,Order,terminated,False,False
LTB-L-089071-25,L1,landlord,Order,terminated_voidable,True,True
LTB-L-089167-25,L1,landlord,Order,other,False,False
LTB-L-089216-25,L1,landlord,Order,terminated_voidable,False,True
LTB-L-089217-25,L1,landlord,Order,terminated,False,False
LTB-L-089220-25,L1,landlord,Order,terminated_voidable,False,True
LTB-L-089260-25,L1,landlord,Order,other,False,False
LTB-L-089269-25,L1,landlord,Order,terminated,True,True
LTB-L-089296-25,L1,landlord,Order,terminated,True,True
LTB-L-089299-25,L1,landlord,Order,terminated_voidable,False,True
LTB-L-089325-25,L1,landlord,Order,terminated_voidable,False,True
LTB-L-089355-25,L1,landlord,Order,terminated_voidable,False,True
LTB-L-089383-25,L1,landlord,Order,other,False,False
LTB-L-089398-25,L1,landlord,Order,money_only,True,False
LTB-L-089407-25,L1,landlord,Order,terminated_voidable,False,True
LTB-L-089429-25,L1,landlord,Order,terminated,True,True
LTB-L-089510-25,L1,landlord,Order,terminated,False,False
LTB-L-089549-25,L1,landlord,Order,money_only,True,False
LTB-L-089550-25,L1,landlord,Order,terminated_voidable,False,True
LTB-L-089573-25,L1,landlord,Order,dismissed,False,False
LTB-L-089603-25,L1,landlord,Order,terminated_voidable,False,True
LTB-L-089606-25,L1,landlord,ExParte Order,other,False,False
LTB-L-089636-25,L1,landlord,Order,terminated_voidable,False,True
LTB-L-089642-25,L1,landlord,Order,terminated,False,False
LTB-L-089643-25,L1,landlord,Order,dismissed,False,False
LTB-L-089644-25,L1,landlord,Order,dismissed,False,False
LTB-L-089659-25,L1,landlord,Order,other,False,False
LTB-L-089666-25,L1,landlord,Order,terminated_voidable,False,True
LTB-L-089747-25,L1,landlord,Order,terminated_voidable,False,True
LTB-L-089763-25,L1,landlord,Order,withdrawn,False,False
LTB-L-089786-25,L1,landlord,Order,terminated_voidable,False,True
LTB-L-089814-25,L1,landlord,Order,money_only,False,False
LTB-L-089817-25,L1,landlord,Order,terminated_voidable,False,True
LTB-L-089822-25,L1,landlord,Order,terminated,False,False
LTB-L-089834-25,L1,landlord,Order,terminated_voidable,False,True
LTB-L-089847-25,L1,landlord,Order,terminated_voidable,False,True
LTB-L-089865-25,L1,landlord,Order,terminated,True,True
LTB-L-089870-25,L1,landlord,Order,money_only,True,False
LTB-L-089897-25,L1,landlord,Order,terminated_voidable,False,True
LTB-L-089898-24,L1,landlord,Order,terminated_voidable,False,True
LTB-L-089906-25,L1,landlord,Order,money_only,True,False
LTB-L-089907-25,L1,landlord,Order,money_only,True,False
LTB-L-089951-25,L1,landlord,Order,other,False,False
LTB-L-089956-25,L1,landlord,Order,dismissed,False,False
LTB-L-089972-25,L1,landlord,Order,money_only,True,False
LTB-L-089979-25,L1,landlord,Order,money_only,False,False
LTB-L-090015-25,L1,landlord,Order,terminated_voidable,False,True
LTB-L-090040-25,L1,landlord,Order,dismissed,False,False
LTB-L-090045-25,L1,landlord,Order,money_only,False,False
LTB-L-090105-25,L1,landlord,Order,terminated,True,False
LTB-L-090110-25,L1,landlord,Order,other,False,False
LTB-L-090114-25,L1,landlord,Order,other,False,False
LTB-L-090123-25,L1,landlord,Review Order,dismissed,False,False
LTB-L-090123-25,L1,landlord,Order,dismissed,False,False
LTB-L-090128-25,L1,landlord,Order,terminated,False,False
LTB-L-090228-25,L1,landlord,Order,terminated_voidable,False,True
LTB-L-090236-25,L1,landlord,Order,terminated,True,False
LTB-L-090247-25,L1,landlord,Order,terminated_voidable,False,True
LTB-L-090299-25,L1,landlord,Order,terminated_voidable,False,True
LTB-L-090300-25,L1,landlord,Order,money_only,True,False
LTB-L-090311-25,L1,landlord,Order,terminated_voidable,False,True
LTB-L-090328-25,L1,landlord,Order,terminated_voidable,True,True
LTB-L-090358-25,L1,landlord,Order,terminated_voidable,False,True
LTB-L-090388-25,L1,landlord,Order,terminated,True,False
LTB-L-090394-25,L1,landlord,ExParte Order,other,False,False
LTB-L-090396-25,L1,landlord,Order,money_only,True,False
LTB-L-090426-25,L1,landlord,Order,terminated_voidable,False,True
LTB-L-090427-25,L1,landlord,Order,terminated_voidable,False,True
LTB-L-090450-25,L1,landlord,Order,terminated_voidable,False,True
LTB-L-090469-25,L1,landlord,Order,terminated_voidable,False,True
LTB-L-090503-25,L1,landlord,Order,terminated,False,False
LTB-L-090515-25,L1,landlord,Amended Order,money_only,True,False
LTB-L-090574-25,L1,landlord,Order,terminated_voidable,False,True
LTB-L-090578-25,L1,landlord,Order,terminated_voidable,False,True
LTB-L-090602-25,L1,landlord,Order,terminated_voidable,False,True
LTB-L-090618-25,L1,landlord,Order,terminated,False,True
LTB-L-090635-25,L1,landlord,Order,other,False,False
LTB-L-090660-25,L1,landlord,Order,terminated_voidable,False,True
LTB-L-090683-25,L1,landlord,Order,terminated_voidable,True,True
LTB-L-090687-25,L1,landlord,Order,terminated_voidable,True,True
LTB-L-090705-25,L1,landlord,Order,terminated_voidable,False,True
LTB-L-090706-25,L1,landlord,Order,money_only,True,False
LTB-L-090743-25,L1,landlord,Order,dismissed,False,False
LTB-L-090752-25,L1,landlord,Order,money_only,True,False
LTB-L-090774-25,L1,landlord,Order,terminated_voidable,False,True
LTB-L-090801-25,L1,landlord,Order,other,False,False
LTB-L-090807-25,L1,landlord,Order,other,False,False
LTB-L-090830-25,L1,landlord,Order,terminated_voidable,False,True
LTB-L-090909-25,L1,landlord,Order,terminated_voidable,False,True
LTB-L-090943-25,L1,landlord,Order,other,False,False
LTB-L-090960-25,L1,landlord,Review Order,other,False,False
LTB-L-091015-25,L1,landlord,Order,terminated_voidable,True,True
LTB-L-091047-25,L1,landlord,Order,terminated_voidable,True,True
LTB-L-091064-25,L1,landlord,Order,money_only,True,False
LTB-L-091067-25,L1,landlord,Order,terminated,False,False
LTB-L-091070-25,L1,landlord,Order,remedy_ordered,True,False
LTB-L-091077-25,L1,landlord,Order,terminated,True,True
LTB-L-091105-25,L1,landlord,Order,terminated,True,True
LTB-L-091108-25,L1,landlord,Order,terminated,False,False
LTB-L-091120-25,L1,landlord,Order,other,False,False
LTB-L-091133-25,L1,landlord,Review Order,dismissed,False,False
LTB-L-091166-25,L1,landlord,Order,terminated_voidable,False,True
LTB-L-091191-25,L1,landlord,ExParte Order,other,False,False
LTB-L-091227-25,L1,landlord,Order,terminated_voidable,False,True
LTB-L-091240-25,L1,landlord,Order,terminated_voidable,True,True
LTB-L-091273-25,L1,landlord,Order,terminated_voidable,False,True
LTB-L-091369-25,L1,landlord,Order,other,False,False
LTB-L-091389-25,L1,landlord,Order,terminated_voidable,False,True
LTB-L-091398-25,L1,landlord,Order,other,False,False
LTB-L-091408-25,L1,landlord,Order,other,False,False
LTB-L-091434-25,L1,landlord,Order,terminated,True,True
LTB-L-091438-25,L1,landlord,Order,other,False,False
LTB-L-091448-25,L1,landlord,Order,terminated_voidable,False,True
LTB-L-091476-25,L1,landlord,Order,terminated_voidable,True,True
LTB-L-091478-25,L1,landlord,Order,money_only,True,False
LTB-L-091489-25,L1,landlord,Order,terminated_voidable,False,True
LTB-L-091492-25,L1,landlord,Order,money_only,False,False
LTB-L-091518-25,L1,landlord,Order,terminated_voidable,False,True
LTB-L-091533-25,L1,landlord,Order,other,False,False
LTB-L-091560-25,L1,landlord,Order,terminated_voidable,False,True
LTB-L-091561-25,L1,landlord,Order,terminated_voidable,True,True
LTB-L-091598-25,L1,landlord,Order,terminated_voidable,False,True
LTB-L-091600-25,L1,landlord,Order,money_only,False,False
LTB-L-091608-25,L1,landlord,Order,terminated_voidable,False,True
LTB-L-091632-25,L1,landlord,Order,terminated_voidable,False,True
LTB-L-091640-25,L1,landlord,Order,money_only,False,False
LTB-L-091683-25,L1,landlord,Order,terminated_voidable,False,True
LTB-L-091684-25,L1,landlord,Order,money_only,True,False
LTB-L-091689-25,L1,landlord,Order,other,False,False
LTB-L-091729-25,L1,landlord,Review Order,other,False,False
LTB-L-091759-25,L1,landlord,Order,terminated,False,False
LTB-L-091763-25,L1,landlord,Order,terminated_voidable,False,True
LTB-L-091784-25,L1,landlord,Order,terminated_voidable,False,True
LTB-L-091797-25,L1,landlord,Order,money_only,True,False
LTB-L-091835-25,L1,landlord,Order,money_only,True,False
LTB-L-091838-25,L1,landlord,Order,money_only,True,False
LTB-L-091846-25,L1,landlord,Order,terminated_voidable,False,True
LTB-L-091851-25,L1,landlord,Order,terminated_voidable,False,True
LTB-L-091936-25,L1,landlord,Order,money_only,True,False
LTB-L-091937-25,L1,landlord,Order,terminated_voidable,True,True
LTB-L-091951-25,L1,landlord,ExParte Order,other,False,False
LTB-L-091955-25,L1,landlord,Order,terminated_voidable,False,True
LTB-L-091964-25,L1,landlord,Order,other,False,False
LTB-L-091983-25,L1,landlord,Order,dismissed,False,False
LTB-L-092030-25,L1,landlord,Order,money_only,False,False
LTB-L-092084-25,L1,landlord,Review Order,other,False,False
LTB-L-092168-23,L1,landlord,Order,remedy_ordered,False,False
LTB-L-092211-25,L1,landlord,Order,terminated,True,True
LTB-L-092241-25,L1,landlord,Order,other,False,False
LTB-L-092262-25,L1,landlord,Order,money_only,False,False
LTB-L-092329-25,L1,landlord,Order,other,False,False
LTB-L-092355-24,L1,landlord,Review Order,other,False,False
LTB-L-092370-25,L1,landlord,Order,dismissed,False,False
LTB-L-092398-25,L1,landlord,Order,other,False,False
LTB-L-092400-25,L1,landlord,Order,terminated_voidable,False,True
LTB-L-092432-25,L1,landlord,Order,dismissed,False,False
LTB-L-092466-25,L1,landlord,ExParte Order,other,False,False
LTB-L-092467-25,L1,landlord,Order,terminated,False,False
LTB-L-092508-25,L1,landlord,Order,terminated,True,True
LTB-L-092533-25,L1,landlord,ExParte Order,other,False,False
LTB-L-092548-25,L1,landlord,Order,terminated,False,False
LTB-L-092640-24,L1,landlord,Order,terminated,False,False
LTB-L-092667-25,L1,landlord,Order,terminated_voidable,False,True
LTB-L-092672-25,L1,landlord,Order,terminated_voidable,True,True
LTB-L-092731-25,L1,landlord,Order,money_only,True,False
LTB-L-092743-25,L1,landlord,Order,money_only,True,False
LTB-L-092744-25,L1,landlord,Order,terminated_voidable,False,True
LTB-L-092749-25,L1,landlord,Order,other,False,False
LTB-L-092772-25,L1,landlord,ExParte Order,other,False,False
LTB-L-092791-25,L1,landlord,ExParte Order,other,False,False
LTB-L-092795-25,L1,landlord,Order,other,False,False
LTB-L-092800-25,L1,landlord,Order,terminated_voidable,False,True
LTB-L-092858-25,L1,landlord,Order,other,False,False
LTB-L-092883-25,L1,landlord,Order,terminated_voidable,False,True
LTB-L-092909-25,L1,landlord,ExParte Order,other,False,False
LTB-L-092919-25,L1,landlord,Order,dismissed,False,False
LTB-L-092962-25,L1,landlord,Order,terminated_voidable,False,True
LTB-L-092984-25,L1,landlord,Order,money_only,False,False
LTB-L-092990-23,L1,landlord,ExParte Order,withdrawn,False,False
LTB-L-093046-25,L1,landlord,Order,terminated_voidable,False,True
LTB-L-093095-25,L1,landlord,Order,money_only,True,False
LTB-L-093119-25,L1,landlord,Order,terminated_voidable,False,True
LTB-L-093122-25,L1,landlord,Order,money_only,True,False
LTB-L-093125-25,L1,landlord,ExParte Order,other,False,False
LTB-L-093138-25,L1,landlord,Order,terminated,False,False
LTB-L-093143-25,L1,landlord,Order,terminated_voidable,False,True
LTB-L-093198-25,L1,landlord,Order,terminated_voidable,False,True
LTB-L-093205-25,L1,landlord,Review Order,terminated,False,True
LTB-L-093220-25,L1,landlord,Order,other,False,False
LTB-L-093225-25,L1,landlord,ExParte Order,other,False,False
LTB-L-093227-25,L1,landlord,ExParte Order,terminated_voidable,False,True
LTB-L-093227-25,L1,landlord,Order,terminated_voidable,False,True
LTB-L-093231-25,L1,landlord,Order,terminated_voidable,False,True
LTB-L-093242-25,L1,landlord,Order,terminated_voidable,False,True
LTB-L-093246-25,L1,landlord,Order,terminated_voidable,False,True
LTB-L-093256-25,L1,landlord,ExParte Order,other,False,False
LTB-L-093260-25,L1,landlord,Order,terminated_voidable,False,True
LTB-L-093264-25,L1,landlord,Review Order,terminated_voidable,False,True
LTB-L-093277-25,L1,landlord,Order,terminated_voidable,False,True
LTB-L-093280-25,L1,landlord,Order,money_only,True,False
LTB-L-093282-25,L1,landlord,ExParte Order,other,False,False
LTB-L-093296-25,L1,landlord,Order,other,True,False
LTB-L-093314-25,L1,landlord,Order,other,False,False
LTB-L-093316-25,L1,landlord,Order,terminated_voidable,False,True
LTB-L-093328-25,L1,landlord,Order,terminated,False,False
LTB-L-093334-25,L1,landlord,ExParte Order,other,False,False
LTB-L-093340-25,L1,landlord,Order,money_only,True,False
LTB-L-093351-25,L1,landlord,Order,dismissed,False,False
LTB-L-093352-25,L1,landlord,Order,money_only,False,False
LTB-L-093357-25,L1,landlord,Order,terminated_voidable,False,True
LTB-L-093361-25,L1,landlord,Order,other,False,False
LTB-L-093362-25,L1,landlord,Order,money_only,True,False
LTB-L-093374-25,L1,landlord,Order,money_only,False,False
LTB-L-093376-25,L1,landlord,ExParte Order,other,False,False
LTB-L-093387-25,L1,landlord,Order,terminated_voidable,False,True
LTB-L-093395-25,L1,landlord,Review Order,money_only,True,False
LTB-L-093411-25,L1,landlord,ExParte Order,other,False,False
LTB-L-093416-25,L1,landlord,Order,terminated_voidable,True,True
LTB-L-093465-25,L1,landlord,Order,money_only,True,False
LTB-L-093468-25,L1,landlord,Order,terminated_voidable,True,True
LTB-L-093481-25,L1,landlord,Order,terminated_voidable,False,True
LTB-L-093500-25,L1,landlord,Order,dismissed,False,False
LTB-L-093517-25,L1,landlord,Order,other,False,False
LTB-L-093520-25,L1,landlord,Review Order,other,False,False
LTB-L-093527-25,L1,landlord,Order,terminated,True,True
LTB-L-093540-25,L1,landlord,Order,terminated_voidable,True,True
LTB-L-093545-25,L1,landlord,Order,money_only,False,False
LTB-L-093552-25,L1,landlord,Order,terminated_voidable,False,True
LTB-L-093588-25,L1,landlord,Order,terminated_voidable,False,True
LTB-L-093625-25,L1,landlord,Order,terminated_voidable,False,True
LTB-L-093630-25,L1,landlord,Order,terminated_voidable,False,True
LTB-L-093635-25,L1,landlord,Order,money_only,False,False
LTB-L-093638-25,L1,landlord,Order,terminated_voidable,True,True
LTB-L-093641-25,L1,landlord,Order,other,False,False
LTB-L-093702-25,L1,landlord,Order,terminated_voidable,False,True
LTB-L-093703-25,L1,landlord,Order,dismissed,False,False
LTB-L-093719-25,L1,landlord,Order,terminated_voidable,False,True
LTB-L-093735-25,L1,landlord,Order,money_only,False,False
LTB-L-093752-25,L1,landlord,Order,money_only,False,False
LTB-L-093772-25,L1,landlord,Order,terminated_voidable,False,True
LTB-L-093789-25,L1,landlord,Order,terminated_voidable,False,True
LTB-L-093792-25,L1,landlord,ExParte Order,other,False,False
LTB-L-093808-25,L1,landlord,Order,terminated_voidable,True,True
LTB-L-093809-25,L1,landlord,Order,money_only,False,False
LTB-L-093842-25,L1,landlord,Order,terminated_voidable,False,True
LTB-L-093853-25,L1,landlord,Order,other,False,False
LTB-L-093869-25,L1,landlord,Order,terminated,False,False
LTB-L-093910-25,L1,landlord,Order,terminated,False,False
LTB-L-093934-25,L1,landlord,Order,terminated_voidable,False,True
LTB-L-093959-25,L1,landlord,Order,terminated_voidable,False,True
LTB-L-093968-25,L1,landlord,Order,terminated_voidable,False,True
LTB-L-093977-25,L1,landlord,Order,terminated_voidable,True,True
LTB-L-093990-25,L1,landlord,Order,terminated_voidable,False,True
LTB-L-093993-25,L1,landlord,Review Order,other,False,False
LTB-L-094000-25,L1,landlord,Order,terminated_voidable,False,True
LTB-L-094012-25,L1,landlord,Review Order,other,False,False
LTB-L-094024-25,L1,landlord,ExParte Order,other,False,False
LTB-L-094031-25,L1,landlord,Order,other,False,False
LTB-L-094037-25,L1,landlord,Order,terminated,False,False
LTB-L-094041-25,L1,landlord,Order,other,False,False
LTB-L-094045-25,L1,landlord,Order,other,False,False
LTB-L-094055-25,L1,landlord,Order,money_only,True,False
LTB-L-094056-25,L1,landlord,Order,other,False,False
LTB-L-094114-25,L1,landlord,Order,terminated_voidable,False,True
LTB-L-094123-25,L1,landlord,Order,terminated_voidable,False,True
LTB-L-094124-25,L1,landlord,Order,terminated_voidable,True,True
LTB-L-094130-25,L1,landlord,Order,money_only,False,False
LTB-L-094144-25,L1,landlord,Order,money_only,True,False
LTB-L-094169-25,L1,landlord,Order,money_only,False,False
LTB-L-094173-25,L1,landlord,Order,terminated_voidable,False,True
LTB-L-094177-25,L1,landlord,Order,other,False,False
LTB-L-094183-25,L1,landlord,Order,terminated_voidable,True,True
LTB-L-094186-25,L1,landlord,Order,terminated_voidable,False,True
LTB-L-094216-25,L1,landlord,Review Order,other,False,False
LTB-L-094223-25,L1,landlord,Order,other,False,False
LTB-L-094255-25,L1,landlord,Order,terminated_voidable,False,True
LTB-L-094288-25,L1,landlord,Order,terminated_voidable,False,True
LTB-L-094289-25,L1,landlord,Order,terminated_voidable,False,True
LTB-L-094296-25,L1,landlord,Order,terminated_voidable,False,True
LTB-L-094313-25,L1,landlord,Order,terminated_voidable,False,True
LTB-L-094327-25,L1,landlord,ExParte Order,other,False,False
LTB-L-094328-25,L1,landlord,Order,terminated_voidable,False,True
LTB-L-094340-25,L1,landlord,Order,dismissed,False,False
LTB-L-094350-25,L1,landlord,Order,other,False,False
LTB-L-094351-25,L1,landlord,Order,terminated_voidable,False,True
LTB-L-094374-25,L1,landlord,Order,terminated_voidable,False,True
LTB-L-094376-25,L1,landlord,Order,other,False,False
LTB-L-094396-25,L1,landlord,Order,terminated_voidable,True,True
LTB-L-094398-25,L1,landlord,Order,other,False,False
LTB-L-094404-25,L1,landlord,Review Order,other,False,False
LTB-L-094410-25,L1,landlord,Order,terminated_voidable,True,True
LTB-L-094456-25,L1,landlord,Order,terminated_voidable,False,True
LTB-L-094457-25,L1,landlord,Order,terminated_voidable,False,True
LTB-L-094461-25,L1,landlord,Order,other,False,False
LTB-L-094465-25,L1,landlord,Order,other,False,False
LTB-L-094490-25,L1,landlord,Order,terminated_voidable,False,True
LTB-L-094527-25,L1,landlord,Order,terminated_voidable,False,True
LTB-L-094533-25,L1,landlord,Order,other,False,False
LTB-L-094556-25,L1,landlord,Order,money_only,False,False
LTB-L-094557-25,L1,landlord,Order,terminated_voidable,False,True
LTB-L-094590-25,L1,landlord,Order,terminated_voidable,True,True
LTB-L-094593-25,L1,landlord,Order,terminated_voidable,True,True
LTB-L-094594-25,L1,landlord,Order,terminated_voidable,True,True
LTB-L-094667-25,L1,landlord,Order,money_only,True,False
LTB-L-094699-25,L1,landlord,Order,other,False,False
LTB-L-094708-25,L1,landlord,ExParte Order,other,False,False
LTB-L-094745-25,L1,landlord,Order,money_only,True,False
LTB-L-094754-25,L1,landlord,ExParte Order,other,False,False
LTB-L-094781-25,L1,landlord,Order,terminated_voidable,False,True
LTB-L-094785-25,L1,landlord,Order,other,False,False
LTB-L-094791-25,L1,landlord,Order,money_only,False,False
LTB-L-094810-25,L1,landlord,Order,terminated_voidable,False,True
LTB-L-094824-24,L1,landlord,Review Order,other,False,False
LTB-L-094842-25,L1,landlord,Order,other,False,False
LTB-L-094844-25,L1,landlord,ExParte Order,other,False,False
LTB-L-094869-25,L1,landlord,Order,money_only,True,False
LTB-L-094874-25,L1,landlord,Order,money_only,True,False
LTB-L-094876-25,L1,landlord,Order,terminated_voidable,False,True
LTB-L-094879-25,L1,landlord,Order,terminated_voidable,False,True
LTB-L-094918-25,L1,landlord,Order,terminated_voidable,False,True
LTB-L-094921-25,L1,landlord,ExParte Order,other,False,False
LTB-L-094924-25,L1,landlord,ExParte Order,other,False,False
LTB-L-094927-25,L1,landlord,ExParte Order,other,False,False
LTB-L-094936-25,L1,landlord,ExParte Order,other,False,False
LTB-L-094945-25,L1,landlord,Order,money_only,False,False
LTB-L-094949-25,L1,landlord,Order,terminated_voidable,False,True
LTB-L-094961-25,L1,landlord,Order,dismissed,False,False
LTB-L-094974-25,L1,landlord,Order,other,False,False
LTB-L-094993-25,L1,landlord,Order,other,False,False
LTB-L-094994-25,L1,landlord,Order,dismissed,False,False
LTB-L-095011-25,L1,landlord,Order,terminated_voidable,False,True
LTB-L-095029-25,L1,landlord,Order,terminated,False,False
LTB-L-095038-25,L1,landlord,Order,terminated_voidable,False,True
LTB-L-095078-25,L1,landlord,Order,money_only,True,False
LTB-L-095135-25,L1,landlord,Order,money_only,True,False
LTB-L-095154-25,L1,landlord,Order,other,False,False
LTB-L-095172-25,L1,landlord,ExParte Order,other,False,False
LTB-L-095193-25,L1,landlord,Order,terminated_voidable,False,True
LTB-L-095219-25,L1,landlord,Order,terminated_voidable,False,True
LTB-L-095273-25,L1,landlord,Order,terminated_voidable,True,True
LTB-L-095296-25,L1,landlord,Order,terminated_voidable,True,True
LTB-L-095313-25,L1,landlord,Order,other,False,False
LTB-L-095317-25,L1,landlord,Order,money_only,True,False
LTB-L-095324-25,L1,landlord,Order,terminated_voidable,False,True
LTB-L-095328-25,L1,landlord,Order,terminated,False,False
LTB-L-095345-25,L1,landlord,Order,terminated_voidable,False,True
LTB-L-095364-25,L1,landlord,Order,money_only,True,False
LTB-L-095369-25,L1,landlord,Order,money_only,True,False
LTB-L-095392-25,L1,landlord,Review Order,other,False,False
LTB-L-095408-25,L1,landlord,Order,terminated,False,False
LTB-L-095435-25,L1,landlord,Order,terminated,True,True
LTB-L-095441-25,L1,landlord,Order,money_only,True,False
LTB-L-095457-25,L1,landlord,Order,money_only,True,False
LTB-L-095466-25,L1,landlord,Order,terminated,True,True
LTB-L-095469-25,L1,landlord,Order,terminated_voidable,False,True
LTB-L-095495-25,L1,landlord,Order,terminated_voidable,False,True
LTB-L-095505-25,L1,landlord,Order,money_only,True,False
LTB-L-095536-25,L1,landlord,Order,terminated_voidable,False,True
LTB-L-095539-25,L1,landlord,Order,terminated_voidable,False,True
LTB-L-095555-24,L1,landlord,Review Order,money_only,False,False
LTB-L-095561-25,L1,landlord,Order,terminated_voidable,False,True
LTB-L-095565-25,L1,landlord,Order,terminated_voidable,False,True
LTB-L-095606-25,L1,landlord,Order,terminated_voidable,False,True
LTB-L-095613-25,L1,landlord,Review Order,other,False,False
LTB-L-095620-25,L1,landlord,Order,money_only,True,False
LTB-L-095639-25,L1,landlord,Review Order,other,False,False
LTB-L-095652-25,L1,landlord,Order,money_only,True,False
LTB-L-095658-25,L1,landlord,Order,terminated,True,False
LTB-L-095672-25,L1,landlord,Order,terminated_voidable,False,True
LTB-L-095679-25,L1,landlord,Order,money_only,False,False
LTB-L-095692-25,L1,landlord,Order,terminated_voidable,False,True
LTB-L-095703-25,L1,landlord,Order,terminated_voidable,False,True
LTB-L-095711-25,L1,landlord,Order,terminated_voidable,False,True
LTB-L-095714-25,L1,landlord,Order,other,False,False
LTB-L-095722-25,L1,landlord,Order,terminated_voidable,False,True
LTB-L-095728-25,L1,landlord,Order,other,False,False
LTB-L-095768-25,L1,landlord,Order,terminated_voidable,False,True
LTB-L-095790-25,L1,landlord,Order,terminated_voidable,False,True
LTB-L-095835-25,L1,landlord,Order,terminated_voidable,False,True
LTB-L-095839-25,L1,landlord,Order,terminated_voidable,False,True
LTB-L-095847-25,L1,landlord,Order,terminated,True,True
LTB-L-095875-25,L1,landlord,Order,terminated_voidable,False,True
LTB-L-095884-25,L1,landlord,Order,terminated_voidable,False,True
LTB-L-095891-25,L1,landlord,ExParte Order,other,False,False
LTB-L-095981-25,L1,landlord,Order,terminated_voidable,False,True
LTB-L-095989-25,L1,landlord,Order,terminated_voidable,False,True
LTB-L-095993-25,L1,landlord,Order,terminated_voidable,True,True
LTB-L-096042-25,L1,landlord,Order,money_only,True,False
LTB-L-096059-25,L1,landlord,Order,other,False,False
LTB-L-096062-25,L1,landlord,Order,other,False,False
LTB-L-096063-25,L1,landlord,Order,other,False,False
LTB-L-096064-25,L1,landlord,Order,money_only,True,False
LTB-L-096085-25,L1,landlord,Order,terminated_voidable,False,True
LTB-L-096096-25,L1,landlord,ExParte Order,other,False,False
LTB-L-096168-25,L1,landlord,Order,terminated_voidable,False,True
LTB-L-096170-25,L1,landlord,Order,dismissed,False,False
LTB-L-096211-25,L1,landlord,Order,terminated_voidable,False,True
LTB-L-096255-25,L1,landlord,Order,money_only,False,False
LTB-L-096264-25,L1,landlord,Order,terminated_voidable,True,True
LTB-L-096289-25,L1,landlord,Order,terminated,False,False
LTB-L-096300-25,L1,landlord,Order,money_only,True,False
LTB-L-096343-25,L1,landlord,ExParte Order,other,False,False
LTB-L-096350-25,L1,landlord,Order,money_only,True,False
LTB-L-096359-25,L1,landlord,Order,terminated_voidable,False,True
LTB-L-096375-25,L1,landlord,Order,money_only,True,False
LTB-L-096385-25,L1,landlord,Order,terminated_voidable,False,True
LTB-L-096397-25,L1,landlord,ExParte Order,other,False,False
LTB-L-096433-25,L1,landlord,Order,other,False,False
LTB-L-096466-25,L1,landlord,Order,dismissed,False,False
LTB-L-096477-25,L1,landlord,Order,money_only,True,False
LTB-L-096479-25,L1,landlord,Order,other,False,False
LTB-L-096484-25,L1,landlord,Order,other,False,False
LTB-L-096493-25,L1,landlord,Order,terminated,False,False
LTB-L-096519-25,L1,landlord,Order,terminated_voidable,False,True
LTB-L-096520-25,L1,landlord,Order,terminated,False,True
LTB-L-096558-25,L1,landlord,Review Order,withdrawn,False,False
LTB-L-096560-25,L1,landlord,Order,money_only,True,False
LTB-L-096572-25,L1,landlord,Order,terminated_voidable,True,True
LTB-L-096611-25,L1,landlord,Order,terminated_voidable,False,True
LTB-L-096617-25,L1,landlord,Amended Order,terminated,False,False
LTB-L-096627-25,L1,landlord,Order,other,False,False
LTB-L-096628-25,L1,landlord,Order,terminated_voidable,False,True
LTB-L-096652-25,L1,landlord,ExParte Order,other,False,False
LTB-L-096676-25,L1,landlord,Order,terminated_voidable,False,True
LTB-L-096733-25,L1,landlord,Order,other,False,False
LTB-L-096837-25,L1,landlord,Order,other,False,False
LTB-L-096885-25,L1,landlord,Order,other,False,False
LTB-L-096889-25,L1,landlord,Order,terminated,False,False
LTB-L-096906-25,L1,landlord,Order,terminated_voidable,False,True
LTB-L-096907-25,L1,landlord,Order,terminated_voidable,False,True
LTB-L-096913-25,L1,landlord,Order,terminated_voidable,True,True
LTB-L-096928-25,L1,landlord,Order,terminated_voidable,True,True
LTB-L-097036-25,L1,landlord,Review Order,other,False,False
LTB-L-097046-25,L1,landlord,Order,other,False,True
LTB-L-097053-25,L1,landlord,Order,terminated_voidable,False,True
LTB-L-097079-25,L1,landlord,Order,dismissed,False,False
LTB-L-097100-25,L1,landlord,Order,other,False,False
LTB-L-097105-25,L1,landlord,ExParte Order,other,False,False
LTB-L-097117-25,L1,landlord,Order,money_only,False,False
LTB-L-097169-25,L1,landlord,Order,terminated_voidable,False,True
LTB-L-097176-25,L1,landlord,Order,terminated_voidable,True,True
LTB-L-097180-25,L1,landlord,Order,terminated_voidable,False,True
LTB-L-097210-25,L1,landlord,Order,money_only,False,False
LTB-L-097240-25,L1,landlord,Order,terminated_voidable,False,True
LTB-L-097286-25,L1,landlord,ExParte Order,other,False,False
LTB-L-097339-25,L1,landlord,Order,money_only,False,False
LTB-L-097340-25,L1,landlord,Order,other,False,False
LTB-L-097356-25,L1,landlord,Order,money_only,True,False
LTB-L-097386-25,L1,landlord,Order,terminated_voidable,False,True
LTB-L-097390-25,L1,landlord,Order,terminated_voidable,False,True
LTB-L-097426-25,L1,landlord,Order,money_only,True,False
LTB-L-097451-25,L1,landlord,Order,dismissed,False,False
LTB-L-097464-25,L1,landlord,Order,terminated_voidable,False,True
LTB-L-097468-25,L1,landlord,Order,terminated_voidable,False,True
LTB-L-097469-25,L1,landlord,Order,other,False,False
LTB-L-097484-25,L1,landlord,Order,terminated_voidable,False,True
LTB-L-097485-25,L1,landlord,Order,terminated,False,False
LTB-L-097490-25,L1,landlord,Order,terminated_voidable,False,True
LTB-L-097508-25,L1,landlord,Review Order,other,False,False
LTB-L-097523-25,L1,landlord,Order,other,False,False
LTB-L-097536-25,L1,landlord,Order,terminated_voidable,False,True
LTB-L-097540-25,L1,landlord,Order,terminated_voidable,False,True
LTB-L-097542-25,L1,landlord,Order,dismissed,False,False
LTB-L-097545-25,L1,landlord,Order,money_only,True,False
LTB-L-097569-25,L1,landlord,Order,money_only,True,False
LTB-L-097602-25,L1,landlord,Order,money_only,True,False
LTB-L-097603-25,L1,landlord,Order,other,False,False
LTB-L-097618-25,L1,landlord,Order,terminated,False,False
LTB-L-097623-25,L1,landlord,Order,terminated_voidable,False,True
LTB-L-097633-25,L1,landlord,Order,money_only,True,False
LTB-L-097645-25,L1,landlord,Order,dismissed,False,False
LTB-L-097656-25,L1,landlord,Order,terminated_voidable,True,True
LTB-L-097658-25,L1,landlord,Order,other,False,False
LTB-L-097702-25,L1,landlord,Order,terminated_voidable,False,True
LTB-L-097711-25,L1,landlord,Order,terminated_voidable,False,True
LTB-L-097772-25,L1,landlord,Order,other,True,False
LTB-L-097793-25,L1,landlord,Order,other,False,False
LTB-L-097818-25,L1,landlord,Order,terminated_voidable,False,True
LTB-L-097822-25,L1,landlord,Order,terminated_voidable,True,True
LTB-L-097837-25,L1,landlord,Order,terminated_voidable,False,True
LTB-L-097856-25,L1,landlord,Order,terminated_voidable,False,True
LTB-L-097890-25,L1,landlord,Order,terminated,False,False
LTB-L-097915-25,L1,landlord,Order,terminated_voidable,False,True
LTB-L-097935-25,L1,landlord,Order,terminated,False,False
LTB-L-097938-25,L1,landlord,Order,remedy_ordered,True,False
LTB-L-097955-25,L1,landlord,Order,terminated_voidable,False,True
LTB-L-097957-25,L1,landlord,Order,terminated_voidable,False,True
LTB-L-097971-25,L1,landlord,Order,money_only,True,False
LTB-L-097973-25,L1,landlord,Order,terminated_voidable,False,True
LTB-L-098055-25,L1,landlord,Order,terminated_voidable,False,True
LTB-L-098056-25,L1,landlord,Review Order,other,False,False
LTB-L-098095-24,L1,landlord,Order,other,False,False
LTB-L-098105-25,L1,landlord,Order,other,False,False
LTB-L-098105-25,L1,landlord,Order,other,False,False
LTB-L-098133-25,L1,landlord,Order,terminated_voidable,False,True
LTB-L-098134-25,L1,landlord,Order,other,False,False
LTB-L-098145-25,L1,landlord,Order,money_only,True,False
LTB-L-098149-25,L1,landlord,Order,money_only,True,False
LTB-L-098157-25,L1,landlord,Order,terminated_voidable,False,True
LTB-L-098159-25,L1,landlord,Order,terminated_voidable,False,True
LTB-L-098168-25,L1,landlord,Order,money_only,True,False
LTB-L-098179-25,L1,landlord,Order,terminated_voidable,False,True
LTB-L-098210-25,L1,landlord,Review Order,terminated,False,False
LTB-L-098232-25,L1,landlord,Order,other,False,False
LTB-L-098253-24,L1,landlord,Order,terminated_voidable,False,True
LTB-L-098253-24,L1,landlord,Amended Order,terminated_voidable,False,True
LTB-L-098293-25,L1,landlord,Order,terminated_voidable,True,True
LTB-L-098309-25,L1,landlord,Order,terminated_voidable,False,True
LTB-L-098328-25,L1,landlord,Order,terminated_voidable,False,True
LTB-L-098349-25,L1,landlord,Order,terminated_voidable,False,True
LTB-L-098388-25,L1,landlord,ExParte Order,other,False,False
LTB-L-098407-25,L1,landlord,Order,terminated_voidable,False,True
LTB-L-098413-25,L1,landlord,Order,terminated,True,True
LTB-L-098422-25,L1,landlord,Order,other,False,False
LTB-L-098423-25,L1,landlord,Order,terminated_voidable,False,True
LTB-L-098435-25,L1,landlord,Order,money_only,False,False
LTB-L-098451-25,L1,landlord,Order,other,False,False
LTB-L-098467-25,L1,landlord,Order,terminated,False,False
LTB-L-098522-25,L1,landlord,Order,terminated,False,False
LTB-L-098540-25,L1,landlord,Order,money_only,True,False
LTB-L-098624-25,L1,landlord,Order,terminated,False,False
LTB-L-098647-25,L1,landlord,Order,terminated_voidable,False,True
LTB-L-098656-25,L1,landlord,Order,terminated,False,False
LTB-L-098657-25,L1,landlord,Order,money_only,True,False
LTB-L-098658-25,L1,landlord,ExParte Order,other,False,False
LTB-L-098680-25,L1,landlord,Order,money_only,False,False
LTB-L-098714-25,L1,landlord,Order,money_only,False,False
LTB-L-098722-25,L1,landlord,Order,money_only,True,False
LTB-L-098734-25,L1,landlord,Order,terminated_voidable,True,True
LTB-L-098750-25,L1,landlord,Order,terminated_voidable,False,True
LTB-L-098761-24,L1,landlord,Order,withdrawn,False,False
LTB-L-098766-25,L1,landlord,Order,other,False,False
LTB-L-098767-25,L1,landlord,Order,money_only,True,False
LTB-L-098771-25,L1,landlord,Order,money_only,True,False
LTB-L-098777-25,L1,landlord,Order,dismissed,False,False
LTB-L-098782-25,L1,landlord,Order,other,False,False
LTB-L-098821-25,L1,landlord,Order,money_only,True,False
LTB-L-098832-25,L1,landlord,Order,terminated_voidable,False,True
LTB-L-098835-25,L1,landlord,Order,terminated_voidable,False,True
LTB-L-098846-25,L1,landlord,Order,other,False,False
LTB-L-098880-25,L1,landlord,Order,terminated_voidable,False,True
LTB-L-098895-25,L1,landlord,Order,money_only,False,False
LTB-L-098910-25,L1,landlord,Review Order,other,False,False
LTB-L-098915-25,L1,landlord,Order,terminated_voidable,False,True
LTB-L-098919-25,L1,landlord,Order,terminated_voidable,False,True
LTB-L-098950-25,L1,landlord,Order,terminated_voidable,True,True
LTB-L-099011-25,L1,landlord,Order,terminated_voidable,True,True
LTB-L-099013-25,L1,landlord,Order,dismissed,False,False
LTB-L-099020-25,L1,landlord,Order,other,False,False
LTB-L-099060-25,L1,landlord,Order,money_only,True,False
LTB-L-099136-25,L1,landlord,Order,terminated_voidable,True,True
LTB-L-099142-25,L1,landlord,Order,terminated,False,False
LTB-L-099146-25,L1,landlord,Order,remedy_ordered,True,False
LTB-L-099148-25,L1,landlord,Order,other,False,False
LTB-L-099189-25,L1,landlord,Order,terminated_voidable,True,True
LTB-L-099213-25,L1,landlord,Order,terminated_voidable,False,True
LTB-L-099224-25,L1,landlord,Order,money_only,True,False
LTB-L-099228-25,L1,landlord,Order,terminated,False,False
LTB-L-099229-25,L1,landlord,Order,money_only,True,False
LTB-L-099234-25,L1,landlord,Order,terminated,False,False
LTB-L-099249-25,L1,landlord,Order,money_only,True,False
LTB-L-099273-25,L1,landlord,Order,terminated,False,False
LTB-L-099283-25,L1,landlord,Order,terminated,False,False
LTB-L-099290-25,L1,landlord,Order,money_only,True,False
LTB-L-099318-25,L1,landlord,Order,terminated_voidable,False,True
LTB-L-099328-25,L1,landlord,Order,terminated,False,False
LTB-L-099334-25,L1,landlord,Order,terminated_voidable,False,True
LTB-L-099350-25,L1,landlord,Order,dismissed,False,False
LTB-L-099372-25,L1,landlord,Order,terminated_voidable,False,True
LTB-L-099378-25,L1,landlord,Order,other,False,False
LTB-L-099396-25,L1,landlord,Order,money_only,True,False
LTB-L-099431-25,L1,landlord,Order,terminated,False,False
LTB-L-099432-25,L1,landlord,Order,terminated_voidable,True,True
LTB-L-099470-25,L1,landlord,Review Order,other,False,False
LTB-L-099522-25,L1,landlord,Order,terminated_voidable,False,True
LTB-L-099524-25,L1,landlord,Order,money_only,False,False
LTB-L-099530-25,L1,landlord,Order,money_only,True,False
LTB-L-099537-25,L1,landlord,Order,money_only,True,False
LTB-L-099551-25,L1,landlord,Order,terminated_voidable,False,True
LTB-L-099557-25,L1,landlord,Order,terminated_voidable,False,True
LTB-L-099560-25,L1,landlord,Review Order,money_only,False,False
LTB-L-099583-25,L1,landlord,Order,terminated_voidable,False,True
LTB-L-099595-25,L1,landlord,Order,terminated_voidable,False,True
LTB-L-099597-25,L1,landlord,Review Order,terminated_voidable,False,True
LTB-L-099597-25,L1,landlord,Order,terminated_voidable,False,True
LTB-L-099628-25,L1,landlord,Order,other,False,False
LTB-L-099635-25,L1,landlord,Order,terminated_voidable,True,True
LTB-L-099650-25,L1,landlord,Review Order,other,False,False
LTB-L-099659-25,L1,landlord,Order,money_only,True,False
LTB-L-099683-25,L1,landlord,Order,money_only,False,False
LTB-L-099691-25,L1,landlord,Order,terminated_voidable,False,True
LTB-L-099695-25,L1,landlord,Order,other,False,False
LTB-L-099714-25,L1,landlord,Order,other,False,False
LTB-L-099742-25,L1,landlord,Order,terminated_voidable,False,True
LTB-L-099758-25,L1,landlord,Order,terminated,True,True
LTB-L-099779-25,L1,landlord,Order,other,False,False
LTB-L-099804-25,L1,landlord,Order,other,False,False
LTB-L-099823-25,L1,landlord,Order,terminated_voidable,False,True
LTB-L-099825-25,L1,landlord,Order,money_only,True,False
LTB-L-099855-25,L1,landlord,Order,terminated_voidable,False,True
LTB-L-099867-25,L1,landlord,Order,money_only,True,False
LTB-L-099869-25,L1,landlord,Order,money_only,True,False
LTB-L-099889-25,L1,landlord,Review Order,other,False,False
LTB-L-099912-25,L1,landlord,Order,money_only,True,False
LTB-L-099913-25,L1,landlord,Order,terminated_voidable,False,True
LTB-L-099921-25,L1,landlord,Order,terminated_voidable,False,True
LTB-L-099949-25,L1,landlord,Order,terminated_voidable,True,True
LTB-L-099992-25,L1,landlord,Order,terminated_voidable,False,True
LTB-L-100000-25,L1,landlord,Order,terminated_voidable,False,True
LTB-L-100030-25,L1,landlord,Order,money_only,True,False
LTB-L-100031-25,L1,landlord,Order,remedy_ordered,True,False
LTB-L-100038-25,L1,landlord,Order,terminated,False,False
LTB-L-100042-25,L1,landlord,Order,terminated_voidable,False,True
LTB-L-100044-25,L1,landlord,Order,remedy_ordered,True,False
LTB-L-100049-25,L1,landlord,Order,terminated_voidable,False,True
LTB-L-100064-25,L1,landlord,Amended Order,money_only,True,False
LTB-L-100113-25,L1,landlord,Order,money_only,True,False
LTB-L-100116-25,L1,landlord,ExParte Order,other,False,False
LTB-L-100124-25,L1,landlord,Order,terminated_voidable,False,True
LTB-L-100139-25,L1,landlord,Order,dismissed,False,False
LTB-L-100163-25,L1,landlord,Order,terminated_voidable,False,True
LTB-L-100182-25,L1,landlord,Order,other,False,False
LTB-L-100205-25,L1,landlord,Order,remedy_ordered,True,False
LTB-L-100220-25,L1,landlord,Order,money_only,True,False
LTB-L-100246-25,L1,landlord,Order,terminated_voidable,True,True
LTB-L-100251-25,L1,landlord,Order,terminated_voidable,True,True
LTB-L-100260-25,L1,landlord,Order,terminated_voidable,True,True
LTB-L-100273-25,L1,landlord,Order,money_only,False,False
LTB-L-100289-25,L1,landlord,Order,money_only,True,False
LTB-L-100293-25,L1,landlord,Order,other,False,False
LTB-L-100295-25,L1,landlord,Order,money_only,False,False
LTB-L-100300-25,L1,landlord,Order,terminated_voidable,False,True
LTB-L-100320-25,L1,landlord,Order,terminated_voidable,False,True
LTB-L-100326-25,L1,landlord,Order,other,False,False
LTB-L-100354-25,L1,landlord,Order,terminated_voidable,True,True
LTB-L-100373-25,L1,landlord,Order,terminated_voidable,False,True
LTB-L-100392-25,L1,landlord,Order,withdrawn,False,False
LTB-L-100412-25,L1,landlord,Order,terminated_voidable,True,True
LTB-L-100417-25,L1,landlord,Order,money_only,True,False
LTB-L-100419-25,L1,landlord,Order,terminated_voidable,False,True
LTB-L-100437-25,L1,landlord,Order,money_only,True,False
LTB-L-100441-25,L1,landlord,Order,withdrawn,False,False
LTB-L-100460-25,L1,landlord,Order,other,False,False
LTB-L-100477-25,L1,landlord,ExParte Order,other,False,False
LTB-L-100491-25,L1,landlord,Order,terminated,True,True
LTB-L-100520-25,L1,landlord,Order,terminated_voidable,False,True
LTB-L-100531-25,L1,landlord,Order,terminated_voidable,False,True
LTB-L-100554-25,L1,landlord,Order,terminated_voidable,False,True
LTB-L-100571-25,L1,landlord,Order,terminated_voidable,False,True
LTB-L-100576-25,L1,landlord,Order,terminated_voidable,False,True
LTB-L-100587-25,L1,landlord,Order,money_only,True,False
LTB-L-100600-25,L1,landlord,ExParte Order,other,False,False
LTB-L-100647-25,L1,landlord,Order,terminated_voidable,False,True
LTB-L-100677-25,L1,landlord,Order,terminated,False,False
LTB-L-100685-25,L1,landlord,Order,terminated_voidable,False,True
LTB-L-100686-25,L1,landlord,Order,terminated_voidable,True,True
LTB-L-100695-24,L1,landlord,Review Order,other,False,False
LTB-L-100806-25,L1,landlord,Order,dismissed,False,False
LTB-L-100817-25,L1,landlord,Order,money_only,True,False
LTB-L-100820-25,L1,landlord,Order,terminated,True,True
LTB-L-100837-25,L1,landlord,Order,terminated,False,False
LTB-L-100887-25,L1,landlord,Order,terminated_voidable,False,True
LTB-L-100899-25,L1,landlord,Order,terminated,True,True
LTB-L-100909-25,L1,landlord,Order,terminated,False,False
LTB-L-100956-25,L1,landlord,Order,money_only,True,False
LTB-L-100983-25,L1,landlord,Order,terminated_voidable,False,True
LTB-L-101062-25,L1,landlord,Order,terminated_voidable,False,True
LTB-L-101081-25,L1,landlord,Order,money_only,True,False
LTB-L-101105-25,L1,landlord,Order,terminated,True,True
LTB-L-101170-25,L1,landlord,Order,money_only,True,False
LTB-L-101176-25,L1,landlord,Order,terminated_voidable,False,True
LTB-L-101179-25,L1,landlord,Order,terminated_voidable,False,True
LTB-L-101183-25,L1,landlord,Order,terminated_voidable,False,True
LTB-L-101184-25,L1,landlord,Order,terminated,True,True
LTB-L-101192-25,L1,landlord,Order,dismissed,False,False
LTB-L-101214-25,L1,landlord,Order,other,False,False
LTB-L-101219-25,L1,landlord,Order,terminated_voidable,True,True
LTB-L-101253-25,L1,landlord,Order,terminated_voidable,False,True
LTB-L-101260-25,L1,landlord,Order,money_only,True,False
LTB-L-101267-25,L1,landlord,ExParte Order,other,False,False
LTB-L-101299-25,L1,landlord,Order,money_only,True,False
LTB-L-101308-25,L1,landlord,Order,terminated_voidable,False,True
LTB-L-101316-25,L1,landlord,Order,terminated_voidable,False,True
LTB-L-101358-25,L1,landlord,Order,terminated_voidable,False,True
LTB-L-101363-25,L1,landlord,Order,dismissed,False,False
LTB-L-101403-25,L1,landlord,Order,money_only,False,False
LTB-L-101404-25,L1,landlord,Order,money_only,True,False
LTB-L-101456-25,L1,landlord,Order,money_only,False,False
LTB-L-101461-25,L1,landlord,Order,other,False,False
LTB-L-101463-25,L1,landlord,Order,money_only,True,False
LTB-L-101468-25,L1,landlord,Order,terminated,True,True
LTB-L-101490-25,L1,landlord,Order,money_only,False,False
LTB-L-101512-25,L1,landlord,Order,terminated_voidable,False,True
LTB-L-101530-25,L1,landlord,Order,money_only,True,False
LTB-L-101541-25,L1,landlord,ExParte Order,other,False,False
LTB-L-101542-25,L1,landlord,Amended Order,terminated_voidable,False,True
LTB-L-101552-25,L1,landlord,Order,money_only,False,False
LTB-L-101576-25,L1,landlord,Order,terminated_voidable,False,True
LTB-L-101597-25,L1,landlord,Order,terminated_voidable,False,True
LTB-L-101598-25,L1,landlord,Order,terminated,True,True
LTB-L-101617-25,L1,landlord,Order,terminated_voidable,False,True
LTB-L-101624-25,L1,landlord,Order,dismissed,False,False
LTB-L-101654-25,L1,landlord,Order,terminated_voidable,True,True
LTB-L-101657-25,L1,landlord,Order,terminated_voidable,True,True
LTB-L-101700-25,L1,landlord,Order,terminated_voidable,False,True
LTB-L-101724-25,L1,landlord,Order,terminated_voidable,True,True
LTB-L-101739-25,L1,landlord,Order,terminated,True,True
LTB-L-101760-25,L1,landlord,Order,money_only,True,False
LTB-L-101761-25,L1,landlord,Order,dismissed,False,False
LTB-L-101804-25,L1,landlord,Order,other,False,False
LTB-L-101824-25,L1,landlord,Order,other,False,False
LTB-L-101827-25,L1,landlord,Order,terminated_voidable,False,True
LTB-L-101854-25,L1,landlord,Order,terminated_voidable,False,True
LTB-L-101867-25,L1,landlord,Order,other,False,False
LTB-L-101877-25,L1,landlord,ExParte Order,other,False,False
LTB-L-101893-25,L1,landlord,Order,money_only,True,False
LTB-L-101899-25,L1,landlord,Order,other,False,False
LTB-L-101912-25,L1,landlord,Order,money_only,True,False
LTB-L-101915-25,L1,landlord,Order,terminated,False,False
LTB-L-101925-25,L1,landlord,ExParte Order,other,False,False
LTB-L-101926-25,L1,landlord,Order,money_only,False,False
LTB-L-101930-25,L1,landlord,Order,terminated_voidable,False,True
LTB-L-101943-25,L1,landlord,Order,money_only,True,False
LTB-L-101988-25,L1,landlord,Order,money_only,False,False
LTB-L-102026-25,L1,landlord,ExParte Order,other,False,False
LTB-L-102043-25,L1,landlord,Order,terminated,False,False
LTB-L-102058-25,L1,landlord,Order,other,False,False
LTB-L-102066-25,L1,landlord,Order,terminated_voidable,False,True
LTB-L-102103-25,L1,landlord,Order,money_only,True,False
LTB-L-102116-25,L1,landlord,Order,other,False,False
LTB-L-102123-25,L1,landlord,Order,terminated,True,False
LTB-L-102158-25,L1,landlord,Order,terminated_voidable,False,True
LTB-L-102167-25,L1,landlord,ExParte Order,other,False,False
LTB-L-102188-25,L1,landlord,Order,terminated_voidable,False,True
LTB-L-102202-25,L1,landlord,Order,terminated_voidable,False,True
LTB-L-102209-25,L1,landlord,Order,money_only,True,False
LTB-L-102306-25,L1,landlord,Order,terminated_voidable,True,True
LTB-L-102310-25,L1,landlord,Order,terminated_voidable,False,True
LTB-L-102325-25,L1,landlord,Order,money_only,False,False
LTB-L-102328-25,L1,landlord,Order,money_only,True,False
LTB-L-102365-25,L1,landlord,Order,terminated_voidable,True,True
LTB-L-102369-25,L1,landlord,Order,terminated_voidable,False,True
LTB-L-102371-25,L1,landlord,Order,terminated_voidable,False,True
LTB-L-102376-25,L1,landlord,Order,money_only,True,False
LTB-L-102390-25,L1,landlord,Order,terminated_voidable,False,True
LTB-L-102434-25,L1,landlord,Order,terminated_voidable,False,True
LTB-L-102442-25,L1,landlord,Order,terminated_voidable,True,True
LTB-L-102461-25,L1,landlord,Order,terminated,False,False
LTB-L-102464-25,L1,landlord,Order,money_only,True,False
LTB-L-102465-25,L1,landlord,Order,terminated_voidable,True,True
LTB-L-102489-25,L1,landlord,Order,money_only,True,False
LTB-L-102518-25,L1,landlord,Order,terminated_voidable,True,True
LTB-L-102521-25,L1,landlord,Order,other,False,False
LTB-L-102522-25,L1,landlord,Order,money_only,True,False
LTB-L-102524-25,L1,landlord,Review Order,other,False,False
LTB-L-102564-25,L1,landlord,Order,money_only,False,False
LTB-L-102580-25,L1,landlord,Order,terminated_voidable,False,True
LTB-L-102598-25,L1,landlord,Order,money_only,True,False
LTB-L-102606-25,L1,landlord,ExParte Order,other,False,False
LTB-L-102624-25,L1,landlord,Order,terminated_voidable,False,True
LTB-L-102641-25,L1,landlord,ExParte Order,other,False,False
LTB-L-102658-25,L1,landlord,Order,terminated_voidable,True,True
LTB-L-102693-25,L1,landlord,Order,terminated_voidable,False,True
LTB-L-102730-25,L1,landlord,Order,money_only,True,False
LTB-L-102732-25,L1,landlord,Order,money_only,True,False
LTB-L-102754-25,L1,landlord,Order,money_only,True,False
LTB-L-102776-25,L1,landlord,Order,terminated_voidable,True,True
LTB-L-102789-24,L1,landlord,Order,terminated_voidable,False,True
LTB-L-102811-25,L1,landlord,Order,terminated_voidable,False,True
LTB-L-102813-25,L1,landlord,Order,other,False,False
LTB-L-102814-25,L1,landlord,Order,terminated_voidable,False,True
LTB-L-102845-25,L1,landlord,Order,terminated_voidable,False,True
LTB-L-102846-25,L1,landlord,Order,other,False,False
LTB-L-102857-25,L1,landlord,Order,money_only,True,False
LTB-L-102863-25,L1,landlord,Order,terminated_voidable,True,True
LTB-L-102874-25,L1,landlord,Order,dismissed,False,False
LTB-L-102903-25,L1,landlord,ExParte Order,other,False,False
LTB-L-102922-25,L1,landlord,Order,money_only,True,False
LTB-L-102929-25,L1,landlord,Order,terminated_voidable,False,True
LTB-L-102933-25,L1,landlord,Order,terminated,True,True
LTB-L-102950-25,L1,landlord,ExParte Order,other,False,False
LTB-L-102983-25,L1,landlord,ExParte Order,other,False,False
LTB-L-102998-25,L1,landlord,Order,money_only,True,False
LTB-L-103008-25,L1,landlord,Order,other,False,False
LTB-L-103016-25,L1,landlord,ExParte Order,other,False,False
LTB-L-103032-25,L1,landlord,Order,money_only,False,False
LTB-L-103038-25,L1,landlord,Order,money_only,True,False
LTB-L-103043-25,L1,landlord,Order,money_only,True,False
LTB-L-103044-25,L1,landlord,Order,other,False,False
LTB-L-103061-25,L1,landlord,ExParte Order,other,False,False
LTB-L-103062-25,L1,landlord,Order,terminated_voidable,False,True
LTB-L-103075-25,L1,landlord,Order,terminated_voidable,True,True
LTB-L-103092-25,L1,landlord,Order,other,False,False
LTB-L-103098-25,L1,landlord,Order,terminated_voidable,True,True
LTB-L-103101-25,L1,landlord,Order,money_only,True,False
LTB-L-103106-25,L1,landlord,Order,money_only,True,False
LTB-L-103114-25,L1,landlord,Order,terminated_voidable,False,True
LTB-L-103117-25,L1,landlord,Order,terminated_voidable,False,True
LTB-L-103135-25,L1,landlord,Order,money_only,True,False
LTB-L-103160-25,L1,landlord,Order,other,False,False
LTB-L-103173-25,L1,landlord,Order,other,True,False
LTB-L-103189-25,L1,landlord,Order,terminated_voidable,False,True
LTB-L-103201-25,L1,landlord,Order,money_only,True,False
LTB-L-103202-25,L1,landlord,Order,terminated_voidable,False,True
LTB-L-103252-25,L1,landlord,Order,money_only,True,False
LTB-L-103267-25,L1,landlord,Order,terminated_voidable,False,True
LTB-L-103271-25,L1,landlord,Order,terminated,False,False
LTB-L-103294-25,L1,landlord,Amended Order,terminated_voidable,False,True
LTB-L-103300-25,L1,landlord,Order,other,False,False
LTB-L-103301-25,L1,landlord,Order,terminated,False,True
LTB-L-103350-25,L1,landlord,Order,terminated_voidable,False,True
LTB-L-103423-25,L1,landlord,Order,other,False,False
LTB-L-103493-25,L1,landlord,Order,terminated_voidable,False,True
LTB-L-103512-25,L1,landlord,Order,terminated_voidable,False,True
LTB-L-103516-25,L1,landlord,Order,terminated_voidable,True,True
LTB-L-103521-25,L1,landlord,Review Order,other,True,False
LTB-L-103525-25,L1,landlord,ExParte Order,other,False,False
LTB-L-103526-25,L1,landlord,Order,terminated_voidable,False,True
LTB-L-103556-25,L1,landlord,Order,terminated_voidable,False,True
LTB-L-103579-25,L1,landlord,Order,terminated_voidable,False,True
LTB-L-103591-25,L1,landlord,Order,terminated_voidable,False,True
LTB-L-103601-25,L1,landlord,Order,other,False,False
LTB-L-103613-25,L1,landlord,Order,terminated_voidable,False,True
LTB-L-103617-25,L1,landlord,Order,terminated,False,True
LTB-L-103661-25,L1,landlord,Order,terminated_voidable,True,True
LTB-L-103690-25,L1,landlord,Order,money_only,True,False
LTB-L-103727-25,L1,landlord,Order,terminated,True,True
LTB-L-103734-25,L1,landlord,Order,other,False,False
LTB-L-103739-25,L1,landlord,Order,terminated,False,True
LTB-L-103751-25,L1,landlord,Order,terminated_voidable,False,True
LTB-L-103781-25,L1,landlord,Order,terminated_voidable,True,True
LTB-L-103788-25,L1,landlord,ExParte Order,other,False,False
LTB-L-103791-25,L1,landlord,Order,terminated_voidable,False,True
LTB-L-103822-25,L1,landlord,Review Order,terminated_voidable,True,True
LTB-L-103834-25,L1,landlord,Order,other,False,False
LTB-L-103842-25,L1,landlord,ExParte Order,other,False,False
LTB-L-103844-25,L1,landlord,Order,other,False,False
LTB-L-103850-25,L1,landlord,Order,terminated_voidable,False,True
LTB-L-103899-25,L1,landlord,Order,terminated_voidable,False,True
LTB-L-103905-25,L1,landlord,Order,other,False,False
LTB-L-103910-25,L1,landlord,Order,terminated_voidable,True,True
LTB-L-103913-25,L1,landlord,Order,money_only,True,False
LTB-L-103939-25,L1,landlord,Order,money_only,True,False
LTB-L-103941-25,L1,landlord,Order,terminated_voidable,False,True
LTB-L-103950-25,L1,landlord,ExParte Order,other,False,False
LTB-L-103956-25,L1,landlord,Amended Order,money_only,True,False
LTB-L-103975-25,L1,landlord,Order,terminated_voidable,False,True
LTB-L-103982-25,L1,landlord,Order,other,False,False
LTB-L-104005-25,L1,landlord,Review Order,dismissed,False,False
LTB-L-104005-25,L1,landlord,Review Order,dismissed,False,False
LTB-L-104017-25,L1,landlord,Order,terminated_voidable,False,True
LTB-L-104040-25,L1,landlord,Order,terminated_voidable,False,True
LTB-L-104047-25,L1,landlord,Order,money_only,True,False
LTB-L-104081-25,L1,landlord,Order,terminated_voidable,False,True
LTB-L-104083-25,L1,landlord,Order,terminated_voidable,True,True
LTB-L-104088-25,L1,landlord,Order,terminated_voidable,True,True
LTB-L-104103-25,L1,landlord,Order,terminated,False,False
LTB-L-104111-25,L1,landlord,Order,terminated_voidable,True,True
LTB-L-104122-25,L1,landlord,Order,money_only,True,False
LTB-L-104166-25,L1,landlord,ExParte Order,other,False,False
LTB-L-104182-25,L1,landlord,Order,terminated,True,True
LTB-L-104230-25,L1,landlord,Order,other,False,False
LTB-L-104240-25,L1,landlord,Order,other,True,False
LTB-L-104301-25,L1,landlord,Order,terminated_voidable,False,True
LTB-L-104340-25,L1,landlord,Order,other,False,False
LTB-L-104348-25,L1,landlord,Order,terminated_voidable,True,True
LTB-L-104359-25,L1,landlord,Order,money_only,True,False
LTB-L-104361-25,L1,landlord,Order,terminated_voidable,False,True
LTB-L-104407-25,L1,landlord,Order,money_only,True,False
LTB-L-104513-25,L1,landlord,ExParte Order,other,False,False
LTB-L-104542-25,L1,landlord,Order,terminated_voidable,True,True
LTB-L-104545-25,L1,landlord,Order,terminated_voidable,False,True
LTB-L-104570-25,L1,landlord,Order,terminated_voidable,False,True
LTB-L-104573-25,L1,landlord,Order,terminated_voidable,True,True
LTB-L-104589-25,L1,landlord,Order,terminated_voidable,True,True
LTB-L-104590-25,L1,landlord,ExParte Order,other,False,False
LTB-L-104592-25,L1,landlord,Order,money_only,False,False
LTB-L-104607-25,L1,landlord,Order,terminated_voidable,False,True
LTB-L-104611-25,L1,landlord,ExParte Order,other,False,False
LTB-L-104675-25,L1,landlord,Order,terminated_voidable,False,True
LTB-L-104728-25,L1,landlord,Order,money_only,True,False
LTB-L-104749-25,L1,landlord,Order,terminated_voidable,False,True
LTB-L-104767-25,L1,landlord,Order,money_only,False,False
LTB-L-104771-25,L1,landlord,Order,money_only,True,False
LTB-L-104773-25,L1,landlord,Order,dismissed,False,False
LTB-L-104775-25,L1,landlord,Order,terminated,False,False
LTB-L-104777-25,L1,landlord,Order,other,False,False
LTB-L-104783-25,L1,landlord,Order,terminated_voidable,False,True
LTB-L-104789-25,L1,landlord,Order,money_only,True,False
LTB-L-104790-25,L1,landlord,Order,terminated_voidable,False,True
LTB-L-104819-25,L1,landlord,Order,money_only,True,False
LTB-L-104825-25,L1,landlord,Order,money_only,False,False
LTB-L-104856-25,L1,landlord,Order,money_only,False,False
LTB-L-104869-25,L1,landlord,Order,other,False,False
LTB-L-104870-25,L1,landlord,ExParte Order,withdrawn,False,False
LTB-L-104891-25,L1,landlord,Order,money_only,True,False
LTB-L-104927-25,L1,landlord,Order,terminated_voidable,False,True
LTB-L-104980-25,L1,landlord,Order,money_only,False,False
LTB-L-104985-25,L1,landlord,Order,terminated_voidable,True,True
LTB-L-105004-25,L1,landlord,Order,money_only,True,False
LTB-L-105042-25,L1,landlord,Order,money_only,True,False
LTB-L-105059-25,L1,landlord,Order,terminated,False,False
LTB-L-105066-25,L1,landlord,Order,other,False,False
LTB-L-105098-25,L1,landlord,Order,terminated_voidable,False,True
LTB-L-105113-25,L1,landlord,Order,terminated_voidable,False,True
LTB-L-105120-25,L1,landlord,Order,terminated_voidable,False,True
LTB-L-105156-25,L1,landlord,Order,money_only,True,False
LTB-L-105159-25,L1,landlord,Order,money_only,True,False
LTB-L-105168-25,L1,landlord,Order,terminated_voidable,False,True
LTB-L-105217-25,L1,landlord,Order,terminated_voidable,True,True
LTB-L-105241-25,L1,landlord,Order,other,False,False
LTB-L-105244-25,L1,landlord,Order,terminated_voidable,False,True
LTB-L-105264-25,L1,landlord,Order,terminated_voidable,False,True
LTB-L-105282-25,L1,landlord,Order,money_only,True,False
LTB-L-105380-25,L1,landlord,Review Order,money_only,True,False
LTB-L-105403-25,L1,landlord,Order,money_only,True,False
LTB-L-105404-25,L1,landlord,Order,terminated_voidable,False,True
LTB-L-105419-25,L1,landlord,Order,terminated_voidable,False,True
LTB-L-105426-25,L1,landlord,Order,terminated_voidable,False,True
LTB-L-105453-25,L1,landlord,Order,terminated_voidable,False,True
LTB-L-105469-25,L1,landlord,Amended Order,money_only,True,False
LTB-L-105478-25,L1,landlord,Order,other,False,False
LTB-L-105501-25,L1,landlord,Order,terminated,False,False
LTB-L-105526-25,L1,landlord,Order,terminated_voidable,False,True
LTB-L-105534-25,L1,landlord,Review Order,other,False,False
LTB-L-105568-25,L1,landlord,Order,terminated_voidable,False,True
LTB-L-105578-25,L1,landlord,Order,terminated_voidable,False,True
LTB-L-105643-25,L1,landlord,Order,other,False,False
LTB-L-105645-25,L1,landlord,Order,money_only,True,False
LTB-L-105673-25,L1,landlord,Order,money_only,True,False
LTB-L-105675-25,L1,landlord,Order,money_only,True,False
LTB-L-105700-25,L1,landlord,Order,terminated,False,True
LTB-L-105707-25,L1,landlord,Order,terminated_voidable,False,True
LTB-L-105715-25,L1,landlord,Order,money_only,True,False
LTB-L-105733-25,L1,landlord,Order,terminated_voidable,True,True
LTB-L-105742-25,L1,landlord,Order,money_only,True,False
LTB-L-105743-25,L1,landlord,Order,money_only,True,False
LTB-L-105752-25,L1,landlord,Order,money_only,True,False
LTB-L-105755-25,L1,landlord,Order,dismissed,False,False
LTB-L-105800-25,L1,landlord,Order,terminated_voidable,False,True
LTB-L-105816-25,L1,landlord,Order,money_only,True,False
LTB-L-105826-25,L1,landlord,Order,terminated_voidable,False,True
LTB-L-105874-25,L1,landlord,Order,terminated,False,False
LTB-L-105889-25,L1,landlord,Order,money_only,True,False
LTB-L-105931-25,L1,landlord,Order,terminated_voidable,False,True
LTB-L-105978-25,L1,landlord,ExParte Order,other,False,False
LTB-L-106003-25,L1,landlord,Order,money_only,False,False
LTB-L-106007-25,L1,landlord,Order,money_only,True,False
LTB-L-106009-25,L1,landlord,Order,terminated_voidable,False,True
LTB-L-106031-25,L1,landlord,Order,terminated,False,False
LTB-L-106042-25,L1,landlord,Order,terminated_voidable,False,True
LTB-L-106051-25,L1,landlord,Order,terminated_voidable,False,True
LTB-L-106072-25,L1,landlord,Order,terminated_voidable,False,True
LTB-L-106078-25,L1,landlord,Order,terminated,False,False
LTB-L-106082-25,L1,landlord,Order,terminated_voidable,False,True
LTB-L-106088-25,L1,landlord,Order,terminated_voidable,False,True
LTB-L-106101-25,L1,landlord,Order,terminated_voidable,False,True
LTB-L-106113-25,L1,landlord,Order,money_only,True,False
LTB-L-106123-25,L1,landlord,Order,terminated_voidable,False,True
LTB-L-106134-25,L1,landlord,Order,money_only,True,False
LTB-L-106149-25,L1,landlord,Order,terminated,True,True
LTB-L-106174-25,L1,landlord,Order,money_only,True,False
LTB-L-106194-25,L1,landlord,Order,money_only,True,False
LTB-L-106196-25,L1,landlord,Order,money_only,False,False
LTB-L-106206-25,L1,landlord,Order,terminated_voidable,False,True
LTB-L-106230-25,L1,landlord,Order,terminated_voidable,True,True
LTB-L-106233-25,L1,landlord,Order,terminated,False,True
LTB-L-106238-25,L1,landlord,Order,terminated,False,False
LTB-L-106242-25,L1,landlord,Order,dismissed,False,False
LTB-L-106276-25,L1,landlord,Order,terminated_voidable,False,True
LTB-L-106277-25,L1,landlord,Order,terminated_voidable,False,True
LTB-L-106284-25,L1,landlord,Order,terminated_voidable,False,True
LTB-L-106287-24,L1,landlord,Review Order,other,False,False
LTB-L-106287-25,L1,landlord,Order,money_only,True,False
LTB-L-106290-25,L1,landlord,Order,terminated_voidable,False,True
LTB-L-106297-25,L1,landlord,Order,terminated_voidable,False,True
LTB-L-106299-25,L1,landlord,Order,dismissed,False,False
LTB-L-106307-25,L1,landlord,Order,other,False,False
LTB-L-106315-25,L1,landlord,Order,terminated_voidable,True,True
LTB-L-106317-25,L1,landlord,Order,terminated_voidable,False,True
LTB-L-106322-25,L1,landlord,Order,money_only,True,False
LTB-L-106345-25,L1,landlord,Order,terminated_voidable,False,True
LTB-L-106350-25,L1,landlord,Order,terminated_voidable,False,True
LTB-L-106385-25,L1,landlord,Order,terminated_voidable,False,True
LTB-L-106400-25,L1,landlord,Order,terminated_voidable,False,True
LTB-L-106409-25,L1,landlord,Order,withdrawn,False,False
LTB-L-106430-25,L1,landlord,Order,money_only,True,False
LTB-L-106448-25,L1,landlord,Order,terminated_voidable,False,True
LTB-L-106460-25,L1,landlord,Order,other,False,False
LTB-L-106497-25,L1,landlord,Order,money_only,True,False
LTB-L-106498-25,L1,landlord,Order,terminated_voidable,False,True
LTB-L-106507-25,L1,landlord,Order,money_only,True,False
LTB-L-106511-25,L1,landlord,Order,money_only,False,False
LTB-L-106538-25,L1,landlord,ExParte Order,other,False,False
LTB-L-106557-25,L1,landlord,Order,money_only,True,False
LTB-L-106559-25,L1,landlord,Order,money_only,True,False
LTB-L-106568-25,L1,landlord,Order,terminated_voidable,False,True
LTB-L-106583-25,L1,landlord,Order,terminated_voidable,False,True
LTB-L-106591-25,L1,landlord,Order,money_only,True,False
LTB-L-106620-25,L1,landlord,Order,terminated_voidable,False,True
LTB-L-106633-25,L1,landlord,Order,money_only,True,False
LTB-L-106677-25,L1,landlord,Review Order,terminated_voidable,False,True
LTB-L-106687-25,L1,landlord,ExParte Order,other,False,False
LTB-L-106711-25,L1,landlord,Order,money_only,True,False
LTB-L-106716-25,L1,landlord,Order,terminated_voidable,False,True
LTB-L-106730-25,L1,landlord,Order,money_only,True,False
LTB-L-106794-25,L1,landlord,Order,terminated_voidable,True,True
LTB-L-106796-25,L1,landlord,Order,terminated,True,True
LTB-L-106810-25,L1,landlord,Order,terminated,True,True
LTB-L-106813-25,L1,landlord,Order,money_only,True,False
LTB-L-106820-25,L1,landlord,Order,terminated,False,False
LTB-L-106880-25,L1,landlord,Order,terminated_voidable,False,True
LTB-L-106906-25,L1,landlord,Order,money_only,True,False
LTB-L-106911-25,L1,landlord,ExParte Order,other,False,False
LTB-L-106934-25,L1,landlord,Order,other,False,False
LTB-L-106949-25,L1,landlord,Order,terminated_voidable,False,True
LTB-L-106955-25,L1,landlord,Order,dismissed,False,False
LTB-L-106955-25,L1,landlord,Order,dismissed,False,False
LTB-L-106956-25,L1,landlord,Order,terminated_voidable,False,True
LTB-L-106985-25,L1,landlord,Order,money_only,True,False
LTB-L-107009-25,L1,landlord,Order,terminated,False,False
LTB-L-107045-25,L1,landlord,Order,terminated_voidable,False,True
LTB-L-107059-25,L1,landlord,Order,terminated,False,False
LTB-L-107069-25,L1,landlord,Order,money_only,True,False
LTB-L-107077-25,L1,landlord,ExParte Order,other,False,False
LTB-L-107082-25,L1,landlord,ExParte Order,other,False,False
LTB-L-107101-25,L1,landlord,Order,terminated,False,False
LTB-L-107122-25,L1,landlord,Order,terminated,True,True
LTB-L-107128-25,L1,landlord,Order,terminated_voidable,False,True
LTB-L-107134-25,L1,landlord,ExParte Order,other,False,False
LTB-L-107151-25,L1,landlord,Order,other,False,False
LTB-L-107177-25,L1,landlord,Order,money_only,True,False
LTB-L-107183-25,L1,landlord,Order,terminated,False,False
LTB-L-107219-25,L1,landlord,Order,money_only,False,False
LTB-L-107249-25,L1,landlord,Order,terminated,True,True
LTB-L-107260-25,L1,landlord,Order,terminated_voidable,False,True
LTB-L-107264-25,L1,landlord,Order,money_only,False,False
LTB-L-107266-25,L1,landlord,Order,terminated_voidable,False,True
LTB-L-107276-25,L1,landlord,Order,other,False,False
LTB-L-107321-25,L1,landlord,Order,terminated_voidable,False,True
LTB-L-107345-25,L1,landlord,Order,terminated_voidable,False,True
LTB-L-107351-25,L1,landlord,Order,terminated_voidable,False,True
LTB-L-107355-25,L1,landlord,ExParte Order,other,False,False
LTB-L-107379-25,L1,landlord,Order,terminated,True,True
LTB-L-107410-25,L1,landlord,Amended Order,terminated_voidable,False,True
LTB-L-107412-25,L1,landlord,Order,other,False,False
LTB-L-107413-25,L1,landlord,Order,terminated_voidable,False,True
LTB-L-107453-25,L1,landlord,Order,other,False,False
LTB-L-107461-25,L1,landlord,Order,terminated,True,True
LTB-L-107475-25,L1,landlord,Review Order,money_only,False,False
LTB-L-107523-25,L1,landlord,Order,terminated_voidable,False,True
LTB-L-107526-25,L1,landlord,Order,money_only,True,False
LTB-L-107527-25,L1,landlord,Order,terminated_voidable,False,True
LTB-L-107538-25,L1,landlord,Order,dismissed,False,False
LTB-L-107541-25,L1,landlord,Order,terminated,False,False
LTB-L-107559-25,L1,landlord,Order,terminated,False,False
LTB-L-107578-25,L1,landlord,Order,terminated_voidable,False,True
LTB-L-107595-25,L1,landlord,Order,terminated_voidable,False,True
LTB-L-107670-25,L1,landlord,Order,money_only,True,False
LTB-L-107703-25,L1,landlord,Order,other,False,False
LTB-L-107714-25,L1,landlord,Order,terminated_voidable,True,True
LTB-L-107734-25,L1,landlord,Order,money_only,True,False
LTB-L-107746-25,L1,landlord,Order,money_only,True,False
LTB-L-107762-25,L1,landlord,Order,terminated_voidable,False,True
LTB-L-107805-25,L1,landlord,Order,money_only,True,False
LTB-L-107807-25,L1,landlord,Order,remedy_ordered,True,False
LTB-L-107827-25,L1,landlord,Order,money_only,False,False
LTB-L-107846-25,L1,landlord,Order,terminated_voidable,False,True
LTB-L-107852-25,L1,landlord,ExParte Order,other,False,False
LTB-L-107856-25,L1,landlord,Order,money_only,True,False
LTB-L-107955-25,L1,landlord,Order,terminated_voidable,False,True
LTB-L-107992-25,L1,landlord,Order,terminated_voidable,False,True
LTB-L-108022-25,L1,landlord,Order,terminated_voidable,False,True
LTB-L-108058-25,L1,landlord,Order,money_only,True,False
LTB-L-108059-25,L1,landlord,Order,other,False,False
LTB-L-108061-25,L1,landlord,Order,terminated,True,True
LTB-L-108084-25,L1,landlord,Order,terminated_voidable,False,True
LTB-L-108125-25,L1,landlord,Order,terminated_voidable,False,True
LTB-L-108130-25,L1,landlord,Order,dismissed,False,False
LTB-L-108133-25,L1,landlord,Order,terminated_voidable,False,True
LTB-L-108139-25,L1,landlord,Order,terminated,False,False
LTB-L-108140-25,L1,landlord,Order,terminated_voidable,False,True
LTB-L-108186-25,L1,landlord,Order,money_only,True,False
LTB-L-108213-25,L1,landlord,Order,terminated_voidable,False,True
LTB-L-108214-25,L1,landlord,Order,money_only,True,False
LTB-L-108218-25,L1,landlord,Order,terminated_voidable,False,True
LTB-L-108228-25,L1,landlord,Order,terminated,True,True
LTB-L-108253-25,L1,landlord,Order,terminated,False,False
LTB-L-108261-25,L1,landlord,Order,other,False,False
LTB-L-108264-25,L1,landlord,Order,terminated_voidable,False,True
LTB-L-108272-25,L1,landlord,Order,withdrawn,False,False
LTB-L-108284-25,L1,landlord,Order,money_only,True,False
LTB-L-108286-25,L1,landlord,Order,terminated,False,False
LTB-L-108287-25,L1,landlord,Order,terminated,False,False
LTB-L-108312-25,L1,landlord,Order,terminated_voidable,False,True
LTB-L-108314-25,L1,landlord,Order,terminated_voidable,False,True
LTB-L-108343-25,L1,landlord,Order,money_only,False,False
LTB-L-108356-25,L1,landlord,Order,money_only,True,False
LTB-L-108393-25,L1,landlord,Amended Order,terminated_voidable,False,True
LTB-L-108427-25,L1,landlord,Order,terminated_voidable,False,True
LTB-L-108520-25,L1,landlord,Order,terminated,False,False
LTB-L-108526-25,L1,landlord,Order,terminated_voidable,False,True
LTB-L-108530-25,L1,landlord,Order,money_only,False,False
LTB-L-108553-25,L1,landlord,Order,other,False,False
LTB-L-108565-25,L1,landlord,Order,dismissed,False,False
LTB-L-108600-25,L1,landlord,Order,terminated_voidable,False,True
LTB-L-108623-25,L1,landlord,Order,terminated,False,False
LTB-L-108632-25,L1,landlord,Order,money_only,True,False
LTB-L-108643-25,L1,landlord,Order,terminated_voidable,False,True
LTB-L-108646-25,L1,landlord,Order,terminated_voidable,False,True
LTB-L-108668-25,L1,landlord,Order,terminated_voidable,False,True
LTB-L-108679-25,L1,landlord,Order,money_only,True,False
LTB-L-108683-25,L1,landlord,Order,money_only,True,False
LTB-L-108692-25,L1,landlord,Order,terminated,False,False
LTB-L-108763-25,L1,landlord,Order,terminated_voidable,False,True
LTB-L-108786-25,L1,landlord,Order,other,False,False
LTB-L-108816-25,L1,landlord,Order,other,False,False
LTB-L-108824-25,L1,landlord,Order,dismissed,False,False
LTB-L-108877-25,L1,landlord,Order,dismissed,False,False
LTB-L-108887-25,L1,landlord,Order,terminated,False,True
LTB-L-108925-25,L1,landlord,Order,money_only,True,False
LTB-L-108954-25,L1,landlord,Order,money_only,True,False
LTB-L-108961-25,L1,landlord,Order,terminated_voidable,False,True
LTB-L-108976-25,L1,landlord,Order,terminated,False,False
LTB-L-109003-25,L1,landlord,Order,terminated,False,False
LTB-L-109037-25,L1,landlord,Order,money_only,False,False
LTB-L-109061-25,L1,landlord,Order,money_only,False,False
LTB-L-109085-25,L1,landlord,Order,terminated_voidable,False,True
LTB-L-109101-25,L1,landlord,Order,dismissed,False,False
LTB-L-109113-25,L1,landlord,ExParte Order,other,False,False
LTB-L-109114-25,L1,landlord,Order,dismissed,False,False
LTB-L-109117-25,L1,landlord,Order,dismissed,False,False
LTB-L-109132-25,L1,landlord,Order,money_only,True,False
LTB-L-109139-25,L1,landlord,Order,terminated_voidable,True,True
LTB-L-109146-25,L1,landlord,Order,other,False,False
LTB-L-109165-25,L1,landlord,Order,terminated_voidable,False,True
LTB-L-109169-25,L1,landlord,Order,money_only,True,False
LTB-L-109172-25,L1,landlord,Order,other,False,False
LTB-L-109192-25,L1,landlord,ExParte Order,other,False,False
LTB-L-109215-25,L1,landlord,Order,terminated,False,True
LTB-L-109222-25,L1,landlord,Order,terminated_voidable,False,True
LTB-L-109244-25,L1,landlord,Order,other,False,False
LTB-L-109262-25,L1,landlord,Order,money_only,True,False
LTB-L-109269-25,L1,landlord,Order,money_only,True,False
LTB-L-109276-25,L1,landlord,Order,money_only,True,False
LTB-L-109308-25,L1,landlord,Review Order,terminated_voidable,False,True
LTB-L-109313-25,L1,landlord,Order,terminated_voidable,False,True
LTB-L-109324-25,L1,landlord,Order,terminated,False,False
LTB-L-109326-25,L1,landlord,Order,terminated_voidable,False,True
LTB-L-109353-25,L1,landlord,Order,terminated_voidable,False,True
LTB-L-109400-25,L1,landlord,Order,terminated_voidable,True,True
LTB-L-109436-25,L1,landlord,Order,terminated_voidable,False,True
LTB-L-109529-25,L1,landlord,Order,terminated,False,False
LTB-L-109542-25,L1,landlord,Order,terminated,False,False
LTB-L-109583-25,L1,landlord,Order,terminated,False,False
LTB-L-109603-25,L1,landlord,Order,money_only,False,False
LTB-L-005020-23,L10,landlord,Order,dismissed,False,False
LTB-L-005740-25,L10,landlord,Order,dismissed,False,False
LTB-L-006553-25,L10,landlord,Order,remedy_ordered,False,False
LTB-L-007251-25,L10,landlord,Order,other,False,False
LTB-L-008390-24,L10,landlord,Order,dismissed,False,False
LTB-L-009243-25,L10,landlord,Order,money_only,False,False
LTB-L-009565-25,L10,landlord,Order,money_only,False,False
LTB-L-010872-25,L10,landlord,Order,dismissed,False,False
LTB-L-011879-24,L10,landlord,Order,money_only,False,False
LTB-L-012177-25,L10,landlord,Order,dismissed,False,False
LTB-L-012883-24,L10,landlord,Order,terminated,True,False
LTB-L-013025-25,L10,landlord,Review Order,other,False,False
LTB-L-013798-25,L10,landlord,Review Order,dismissed,False,False
LTB-L-013813-26,L10,landlord,Order,money_only,False,False
LTB-L-014752-23,L10,landlord,Order,money_only,False,False
LTB-L-016340-24,L10,landlord,Order,dismissed,False,False
LTB-L-016868-23,L10,landlord,Order,money_only,False,False
LTB-L-018962-25,L10,landlord,Review Order,other,False,False
LTB-L-020498-25,L10,landlord,Order,other,False,False
LTB-L-020804-25,L10,landlord,Review Order,other,False,False
LTB-L-022883-25,L10,landlord,Order,dismissed,False,False
LTB-L-024129-25,L10,landlord,Order,money_only,False,False
LTB-L-025871-24,L10,landlord,Order,dismissed,False,False
LTB-L-026529-25,L10,landlord,Order,money_only,False,False
LTB-L-026631-25,L10,landlord,Review Order,other,False,False
LTB-L-026849-25,L10,landlord,Review Order,other,False,False
LTB-L-026958-24,L10,landlord,Review Order,money_only,True,False
LTB-L-027042-25,L10,landlord,Order,money_only,False,False
LTB-L-031414-25,L10,landlord,Order,money_only,True,False
LTB-L-031962-24,L10,landlord,ExParte Order,withdrawn,False,False
LTB-L-032787-25,L10,landlord,Order,dismissed,False,False
LTB-L-033192-24,L10,landlord,Order,dismissed,False,False
LTB-L-033410-24,L10,landlord,Order,dismissed,False,False
LTB-L-033480-25,L10,landlord,Order,other,False,False
LTB-L-034212-25,L10,landlord,Amended Order,money_only,False,False
LTB-L-034222-25,L10,landlord,Order,dismissed,False,False
LTB-L-034483-25,L10,landlord,Order,dismissed,False,False
LTB-L-034640-23,L10,landlord,Order,remedy_ordered,True,False
LTB-L-034792-25,L10,landlord,Order,money_only,False,False
LTB-L-034792-25,L10,landlord,Amended Order,money_only,False,False
LTB-L-035635-25,L10,landlord,Order,dismissed,False,False
LTB-L-036083-26,L10,landlord,Amended Order,other,True,False
LTB-L-036824-25,L10,landlord,Order,money_only,True,False
LTB-L-037594-25,L10,landlord,Order,other,False,False
LTB-L-038029-25,L10,landlord,Order,dismissed,False,False
LTB-L-038264-25,L10,landlord,Order,dismissed,False,False
LTB-L-038276-25,L10,landlord,Order,dismissed,False,False
LTB-L-038651-25,L10,landlord,Order,dismissed,False,False
LTB-L-039007-25,L10,landlord,Order,remedy_ordered,True,False
LTB-L-039400-25,L10,landlord,Order,money_only,False,False
LTB-L-039618-25,L10,landlord,Order,dismissed,False,False
LTB-L-040036-25,L10,landlord,Order,dismissed,False,False
LTB-L-041751-25,L10,landlord,Order,other,False,False
LTB-L-041759-25,L10,landlord,Order,money_only,True,False
LTB-L-042927-25,L10,landlord,Order,money_only,True,False
LTB-L-043174-25,L10,landlord,Order,money_only,False,False
LTB-L-043659-25,L10,landlord,Order,money_only,False,False
LTB-L-044296-25,L10,landlord,Order,money_only,False,False
LTB-L-044344-25,L10,landlord,Order,money_only,False,False
LTB-L-044413-23,L10,landlord,Order,dismissed,False,False
LTB-L-044665-25,L10,landlord,Order,money_only,False,False
LTB-L-046044-23,L10,landlord,Order,money_only,False,False
LTB-L-046799-25,L10,landlord,Order,terminated,True,False
LTB-L-049619-25,L10,landlord,Order,money_only,False,False
LTB-L-050644-24,L10,landlord,Order,dismissed,False,False
LTB-L-050897-25,L10,landlord,Order,dismissed,False,False
LTB-L-051909-25,L10,landlord,Order,money_only,False,False
LTB-L-052354-25,L10,landlord,Order,money_only,False,False
LTB-L-055048-25,L10,landlord,Order,dismissed,False,False
LTB-L-055709-24,L10,landlord,Order,money_only,False,False
LTB-L-055959-24,L10,landlord,Order,money_only,True,False
LTB-L-056138-24,L10,landlord,Order,other,False,False
LTB-L-056619-25,L10,landlord,Order,other,True,False
LTB-L-057416-25,L10,landlord,Order,money_only,False,False
LTB-L-058274-24,L10,landlord,Order,dismissed,False,False
LTB-L-058443-25,L10,landlord,Order,money_only,False,False
LTB-L-058695-25,L10,landlord,Order,money_only,False,False
LTB-L-059760-25,L10,landlord,Order,other,False,False
LTB-L-060128-25,L10,landlord,Order,withdrawn,False,False
LTB-L-060355-24,L10,landlord,Order,dismissed,False,False
LTB-L-061513-25,L10,landlord,Order,terminated,False,False
LTB-L-062175-25,L10,landlord,Order,money_only,False,False
LTB-L-062377-25,L10,landlord,Order,money_only,False,False
LTB-L-064511-24,L10,landlord,Review Order,other,False,False
LTB-L-066429-23,L10,landlord,Order,money_only,False,False
LTB-L-066442-24,L10,landlord,Order,money_only,False,False
LTB-L-066649-25,L10,landlord,Order,money_only,False,False
LTB-L-066998-24,L10,landlord,Order,other,False,False
LTB-L-067721-24,L10,landlord,Order,dismissed,False,False
LTB-L-068475-24,L10,landlord,Order,dismissed,False,False
LTB-L-068550-24,L10,landlord,Order,money_only,False,False
LTB-L-069089-25,L10,landlord,Order,other,True,False
LTB-L-069566-25,L10,landlord,Order,money_only,False,False
LTB-L-069864-25,L10,landlord,Order,other,True,False
LTB-L-070136-24,L10,landlord,Order,money_only,False,False
LTB-L-070776-25,L10,landlord,Order,other,False,False
LTB-L-070839-25,L10,landlord,Order,other,False,False
LTB-L-070893-24,L10,landlord,Order,withdrawn,False,False
LTB-L-072352-25,L10,landlord,Order,money_only,False,False
LTB-L-075497-24,L10,landlord,Order,dismissed,False,False
LTB-L-075603-25,L10,landlord,Order,money_only,True,False
LTB-L-075812-23,L10,landlord,Order,money_only,False,False
LTB-L-075949-24,L10,landlord,Order,dismissed,False,False
LTB-L-075949-24,L10,landlord,Order,dismissed,False,False
LTB-L-075963-23,L10,landlord,Order,dismissed,False,False
LTB-L-076020-25,L10,landlord,Order,money_only,False,False
LTB-L-077006-25,L10,landlord,Order,other,False,False
LTB-L-077576-23,L10,landlord,Order,money_only,False,False
LTB-L-078086-25,L10,landlord,Order,other,False,False
LTB-L-079199-24,L10,landlord,Order,money_only,False,False
LTB-L-079832-23,L10,landlord,Review Order,other,False,False
LTB-L-081193-24,L10,landlord,Order,dismissed,False,False
LTB-L-081372-24,L10,landlord,Order,money_only,False,False
LTB-L-081812-25,L10,landlord,Order,dismissed,False,False
LTB-L-081958-25,L10,landlord,Order,other,True,False
LTB-L-084505-24,L10,landlord,Order,money_only,True,False
LTB-L-085235-25,L10,landlord,Order,remedy_ordered,True,False
LTB-L-086069-24,L10,landlord,Order,dismissed,False,False
LTB-L-086838-25,L10,landlord,Order,money_only,False,False
LTB-L-087173-25,L10,landlord,Order,dismissed,False,False
LTB-L-087375-25,L10,landlord,Order,money_only,False,False
LTB-L-087420-24,L10,landlord,Order,money_only,False,False
LTB-L-088686-25,L10,landlord,Order,money_only,False,False
LTB-L-090557-24,L10,landlord,Review Order,other,False,False
LTB-L-091131-23,L10,landlord,Order,dismissed,False,False
LTB-L-091853-25,L10,landlord,Order,money_only,False,False
LTB-L-092107-24,L10,landlord,Order,money_only,False,False
LTB-L-094214-24,L10,landlord,Order,money_only,False,False
LTB-L-095090-23,L10,landlord,Order,money_only,False,False
LTB-L-096045-24,L10,landlord,Order,money_only,False,False
LTB-L-096311-25,L10,landlord,Order,money_only,False,False
LTB-L-097605-24,L10,landlord,Order,dismissed,False,False
LTB-L-097771-25,L10,landlord,Order,other,False,False
LTB-L-098153-24,L10,landlord,Review Order,dismissed,False,False
LTB-L-098378-24,L10,landlord,Order,money_only,False,False
LTB-L-098732-25,L10,landlord,Order,dismissed,False,False
LTB-L-099592-25,L10,landlord,Order,money_only,False,False
LTB-L-100189-25,L10,landlord,Order,dismissed,False,False
LTB-L-100548-24,L10,landlord,Order,withdrawn,False,False
LTB-L-100629-25,L10,landlord,Order,dismissed,False,False
LTB-L-101945-25,L10,landlord,Order,money_only,False,False
LTB-L-102036-25,L10,landlord,Order,money_only,False,False
LTB-L-102626-25,L10,landlord,Order,money_only,True,False
LTB-L-104578-24,L10,landlord,Order,dismissed,False,False
LTB-L-104684-24,L10,landlord,Order,dismissed,False,False
LTB-L-104894-24,L10,landlord,Order,dismissed,False,False
LTB-L-000049-26,L2,landlord,Order,terminated,False,True
LTB-L-000156-26,L2,landlord,Order,money_only,False,False
LTB-L-000192-26,L2,landlord,Order,terminated,True,True
LTB-L-000219-23,L2,landlord,Order,dismissed,False,False
LTB-L-000315-26,L2,landlord,Order,dismissed,False,False
LTB-L-000316-26,L2,landlord,Order,other,False,False
LTB-L-000700-26,L2,landlord,Order,terminated,False,True
LTB-L-000700-26,L2,landlord,Amended Order,terminated,False,True
LTB-L-000746-26,L2,landlord,Order,other,True,False
LTB-L-000762-26,L2,landlord,Order,other,True,False
LTB-L-000778-26,L2,landlord,Order,terminated,False,True
LTB-L-001114-26,L2,landlord,Order,dismissed,False,False
LTB-L-001154-26,L2,landlord,Order,terminated,False,True
LTB-L-001286-24,L2,landlord,Order,other,False,False
LTB-L-001357-26,L2,landlord,Order,terminated,True,True
LTB-L-001378-26,L2,landlord,Order,dismissed,False,False
LTB-L-001486-26,L2,landlord,Order,terminated,True,True
LTB-L-001519-26,L2,landlord,Order,terminated,True,True
LTB-L-001549-26,L2,landlord,Order,dismissed,False,False
LTB-L-001593-26,L2,landlord,Order,money_only,True,False
LTB-L-001752-26,L2,landlord,Order,terminated,False,True
LTB-L-001858-26,L2,landlord,Order,other,False,False
LTB-L-002377-26,L2,landlord,Order,other,True,False
LTB-L-002457-26,L2,landlord,Order,terminated,True,True
LTB-L-002473-26,L2,landlord,Order,other,False,False
LTB-L-002483-26,L2,landlord,Order,dismissed,False,False
LTB-L-002618-26,L2,landlord,Order,remedy_ordered,False,False
LTB-L-002906-26,L2,landlord,Order,other,True,False
LTB-L-002928-26,L2,landlord,Order,terminated,True,True
LTB-L-003012-26,L2,landlord,Order,money_only,True,False
LTB-L-003213-26,L2,landlord,Order,terminated,False,True
LTB-L-003282-26,L2,landlord,Order,terminated,False,True
LTB-L-003355-26,L2,landlord,Order,dismissed,False,False
LTB-L-003359-26,L2,landlord,Order,terminated,False,True
LTB-L-003687-26,L2,landlord,Order,terminated,False,True
LTB-L-003729-26,L2,landlord,Order,terminated,False,True
LTB-L-003864-26,L2,landlord,Order,other,True,False
LTB-L-003896-26,L2,landlord,Order,dismissed,False,False
LTB-L-003968-26,L2,landlord,Order,other,True,False
LTB-L-004266-26,L2,landlord,Order,terminated,False,True
LTB-L-004297-26,L2,landlord,Order,other,True,False
LTB-L-004438-26,L2,landlord,Order,terminated,False,True
LTB-L-004477-26,L2,landlord,Order,other,True,False
LTB-L-004561-26,L2,landlord,Order,money_only,True,False
LTB-L-004641-26,L2,landlord,Order,terminated,False,True
LTB-L-004719-26,L2,landlord,Order,withdrawn,False,False
LTB-L-004804-26,L2,landlord,Order,dismissed,False,False
LTB-L-004939-26,L2,landlord,Order,other,False,False
LTB-L-004982-26,L2,landlord,Order,other,True,False
LTB-L-004990-26,L2,landlord,Order,terminated,False,True
LTB-L-005019-26,L2,landlord,Order,terminated,False,True
LTB-L-005121-26,L2,landlord,Order,terminated,True,True
LTB-L-005172-26,L2,landlord,Order,terminated,True,True
LTB-L-005196-26,L2,landlord,Order,dismissed,False,False
LTB-L-005217-24,L2,landlord,Order,withdrawn,False,False
LTB-L-005264-26,L2,landlord,Order,terminated,False,True
LTB-L-005306-26,L2,landlord,Order,terminated,False,True
LTB-L-005313-24,L2,landlord,Order,terminated,False,True
LTB-L-005395-26,L2,landlord,Order,other,False,False
LTB-L-005426-26,L2,landlord,Order,money_only,True,False
LTB-L-005476-26,L2,landlord,Review Order,terminated,False,True
LTB-L-005476-26,L2,landlord,Order,terminated,False,True
LTB-L-005712-26,L2,landlord,Order,dismissed,False,False
LTB-L-005845-26,L2,landlord,Order,terminated,True,True
LTB-L-005935-26,L2,landlord,Order,withdrawn,False,False
LTB-L-006026-26,L2,landlord,Order,other,False,False
LTB-L-006103-26,L2,landlord,Order,terminated,False,True
LTB-L-006289-26,L2,landlord,Order,terminated,False,True
LTB-L-006428-26,L2,landlord,Order,other,False,False
LTB-L-006527-26,L2,landlord,Order,terminated,False,True
LTB-L-006615-26,L2,landlord,Order,dismissed,False,False
LTB-L-006772-26,L2,landlord,Order,dismissed,False,False
LTB-L-006780-26,L2,landlord,Order,terminated,True,True
LTB-L-006795-25,L2,landlord,Review Order,terminated,False,True
LTB-L-006856-26,L2,landlord,Order,dismissed,False,False
LTB-L-006918-24,L2,landlord,Order,dismissed,False,False
LTB-L-006994-26,L2,landlord,Order,dismissed,False,False
LTB-L-007008-26,L2,landlord,Order,dismissed,False,False
LTB-L-007095-26,L2,landlord,Order,dismissed,False,False
LTB-L-007225-26,L2,landlord,Order,remedy_ordered,True,False
LTB-L-007275-26,L2,landlord,Order,terminated,True,True
LTB-L-007374-26,L2,landlord,Order,dismissed,False,False
LTB-L-007487-26,L2,landlord,Order,terminated,False,True
LTB-L-007522-26,L2,landlord,Order,money_only,True,False
LTB-L-007804-26,L2,landlord,Order,money_only,False,False
LTB-L-007912-26,L2,landlord,Order,terminated,False,True
LTB-L-007938-26,L2,landlord,Order,terminated,False,True
LTB-L-008019-26,L2,landlord,Order,other,True,False
LTB-L-008156-26,L2,landlord,Order,withdrawn,True,False
LTB-L-008533-26,L2,landlord,Order,terminated,True,True
LTB-L-008591-26,L2,landlord,Order,terminated,False,True
LTB-L-008603-26,L2,landlord,Order,money_only,False,False
LTB-L-008652-26,L2,landlord,Order,other,False,False
LTB-L-008706-24,L2,landlord,Order,other,True,False
LTB-L-008810-26,L2,landlord,Order,terminated,False,True
LTB-L-008904-26,L2,landlord,Order,money_only,True,False
LTB-L-008922-26,L2,landlord,ExParte Order,other,False,False
LTB-L-009087-26,L2,landlord,Order,money_only,True,False
LTB-L-009103-26,L2,landlord,Order,terminated,False,True
LTB-L-009169-26,L2,landlord,Order,terminated,False,True
LTB-L-009283-26,L2,landlord,Order,dismissed,False,False
LTB-L-009308-26,L2,landlord,Review Order,dismissed,False,False
LTB-L-009368-26,L2,landlord,Order,terminated,False,True
LTB-L-009537-26,L2,landlord,Amended Order,terminated,False,True
LTB-L-009598-26,L2,landlord,Order,terminated,False,True
LTB-L-009615-25,L2,landlord,Order,dismissed,False,False
LTB-L-009618-26,L2,landlord,Order,money_only,False,False
LTB-L-009658-26,L2,landlord,Order,money_only,False,False
LTB-L-009673-26,L2,landlord,Order,dismissed,False,False
LTB-L-009674-26,L2,landlord,Order,terminated,True,True
LTB-L-009755-24,L2,landlord,Order,terminated,False,False
LTB-L-009888-25,L2,landlord,Order,terminated,False,True
LTB-L-009917-26,L2,landlord,Order,other,False,False
LTB-L-010022-26,L2,landlord,Order,other,True,False
LTB-L-010069-26,L2,landlord,Order,terminated,False,True
LTB-L-010141-26,L2,landlord,Order,terminated,True,True
LTB-L-010156-26,L2,landlord,Order,terminated,False,True
LTB-L-010282-26,L2,landlord,Order,money_only,True,False
LTB-L-010599-26,L2,landlord,Order,terminated,True,True
LTB-L-010674-26,L2,landlord,Order,other,False,False
LTB-L-010983-24,L2,landlord,Order,dismissed,False,False
LTB-L-010990-26,L2,landlord,Order,money_only,False,False
LTB-L-011039-26,L2,landlord,Order,money_only,False,False
LTB-L-011079-26,L2,landlord,Order,money_only,False,False
LTB-L-011105-26,L2,landlord,Order,dismissed,False,False
LTB-L-011296-26,L2,landlord,Order,terminated,False,False
LTB-L-011308-26,L2,landlord,Order,terminated,True,True
LTB-L-011313-26,L2,landlord,Order,other,False,False
LTB-L-011381-26,L2,landlord,Order,terminated,False,True
LTB-L-011451-26,L2,landlord,Order,other,False,False
LTB-L-011496-26,L2,landlord,Order,terminated,False,True
LTB-L-011549-26,L2,landlord,Order,terminated,True,True
LTB-L-011570-26,L2,landlord,Order,other,False,False
LTB-L-011708-26,L2,landlord,Order,dismissed,False,False
LTB-L-011725-26,L2,landlord,Order,terminated,False,True
LTB-L-011781-26,L2,landlord,Order,withdrawn,False,False
LTB-L-011990-26,L2,landlord,Order,dismissed,False,False
LTB-L-011991-26,L2,landlord,Order,terminated,False,True
LTB-L-011993-26,L2,landlord,Order,terminated,False,True
LTB-L-012408-26,L2,landlord,Order,dismissed,False,False
LTB-L-012634-26,L2,landlord,Order,terminated,False,False
LTB-L-012672-26,L2,landlord,Order,terminated,False,True
LTB-L-012791-26,L2,landlord,Amended Order,terminated,False,True
LTB-L-012951-26,L2,landlord,Order,terminated,True,True
LTB-L-012965-26,L2,landlord,Order,money_only,True,False
LTB-L-012996-26,L2,landlord,Order,terminated,True,True
LTB-L-013044-26,L2,landlord,Order,other,False,False
LTB-L-013047-26,L2,landlord,Order,terminated,False,True
LTB-L-013064-26,L2,landlord,Order,other,True,False
LTB-L-013104-26,L2,landlord,Amended Order,other,False,False
LTB-L-013313-26,L2,landlord,Order,other,True,False
LTB-L-013353-26,L2,landlord,Order,money_only,True,False
LTB-L-013409-26,L2,landlord,Order,other,False,False
LTB-L-013540-26,L2,landlord,Order,terminated,False,True
LTB-L-013637-26,L2,landlord,Order,money_only,False,False
LTB-L-013656-26,L2,landlord,Order,terminated,False,True
LTB-L-013839-26,L2,landlord,Order,terminated,False,True
LTB-L-013898-26,L2,landlord,Order,terminated,False,True
LTB-L-013983-25,L2,landlord,Order,terminated,False,True
LTB-L-014011-26,L2,landlord,Order,terminated,True,True
LTB-L-014378-26,L2,landlord,Order,dismissed,False,False
LTB-L-014761-26,L2,landlord,Order,terminated,True,True
LTB-L-014932-26,L2,landlord,Order,terminated,True,True
LTB-L-015266-25,L2,landlord,Order,dismissed,False,False
LTB-L-015517-26,L2,landlord,Order,money_only,True,False
LTB-L-015735-26,L2,landlord,Order,other,False,False
LTB-L-015791-26,L2,landlord,Order,dismissed,False,False
LTB-L-016168-26,L2,landlord,Order,terminated,True,True
LTB-L-016415-26,L2,landlord,Order,money_only,False,False
LTB-L-016425-26,L2,landlord,Order,terminated,False,False
LTB-L-016550-26,L2,landlord,Order,other,False,False
LTB-L-016747-26,L2,landlord,Order,dismissed,False,False
LTB-L-016835-26,L2,landlord,Order,terminated,True,True
LTB-L-017139-25,L2,landlord,Order,terminated,False,True
LTB-L-017340-26,L2,landlord,Order,other,True,False
LTB-L-017727-26,L2,landlord,Order,terminated,True,True
LTB-L-017905-25,L2,landlord,Review Order,other,False,False
LTB-L-018076-26,L2,landlord,Order,other,False,False
LTB-L-018146-26,L2,landlord,Order,money_only,True,False
LTB-L-018337-26,L2,landlord,Order,other,True,False
LTB-L-019060-26,L2,landlord,Order,terminated,False,True
LTB-L-019107-26,L2,landlord,Order,other,True,False
LTB-L-019108-26,L2,landlord,Order,other,False,False
LTB-L-019806-26,L2,landlord,Order,money_only,True,False
LTB-L-019874-26,L2,landlord,Order,money_only,False,False
LTB-L-019880-26,L2,landlord,Order,terminated,False,True
LTB-L-019932-26,L2,landlord,Order,money_only,False,False
LTB-L-019984-26,L2,landlord,Order,money_only,True,False
LTB-L-020002-25,L2,landlord,Order,terminated,False,False
LTB-L-020345-24,L2,landlord,Order,other,False,False
LTB-L-020441-26,L2,landlord,Order,money_only,True,False
LTB-L-020477-26,L2,landlord,Order,money_only,True,False
LTB-L-020854-26,L2,landlord,Order,other,True,False
LTB-L-020975-26,L2,landlord,Order,other,True,False
LTB-L-021032-26,L2,landlord,Order,other,True,False
LTB-L-021307-25,L2,landlord,Order,other,False,False
LTB-L-021409-26,L2,landlord,Order,terminated,False,True
LTB-L-021985-26,L2,landlord,Order,terminated,False,False
LTB-L-022029-26,L2,landlord,Order,dismissed,False,False
LTB-L-022172-26,L2,landlord,Order,terminated,False,True
LTB-L-022201-26,L2,landlord,Order,money_only,False,False
LTB-L-022416-26,L2,landlord,Order,other,False,False
LTB-L-023347-26,L2,landlord,Order,dismissed,False,False
LTB-L-023440-26,L2,landlord,Order,other,False,False
LTB-L-023469-26,L2,landlord,Order,money_only,True,False
LTB-L-023945-24,L2,landlord,Order,terminated,False,True
LTB-L-024218-26,L2,landlord,Order,other,True,False
LTB-L-024378-25,L2,landlord,Order,dismissed,False,False
LTB-L-024465-25,L2,landlord,Order,money_only,False,False
LTB-L-025330-26,L2,landlord,Order,other,False,False
LTB-L-025603-25,L2,landlord,Review Order,other,False,False
LTB-L-026107-25,L2,landlord,Review Order,other,False,False
LTB-L-026355-25,L2,landlord,Order,dismissed,False,False
LTB-L-027872-26,L2,landlord,Order,terminated,False,False
LTB-L-028000-26,L2,landlord,Order,other,True,False
LTB-L-028837-25,L2,landlord,Order,terminated,False,True
LTB-L-028892-26,L2,landlord,Order,terminated_voidable,True,True
LTB-L-029058-23,L2,landlord,Order,dismissed,False,False
LTB-L-029594-25,L2,landlord,Amended Order,terminated,False,True
LTB-L-031523-25,L2,landlord,Review Order,other,False,False
LTB-L-033445-25,L2,landlord,Review Order,other,False,False
LTB-L-033491-25,L2,landlord,Order,terminated,False,True
LTB-L-033905-25,L2,landlord,Review Order,withdrawn,False,False
LTB-L-034106-24,L2,landlord,Review Order,dismissed,False,False
LTB-L-034470-25,L2,landlord,Order,other,False,False
LTB-L-035043-25,L2,landlord,Order,dismissed,False,False
LTB-L-036211-24,L2,landlord,Amended Order,terminated,True,True
LTB-L-036464-24,L2,landlord,Order,other,False,False
LTB-L-036467-25,L2,landlord,Review Order,other,False,False
LTB-L-036854-25,L2,landlord,Order,other,False,False
LTB-L-037246-24,L2,landlord,Order,dismissed,False,False
LTB-L-037354-25,L2,landlord,Order,money_only,False,False
LTB-L-037872-26,L2,landlord,Order,money_only,False,False
LTB-L-038102-25,L2,landlord,Order,dismissed,False,False
LTB-L-038179-25,L2,landlord,Order,money_only,False,True
LTB-L-038213-26,L2,landlord,Order,remedy_ordered,True,False
LTB-L-038618-24,L2,landlord,Amended Order,terminated,False,False
LTB-L-038892-24,L2,landlord,Order,withdrawn,False,False
LTB-L-039216-24,L2,landlord,Order,terminated,False,True
LTB-L-039550-25,L2,landlord,Review Order,money_only,False,False
LTB-L-041732-25,L2,landlord,Review Order,other,False,True
LTB-L-041845-24,L2,landlord,Order,terminated,False,True
LTB-L-042453-24,L2,landlord,Order,terminated,False,True
LTB-L-042760-25,L2,landlord,Order,dismissed,False,False
LTB-L-042826-25,L2,landlord,Order,other,True,False
LTB-L-043203-25,L2,landlord,Order,terminated,False,True
LTB-L-043515-25,L2,landlord,Order,terminated,False,True
LTB-L-043563-25,L2,landlord,Order,terminated,False,True
LTB-L-043801-25,L2,landlord,Order,terminated,False,True
LTB-L-044298-24,L2,landlord,Order,terminated,False,True
LTB-L-045021-25,L2,landlord,Review Order,terminated,True,True
LTB-L-045765-25,L2,landlord,Order,dismissed,False,False
LTB-L-046388-25,L2,landlord,Review Order,other,False,False
LTB-L-047363-24,L2,landlord,Order,remedy_ordered,True,False
LTB-L-047535-25,L2,landlord,Review Order,dismissed,False,False
LTB-L-047836-25,L2,landlord,Amended Order,other,False,True
LTB-L-047967-24,L2,landlord,Review Order,terminated,False,True
LTB-L-048514-25,L2,landlord,Review Order,other,False,False
LTB-L-048899-25,L2,landlord,Order,remedy_ordered,True,True
LTB-L-049054-25,L2,landlord,Review Order,withdrawn,False,False
LTB-L-049222-24,L2,landlord,Order,dismissed,False,True
LTB-L-049321-24,L2,landlord,Review Order,other,False,False
LTB-L-049746-25,L2,landlord,Order,withdrawn,False,False
LTB-L-051379-25,L2,landlord,Order,terminated,False,True
LTB-L-051408-25,L2,landlord,Review Order,remedy_ordered,True,False
LTB-L-051502-25,L2,landlord,Order,dismissed,False,False
LTB-L-051584-25,L2,landlord,Order,dismissed,False,False
LTB-L-051725-25,L2,landlord,Order,terminated,False,True
LTB-L-053171-25,L2,landlord,Order,terminated,False,True
LTB-L-053206-25,L2,landlord,Order,dismissed,False,False
LTB-L-053253-24,L2,landlord,Review Order,other,False,False
LTB-L-053446-25,L2,landlord,Review Order,other,True,False
LTB-L-053578-25,L2,landlord,Order,money_only,True,False
LTB-L-053583-25,L2,landlord,Order,terminated,True,True
LTB-L-053894-25,L2,landlord,Order,withdrawn,False,False
LTB-L-054562-24,L2,landlord,Order,other,False,False
LTB-L-054950-25,L2,landlord,Review Order,other,False,False
LTB-L-055177-25,L2,landlord,Order,terminated,False,False
LTB-L-055284-25,L2,landlord,Review Order,other,False,False
LTB-L-055728-25,L2,landlord,Order,dismissed,False,False
LTB-L-056579-25,L2,landlord,Order,other,False,False
LTB-L-057638-25,L2,landlord,Order,money_only,False,False
LTB-L-057774-25,L2,landlord,Order,withdrawn,False,False
LTB-L-057916-25,L2,landlord,Order,money_only,False,False
LTB-L-057946-25,L2,landlord,Order,other,True,False
LTB-L-058001-25,L2,landlord,Order,other,False,False
LTB-L-058601-24,L2,landlord,Order,money_only,False,False
LTB-L-058816-25,L2,landlord,Order,terminated,False,True
LTB-L-059248-25,L2,landlord,Order,money_only,False,False
LTB-L-059285-25,L2,landlord,Order,other,False,False
LTB-L-059416-24,L2,landlord,Order,terminated,False,True
LTB-L-059441-25,L2,landlord,Review Order,withdrawn,False,False
LTB-L-059882-25,L2,landlord,Review Order,terminated,False,True
LTB-L-059937-25,L2,landlord,Order,other,False,False
LTB-L-059960-25,L2,landlord,Order,terminated,False,True
LTB-L-060185-24,L2,landlord,Order,withdrawn,False,False
LTB-L-060243-25,L2,landlord,Order,other,False,False
LTB-L-060773-25,L2,landlord,Order,other,False,False
LTB-L-060929-25,L2,landlord,Review Order,withdrawn,False,False
LTB-L-061078-25,L2,landlord,Review Order,other,False,False
LTB-L-061101-25,L2,landlord,Review Order,other,False,False
LTB-L-061607-25,L2,landlord,Order,terminated,True,True
LTB-L-061675-25,L2,landlord,Order,terminated,True,False
LTB-L-061830-25,L2,landlord,Order,dismissed,False,False
LTB-L-061833-25,L2,landlord,Order,money_only,False,False
LTB-L-061886-25,L2,landlord,Order,terminated,False,True
LTB-L-062004-25,L2,landlord,Order,terminated,False,True
LTB-L-062097-25,L2,landlord,Review Order,other,False,False
LTB-L-062734-25,L2,landlord,Order,money_only,False,False
LTB-L-062775-25,L2,landlord,Order,dismissed,False,False
LTB-L-063176-25,L2,landlord,Order,dismissed,False,False
LTB-L-063208-25,L2,landlord,Order,dismissed,False,False
LTB-L-063504-25,L2,landlord,Order,money_only,True,False
LTB-L-063830-25,L2,landlord,Order,terminated,False,True
LTB-L-063841-25,L2,landlord,Order,terminated,True,True
LTB-L-064183-25,L2,landlord,Order,other,False,False
LTB-L-064274-25,L2,landlord,Order,money_only,False,False
LTB-L-064348-24,L2,landlord,Order,dismissed,False,False
LTB-L-064415-25,L2,landlord,Review Order,money_only,False,False
LTB-L-064535-25,L2,landlord,Order,terminated,True,True
LTB-L-065221-25,L2,landlord,Review Order,terminated,False,True
LTB-L-065414-25,L2,landlord,Review Order,other,True,False
LTB-L-065668-23,L2,landlord,Order,terminated,False,False
LTB-L-065681-25,L2,landlord,Order,terminated,False,True
LTB-L-065734-25,L2,landlord,Order,terminated,False,True
LTB-L-066220-25,L2,landlord,Order,other,False,False
LTB-L-066468-25,L2,landlord,Order,other,False,False
LTB-L-066554-25,L2,landlord,Review Order,dismissed,False,False
LTB-L-066591-24,L2,landlord,Order,dismissed,False,False
LTB-L-066813-25,L2,landlord,Order,money_only,True,False
LTB-L-067282-25,L2,landlord,Order,terminated,False,True
LTB-L-067282-25,L2,landlord,Review Order,terminated,False,True
LTB-L-067489-25,L2,landlord,Order,other,False,False
LTB-L-067593-25,L2,landlord,Order,money_only,False,False
LTB-L-067698-25,L2,landlord,Review Order,other,False,False
LTB-L-068054-25,L2,landlord,Order,money_only,False,False
LTB-L-068380-25,L2,landlord,Order,money_only,False,False
LTB-L-068890-25,L2,landlord,Order,terminated,False,True
LTB-L-069020-25,L2,landlord,Order,other,False,False
LTB-L-069160-25,L2,landlord,Order,terminated,True,False
LTB-L-069497-24,L2,landlord,Review Order,dismissed,False,False
LTB-L-069744-25,L2,landlord,Review Order,other,False,False
LTB-L-069871-25,L2,landlord,Order,terminated,False,True
LTB-L-069939-25,L2,landlord,Order,dismissed,False,False
LTB-L-069976-25,L2,landlord,Order,terminated,False,True
LTB-L-069999-25,L2,landlord,Order,dismissed,False,False
LTB-L-070322-25,L2,landlord,Order,money_only,False,False
LTB-L-070422-25,L2,landlord,Order,terminated,False,False
LTB-L-070571-25,L2,landlord,Order,dismissed,False,False
LTB-L-070594-25,L2,landlord,Order,terminated,False,True
LTB-L-070658-25,L2,landlord,Order,terminated,False,True
LTB-L-070709-25,L2,landlord,Order,money_only,False,True
LTB-L-070952-25,L2,landlord,Order,other,False,False
LTB-L-070954-25,L2,landlord,Order,money_only,False,False
LTB-L-071021-25,L2,landlord,Order,terminated,False,True
LTB-L-071299-25,L2,landlord,Order,other,True,False
LTB-L-071721-25,L2,landlord,Order,terminated,False,False
LTB-L-071746-24,L2,landlord,Order,terminated,False,True
LTB-L-071865-25,L2,landlord,ExParte Order,withdrawn,False,False
LTB-L-072156-25,L2,landlord,Order,other,False,False
LTB-L-072324-25,L2,landlord,Order,dismissed,False,False
LTB-L-072340-24,L2,landlord,Order,terminated,False,False
LTB-L-072406-25,L2,landlord,Order,other,True,False
LTB-L-072485-25,L2,landlord,Amended Order,terminated,False,True
LTB-L-072593-25,L2,landlord,Order,money_only,False,False
LTB-L-072704-25,L2,landlord,Order,other,False,False
LTB-L-072815-25,L2,landlord,Order,dismissed,False,False
LTB-L-072942-25,L2,landlord,Order,dismissed,False,False
LTB-L-073076-23,L2,landlord,Review Order,other,False,False
LTB-L-073247-25,L2,landlord,Order,other,False,False
LTB-L-073367-25,L2,landlord,Order,terminated,False,True
LTB-L-073584-25,L2,landlord,Order,dismissed,False,False
LTB-L-073923-25,L2,landlord,Order,dismissed,False,False
LTB-L-074359-24,L2,landlord,Order,dismissed,False,False
LTB-L-074450-25,L2,landlord,Order,terminated,False,True
LTB-L-074640-25,L2,landlord,Order,dismissed,False,False
LTB-L-074881-25,L2,landlord,Order,terminated,True,True
LTB-L-074915-25,L2,landlord,Order,dismissed,False,False
LTB-L-074931-25,L2,landlord,Order,terminated,False,False
LTB-L-075006-25,L2,landlord,Order,dismissed,False,False
LTB-L-075050-25,L2,landlord,Order,terminated,True,True
LTB-L-075083-25,L2,landlord,Order,dismissed,False,False
LTB-L-075689-25,L2,landlord,Review Order,other,False,False
LTB-L-075689-25,L2,landlord,Order,other,False,False
LTB-L-075945-25,L2,landlord,Order,other,False,False
LTB-L-075984-25,L2,landlord,Order,terminated,False,True
LTB-L-076181-25,L2,landlord,Order,other,False,False
LTB-L-076267-25,L2,landlord,Review Order,terminated,True,True
LTB-L-076304-25,L2,landlord,Order,dismissed,False,False
LTB-L-076447-25,L2,landlord,Order,dismissed,False,False
LTB-L-076493-25,L2,landlord,Order,other,False,False
LTB-L-076528-25,L2,landlord,Order,money_only,True,False
LTB-L-076659-25,L2,landlord,Order,withdrawn,False,False
LTB-L-076816-25,L2,landlord,Order,other,False,False
LTB-L-076944-25,L2,landlord,Order,terminated,False,True
LTB-L-077104-25,L2,landlord,Order,dismissed,False,False
LTB-L-077203-25,L2,landlord,Order,dismissed,False,False
LTB-L-077304-25,L2,landlord,Order,terminated,True,True
LTB-L-077620-25,L2,landlord,Order,other,True,False
LTB-L-077716-25,L2,landlord,Order,terminated,False,True
LTB-L-077727-25,L2,landlord,Order,other,False,False
LTB-L-077989-25,L2,landlord,Order,dismissed,False,False
LTB-L-077993-25,L2,landlord,Order,other,False,False
LTB-L-078237-24,L2,landlord,Order,withdrawn,False,False
LTB-L-078247-25,L2,landlord,Order,terminated,False,True
LTB-L-078453-25,L2,landlord,Order,dismissed,False,False
LTB-L-078456-25,L2,landlord,Order,dismissed,False,False
LTB-L-078621-25,L2,landlord,Order,other,False,False
LTB-L-078778-25,L2,landlord,Order,terminated,True,True
LTB-L-078799-25,L2,landlord,ExParte Order,withdrawn,False,False
LTB-L-078856-25,L2,landlord,Order,terminated,False,True
LTB-L-078884-25,L2,landlord,Order,other,False,True
LTB-L-079221-25,L2,landlord,Order,other,True,True
LTB-L-079362-25,L2,landlord,Amended Order,terminated,False,True
LTB-L-079431-25,L2,landlord,Order,money_only,False,False
LTB-L-079556-25,L2,landlord,Order,dismissed,False,False
LTB-L-079565-25,L2,landlord,Review Order,other,False,False
LTB-L-079666-25,L2,landlord,Order,money_only,False,False
LTB-L-079830-25,L2,landlord,Order,withdrawn,False,False
LTB-L-080131-25,L2,landlord,Order,withdrawn,False,False
LTB-L-080135-25,L2,landlord,Order,terminated,True,True
LTB-L-080235-25,L2,landlord,Order,money_only,False,False
LTB-L-080452-25,L2,landlord,Order,money_only,False,False
LTB-L-080582-25,L2,landlord,Order,terminated,False,True
LTB-L-080666-25,L2,landlord,Order,money_only,False,False
LTB-L-080783-25,L2,landlord,Order,terminated,False,True
LTB-L-080801-25,L2,landlord,Order,terminated,False,True
LTB-L-080875-25,L2,landlord,Order,other,False,False
LTB-L-080974-25,L2,landlord,Order,other,False,False
LTB-L-081162-25,L2,landlord,Order,other,True,False
LTB-L-081230-25,L2,landlord,Order,dismissed,False,False
LTB-L-081296-25,L2,landlord,Order,dismissed,False,False
LTB-L-081298-23,L2,landlord,Order,money_only,False,False
LTB-L-081598-25,L2,landlord,Order,dismissed,False,False
LTB-L-081814-25,L2,landlord,Order,other,False,False
LTB-L-081815-25,L2,landlord,Order,terminated,True,True
LTB-L-081833-25,L2,landlord,Order,other,False,False
LTB-L-081843-25,L2,landlord,Order,dismissed,False,False
LTB-L-082366-25,L2,landlord,Order,dismissed,False,False
LTB-L-082401-25,L2,landlord,Order,terminated,False,True
LTB-L-082594-25,L2,landlord,Order,terminated,False,True
LTB-L-082763-25,L2,landlord,Order,terminated,False,True
LTB-L-082823-25,L2,landlord,Order,dismissed,False,False
LTB-L-083105-25,L2,landlord,Order,terminated,False,True
LTB-L-083172-25,L2,landlord,Order,dismissed,False,False
LTB-L-083214-25,L2,landlord,Order,terminated,False,True
LTB-L-083303-25,L2,landlord,Order,money_only,False,False
LTB-L-083403-25,L2,landlord,Amended Order,money_only,True,False
LTB-L-083437-25,L2,landlord,Review Order,other,False,False
LTB-L-083443-25,L2,landlord,Order,terminated,True,True
LTB-L-083525-25,L2,landlord,Order,dismissed,False,False
LTB-L-083541-25,L2,landlord,Order,terminated,True,True
LTB-L-083816-25,L2,landlord,Order,terminated,True,True
LTB-L-083843-25,L2,landlord,Order,terminated,False,False
LTB-L-084023-25,L2,landlord,Order,dismissed,False,False
LTB-L-084030-25,L2,landlord,Review Order,other,False,False
LTB-L-084099-25,L2,landlord,Amended Order,money_only,True,False
LTB-L-084108-24,L2,landlord,Order,terminated,False,True
LTB-L-084301-25,L2,landlord,Order,other,False,False
LTB-L-084319-25,L2,landlord,Order,money_only,False,False
LTB-L-084415-25,L2,landlord,Order,other,False,False
LTB-L-084681-25,L2,landlord,Order,terminated,False,True
LTB-L-084947-25,L2,landlord,Order,other,False,False
LTB-L-085179-25,L2,landlord,Order,other,False,False
LTB-L-085314-25,L2,landlord,Order,terminated,True,True
LTB-L-085326-25,L2,landlord,Order,other,False,False
LTB-L-085447-25,L2,landlord,Order,dismissed,False,False
LTB-L-085480-25,L2,landlord,Order,other,True,False
LTB-L-085517-25,L2,landlord,Order,other,True,False
LTB-L-085659-25,L2,landlord,Order,other,False,False
LTB-L-085708-25,L2,landlord,Order,other,True,False
LTB-L-085864-25,L2,landlord,Order,money_only,True,False
LTB-L-085913-25,L2,landlord,Order,dismissed,False,False
LTB-L-085955-25,L2,landlord,Order,terminated,False,True
LTB-L-086052-25,L2,landlord,Review Order,other,False,False
LTB-L-086071-25,L2,landlord,Order,other,True,False
LTB-L-086100-25,L2,landlord,Order,dismissed,False,False
LTB-L-086156-25,L2,landlord,Order,other,False,False
LTB-L-086214-25,L2,landlord,Order,terminated,False,True
LTB-L-086318-25,L2,landlord,Order,dismissed,False,False
LTB-L-086428-25,L2,landlord,Order,other,False,False
LTB-L-086444-25,L2,landlord,Order,money_only,False,True
LTB-L-086482-25,L2,landlord,Order,other,True,False
LTB-L-086676-25,L2,landlord,Order,dismissed,False,False
LTB-L-086731-25,L2,landlord,Order,money_only,True,False
LTB-L-086858-25,L2,landlord,Order,terminated,False,True
LTB-L-086885-25,L2,landlord,Order,money_only,True,False
LTB-L-086927-25,L2,landlord,Order,terminated,False,True
LTB-L-086954-25,L2,landlord,Order,other,True,False
LTB-L-086988-25,L2,landlord,Review Order,other,False,False
LTB-L-087009-25,L2,landlord,Order,terminated,False,True
LTB-L-087095-25,L2,landlord,Order,money_only,False,False
LTB-L-087229-25,L2,landlord,Order,terminated,False,False
LTB-L-087239-25,L2,landlord,Order,money_only,False,False
LTB-L-087275-25,L2,landlord,Order,terminated,False,True
LTB-L-087281-24,L2,landlord,Order,other,False,False
LTB-L-087330-25,L2,landlord,Order,terminated,False,True
LTB-L-087421-25,L2,landlord,Order,other,False,False
LTB-L-087438-25,L2,landlord,Order,money_only,False,False
LTB-L-087490-25,L2,landlord,Order,money_only,False,False
LTB-L-087542-24,L2,landlord,Order,withdrawn,False,False
LTB-L-087564-25,L2,landlord,Order,terminated,False,True
LTB-L-087576-25,L2,landlord,Order,money_only,True,False
LTB-L-087592-25,L2,landlord,Order,terminated,False,True
LTB-L-087652-25,L2,landlord,Order,other,False,False
LTB-L-087685-25,L2,landlord,Order,money_only,True,False
LTB-L-087694-25,L2,landlord,Order,other,True,False
LTB-L-087935-25,L2,landlord,Order,dismissed,False,False
LTB-L-088105-25,L2,landlord,Order,money_only,True,False
LTB-L-088135-25,L2,landlord,Order,other,False,False
LTB-L-088186-25,L2,landlord,Order,other,False,False
LTB-L-088257-25,L2,landlord,Order,other,False,False
LTB-L-088275-25,L2,landlord,Order,withdrawn,False,False
LTB-L-088348-25,L2,landlord,Order,money_only,False,False
LTB-L-088412-25,L2,landlord,Order,money_only,True,False
LTB-L-088790-25,L2,landlord,Order,dismissed,False,False
LTB-L-088861-25,L2,landlord,Order,dismissed,False,False
LTB-L-089025-25,L2,landlord,Order,money_only,True,False
LTB-L-089112-25,L2,landlord,Order,withdrawn,False,False
LTB-L-089375-25,L2,landlord,Order,terminated,True,True
LTB-L-089450-25,L2,landlord,Order,other,False,False
LTB-L-089564-25,L2,landlord,Order,money_only,False,False
LTB-L-089615-25,L2,landlord,Order,terminated,False,False
LTB-L-089627-25,L2,landlord,Order,terminated,False,True
LTB-L-089668-25,L2,landlord,Order,dismissed,False,False
LTB-L-089681-25,L2,landlord,Order,money_only,False,False
LTB-L-089712-25,L2,landlord,Order,terminated,False,True
LTB-L-089725-25,L2,landlord,Order,other,False,False
LTB-L-089792-25,L2,landlord,Order,dismissed,False,False
LTB-L-089805-25,L2,landlord,Order,other,False,False
LTB-L-089854-25,L2,landlord,Order,terminated,False,True
LTB-L-089926-25,L2,landlord,Order,money_only,False,False
LTB-L-089973-24,L2,landlord,Order,terminated,True,False
LTB-L-089990-25,L2,landlord,Order,other,True,False
LTB-L-090317-25,L2,landlord,Order,money_only,False,False
LTB-L-090328-23,L2,landlord,Order,other,False,False
LTB-L-090355-25,L2,landlord,Order,terminated,False,True
LTB-L-090461-25,L2,landlord,Order,money_only,True,False
LTB-L-090467-25,L2,landlord,Order,terminated,False,True
LTB-L-090535-25,L2,landlord,Order,terminated,True,True
LTB-L-090548-25,L2,landlord,Order,terminated,False,False
LTB-L-090564-25,L2,landlord,Order,money_only,False,False
LTB-L-090587-25,L2,landlord,Order,dismissed,False,False
LTB-L-090625-25,L2,landlord,Order,dismissed,False,False
LTB-L-090843-25,L2,landlord,Order,dismissed,False,False
LTB-L-090857-25,L2,landlord,Order,dismissed,False,False
LTB-L-090937-25,L2,landlord,Order,terminated,False,True
LTB-L-090979-25,L2,landlord,Order,other,False,False
LTB-L-091008-25,L2,landlord,Order,terminated,False,True
LTB-L-091045-25,L2,landlord,Order,other,True,False
LTB-L-091065-25,L2,landlord,Order,terminated,False,True
LTB-L-091180-25,L2,landlord,Order,money_only,False,False
LTB-L-091212-25,L2,landlord,ExParte Order,withdrawn,False,False
LTB-L-091251-25,L2,landlord,Order,terminated,True,True
LTB-L-091265-25,L2,landlord,Order,money_only,True,False
LTB-L-091429-25,L2,landlord,Order,other,False,False
LTB-L-091444-25,L2,landlord,Order,money_only,False,False
LTB-L-091505-25,L2,landlord,Order,terminated,False,True
LTB-L-091509-25,L2,landlord,Order,terminated,False,True
LTB-L-091515-25,L2,landlord,Order,dismissed,False,False
LTB-L-091738-25,L2,landlord,Order,terminated,False,True
LTB-L-091781-25,L2,landlord,Order,money_only,False,False
LTB-L-091792-25,L2,landlord,ExParte Order,withdrawn,False,False
LTB-L-091834-25,L2,landlord,Order,terminated,False,True
LTB-L-091956-25,L2,landlord,Order,money_only,False,False
LTB-L-092114-25,L2,landlord,Order,dismissed,False,False
LTB-L-092142-25,L2,landlord,Order,dismissed,False,False
LTB-L-092214-25,L2,landlord,Order,dismissed,False,False
LTB-L-092361-25,L2,landlord,Order,terminated,False,True
LTB-L-092399-25,L2,landlord,Order,dismissed,False,False
LTB-L-092420-25,L2,landlord,Order,money_only,True,False
LTB-L-092438-25,L2,landlord,Order,withdrawn,False,False
LTB-L-092719-25,L2,landlord,Order,terminated,False,True
LTB-L-092760-25,L2,landlord,Order,terminated,False,True
LTB-L-092801-25,L2,landlord,Order,terminated,False,True
LTB-L-092856-25,L2,landlord,Order,dismissed,False,False
LTB-L-092921-25,L2,landlord,Order,money_only,False,False
LTB-L-093331-25,L2,landlord,Order,terminated,False,True
LTB-L-093382-25,L2,landlord,Review Order,other,False,False
LTB-L-093556-25,L2,landlord,Order,terminated,False,True
LTB-L-093891-25,L2,landlord,Order,other,False,False
LTB-L-093962-25,L2,landlord,Order,dismissed,False,False
LTB-L-094004-25,L2,landlord,Order,other,False,False
LTB-L-094065-25,L2,landlord,Order,terminated,False,True
LTB-L-094204-25,L2,landlord,Order,dismissed,False,True
LTB-L-094264-25,L2,landlord,Order,terminated,False,True
LTB-L-094284-25,L2,landlord,Order,money_only,False,False
LTB-L-094295-25,L2,landlord,Order,other,False,False
LTB-L-094334-25,L2,landlord,Order,terminated,True,True
LTB-L-094420-25,L2,landlord,Order,terminated,False,True
LTB-L-094763-25,L2,landlord,Order,other,True,False
LTB-L-094812-25,L2,landlord,Order,terminated,False,True
LTB-L-094893-25,L2,landlord,Order,terminated,True,True
LTB-L-094933-25,L2,landlord,Order,other,True,False
LTB-L-094958-25,L2,landlord,Order,money_only,True,False
LTB-L-095061-24,L2,landlord,Review Order,other,False,False
LTB-L-095103-25,L2,landlord,Order,other,True,False
LTB-L-095120-25,L2,landlord,Order,terminated,False,True
LTB-L-095139-25,L2,landlord,Order,other,True,False
LTB-L-095159-25,L2,landlord,Order,dismissed,False,False
LTB-L-095173-25,L2,landlord,Order,terminated,False,False
LTB-L-095244-25,L2,landlord,Review Order,dismissed,False,False
LTB-L-095275-25,L2,landlord,Order,dismissed,False,False
LTB-L-095516-25,L2,landlord,Order,dismissed,False,False
LTB-L-095550-25,L2,landlord,Review Order,other,False,False
LTB-L-095675-24,L2,landlord,Order,other,False,False
LTB-L-095700-25,L2,landlord,Order,terminated,False,True
LTB-L-095796-25,L2,landlord,Order,dismissed,False,False
LTB-L-095809-25,L2,landlord,Amended Order,other,False,False
LTB-L-095815-25,L2,landlord,Order,terminated,False,True
LTB-L-096011-25,L2,landlord,Order,terminated,False,True
LTB-L-096051-25,L2,landlord,Order,other,False,False
LTB-L-096052-25,L2,landlord,Order,dismissed,False,False
LTB-L-096076-25,L2,landlord,Order,money_only,True,False
LTB-L-096119-25,L2,landlord,Order,terminated,False,True
LTB-L-096220-25,L2,landlord,Order,other,True,False
LTB-L-096224-25,L2,landlord,Order,other,False,False
LTB-L-096236-25,L2,landlord,Order,terminated,False,True
LTB-L-096254-25,L2,landlord,Order,other,True,False
LTB-L-096396-25,L2,landlord,Order,other,True,False
LTB-L-096645-25,L2,landlord,Order,remedy_ordered,True,False
LTB-L-096775-25,L2,landlord,Order,money_only,False,False
LTB-L-096815-25,L2,landlord,Order,dismissed,False,False
LTB-L-096832-25,L2,landlord,Order,money_only,True,False
LTB-L-096893-25,L2,landlord,ExParte Order,withdrawn,False,False
LTB-L-096932-25,L2,landlord,Order,money_only,False,False
LTB-L-096983-25,L2,landlord,Order,terminated,False,True
LTB-L-097032-25,L2,landlord,Order,other,False,False
LTB-L-097216-25,L2,landlord,Order,other,False,False
LTB-L-097247-25,L2,landlord,Order,other,True,False
LTB-L-097288-25,L2,landlord,Order,terminated,False,True
LTB-L-097350-24,L2,landlord,Order,terminated,False,False
LTB-L-097369-25,L2,landlord,Order,other,False,False
LTB-L-097509-25,L2,landlord,Order,dismissed,False,False
LTB-L-097525-25,L2,landlord,Order,withdrawn,False,False
LTB-L-097531-25,L2,landlord,Order,terminated,False,True
LTB-L-097556-25,L2,landlord,Order,money_only,True,False
LTB-L-097583-25,L2,landlord,Order,terminated,False,False
LTB-L-097826-25,L2,landlord,Order,dismissed,False,False
LTB-L-097846-25,L2,landlord,Order,terminated,False,True
LTB-L-097927-25,L2,landlord,Order,other,True,False
LTB-L-097928-25,L2,landlord,Amended Order,terminated,False,True
LTB-L-098201-25,L2,landlord,Order,terminated,False,True
LTB-L-098221-25,L2,landlord,Order,dismissed,False,False
LTB-L-098263-25,L2,landlord,Order,money_only,True,False
LTB-L-098296-25,L2,landlord,Order,money_only,True,False
LTB-L-098310-25,L2,landlord,Order,money_only,False,False
LTB-L-098341-25,L2,landlord,Order,terminated,False,True
LTB-L-098346-25,L2,landlord,Order,terminated,False,True
LTB-L-098386-25,L2,landlord,Order,terminated,True,True
LTB-L-098438-25,L2,landlord,Order,terminated,True,True
LTB-L-098502-24,L2,landlord,Order,terminated,False,True
LTB-L-098526-25,L2,landlord,Order,terminated,False,True
LTB-L-098601-25,L2,landlord,Order,terminated,False,True
LTB-L-098690-25,L2,landlord,Order,other,True,False
LTB-L-098709-25,L2,landlord,Order,other,True,False
LTB-L-098805-25,L2,landlord,Order,dismissed,False,False
LTB-L-098809-25,L2,landlord,Order,money_only,True,False
LTB-L-098878-25,L2,landlord,Order,other,False,False
LTB-L-098898-25,L2,landlord,Order,terminated,False,True
LTB-L-098909-25,L2,landlord,Order,dismissed,False,False
LTB-L-098962-25,L2,landlord,Order,other,True,False
LTB-L-099005-25,L2,landlord,Order,terminated,False,True
LTB-L-099018-25,L2,landlord,Order,terminated,False,True
LTB-L-099042-25,L2,landlord,Order,money_only,False,False
LTB-L-099055-25,L2,landlord,Order,terminated,True,True
LTB-L-099063-25,L2,landlord,Order,dismissed,False,False
LTB-L-099087-25,L2,landlord,Order,money_only,True,False
LTB-L-099534-25,L2,landlord,Order,other,True,False
LTB-L-099582-25,L2,landlord,ExParte Order,withdrawn,False,False
LTB-L-099630-25,L2,landlord,Order,withdrawn,False,False
LTB-L-099902-25,L2,landlord,Order,terminated,True,True
LTB-L-100119-25,L2,landlord,Order,terminated,False,True
LTB-L-100129-25,L2,landlord,Order,other,False,False
LTB-L-100136-25,L2,landlord,Order,terminated,False,True
LTB-L-100263-25,L2,landlord,Order,terminated,True,True
LTB-L-100281-25,L2,landlord,Order,terminated,False,True
LTB-L-100286-25,L2,landlord,Order,terminated,False,False
LTB-L-100322-25,L2,landlord,Order,other,True,False
LTB-L-100353-25,L2,landlord,Order,other,False,False
LTB-L-100425-25,L2,landlord,Order,dismissed,False,False
LTB-L-100458-25,L2,landlord,Order,money_only,False,False
LTB-L-100517-25,L2,landlord,Order,remedy_ordered,False,False
LTB-L-100551-25,L2,landlord,Order,terminated,True,True
LTB-L-100557-25,L2,landlord,Order,terminated,True,True
LTB-L-100674-25,L2,landlord,Order,terminated,True,True
LTB-L-100706-25,L2,landlord,Order,terminated,False,True
LTB-L-100731-25,L2,landlord,Order,dismissed,False,False
LTB-L-100739-25,L2,landlord,Order,other,False,False
LTB-L-100830-25,L2,landlord,Order,terminated,False,True
LTB-L-100845-25,L2,landlord,Order,terminated,False,True
LTB-L-100896-25,L2,landlord,Order,money_only,True,False
LTB-L-100978-25,L2,landlord,Order,terminated,False,True
LTB-L-100996-25,L2,landlord,Order,terminated,True,True
LTB-L-101039-25,L2,landlord,Order,withdrawn,False,False
LTB-L-101048-23,L2,landlord,Review Order,dismissed,False,False
LTB-L-101055-25,L2,landlord,Order,terminated,True,True
LTB-L-101102-25,L2,landlord,Order,terminated,False,True
LTB-L-101149-25,L2,landlord,Order,terminated,False,True
LTB-L-101514-25,L2,landlord,Order,money_only,True,False
LTB-L-101660-25,L2,landlord,Order,other,False,False
LTB-L-101675-25,L2,landlord,Order,dismissed,False,False
LTB-L-101725-25,L2,landlord,Order,other,False,False
LTB-L-101743-25,L2,landlord,Order,money_only,True,False
LTB-L-101745-25,L2,landlord,Order,money_only,True,False
LTB-L-101821-25,L2,landlord,Order,dismissed,False,False
LTB-L-101832-25,L2,landlord,Order,terminated,True,True
LTB-L-101917-25,L2,landlord,Order,terminated,True,True
LTB-L-102053-25,L2,landlord,Order,other,False,False
LTB-L-102073-25,L2,landlord,Order,other,False,False
LTB-L-102170-25,L2,landlord,Order,other,False,False
LTB-L-102321-25,L2,landlord,Order,money_only,True,False
LTB-L-102351-25,L2,landlord,Order,withdrawn,False,False
LTB-L-102382-25,L2,landlord,Order,money_only,True,False
LTB-L-102472-25,L2,landlord,Order,terminated,False,True
LTB-L-102508-25,L2,landlord,Order,dismissed,False,False
LTB-L-102584-25,L2,landlord,Order,other,False,False
LTB-L-102588-25,L2,landlord,Order,money_only,False,False
LTB-L-102781-25,L2,landlord,Order,dismissed,False,False
LTB-L-102803-25,L2,landlord,Order,remedy_ordered,False,False
LTB-L-102807-25,L2,landlord,ExParte Order,withdrawn,False,False
LTB-L-102833-25,L2,landlord,Review Order,other,False,False
LTB-L-102880-25,L2,landlord,Order,other,False,False
LTB-L-103002-25,L2,landlord,Order,other,True,False
LTB-L-103047-25,L2,landlord,Order,other,True,False
LTB-L-103085-25,L2,landlord,Review Order,other,False,False
LTB-L-103143-25,L2,landlord,Order,other,False,False
LTB-L-103157-25,L2,landlord,Order,other,False,False
LTB-L-103188-25,L2,landlord,Order,other,False,False
LTB-L-103263-25,L2,landlord,Order,terminated,True,True
LTB-L-103540-25,L2,landlord,Order,other,False,False
LTB-L-103578-25,L2,landlord,Order,terminated,False,True
LTB-L-103583-25,L2,landlord,Order,terminated,False,True
LTB-L-103588-25,L2,landlord,Order,terminated,False,True
LTB-L-103619-25,L2,landlord,Order,other,False,False
LTB-L-103721-25,L2,landlord,Order,other,True,False
LTB-L-103757-25,L2,landlord,Order,money_only,False,False
LTB-L-103838-25,L2,landlord,Order,terminated,False,True
LTB-L-103947-25,L2,landlord,Order,money_only,True,False
LTB-L-104018-25,L2,landlord,Order,other,True,False
LTB-L-104054-25,L2,landlord,Order,terminated,True,True
LTB-L-104089-25,L2,landlord,Order,other,False,False
LTB-L-104099-25,L2,landlord,Order,other,False,False
LTB-L-104119-25,L2,landlord,Order,other,True,False
LTB-L-104243-25,L2,landlord,Order,money_only,False,False
LTB-L-104421-25,L2,landlord,Order,withdrawn,False,False
LTB-L-104569-25,L2,landlord,Order,other,True,False
LTB-L-104610-25,L2,landlord,Order,dismissed,False,False
LTB-L-104622-25,L2,landlord,Order,other,False,False
LTB-L-104649-25,L2,landlord,Order,other,False,False
LTB-L-104679-24,L2,landlord,Order,terminated,True,True
LTB-L-104862-25,L2,landlord,Order,money_only,False,False
LTB-L-104951-25,L2,landlord,Order,other,True,False
LTB-L-104972-25,L2,landlord,Order,money_only,False,True
LTB-L-105040-25,L2,landlord,Order,other,False,False
LTB-L-105040-25,L2,landlord,Review Order,other,False,False
LTB-L-105056-25,L2,landlord,Order,dismissed,False,False
LTB-L-105107-25,L2,landlord,Order,terminated,False,True
LTB-L-105324-25,L2,landlord,Order,terminated,False,True
LTB-L-105340-25,L2,landlord,Order,money_only,True,False
LTB-L-105455-25,L2,landlord,Order,dismissed,False,False
LTB-L-105490-25,L2,landlord,Order,terminated,True,True
LTB-L-105605-25,L2,landlord,Order,dismissed,False,False
LTB-L-105690-25,L2,landlord,Order,other,False,False
LTB-L-105699-25,L2,landlord,Order,other,False,False
LTB-L-105761-25,L2,landlord,Order,other,False,False
LTB-L-105772-25,L2,landlord,Order,terminated,False,True
LTB-L-105774-25,L2,landlord,Order,withdrawn,False,False
LTB-L-105961-25,L2,landlord,Order,other,True,False
LTB-L-105963-25,L2,landlord,Order,terminated,False,True
LTB-L-106011-25,L2,landlord,Order,terminated,False,True
LTB-L-106092-25,L2,landlord,Order,money_only,True,False
LTB-L-106158-25,L2,landlord,Order,money_only,True,False
LTB-L-106298-25,L2,landlord,Order,money_only,True,False
LTB-L-106365-25,L2,landlord,Order,terminated,False,True
LTB-L-106447-25,L2,landlord,Order,dismissed,False,False
LTB-L-106681-25,L2,landlord,Order,terminated,True,True
LTB-L-106812-25,L2,landlord,Order,money_only,True,False
LTB-L-106958-25,L2,landlord,ExParte Order,withdrawn,False,False
LTB-L-107112-25,L2,landlord,Order,terminated,False,True
LTB-L-107162-25,L2,landlord,Order,money_only,True,False
LTB-L-107178-25,L2,landlord,Order,terminated,False,True
LTB-L-107211-25,L2,landlord,Order,dismissed,False,False
LTB-L-107254-25,L2,landlord,Order,dismissed,False,False
LTB-L-107398-25,L2,landlord,Order,terminated,True,True
LTB-L-107430-25,L2,landlord,Order,dismissed,False,False
LTB-L-107639-25,L2,landlord,Order,other,False,False
LTB-L-107691-25,L2,landlord,Order,terminated,False,False
LTB-L-107814-25,L2,landlord,Order,terminated,False,True
LTB-L-107833-25,L2,landlord,Order,terminated,True,True
LTB-L-107857-25,L2,landlord,Order,other,False,False
LTB-L-107921-25,L2,landlord,Order,dismissed,False,False
LTB-L-107926-25,L2,landlord,Order,money_only,False,False
LTB-L-107976-25,L2,landlord,Order,terminated,False,True
LTB-L-108005-25,L2,landlord,Order,other,False,False
LTB-L-108021-25,L2,landlord,Order,other,False,False
LTB-L-108116-25,L2,landlord,Order,terminated,True,True
LTB-L-108250-25,L2,landlord,Order,terminated,False,True
LTB-L-108631-25,L2,landlord,Order,terminated,False,True
LTB-L-108717-25,L2,landlord,Order,dismissed,False,False
LTB-L-108749-25,L2,landlord,Order,terminated,False,True
LTB-L-108799-25,L2,landlord,Order,other,False,False
LTB-L-108934-25,L2,landlord,Order,terminated,False,True
LTB-L-109100-25,L2,landlord,Order,other,False,False
LTB-L-109198-25,L2,landlord,Order,terminated,False,True
LTB-L-109354-25,L2,landlord,Review Order,other,False,False
LTB-L-109379-25,L2,landlord,Order,dismissed,False,False
LTB-L-109388-25,L2,landlord,Order,other,True,False
LTB-L-109483-25,L2,landlord,Order,dismissed,False,False
LTB-L-109487-25,L2,landlord,Order,money_only,True,False
LTB-L-109552-25,L2,landlord,Order,other,True,False
LTB-L-000877-26,L3,landlord,ExParte Order,terminated,False,True
LTB-L-001281-26,L3,landlord,ExParte Order,terminated,False,True
LTB-L-001699-26,L3,landlord,ExParte Order,terminated,False,True
LTB-L-002680-26,L3,landlord,ExParte Order,terminated,False,True
LTB-L-003098-26,L3,landlord,Order,other,False,False
LTB-L-003679-26,L3,landlord,ExParte Order,terminated,False,True
LTB-L-004410-26,L3,landlord,ExParte Order,terminated,False,True
LTB-L-004746-26,L3,landlord,ExParte Order,terminated,False,True
LTB-L-006008-26,L3,landlord,ExParte Order,terminated,False,True
LTB-L-006184-26,L3,landlord,ExParte Order,terminated,False,True
LTB-L-006385-26,L3,landlord,ExParte Order,terminated,False,True
LTB-L-006427-26,L3,landlord,ExParte Order,terminated,False,True
LTB-L-006592-26,L3,landlord,ExParte Order,terminated,False,True
LTB-L-007404-26,L3,landlord,ExParte Order,dismissed,False,False
LTB-L-007750-26,L3,landlord,ExParte Order,terminated,False,True
LTB-L-008226-26,L3,landlord,Order,other,False,False
LTB-L-008505-26,L3,landlord,ExParte Order,terminated,False,True
LTB-L-008846-26,L3,landlord,ExParte Order,terminated,False,True
LTB-L-009326-26,L3,landlord,Order,dismissed,False,False
LTB-L-009617-26,L3,landlord,ExParte Order,terminated,False,True
LTB-L-009834-26,L3,landlord,ExParte Order,dismissed,False,False
LTB-L-009962-26,L3,landlord,ExParte Order,terminated,False,True
LTB-L-010221-26,L3,landlord,ExParte Order,terminated,False,True
LTB-L-010443-26,L3,landlord,ExParte Order,dismissed,False,False
LTB-L-011254-26,L3,landlord,Order,other,False,False
LTB-L-011485-26,L3,landlord,ExParte Order,terminated,False,True
LTB-L-011814-26,L3,landlord,ExParte Order,dismissed,False,False
LTB-L-011878-26,L3,landlord,ExParte Order,terminated,False,True
LTB-L-012210-26,L3,landlord,ExParte Order,terminated,False,True
LTB-L-013079-26,L3,landlord,ExParte Order,terminated,False,True
LTB-L-013495-26,L3,landlord,ExParte Order,terminated,False,True
LTB-L-013639-26,L3,landlord,ExParte Order,terminated,False,True
LTB-L-013946-26,L3,landlord,ExParte Order,terminated,False,True
LTB-L-014042-26,L3,landlord,ExParte Order,terminated,False,True
LTB-L-014867-26,L3,landlord,ExParte Order,terminated,False,True
LTB-L-015251-26,L3,landlord,ExParte Order,terminated,False,True
LTB-L-015835-26,L3,landlord,Order,other,False,False
LTB-L-016200-26,L3,landlord,ExParte Order,terminated,False,True
LTB-L-016303-26,L3,landlord,ExParte Order,terminated,False,True
LTB-L-016574-26,L3,landlord,ExParte Order,terminated,False,True
LTB-L-017342-26,L3,landlord,ExParte Order,terminated,False,True
LTB-L-017605-26,L3,landlord,ExParte Order,terminated,False,True
LTB-L-017798-26,L3,landlord,ExParte Order,terminated,False,True
LTB-L-018621-26,L3,landlord,ExParte Order,terminated,False,True
LTB-L-018957-26,L3,landlord,ExParte Order,terminated,False,True
LTB-L-019350-26,L3,landlord,ExParte Order,terminated,False,True
LTB-L-019780-26,L3,landlord,ExParte Order,terminated,False,True
LTB-L-020989-26,L3,landlord,ExParte Order,terminated,False,True
LTB-L-021227-26,L3,landlord,ExParte Order,terminated,False,True
LTB-L-021443-26,L3,landlord,ExParte Order,terminated,False,True
LTB-L-021460-26,L3,landlord,ExParte Order,terminated,False,True
LTB-L-021727-26,L3,landlord,ExParte Order,terminated,False,True
LTB-L-021810-26,L3,landlord,ExParte Order,terminated,False,True
LTB-L-022535-26,L3,landlord,ExParte Order,terminated,False,True
LTB-L-022631-26,L3,landlord,ExParte Order,terminated,False,True
LTB-L-022835-26,L3,landlord,ExParte Order,terminated,False,True
LTB-L-023503-26,L3,landlord,ExParte Order,terminated,False,True
LTB-L-023800-26,L3,landlord,ExParte Order,terminated,False,True
LTB-L-024132-26,L3,landlord,ExParte Order,terminated,False,True
LTB-L-025300-26,L3,landlord,ExParte Order,terminated,False,True
LTB-L-025927-26,L3,landlord,ExParte Order,terminated,False,True
LTB-L-026695-26,L3,landlord,ExParte Order,terminated,False,True
LTB-L-026840-26,L3,landlord,ExParte Order,terminated,False,True
LTB-L-026980-26,L3,landlord,ExParte Order,terminated,False,True
LTB-L-027672-26,L3,landlord,ExParte Order,terminated,False,True
LTB-L-027977-26,L3,landlord,ExParte Order,terminated,False,True
LTB-L-029101-26,L3,landlord,ExParte Order,terminated,False,True
LTB-L-029229-26,L3,landlord,ExParte Order,terminated,False,True
LTB-L-029265-26,L3,landlord,ExParte Order,terminated,False,True
LTB-L-029463-26,L3,landlord,ExParte Order,terminated,False,True
LTB-L-029542-26,L3,landlord,ExParte Order,terminated,False,True
LTB-L-030002-26,L3,landlord,ExParte Order,terminated,False,True
LTB-L-030839-26,L3,landlord,ExParte Order,terminated,False,True
LTB-L-031348-26,L3,landlord,ExParte Order,dismissed,False,False
LTB-L-031732-26,L3,landlord,ExParte Order,terminated,False,True
LTB-L-031929-26,L3,landlord,ExParte Order,terminated,False,True
LTB-L-032438-26,L3,landlord,ExParte Order,terminated,False,True
LTB-L-032586-26,L3,landlord,ExParte Order,terminated,False,True
LTB-L-033373-26,L3,landlord,ExParte Order,terminated,False,True
LTB-L-033631-26,L3,landlord,ExParte Order,terminated,False,True
LTB-L-033818-26,L3,landlord,ExParte Order,terminated,False,True
LTB-L-033993-26,L3,landlord,ExParte Order,terminated,False,True
LTB-L-034152-26,L3,landlord,ExParte Order,terminated,False,True
LTB-L-034458-26,L3,landlord,ExParte Order,terminated,False,True
LTB-L-034473-26,L3,landlord,ExParte Order,terminated,False,True
LTB-L-035082-26,L3,landlord,ExParte Order,terminated,False,True
LTB-L-035835-26,L3,landlord,ExParte Order,terminated,False,True
LTB-L-036324-26,L3,landlord,ExParte Order,terminated,False,True
LTB-L-037257-26,L3,landlord,ExParte Order,terminated,False,True
LTB-L-037532-26,L3,landlord,ExParte Order,terminated,False,True
LTB-L-037714-26,L3,landlord,ExParte Order,terminated,False,True
LTB-L-038393-26,L3,landlord,ExParte Order,terminated,False,True
LTB-L-038546-26,L3,landlord,ExParte Order,terminated,False,True
LTB-L-039288-26,L3,landlord,ExParte Order,terminated,False,True
LTB-L-039951-26,L3,landlord,ExParte Order,terminated,False,True
LTB-L-040287-26,L3,landlord,ExParte Order,terminated,False,True
LTB-L-040987-26,L3,landlord,ExParte Order,terminated,False,True
LTB-L-041772-26,L3,landlord,ExParte Order,terminated,False,True
LTB-L-041990-26,L3,landlord,ExParte Order,terminated,False,True
LTB-L-042183-26,L3,landlord,ExParte Order,terminated,False,True
LTB-L-042545-26,L3,landlord,ExParte Order,dismissed,False,False
LTB-L-043101-26,L3,landlord,ExParte Order,terminated,False,True
LTB-L-043921-26,L3,landlord,ExParte Order,terminated,False,True
LTB-L-043962-26,L3,landlord,ExParte Order,terminated,False,True
LTB-L-043971-26,L3,landlord,ExParte Order,terminated,False,True
LTB-L-044813-26,L3,landlord,ExParte Order,terminated,False,True
LTB-L-076981-25,L3,landlord,Review Order,terminated,False,False
LTB-L-098649-25,L3,landlord,Order,other,False,False
LTB-L-099364-25,L3,landlord,Order,other,False,False
LTB-L-100640-25,L3,landlord,Order,dismissed,False,False
LTB-L-101508-25,L3,landlord,Order,terminated,False,True
LTB-L-102226-25,L3,landlord,Order,terminated,True,True
LTB-L-103879-25,L3,landlord,ExParte Order,terminated,False,True
LTB-L-103928-25,L3,landlord,Order,terminated,False,True
LTB-L-104754-25,L3,landlord,Order,other,False,False
LTB-L-105003-25,L3,landlord,Order,other,False,False
LTB-L-105524-25,L3,landlord,ExParte Order,dismissed,False,False
LTB-L-107685-25,L3,landlord,ExParte Order,terminated,False,True
LTB-L-107779-25,L3,landlord,ExParte Order,terminated,False,True
LTB-L-108416-25,L3,landlord,Order,other,False,False
LTB-L-108539-25,L3,landlord,Order,other,False,False
LTB-L-108637-25,L3,landlord,ExParte Order,terminated,False,True
LTB-L-108814-25,L3,landlord,Amended Order,terminated,False,True
LTB-L-109570-25,L3,landlord,ExParte Order,terminated,False,True
LTB-L-000122-26,L4,landlord,ExParte Order,terminated,False,True
LTB-L-000150-26,L4,landlord,Order,terminated,False,True
LTB-L-000165-26,L4,landlord,Order,other,False,False
LTB-L-000207-26,L4,landlord,ExParte Order,terminated,False,True
LTB-L-000323-26,L4,landlord,Order,other,False,False
LTB-L-000354-26,L4,landlord,Order,money_only,False,False
LTB-L-000471-26,L4,landlord,Order,other,True,False
LTB-L-000514-26,L4,landlord,ExParte Order,terminated,False,True
LTB-L-000600-26,L4,landlord,Order,terminated_voidable,False,True
LTB-L-000609-26,L4,landlord,Order,terminated,False,True
LTB-L-000639-26,L4,landlord,ExParte Order,terminated,False,True
LTB-L-000656-26,L4,landlord,Order,money_only,False,False
LTB-L-000661-26,L4,landlord,ExParte Order,terminated,False,True
LTB-L-000769-26,L4,landlord,Order,other,False,False
LTB-L-000792-26,L4,landlord,ExParte Order,terminated,False,True
LTB-L-000819-26,L4,landlord,ExParte Order,terminated,False,True
LTB-L-000841-26,L4,landlord,Order,money_only,False,False
LTB-L-000855-26,L4,landlord,Order,terminated,False,True
LTB-L-000866-26,L4,landlord,ExParte Order,terminated,False,True
LTB-L-000920-26,L4,landlord,Order,dismissed,False,False
LTB-L-001028-26,L4,landlord,Order,terminated,False,True
LTB-L-001059-26,L4,landlord,Order,other,True,False
LTB-L-001067-26,L4,landlord,Order,other,False,False
LTB-L-001082-26,L4,landlord,Order,other,False,False
LTB-L-001113-26,L4,landlord,ExParte Order,terminated,False,True
LTB-L-001118-26,L4,landlord,ExParte Order,terminated,False,True
LTB-L-001173-26,L4,landlord,Order,terminated,False,True
LTB-L-001184-26,L4,landlord,ExParte Order,terminated,False,True
LTB-L-001325-26,L4,landlord,Order,money_only,False,False
LTB-L-001645-26,L4,landlord,ExParte Order,terminated,False,True
LTB-L-001738-26,L4,landlord,ExParte Order,terminated,False,True
LTB-L-001790-26,L4,landlord,Order,terminated,False,True
LTB-L-001809-26,L4,landlord,Amended Order,terminated,False,True
LTB-L-001859-26,L4,landlord,ExParte Order,terminated,False,True
LTB-L-002027-26,L4,landlord,ExParte Order,terminated,False,True
LTB-L-002032-26,L4,landlord,ExParte Order,terminated,False,True
LTB-L-002101-26,L4,landlord,Review Order,other,False,False
LTB-L-002170-26,L4,landlord,Amended Order,terminated,False,True
LTB-L-002310-26,L4,landlord,ExParte Order,terminated,False,True
LTB-L-002315-26,L4,landlord,Order,other,False,False
LTB-L-002337-26,L4,landlord,ExParte Order,terminated,False,True
LTB-L-002339-26,L4,landlord,Order,money_only,False,False
LTB-L-002481-26,L4,landlord,Order,money_only,True,False
LTB-L-002567-26,L4,landlord,ExParte Order,terminated,False,True
LTB-L-002586-26,L4,landlord,ExParte Order,terminated,False,True
LTB-L-002606-26,L4,landlord,ExParte Order,dismissed,False,False
LTB-L-002613-26,L4,landlord,ExParte Order,terminated,False,True
LTB-L-002625-26,L4,landlord,ExParte Order,terminated,False,True
LTB-L-002657-26,L4,landlord,ExParte Order,terminated,False,True
LTB-L-002676-26,L4,landlord,ExParte Order,other,False,False
LTB-L-002676-26,L4,landlord,Review Order,other,False,False
LTB-L-002682-26,L4,landlord,Order,dismissed,False,False
LTB-L-002699-26,L4,landlord,Order,other,False,False
LTB-L-002724-26,L4,landlord,Order,terminated,False,True
LTB-L-002727-26,L4,landlord,ExParte Order,terminated,False,True
LTB-L-002764-26,L4,landlord,ExParte Order,terminated,False,True
LTB-L-002765-26,L4,landlord,ExParte Order,terminated,False,True
LTB-L-002771-26,L4,landlord,ExParte Order,terminated,False,True
LTB-L-002785-26,L4,landlord,Order,terminated,False,True
LTB-L-002796-26,L4,landlord,ExParte Order,terminated,False,True
LTB-L-003001-26,L4,landlord,ExParte Order,terminated,False,True
LTB-L-003050-26,L4,landlord,ExParte Order,terminated,False,True
LTB-L-003060-26,L4,landlord,ExParte Order,terminated,False,True
LTB-L-003074-26,L4,landlord,Order,other,True,False
LTB-L-003143-26,L4,landlord,ExParte Order,other,False,False
LTB-L-003143-26,L4,landlord,Order,other,False,False
LTB-L-003251-26,L4,landlord,ExParte Order,terminated,False,True
LTB-L-003461-26,L4,landlord,ExParte Order,terminated,False,True
LTB-L-003479-26,L4,landlord,Amended Order,terminated_voidable,False,True
LTB-L-003519-26,L4,landlord,ExParte Order,terminated,False,True
LTB-L-003531-26,L4,landlord,ExParte Order,terminated,False,True
LTB-L-003660-26,L4,landlord,ExParte Order,terminated,False,True
LTB-L-003703-26,L4,landlord,ExParte Order,terminated,False,True
LTB-L-003778-26,L4,landlord,Order,other,False,False
LTB-L-003810-26,L4,landlord,ExParte Order,terminated,False,True
LTB-L-003840-26,L4,landlord,ExParte Order,terminated,False,True
LTB-L-003970-26,L4,landlord,ExParte Order,terminated,False,True
LTB-L-003997-26,L4,landlord,Order,terminated,False,True
LTB-L-004070-26,L4,landlord,ExParte Order,money_only,False,False
LTB-L-004163-26,L4,landlord,ExParte Order,terminated,False,True
LTB-L-004199-26,L4,landlord,ExParte Order,terminated,False,True
LTB-L-004218-26,L4,landlord,Order,money_only,False,False
LTB-L-004240-26,L4,landlord,ExParte Order,terminated,False,True
LTB-L-004361-26,L4,landlord,Order,other,False,False
LTB-L-004396-26,L4,landlord,ExParte Order,terminated,False,True
LTB-L-004463-26,L4,landlord,Order,other,False,False
LTB-L-004471-26,L4,landlord,Amended Order,money_only,False,False
LTB-L-004473-26,L4,landlord,Order,other,False,False
LTB-L-004496-26,L4,landlord,Order,terminated,False,True
LTB-L-004568-26,L4,landlord,ExParte Order,terminated,False,True
LTB-L-004578-26,L4,landlord,ExParte Order,terminated,False,True
LTB-L-004583-26,L4,landlord,Order,other,True,False
LTB-L-004584-26,L4,landlord,ExParte Order,terminated,False,True
LTB-L-004654-26,L4,landlord,ExParte Order,terminated,False,True
LTB-L-004658-26,L4,landlord,Order,terminated,False,True
LTB-L-004680-26,L4,landlord,Order,terminated,False,True
LTB-L-004690-26,L4,landlord,ExParte Order,terminated,False,True
LTB-L-004960-26,L4,landlord,ExParte Order,terminated,False,True
LTB-L-004996-26,L4,landlord,ExParte Order,terminated_voidable,False,True
LTB-L-005022-26,L4,landlord,ExParte Order,terminated,False,True
LTB-L-005042-26,L4,landlord,ExParte Order,terminated,False,True
LTB-L-005127-26,L4,landlord,Order,terminated,False,True
LTB-L-005165-26,L4,landlord,ExParte Order,terminated,False,True
LTB-L-005229-26,L4,landlord,ExParte Order,terminated,False,True
LTB-L-005230-26,L4,landlord,Order,money_only,False,False
LTB-L-005230-26,L4,landlord,Order,money_only,False,False
LTB-L-005234-26,L4,landlord,ExParte Order,terminated,False,True
LTB-L-005360-26,L4,landlord,ExParte Order,terminated,False,True
LTB-L-005371-26,L4,landlord,Order,terminated,False,True
LTB-L-005415-26,L4,landlord,ExParte Order,terminated,False,True
LTB-L-005541-26,L4,landlord,Order,terminated,False,True
LTB-L-005547-26,L4,landlord,ExParte Order,terminated,False,True
LTB-L-005549-26,L4,landlord,Order,money_only,True,False
LTB-L-005631-26,L4,landlord,Order,money_only,True,False
LTB-L-005702-26,L4,landlord,ExParte Order,terminated,False,True
LTB-L-005717-26,L4,landlord,ExParte Order,terminated,False,True
LTB-L-005745-26,L4,landlord,ExParte Order,terminated,False,True
LTB-L-005802-26,L4,landlord,ExParte Order,dismissed,False,False
LTB-L-005866-26,L4,landlord,Order,terminated,False,True
LTB-L-005919-26,L4,landlord,Order,other,True,False
LTB-L-005920-26,L4,landlord,Review Order,other,False,False
LTB-L-005937-26,L4,landlord,Order,money_only,True,False
LTB-L-005945-26,L4,landlord,Order,terminated,False,True
LTB-L-005946-26,L4,landlord,ExParte Order,terminated,False,True
LTB-L-005983-26,L4,landlord,Order,other,False,False
LTB-L-006131-26,L4,landlord,Order,other,False,False
LTB-L-006138-26,L4,landlord,ExParte Order,terminated,False,True
LTB-L-006179-26,L4,landlord,ExParte Order,terminated,False,True
LTB-L-006332-26,L4,landlord,Order,other,False,False
LTB-L-006337-26,L4,landlord,Order,money_only,True,False
LTB-L-006396-26,L4,landlord,ExParte Order,terminated,False,True
LTB-L-006528-26,L4,landlord,ExParte Order,withdrawn,False,False
LTB-L-006586-26,L4,landlord,ExParte Order,terminated,False,True
LTB-L-006587-26,L4,landlord,Order,other,False,False
LTB-L-006612-26,L4,landlord,Order,other,False,False
LTB-L-006662-26,L4,landlord,ExParte Order,terminated,False,True
LTB-L-006714-26,L4,landlord,Order,other,True,False
LTB-L-006889-26,L4,landlord,ExParte Order,terminated,False,True
LTB-L-006906-26,L4,landlord,ExParte Order,terminated,False,True
LTB-L-007066-26,L4,landlord,ExParte Order,other,False,False
LTB-L-007209-26,L4,landlord,ExParte Order,terminated,False,True
LTB-L-007419-26,L4,landlord,ExParte Order,terminated,False,True
LTB-L-007469-26,L4,landlord,ExParte Order,other,False,False
LTB-L-007484-26,L4,landlord,Order,other,False,False
LTB-L-007519-26,L4,landlord,ExParte Order,terminated,False,True
LTB-L-007530-26,L4,landlord,ExParte Order,terminated,False,True
LTB-L-007539-26,L4,landlord,Order,other,False,False
LTB-L-007655-26,L4,landlord,Order,money_only,True,False
LTB-L-007663-26,L4,landlord,ExParte Order,terminated,False,True
LTB-L-007664-26,L4,landlord,ExParte Order,terminated,False,True
LTB-L-007678-26,L4,landlord,ExParte Order,terminated,False,True
LTB-L-007697-26,L4,landlord,Order,other,False,False
LTB-L-008047-26,L4,landlord,ExParte Order,terminated,False,True
LTB-L-008110-26,L4,landlord,ExParte Order,terminated,False,True
LTB-L-008112-26,L4,landlord,ExParte Order,terminated,False,True
LTB-L-008345-26,L4,landlord,ExParte Order,terminated,False,True
LTB-L-008525-26,L4,landlord,Order,other,False,False
LTB-L-008561-26,L4,landlord,ExParte Order,terminated,False,True
LTB-L-008563-26,L4,landlord,Order,terminated,False,True
LTB-L-008563-26,L4,landlord,ExParte Order,terminated,False,True
LTB-L-008741-26,L4,landlord,ExParte Order,terminated,False,True
LTB-L-008800-26,L4,landlord,ExParte Order,other,False,False
LTB-L-008800-26,L4,landlord,Order,other,False,False
LTB-L-008823-26,L4,landlord,Order,other,False,False
LTB-L-008942-26,L4,landlord,ExParte Order,terminated,False,True
LTB-L-008958-26,L4,landlord,ExParte Order,terminated,False,True
LTB-L-008987-26,L4,landlord,ExParte Order,terminated,False,True
LTB-L-009131-26,L4,landlord,Review Order,other,False,False
LTB-L-009131-26,L4,landlord,Order,other,False,False
LTB-L-009155-26,L4,landlord,Order,terminated,False,True
LTB-L-009261-26,L4,landlord,ExParte Order,terminated,False,True
LTB-L-009279-26,L4,landlord,ExParte Order,terminated,False,True
LTB-L-009301-26,L4,landlord,Order,terminated,False,True
LTB-L-009454-26,L4,landlord,Order,other,False,False
LTB-L-009555-26,L4,landlord,ExParte Order,terminated,False,True
LTB-L-009588-26,L4,landlord,ExParte Order,terminated,False,True
LTB-L-009597-26,L4,landlord,ExParte Order,terminated,False,True
LTB-L-009691-26,L4,landlord,ExParte Order,other,False,False
LTB-L-009759-26,L4,landlord,ExParte Order,other,False,False
LTB-L-009759-26,L4,landlord,Order,other,False,False
LTB-L-009766-26,L4,landlord,ExParte Order,terminated,False,True
LTB-L-009870-26,L4,landlord,ExParte Order,terminated,False,True
LTB-L-009879-26,L4,landlord,ExParte Order,terminated,False,True
LTB-L-009947-26,L4,landlord,ExParte Order,terminated,False,True
LTB-L-010054-26,L4,landlord,ExParte Order,terminated,False,True
LTB-L-010086-26,L4,landlord,ExParte Order,terminated,False,True
LTB-L-010295-26,L4,landlord,Order,other,False,False
LTB-L-010544-26,L4,landlord,Order,other,False,False
LTB-L-010544-26,L4,landlord,Amended Order,other,False,False
LTB-L-010572-26,L4,landlord,ExParte Order,terminated,False,True
LTB-L-010649-26,L4,landlord,ExParte Order,dismissed,False,True
LTB-L-010820-26,L4,landlord,ExParte Order,terminated,False,True
LTB-L-010859-26,L4,landlord,ExParte Order,terminated,False,True
LTB-L-010875-26,L4,landlord,ExParte Order,terminated,False,True
LTB-L-010875-26,L4,landlord,Order,terminated,False,True
LTB-L-010910-26,L4,landlord,ExParte Order,terminated,False,True
LTB-L-010914-26,L4,landlord,ExParte Order,terminated,False,True
LTB-L-010952-26,L4,landlord,ExParte Order,terminated,False,True
LTB-L-010953-26,L4,landlord,ExParte Order,terminated,False,True
LTB-L-010959-26,L4,landlord,ExParte Order,terminated,False,True
LTB-L-010998-26,L4,landlord,Order,other,False,False
LTB-L-011063-26,L4,landlord,ExParte Order,terminated,False,True
LTB-L-011078-26,L4,landlord,ExParte Order,terminated,False,True
LTB-L-011172-26,L4,landlord,Order,other,False,False
LTB-L-011204-26,L4,landlord,ExParte Order,dismissed,False,False
LTB-L-011310-26,L4,landlord,Order,money_only,True,False
LTB-L-011336-26,L4,landlord,ExParte Order,terminated,False,True
LTB-L-011397-26,L4,landlord,Order,other,False,False
LTB-L-011456-26,L4,landlord,Order,terminated,False,True
LTB-L-011473-26,L4,landlord,Order,money_only,False,False
LTB-L-011495-26,L4,landlord,ExParte Order,dismissed,False,False
LTB-L-011632-26,L4,landlord,ExParte Order,terminated,False,True
LTB-L-011666-26,L4,landlord,ExParte Order,terminated,False,True
LTB-L-011884-26,L4,landlord,ExParte Order,other,False,False
LTB-L-012028-26,L4,landlord,ExParte Order,other,False,False
LTB-L-012028-26,L4,landlord,Review Order,other,False,False
LTB-L-012098-26,L4,landlord,ExParte Order,terminated,False,True
LTB-L-012160-26,L4,landlord,ExParte Order,terminated,False,True
LTB-L-012164-26,L4,landlord,Amended Order,terminated,False,True
LTB-L-012178-26,L4,landlord,Order,terminated,True,True
LTB-L-012229-26,L4,landlord,Order,other,False,False
LTB-L-012230-26,L4,landlord,Order,money_only,False,False
LTB-L-012257-26,L4,landlord,ExParte Order,terminated,False,True
LTB-L-012387-26,L4,landlord,ExParte Order,terminated,False,True
LTB-L-012405-26,L4,landlord,Order,terminated,False,True
LTB-L-012405-26,L4,landlord,ExParte Order,terminated,False,True
LTB-L-012489-26,L4,landlord,ExParte Order,terminated,False,True
LTB-L-012559-26,L4,landlord,Order,other,False,False
LTB-L-012574-26,L4,landlord,Amended Order,terminated,False,True
LTB-L-012576-26,L4,landlord,ExParte Order,terminated,False,True
LTB-L-012578-26,L4,landlord,Order,other,True,False
LTB-L-012587-26,L4,landlord,Order,other,False,False
LTB-L-012592-26,L4,landlord,Order,other,False,False
LTB-L-012608-26,L4,landlord,ExParte Order,terminated,False,True
LTB-L-012612-26,L4,landlord,Order,money_only,False,False
LTB-L-012662-26,L4,landlord,ExParte Order,terminated,False,True
LTB-L-012787-26,L4,landlord,ExParte Order,terminated,False,True
LTB-L-012810-26,L4,landlord,ExParte Order,terminated,False,True
LTB-L-012946-26,L4,landlord,ExParte Order,terminated,False,True
LTB-L-013040-26,L4,landlord,Order,terminated,False,True
LTB-L-013054-26,L4,landlord,Order,money_only,False,False
LTB-L-013141-26,L4,landlord,ExParte Order,terminated,False,True
LTB-L-013142-26,L4,landlord,Order,other,True,False
LTB-L-013256-26,L4,landlord,Order,remedy_ordered,False,False
LTB-L-013359-26,L4,landlord,ExParte Order,terminated,False,True
LTB-L-013666-26,L4,landlord,ExParte Order,terminated,False,True
LTB-L-013893-26,L4,landlord,ExParte Order,terminated,False,True
LTB-L-014248-26,L4,landlord,ExParte Order,other,False,False
LTB-L-014287-26,L4,landlord,ExParte Order,terminated,False,True
LTB-L-014321-26,L4,landlord,ExParte Order,terminated,False,True
LTB-L-014468-26,L4,landlord,ExParte Order,terminated,False,True
LTB-L-014539-26,L4,landlord,Order,other,False,False
LTB-L-014570-26,L4,landlord,Order,money_only,False,False
LTB-L-014819-26,L4,landlord,ExParte Order,terminated,False,True
LTB-L-014911-26,L4,landlord,Order,other,False,False
LTB-L-014930-26,L4,landlord,ExParte Order,terminated,False,True
LTB-L-014968-26,L4,landlord,ExParte Order,terminated,False,True
LTB-L-015142-26,L4,landlord,Order,other,False,False
LTB-L-015301-26,L4,landlord,ExParte Order,terminated,False,True
LTB-L-015350-26,L4,landlord,ExParte Order,terminated,False,True
LTB-L-015570-26,L4,landlord,ExParte Order,terminated,False,True
LTB-L-015604-26,L4,landlord,ExParte Order,terminated,False,True
LTB-L-015625-26,L4,landlord,Order,other,False,False
LTB-L-015705-26,L4,landlord,ExParte Order,terminated,False,True
LTB-L-015915-26,L4,landlord,ExParte Order,terminated,False,True
LTB-L-015937-26,L4,landlord,ExParte Order,terminated,False,True
LTB-L-015943-26,L4,landlord,ExParte Order,terminated,False,True
LTB-L-016300-26,L4,landlord,Order,money_only,False,False
LTB-L-016307-26,L4,landlord,ExParte Order,terminated,False,True
LTB-L-016331-26,L4,landlord,ExParte Order,terminated,False,True
LTB-L-016450-26,L4,landlord,ExParte Order,terminated,False,True
LTB-L-016455-26,L4,landlord,ExParte Order,terminated,False,True
LTB-L-016615-26,L4,landlord,ExParte Order,terminated,False,True
LTB-L-016960-26,L4,landlord,ExParte Order,other,False,False
LTB-L-016979-26,L4,landlord,ExParte Order,terminated,False,True
LTB-L-017081-26,L4,landlord,ExParte Order,terminated,False,True
LTB-L-017126-26,L4,landlord,ExParte Order,terminated,False,True
LTB-L-017153-26,L4,landlord,ExParte Order,terminated,False,True
LTB-L-017565-26,L4,landlord,Order,other,False,False
LTB-L-017634-26,L4,landlord,ExParte Order,terminated,False,True
LTB-L-017641-26,L4,landlord,ExParte Order,terminated,False,True
LTB-L-017641-26,L4,landlord,ExParte Order,terminated,False,True
LTB-L-017728-26,L4,landlord,ExParte Order,terminated,False,True
LTB-L-017735-26,L4,landlord,ExParte Order,terminated,False,True
LTB-L-017749-26,L4,landlord,Order,other,False,False
LTB-L-018178-26,L4,landlord,ExParte Order,terminated,False,True
LTB-L-018191-26,L4,landlord,ExParte Order,terminated,False,True
LTB-L-018251-26,L4,landlord,Order,terminated,False,True
LTB-L-018251-26,L4,landlord,ExParte Order,terminated,False,True
LTB-L-018263-26,L4,landlord,ExParte Order,terminated,False,True
LTB-L-018383-26,L4,landlord,ExParte Order,terminated,False,True
LTB-L-018452-26,L4,landlord,ExParte Order,terminated,False,True
LTB-L-018492-26,L4,landlord,ExParte Order,terminated,False,True
LTB-L-018718-26,L4,landlord,ExParte Order,terminated,False,False
LTB-L-018763-26,L4,landlord,Order,other,False,False
LTB-L-018815-26,L4,landlord,ExParte Order,terminated,False,True
LTB-L-018830-26,L4,landlord,ExParte Order,terminated,False,True
LTB-L-018893-26,L4,landlord,ExParte Order,terminated,False,True
LTB-L-018953-26,L4,landlord,Order,other,False,False
LTB-L-018988-26,L4,landlord,ExParte Order,terminated,False,True
LTB-L-018989-26,L4,landlord,ExParte Order,terminated,False,True
LTB-L-019001-26,L4,landlord,ExParte Order,terminated,False,True
LTB-L-019019-26,L4,landlord,Order,other,False,False
LTB-L-019173-26,L4,landlord,Review Order,other,False,False
LTB-L-019448-26,L4,landlord,Order,other,False,False
LTB-L-019517-26,L4,landlord,ExParte Order,terminated,False,True
LTB-L-019517-26,L4,landlord,Order,terminated,False,True
LTB-L-019538-26,L4,landlord,ExParte Order,terminated,False,True
LTB-L-019555-26,L4,landlord,Order,terminated,False,True
LTB-L-019688-26,L4,landlord,ExParte Order,terminated,False,True
LTB-L-019696-26,L4,landlord,Order,other,False,False
LTB-L-019759-26,L4,landlord,Order,other,False,False
LTB-L-019765-26,L4,landlord,ExParte Order,terminated,False,True
LTB-L-019786-26,L4,landlord,Order,other,True,False
LTB-L-020162-26,L4,landlord,ExParte Order,terminated,False,True
LTB-L-020191-26,L4,landlord,ExParte Order,terminated,False,True
LTB-L-020208-26,L4,landlord,Order,terminated_voidable,True,True
LTB-L-020257-26,L4,landlord,ExParte Order,terminated,False,True
LTB-L-020333-26,L4,landlord,Order,money_only,True,False
LTB-L-020344-26,L4,landlord,Order,terminated,False,False
LTB-L-020349-26,L4,landlord,Order,money_only,False,False
LTB-L-020360-26,L4,landlord,Order,other,False,False
LTB-L-020366-26,L4,landlord,Order,other,False,False
LTB-L-020409-26,L4,landlord,ExParte Order,terminated,False,True
LTB-L-020436-26,L4,landlord,ExParte Order,terminated,False,True
LTB-L-020528-26,L4,landlord,ExParte Order,terminated,False,True
LTB-L-020711-26,L4,landlord,ExParte Order,terminated,False,True
LTB-L-020737-26,L4,landlord,ExParte Order,terminated,False,True
LTB-L-020750-26,L4,landlord,Order,other,False,False
LTB-L-020792-26,L4,landlord,ExParte Order,terminated,False,True
LTB-L-020811-26,L4,landlord,Order,terminated,False,True
LTB-L-020841-26,L4,landlord,ExParte Order,terminated,False,True
LTB-L-020981-26,L4,landlord,ExParte Order,terminated,False,True
LTB-L-020981-26,L4,landlord,Order,terminated,False,True
LTB-L-020988-26,L4,landlord,Order,terminated,False,True
LTB-L-021153-26,L4,landlord,ExParte Order,terminated,False,True
LTB-L-021309-26,L4,landlord,ExParte Order,terminated,False,True
LTB-L-021390-26,L4,landlord,Order,other,False,False
LTB-L-021428-26,L4,landlord,ExParte Order,other,False,False
LTB-L-021428-26,L4,landlord,Order,other,False,False
LTB-L-021463-26,L4,landlord,ExParte Order,terminated,False,True
LTB-L-021481-26,L4,landlord,ExParte Order,terminated,False,True
LTB-L-021507-26,L4,landlord,ExParte Order,terminated,False,True
LTB-L-021540-26,L4,landlord,ExParte Order,terminated,False,True
LTB-L-021542-26,L4,landlord,ExParte Order,terminated,False,True
LTB-L-021547-26,L4,landlord,ExParte Order,terminated,False,True
LTB-L-021582-26,L4,landlord,Order,other,False,False
LTB-L-021593-26,L4,landlord,Order,other,False,False
LTB-L-021637-26,L4,landlord,Amended Order,other,False,False
LTB-L-021637-26,L4,landlord,Order,other,False,False
LTB-L-021641-26,L4,landlord,ExParte Order,terminated,False,True
LTB-L-021742-26,L4,landlord,Order,other,False,False
LTB-L-021763-26,L4,landlord,ExParte Order,terminated,False,True
LTB-L-021792-26,L4,landlord,ExParte Order,terminated,False,True
LTB-L-021853-26,L4,landlord,ExParte Order,terminated,False,True
LTB-L-021860-26,L4,landlord,ExParte Order,terminated,False,True
LTB-L-021910-26,L4,landlord,Order,other,False,False
LTB-L-021963-26,L4,landlord,ExParte Order,terminated,False,True
LTB-L-021974-26,L4,landlord,ExParte Order,other,False,False
LTB-L-021974-26,L4,landlord,Order,other,False,False
LTB-L-022003-26,L4,landlord,Order,other,False,False
LTB-L-022102-26,L4,landlord,Order,terminated,False,True
LTB-L-022266-26,L4,landlord,Order,terminated,False,True
LTB-L-022266-26,L4,landlord,ExParte Order,terminated,False,True
LTB-L-022284-26,L4,landlord,Order,other,False,False
LTB-L-022428-26,L4,landlord,Order,other,False,False
LTB-L-022537-26,L4,landlord,ExParte Order,terminated,False,True
LTB-L-022565-26,L4,landlord,ExParte Order,terminated,False,True
LTB-L-022609-26,L4,landlord,ExParte Order,terminated,False,True
LTB-L-022687-26,L4,landlord,ExParte Order,terminated,False,True
LTB-L-022748-26,L4,landlord,ExParte Order,terminated,False,True
LTB-L-022793-26,L4,landlord,ExParte Order,other,True,False
LTB-L-022801-26,L4,landlord,ExParte Order,terminated,False,True
LTB-L-022834-26,L4,landlord,ExParte Order,terminated,False,True
LTB-L-022838-26,L4,landlord,Order,terminated,False,True
LTB-L-023107-26,L4,landlord,ExParte Order,terminated,False,True
LTB-L-023115-26,L4,landlord,ExParte Order,terminated,False,True
LTB-L-023118-26,L4,landlord,ExParte Order,terminated,False,True
LTB-L-023156-26,L4,landlord,ExParte Order,terminated,False,True
LTB-L-023201-26,L4,landlord,Order,other,True,False
LTB-L-023235-26,L4,landlord,ExParte Order,terminated,False,True
LTB-L-023246-26,L4,landlord,ExParte Order,terminated,False,True
LTB-L-023249-26,L4,landlord,ExParte Order,terminated,False,True
LTB-L-023375-26,L4,landlord,ExParte Order,terminated,False,True
LTB-L-023517-26,L4,landlord,ExParte Order,terminated,False,True
LTB-L-023528-26,L4,landlord,Order,other,False,False
LTB-L-023666-26,L4,landlord,ExParte Order,terminated,False,True
LTB-L-023666-26,L4,landlord,Order,terminated,False,True
LTB-L-023723-26,L4,landlord,ExParte Order,terminated,False,True
LTB-L-023759-26,L4,landlord,Order,terminated_voidable,True,True
LTB-L-023825-26,L4,landlord,ExParte Order,terminated,False,True
LTB-L-023873-26,L4,landlord,ExParte Order,terminated,False,True
LTB-L-024027-26,L4,landlord,Order,other,False,False
LTB-L-024147-26,L4,landlord,Order,terminated,False,True
LTB-L-024170-26,L4,landlord,ExParte Order,terminated,False,True
LTB-L-024225-26,L4,landlord,ExParte Order,terminated,False,True
LTB-L-024255-26,L4,landlord,Order,money_only,False,False
LTB-L-024258-26,L4,landlord,ExParte Order,terminated,False,True
LTB-L-024330-26,L4,landlord,ExParte Order,terminated,False,True
LTB-L-024335-26,L4,landlord,ExParte Order,terminated,False,True
LTB-L-024335-26,L4,landlord,Order,terminated,False,True
LTB-L-024396-26,L4,landlord,ExParte Order,other,False,False
LTB-L-024485-26,L4,landlord,Order,other,False,False
LTB-L-024486-26,L4,landlord,ExParte Order,terminated,False,True
LTB-L-024500-26,L4,landlord,ExParte Order,terminated,False,True
LTB-L-024509-26,L4,landlord,Order,other,False,False
LTB-L-024590-26,L4,landlord,ExParte Order,terminated,False,True
LTB-L-024755-26,L4,landlord,ExParte Order,terminated,False,True
LTB-L-024755-26,L4,landlord,Order,terminated,False,True
LTB-L-024798-26,L4,landlord,ExParte Order,terminated,False,True
LTB-L-024823-26,L4,landlord,ExParte Order,terminated,False,True
LTB-L-024876-26,L4,landlord,ExParte Order,terminated,False,True
LTB-L-024900-26,L4,landlord,ExParte Order,terminated,False,True
LTB-L-025005-26,L4,landlord,Order,terminated,False,False
LTB-L-025185-26,L4,landlord,ExParte Order,terminated,False,True
LTB-L-025289-26,L4,landlord,Order,other,False,False
LTB-L-025347-26,L4,landlord,Amended Order,terminated,False,True
LTB-L-025623-26,L4,landlord,ExParte Order,terminated,False,True
LTB-L-025699-26,L4,landlord,Order,other,False,False
LTB-L-025781-25,L4,landlord,Order,terminated_voidable,False,True
LTB-L-025781-25,L4,landlord,ExParte Order,terminated_voidable,False,True
LTB-L-025952-26,L4,landlord,Order,other,False,False
LTB-L-025976-26,L4,landlord,Order,other,False,False
LTB-L-026040-26,L4,landlord,ExParte Order,terminated,False,True
LTB-L-026194-26,L4,landlord,ExParte Order,terminated,False,True
LTB-L-026318-26,L4,landlord,ExParte Order,terminated,False,True
LTB-L-026416-26,L4,landlord,ExParte Order,other,False,False
LTB-L-026470-26,L4,landlord,ExParte Order,terminated,False,True
LTB-L-026530-26,L4,landlord,ExParte Order,terminated,False,True
LTB-L-026546-26,L4,landlord,ExParte Order,terminated,False,True
LTB-L-026551-26,L4,landlord,ExParte Order,terminated,False,True
LTB-L-026839-26,L4,landlord,ExParte Order,terminated,False,True
LTB-L-026869-26,L4,landlord,ExParte Order,terminated,False,True
LTB-L-026881-26,L4,landlord,Order,other,False,False
LTB-L-026963-26,L4,landlord,Order,other,False,False
LTB-L-027097-26,L4,landlord,ExParte Order,terminated,False,True
LTB-L-027129-26,L4,landlord,ExParte Order,terminated,False,True
LTB-L-027148-26,L4,landlord,ExParte Order,terminated,False,True
LTB-L-027324-26,L4,landlord,ExParte Order,terminated,False,True
LTB-L-027372-26,L4,landlord,ExParte Order,terminated,False,True
LTB-L-027490-26,L4,landlord,ExParte Order,terminated,False,True
LTB-L-027889-26,L4,landlord,ExParte Order,terminated,False,True
LTB-L-027967-26,L4,landlord,Order,other,False,False
LTB-L-027967-26,L4,landlord,ExParte Order,other,False,False
LTB-L-027988-26,L4,landlord,ExParte Order,terminated,False,True
LTB-L-028033-26,L4,landlord,ExParte Order,terminated,False,True
LTB-L-028056-26,L4,landlord,ExParte Order,terminated,False,True
LTB-L-028160-26,L4,landlord,Order,money_only,False,False
LTB-L-028182-26,L4,landlord,ExParte Order,terminated,False,True
LTB-L-028549-26,L4,landlord,ExParte Order,terminated,False,True
LTB-L-028558-26,L4,landlord,ExParte Order,terminated,False,True
LTB-L-028704-26,L4,landlord,ExParte Order,dismissed,False,False
LTB-L-028745-26,L4,landlord,ExParte Order,terminated,False,True
LTB-L-028765-26,L4,landlord,ExParte Order,terminated,False,True
LTB-L-029019-26,L4,landlord,ExParte Order,terminated,False,True
LTB-L-029172-26,L4,landlord,ExParte Order,terminated,False,True
LTB-L-029207-26,L4,landlord,ExParte Order,terminated,False,True
LTB-L-029397-26,L4,landlord,ExParte Order,terminated,False,True
LTB-L-029429-26,L4,landlord,ExParte Order,terminated,False,True
LTB-L-029436-26,L4,landlord,ExParte Order,terminated,False,True
LTB-L-029468-26,L4,landlord,ExParte Order,terminated,False,True
LTB-L-029661-26,L4,landlord,ExParte Order,terminated,False,True
LTB-L-029849-26,L4,landlord,ExParte Order,terminated,False,True
LTB-L-029951-26,L4,landlord,ExParte Order,terminated,False,True
LTB-L-029979-26,L4,landlord,ExParte Order,terminated,False,True
LTB-L-030021-26,L4,landlord,ExParte Order,terminated,False,True
LTB-L-030064-26,L4,landlord,Order,terminated,False,True
LTB-L-030161-26,L4,landlord,ExParte Order,terminated,False,True
LTB-L-030317-26,L4,landlord,Amended Order,terminated,False,True
LTB-L-030384-26,L4,landlord,ExParte Order,terminated,False,True
LTB-L-030435-26,L4,landlord,ExParte Order,other,False,False
LTB-L-030456-26,L4,landlord,ExParte Order,terminated,False,True
LTB-L-030460-26,L4,landlord,ExParte Order,terminated,False,True
LTB-L-030497-26,L4,landlord,ExParte Order,terminated,False,True
LTB-L-030512-26,L4,landlord,ExParte Order,terminated,False,True
LTB-L-030535-26,L4,landlord,ExParte Order,terminated,False,True
LTB-L-030537-26,L4,landlord,Order,other,True,False
LTB-L-030541-26,L4,landlord,ExParte Order,terminated,False,True
LTB-L-030550-26,L4,landlord,Order,other,False,False
LTB-L-030565-26,L4,landlord,ExParte Order,terminated,False,True
LTB-L-030622-26,L4,landlord,ExParte Order,terminated,False,True
LTB-L-030668-26,L4,landlord,ExParte Order,terminated,False,True
LTB-L-030894-26,L4,landlord,ExParte Order,terminated,False,True
LTB-L-030926-26,L4,landlord,ExParte Order,terminated,False,True
LTB-L-030945-26,L4,landlord,ExParte Order,terminated,False,True
LTB-L-031065-26,L4,landlord,ExParte Order,terminated,False,True
LTB-L-031297-26,L4,landlord,ExParte Order,terminated,False,True
LTB-L-031498-26,L4,landlord,ExParte Order,terminated,False,True
LTB-L-031541-26,L4,landlord,ExParte Order,terminated,False,True
LTB-L-031579-26,L4,landlord,ExParte Order,terminated,False,True
LTB-L-031609-26,L4,landlord,ExParte Order,terminated,False,True
LTB-L-031702-26,L4,landlord,ExParte Order,terminated,False,True
LTB-L-031780-26,L4,landlord,ExParte Order,terminated,False,True
LTB-L-031811-26,L4,landlord,ExParte Order,terminated,False,True
LTB-L-031917-26,L4,landlord,ExParte Order,terminated,False,True
LTB-L-031941-26,L4,landlord,ExParte Order,terminated,False,True
LTB-L-031999-26,L4,landlord,Order,other,False,False
LTB-L-032011-26,L4,landlord,ExParte Order,terminated,False,True
LTB-L-032142-26,L4,landlord,ExParte Order,terminated,False,True
LTB-L-032430-26,L4,landlord,ExParte Order,other,False,False
LTB-L-032459-26,L4,landlord,ExParte Order,terminated,False,True
LTB-L-032489-26,L4,landlord,ExParte Order,terminated,False,True
LTB-L-032517-26,L4,landlord,ExParte Order,terminated,False,True
LTB-L-032545-26,L4,landlord,ExParte Order,terminated,False,True
LTB-L-032715-26,L4,landlord,ExParte Order,terminated,False,True
LTB-L-032722-26,L4,landlord,ExParte Order,terminated,False,True
LTB-L-032942-26,L4,landlord,ExParte Order,terminated,False,True
LTB-L-032976-26,L4,landlord,ExParte Order,terminated,False,True
LTB-L-033056-26,L4,landlord,ExParte Order,terminated,False,True
LTB-L-033102-26,L4,landlord,ExParte Order,terminated,False,True
LTB-L-033168-26,L4,landlord,ExParte Order,terminated,False,True
LTB-L-033207-26,L4,landlord,ExParte Order,terminated,False,True
LTB-L-033213-26,L4,landlord,ExParte Order,terminated,False,True
LTB-L-033225-25,L4,landlord,Review Order,other,False,False
LTB-L-033340-26,L4,landlord,ExParte Order,terminated,False,True
LTB-L-033424-26,L4,landlord,ExParte Order,terminated,False,True
LTB-L-033456-26,L4,landlord,ExParte Order,terminated,False,True
LTB-L-033508-26,L4,landlord,ExParte Order,terminated,False,True
LTB-L-033610-26,L4,landlord,Order,terminated,False,True
LTB-L-033854-26,L4,landlord,ExParte Order,terminated,False,True
LTB-L-033913-26,L4,landlord,ExParte Order,terminated,False,True
LTB-L-033928-26,L4,landlord,ExParte Order,terminated,False,True
LTB-L-034147-26,L4,landlord,ExParte Order,terminated,False,True
LTB-L-034214-26,L4,landlord,ExParte Order,terminated,False,True
LTB-L-034538-26,L4,landlord,ExParte Order,terminated,False,True
LTB-L-034615-26,L4,landlord,ExParte Order,terminated,False,True
LTB-L-034654-26,L4,landlord,ExParte Order,terminated,False,True
LTB-L-034740-26,L4,landlord,ExParte Order,terminated,False,True
LTB-L-034819-26,L4,landlord,Order,other,False,False
LTB-L-034844-26,L4,landlord,ExParte Order,terminated,False,True
LTB-L-035097-26,L4,landlord,ExParte Order,terminated,False,True
LTB-L-035202-26,L4,landlord,ExParte Order,terminated,False,True
LTB-L-035239-26,L4,landlord,ExParte Order,terminated,False,True
LTB-L-035258-26,L4,landlord,ExParte Order,terminated,False,True
LTB-L-035303-26,L4,landlord,ExParte Order,terminated,False,True
LTB-L-035549-26,L4,landlord,ExParte Order,terminated,False,True
LTB-L-035622-26,L4,landlord,ExParte Order,terminated,False,True
LTB-L-035654-26,L4,landlord,ExParte Order,terminated,False,True
LTB-L-035737-26,L4,landlord,ExParte Order,terminated,False,True
LTB-L-035826-26,L4,landlord,ExParte Order,terminated,False,True
LTB-L-036118-26,L4,landlord,ExParte Order,terminated,False,True
LTB-L-036169-26,L4,landlord,ExParte Order,terminated,False,True
LTB-L-036360-25,L4,landlord,Order,other,False,False
LTB-L-036684-26,L4,landlord,ExParte Order,terminated,False,True
LTB-L-036905-26,L4,landlord,ExParte Order,terminated,False,True
LTB-L-036972-26,L4,landlord,ExParte Order,terminated,False,True
LTB-L-037478-26,L4,landlord,ExParte Order,terminated,False,True
LTB-L-037940-26,L4,landlord,ExParte Order,terminated,False,True
LTB-L-037952-26,L4,landlord,ExParte Order,terminated,False,True
LTB-L-038088-26,L4,landlord,ExParte Order,terminated,False,True
LTB-L-038097-26,L4,landlord,ExParte Order,terminated,False,True
LTB-L-038412-26,L4,landlord,ExParte Order,terminated,False,True
LTB-L-038508-26,L4,landlord,ExParte Order,terminated,False,True
LTB-L-038821-26,L4,landlord,Amended Order,terminated,False,True
LTB-L-038870-26,L4,landlord,ExParte Order,dismissed,False,False
LTB-L-038918-26,L4,landlord,ExParte Order,terminated,False,True
LTB-L-038923-26,L4,landlord,ExParte Order,terminated,False,True
LTB-L-039105-26,L4,landlord,ExParte Order,terminated,False,True
LTB-L-039286-26,L4,landlord,ExParte Order,terminated,False,True
LTB-L-039305-26,L4,landlord,ExParte Order,terminated,False,True
LTB-L-039329-26,L4,landlord,ExParte Order,terminated,False,True
LTB-L-039409-26,L4,landlord,ExParte Order,terminated,False,True
LTB-L-039693-26,L4,landlord,ExParte Order,terminated,False,True
LTB-L-039881-26,L4,landlord,ExParte Order,terminated,False,True
LTB-L-039922-26,L4,landlord,ExParte Order,terminated,False,True
LTB-L-040274-26,L4,landlord,ExParte Order,terminated,False,True
LTB-L-040622-26,L4,landlord,ExParte Order,terminated,False,True
LTB-L-040676-26,L4,landlord,ExParte Order,terminated,False,True
LTB-L-040827-26,L4,landlord,ExParte Order,terminated,False,True
LTB-L-041082-26,L4,landlord,ExParte Order,terminated,False,True
LTB-L-041265-26,L4,landlord,ExParte Order,terminated,False,True
LTB-L-041442-26,L4,landlord,ExParte Order,terminated,False,True
LTB-L-041485-26,L4,landlord,ExParte Order,terminated,False,True
LTB-L-041593-26,L4,landlord,ExParte Order,terminated,False,True
LTB-L-041671-26,L4,landlord,ExParte Order,terminated,False,True
LTB-L-042059-26,L4,landlord,ExParte Order,terminated,False,True
LTB-L-042070-26,L4,landlord,ExParte Order,terminated,False,True
LTB-L-042213-26,L4,landlord,ExParte Order,terminated,False,True
LTB-L-042230-26,L4,landlord,ExParte Order,terminated,False,True
LTB-L-042275-26,L4,landlord,ExParte Order,terminated,False,True
LTB-L-042443-26,L4,landlord,ExParte Order,terminated,False,True
LTB-L-042495-26,L4,landlord,ExParte Order,terminated,False,True
LTB-L-042568-26,L4,landlord,ExParte Order,terminated,False,True
LTB-L-042668-26,L4,landlord,ExParte Order,terminated,False,True
LTB-L-042820-26,L4,landlord,ExParte Order,terminated,False,True
LTB-L-043109-26,L4,landlord,ExParte Order,terminated,False,True
LTB-L-043178-26,L4,landlord,ExParte Order,terminated,False,True
LTB-L-043232-26,L4,landlord,ExParte Order,terminated,False,True
LTB-L-043236-26,L4,landlord,ExParte Order,terminated,False,True
LTB-L-043250-26,L4,landlord,ExParte Order,terminated,False,True
LTB-L-043342-26,L4,landlord,ExParte Order,terminated,False,True
LTB-L-043448-26,L4,landlord,ExParte Order,terminated,False,True
LTB-L-043518-26,L4,landlord,ExParte Order,terminated,False,True
LTB-L-043557-26,L4,landlord,ExParte Order,terminated,False,True
LTB-L-043607-26,L4,landlord,ExParte Order,terminated,False,True
LTB-L-043616-26,L4,landlord,ExParte Order,terminated,False,True
LTB-L-043648-26,L4,landlord,ExParte Order,terminated,False,True
LTB-L-043655-26,L4,landlord,ExParte Order,terminated,False,True
LTB-L-043833-26,L4,landlord,ExParte Order,terminated,False,True
LTB-L-044249-26,L4,landlord,ExParte Order,terminated,False,True
LTB-L-044323-26,L4,landlord,ExParte Order,terminated,False,True
LTB-L-044327-26,L4,landlord,ExParte Order,terminated,False,True
LTB-L-045833-25,L4,landlord,Order,dismissed,False,False
LTB-L-045965-25,L4,landlord,Review Order,other,True,False
LTB-L-065014-25,L4,landlord,Review Order,dismissed,False,False
LTB-L-069063-25,L4,landlord,Order,other,False,True
LTB-L-069229-25,L4,landlord,Order,other,False,False
LTB-L-073338-25,L4,landlord,Review Order,other,False,False
LTB-L-073342-25,L4,landlord,Order,other,True,False
LTB-L-074036-25,L4,landlord,Order,other,True,False
LTB-L-075510-25,L4,landlord,Order,other,False,False
LTB-L-076234-24,L4,landlord,Order,other,False,False
LTB-L-076296-25,L4,landlord,Review Order,money_only,True,False
LTB-L-081071-25,L4,landlord,Order,other,False,False
LTB-L-082529-25,L4,landlord,Order,other,True,False
LTB-L-083680-25,L4,landlord,Review Order,other,False,False
LTB-L-084110-25,L4,landlord,Order,other,True,False
LTB-L-084523-25,L4,landlord,Review Order,other,False,False
LTB-L-085150-25,L4,landlord,Order,other,True,False
LTB-L-085267-25,L4,landlord,Order,other,False,False
LTB-L-085331-25,L4,landlord,Order,other,False,False
LTB-L-085586-25,L4,landlord,Order,terminated_voidable,True,True
LTB-L-085697-24,L4,landlord,Order,terminated,False,True
LTB-L-086147-25,L4,landlord,Order,money_only,True,False
LTB-L-086934-25,L4,landlord,Review Order,other,True,False
LTB-L-088949-25,L4,landlord,Order,other,False,False
LTB-L-089027-25,L4,landlord,Order,money_only,False,False
LTB-L-090622-25,L4,landlord,Order,money_only,False,False
LTB-L-091452-25,L4,landlord,Order,other,False,False
LTB-L-091467-25,L4,landlord,Order,money_only,True,False
LTB-L-091699-25,L4,landlord,Review Order,money_only,False,False
LTB-L-091731-25,L4,landlord,ExParte Order,terminated,False,True
LTB-L-092430-25,L4,landlord,Order,other,False,False
LTB-L-092828-25,L4,landlord,Order,other,False,False
LTB-L-092973-25,L4,landlord,Order,other,False,False
LTB-L-092997-25,L4,landlord,Order,money_only,False,False
LTB-L-092999-25,L4,landlord,Order,other,False,False
LTB-L-093115-25,L4,landlord,Order,money_only,False,False
LTB-L-093490-25,L4,landlord,Order,other,False,False
LTB-L-093502-25,L4,landlord,Order,withdrawn,False,False
LTB-L-093998-25,L4,landlord,Order,money_only,True,False
LTB-L-094054-25,L4,landlord,Order,other,False,False
LTB-L-094106-25,L4,landlord,Order,other,False,False
LTB-L-094493-25,L4,landlord,Review Order,other,False,False
LTB-L-094702-25,L4,landlord,Order,other,False,False
LTB-L-095366-25,L4,landlord,Order,other,False,False
LTB-L-095560-25,L4,landlord,Review Order,other,False,False
LTB-L-095600-25,L4,landlord,Order,other,False,False
LTB-L-095975-25,L4,landlord,Order,other,False,False
LTB-L-096187-25,L4,landlord,Order,other,False,False
LTB-L-096228-25,L4,landlord,Order,other,False,False
LTB-L-096242-25,L4,landlord,Order,other,False,False
LTB-L-096330-25,L4,landlord,Order,other,False,False
LTB-L-096378-25,L4,landlord,Order,other,False,False
LTB-L-096586-25,L4,landlord,Order,other,False,False
LTB-L-096713-25,L4,landlord,Order,other,False,False
LTB-L-096750-25,L4,landlord,Order,money_only,False,False
LTB-L-096875-25,L4,landlord,Order,money_only,False,False
LTB-L-096972-25,L4,landlord,Order,terminated,False,True
LTB-L-097207-25,L4,landlord,Order,other,False,False
LTB-L-097268-25,L4,landlord,Review Order,other,False,False
LTB-L-097648-25,L4,landlord,Order,other,False,False
LTB-L-097766-25,L4,landlord,Order,money_only,False,False
LTB-L-097892-25,L4,landlord,Order,other,False,False
LTB-L-098050-25,L4,landlord,Order,other,False,False
LTB-L-098181-25,L4,landlord,Order,other,False,False
LTB-L-098228-25,L4,landlord,Order,money_only,False,False
LTB-L-098329-25,L4,landlord,Order,money_only,False,False
LTB-L-098337-25,L4,landlord,Order,other,True,False
LTB-L-098363-25,L4,landlord,Amended Order,terminated,False,True
LTB-L-098683-25,L4,landlord,Review Order,other,False,False
LTB-L-098841-25,L4,landlord,Order,other,True,False
LTB-L-099010-25,L4,landlord,Order,money_only,False,False
LTB-L-099106-25,L4,landlord,Order,other,False,False
LTB-L-099147-25,L4,landlord,Order,money_only,False,False
LTB-L-099285-25,L4,landlord,Order,money_only,False,False
LTB-L-099587-25,L4,landlord,Order,other,False,False
LTB-L-099641-25,L4,landlord,Order,other,False,False
LTB-L-099729-25,L4,landlord,ExParte Order,other,False,False
LTB-L-099811-25,L4,landlord,Order,other,True,False
LTB-L-100027-25,L4,landlord,Order,other,True,False
LTB-L-100301-25,L4,landlord,Review Order,other,False,False
LTB-L-100527-25,L4,landlord,Order,terminated_voidable,False,True
LTB-L-100560-25,L4,landlord,Order,other,False,False
LTB-L-100665-25,L4,landlord,Order,money_only,True,False
LTB-L-100668-25,L4,landlord,Order,money_only,False,False
LTB-L-101274-25,L4,landlord,Order,other,False,False
LTB-L-101841-25,L4,landlord,Order,money_only,True,False
LTB-L-101871-25,L4,landlord,Order,other,False,False
LTB-L-101871-25,L4,landlord,Order,other,False,False
LTB-L-101995-25,L4,landlord,Order,money_only,False,False
LTB-L-102015-25,L4,landlord,Order,money_only,True,False
LTB-L-102069-25,L4,landlord,Order,other,True,False
LTB-L-102069-25,L4,landlord,Order,other,True,False
LTB-L-102074-25,L4,landlord,Order,terminated_voidable,True,True
LTB-L-102146-25,L4,landlord,Order,other,False,False
LTB-L-102305-25,L4,landlord,Order,other,False,False
LTB-L-102305-25,L4,landlord,ExParte Order,other,False,False
LTB-L-102373-25,L4,landlord,Order,other,True,False
LTB-L-102422-25,L4,landlord,Order,other,False,False
LTB-L-102631-25,L4,landlord,Order,money_only,False,False
LTB-L-102722-25,L4,landlord,ExParte Order,terminated,False,True
LTB-L-102951-25,L4,landlord,Order,other,True,False
LTB-L-102952-25,L4,landlord,ExParte Order,terminated,False,True
LTB-L-103009-25,L4,landlord,ExParte Order,terminated,False,True
LTB-L-103039-25,L4,landlord,ExParte Order,terminated,False,True
LTB-L-103067-25,L4,landlord,Order,other,False,False
LTB-L-103328-25,L4,landlord,Order,money_only,True,False
LTB-L-103462-25,L4,landlord,ExParte Order,terminated,False,True
LTB-L-103717-25,L4,landlord,Review Order,other,False,False
LTB-L-103765-25,L4,landlord,Order,terminated,False,True
LTB-L-103794-25,L4,landlord,ExParte Order,remedy_ordered,True,False
LTB-L-103862-25,L4,landlord,ExParte Order,terminated,False,True
LTB-L-104015-25,L4,landlord,Order,other,False,False
LTB-L-104073-25,L4,landlord,Order,other,False,False
LTB-L-104109-25,L4,landlord,Order,other,False,False
LTB-L-104199-25,L4,landlord,Order,money_only,False,False
LTB-L-104267-25,L4,landlord,Order,other,False,False
LTB-L-104425-25,L4,landlord,Order,other,False,False
LTB-L-104491-25,L4,landlord,Order,money_only,False,False
LTB-L-104549-25,L4,landlord,ExParte Order,terminated,False,True
LTB-L-104554-25,L4,landlord,ExParte Order,terminated,False,True
LTB-L-104596-25,L4,landlord,Order,other,False,False
LTB-L-104648-25,L4,landlord,ExParte Order,terminated,False,True
LTB-L-104663-25,L4,landlord,Order,terminated,False,True
LTB-L-104677-25,L4,landlord,ExParte Order,terminated,False,True
LTB-L-104680-25,L4,landlord,ExParte Order,other,False,False
LTB-L-104686-25,L4,landlord,Order,other,True,False
LTB-L-104686-25,L4,landlord,ExParte Order,other,True,False
LTB-L-104721-25,L4,landlord,Amended Order,terminated,False,True
LTB-L-104721-25,L4,landlord,ExParte Order,terminated,False,True
LTB-L-104737-25,L4,landlord,Order,other,False,False
LTB-L-104854-25,L4,landlord,ExParte Order,terminated,False,True
LTB-L-104940-25,L4,landlord,Order,other,False,False
LTB-L-105046-25,L4,landlord,ExParte Order,terminated,False,True
LTB-L-105122-25,L4,landlord,ExParte Order,terminated,False,True
LTB-L-105132-25,L4,landlord,ExParte Order,terminated,False,True
LTB-L-105143-25,L4,landlord,ExParte Order,terminated,False,True
LTB-L-105162-25,L4,landlord,Order,other,False,False
LTB-L-105176-25,L4,landlord,Order,other,False,False
LTB-L-105201-25,L4,landlord,Order,other,True,False
LTB-L-105201-25,L4,landlord,ExParte Order,other,True,False
LTB-L-105227-25,L4,landlord,Order,dismissed,False,False
LTB-L-105298-25,L4,landlord,Order,terminated,False,True
LTB-L-105388-25,L4,landlord,Order,other,False,False
LTB-L-105436-25,L4,landlord,Order,terminated,False,True
LTB-L-105450-25,L4,landlord,Review Order,other,False,False
LTB-L-105580-25,L4,landlord,ExParte Order,terminated,False,True
LTB-L-105765-25,L4,landlord,Review Order,terminated,False,True
LTB-L-105765-25,L4,landlord,ExParte Order,terminated,False,True
LTB-L-106057-25,L4,landlord,Order,other,True,False
LTB-L-106106-25,L4,landlord,ExParte Order,terminated,False,True
LTB-L-106333-25,L4,landlord,Review Order,other,False,False
LTB-L-106333-25,L4,landlord,Order,other,False,False
LTB-L-106481-25,L4,landlord,ExParte Order,terminated,False,True
LTB-L-106488-25,L4,landlord,Order,other,True,False
LTB-L-106536-25,L4,landlord,ExParte Order,terminated,False,True
LTB-L-106553-25,L4,landlord,Order,terminated,False,True
LTB-L-106616-25,L4,landlord,Order,other,False,False
LTB-L-106651-25,L4,landlord,ExParte Order,terminated,False,True
LTB-L-106658-25,L4,landlord,ExParte Order,terminated,False,True
LTB-L-106701-25,L4,landlord,ExParte Order,terminated,False,True
LTB-L-106924-25,L4,landlord,ExParte Order,terminated,False,True
LTB-L-106925-25,L4,landlord,ExParte Order,terminated,False,True
LTB-L-107132-25,L4,landlord,Order,other,True,False
LTB-L-107191-25,L4,landlord,ExParte Order,terminated,False,True
LTB-L-107256-25,L4,landlord,ExParte Order,terminated,False,True
LTB-L-107284-25,L4,landlord,Order,other,False,False
LTB-L-107479-25,L4,landlord,ExParte Order,terminated,False,True
LTB-L-107576-25,L4,landlord,ExParte Order,terminated,False,True
LTB-L-107584-25,L4,landlord,Order,terminated,False,True
LTB-L-107609-25,L4,landlord,Order,terminated,False,True
LTB-L-107665-25,L4,landlord,ExParte Order,terminated,False,True
LTB-L-107724-25,L4,landlord,ExParte Order,terminated,False,True
LTB-L-107780-25,L4,landlord,ExParte Order,terminated,False,True
LTB-L-107965-25,L4,landlord,ExParte Order,terminated,False,True
LTB-L-107984-25,L4,landlord,ExParte Order,dismissed,False,False
LTB-L-108142-25,L4,landlord,ExParte Order,terminated,False,True
LTB-L-108156-25,L4,landlord,Order,other,False,False
LTB-L-108159-25,L4,landlord,Order,other,False,False
LTB-L-108176-25,L4,landlord,ExParte Order,terminated,False,True
LTB-L-108324-25,L4,landlord,Order,withdrawn,False,False
LTB-L-108759-25,L4,landlord,Order,money_only,False,False
LTB-L-108830-25,L4,landlord,Order,other,False,False
LTB-L-108991-25,L4,landlord,ExParte Order,terminated,False,True
LTB-L-109002-25,L4,landlord,Order,other,False,False
LTB-L-109258-25,L4,landlord,ExParte Order,terminated,False,True
LTB-L-109282-25,L4,landlord,ExParte Order,terminated,False,True
LTB-L-109289-25,L4,landlord,Order,money_only,False,False
LTB-L-109311-25,L4,landlord,ExParte Order,terminated,False,True
LTB-L-109346-25,L4,landlord,ExParte Order,terminated,False,True
LTB-L-109377-25,L4,landlord,Order,money_only,False,False
LTB-L-109393-25,L4,landlord,Review Order,other,False,False
LTB-L-109393-25,L4,landlord,Order,other,False,False
LTB-L-109444-25,L4,landlord,ExParte Order,terminated,False,True
LTB-L-109482-25,L4,landlord,Order,money_only,False,False
LTB-L-109499-25,L4,landlord,Review Order,other,False,False
LTB-L-000422-24,L5,landlord,Order,other,False,False
LTB-L-001351-25,L5,landlord,Order,other,False,False
LTB-L-002245-25,L5,landlord,Order,other,False,False
LTB-L-002328-23,L5,landlord,Review Order,other,False,False
LTB-L-005612-25,L5,landlord,Order,other,False,False
LTB-L-006341-23,L5,landlord,Order,money_only,False,False
LTB-L-006365-24,L5,landlord,Order,other,False,False
LTB-L-007487-23,L5,landlord,Review Order,other,False,False
LTB-L-008233-25,L5,landlord,Order,other,False,False
LTB-L-008638-23,L5,landlord,Order,other,False,False
LTB-L-008966-24,L5,landlord,Order,other,False,False
LTB-L-009729-26,L5,landlord,Order,other,False,False
LTB-L-010087-26,L5,landlord,Order,other,False,False
LTB-L-012152-24,L5,landlord,Order,dismissed,False,False
LTB-L-014327-24,L5,landlord,Order,dismissed,False,False
LTB-L-016198-24,L5,landlord,Order,other,False,False
LTB-L-016480-25,L5,landlord,Order,other,False,False
LTB-L-019255-25,L5,landlord,Order,other,False,False
LTB-L-022332-25,L5,landlord,Order,other,True,False
LTB-L-022683-23,L5,landlord,Order,other,False,False
LTB-L-023304-24,L5,landlord,Review Order,other,False,False
LTB-L-023457-25,L5,landlord,Order,money_only,False,False
LTB-L-026486-25,L5,landlord,Order,other,True,False
LTB-L-026491-25,L5,landlord,Order,other,True,False
LTB-L-034145-24,L5,landlord,Order,dismissed,False,False
LTB-L-035009-24,L5,landlord,Order,other,False,False
LTB-L-037961-23,L5,landlord,Order,other,False,False
LTB-L-038280-23,L5,landlord,Order,other,False,False
LTB-L-042688-24,L5,landlord,Order,other,False,False
LTB-L-050696-24,L5,landlord,Order,dismissed,False,False
LTB-L-056716-23,L5,landlord,Order,other,False,False
LTB-L-057732-23,L5,landlord,Order,other,True,False
LTB-L-057820-23,L5,landlord,Order,other,True,False
LTB-L-058060-23,L5,landlord,Order,other,False,False
LTB-L-058076-23,L5,landlord,Order,other,False,False
LTB-L-060201-23,L5,landlord,Order,other,True,False
LTB-L-060206-23,L5,landlord,Order,other,False,False
LTB-L-062865-23,L5,landlord,Order,other,False,False
LTB-L-071237-24,L5,landlord,Order,other,False,False
LTB-L-071713-23,L5,landlord,Order,other,False,False
LTB-L-075697-23,L5,landlord,Review Order,other,False,False
LTB-L-075705-23,L5,landlord,Order,money_only,False,False
LTB-L-075773-24,L5,landlord,Order,other,False,False
LTB-L-078556-24,L5,landlord,Order,other,False,False
LTB-L-078805-23,L5,landlord,Order,other,False,False
LTB-L-078809-23,L5,landlord,Order,other,False,False
LTB-L-078823-23,L5,landlord,Order,other,True,False
LTB-L-078932-23,L5,landlord,Order,other,True,False
LTB-L-079274-23,L5,landlord,Order,other,False,False
LTB-L-079597-25,L5,landlord,Order,other,False,False
LTB-L-080027-24,L5,landlord,Order,other,False,False
LTB-L-081866-23,L5,landlord,Order,other,False,False
LTB-L-081950-23,L5,landlord,Order,other,False,False
LTB-L-081999-23,L5,landlord,Order,other,False,False
LTB-L-082201-23,L5,landlord,Order,other,True,False
LTB-L-082737-25,L5,landlord,Order,other,False,False
LTB-L-083028-23,L5,landlord,Order,other,False,False
LTB-L-085870-25,L5,landlord,Order,money_only,False,False
LTB-L-086387-23,L5,landlord,Order,other,False,False
LTB-L-087426-25,L5,landlord,Order,other,False,False
LTB-L-087477-25,L5,landlord,Order,other,False,False
LTB-L-087533-25,L5,landlord,Order,other,False,False
LTB-L-088077-23,L5,landlord,Order,other,False,False
LTB-L-088223-25,L5,landlord,Order,other,False,False
LTB-L-088891-25,L5,landlord,Order,other,False,False
LTB-L-089896-23,L5,landlord,Order,other,False,False
LTB-L-090135-23,L5,landlord,Order,other,False,False
LTB-L-090405-25,L5,landlord,Order,other,False,False
LTB-L-090963-25,L5,landlord,Order,other,False,False
LTB-L-091211-23,L5,landlord,Order,other,False,False
LTB-L-091329-25,L5,landlord,Order,other,True,False
LTB-L-094616-24,L5,landlord,Order,other,False,False
LTB-L-095398-24,L5,landlord,Order,dismissed,False,False
LTB-L-096415-23,L5,landlord,Order,other,False,False
LTB-L-097028-25,L5,landlord,Order,other,False,False
LTB-L-097241-23,L5,landlord,Order,other,False,False
LTB-L-097284-23,L5,landlord,Order,other,False,False
LTB-L-097291-23,L5,landlord,Order,other,False,False
LTB-L-097654-23,L5,landlord,Order,other,False,False
LTB-L-098304-23,L5,landlord,Order,other,False,False
LTB-L-098383-23,L5,landlord,Order,other,True,False
LTB-L-098998-25,L5,landlord,Order,dismissed,False,False
LTB-L-099207-24,L5,landlord,Order,other,False,False
LTB-L-100984-25,L5,landlord,Order,other,False,False
LTB-L-103890-25,L5,landlord,Order,dismissed,False,False
LTB-L-060648-25,L8,landlord,Order,other,False,False
LTB-L-078732-25,L8,landlord,Review Order,dismissed,False,False
LTB-L-001178-26,L9,landlord,Order,other,True,False
LTB-L-002193-26,L9,landlord,ExParte Order,other,False,False
LTB-L-002830-26,L9,landlord,Order,other,False,False
LTB-L-002856-26,L9,landlord,Order,other,False,False
LTB-L-003069-26,L9,landlord,Order,money_only,False,False
LTB-L-003921-26,L9,landlord,Order,money_only,False,False
LTB-L-007987-26,L9,landlord,Review Order,other,False,False
LTB-L-008600-26,L9,landlord,Order,money_only,False,False
LTB-L-009077-26,L9,landlord,Order,other,False,False
LTB-L-011827-26,L9,landlord,Order,terminated,True,True
LTB-L-013077-26,L9,landlord,Order,terminated,False,False
LTB-L-013204-26,L9,landlord,Order,terminated,False,False
LTB-L-013614-26,L9,landlord,Order,money_only,False,False
LTB-L-014715-26,L9,landlord,Order,money_only,False,False
LTB-L-014848-26,L9,landlord,Order,terminated,False,False
LTB-L-016731-26,L9,landlord,Order,money_only,False,False
LTB-L-016796-26,L9,landlord,Order,terminated,False,False
LTB-L-018381-26,L9,landlord,Order,terminated,False,False
LTB-L-020330-26,L9,landlord,Order,terminated,False,False
LTB-L-021492-26,L9,landlord,Order,terminated,False,False
LTB-L-027948-25,L9,landlord,Order,money_only,False,False
LTB-L-035246-25,L9,landlord,Order,terminated,False,False
LTB-L-052212-24,L9,landlord,Review Order,other,False,False
LTB-L-070814-23,L9,landlord,Order,terminated,False,False
LTB-L-082267-25,L9,landlord,Review Order,other,False,False
LTB-L-082731-25,L9,landlord,Order,terminated,False,False
LTB-L-083225-25,L9,landlord,Order,money_only,False,False
LTB-L-083271-25,L9,landlord,Order,money_only,True,False
LTB-L-083983-25,L9,landlord,Order,money_only,False,False
LTB-L-084356-25,L9,landlord,Order,money_only,False,False
LTB-L-084356-25,L9,landlord,Order,money_only,False,False
LTB-L-084822-25,L9,landlord,Order,terminated,False,False
LTB-L-084901-25,L9,landlord,Order,dismissed,False,False
LTB-L-084981-25,L9,landlord,Order,terminated,False,True
LTB-L-088398-25,L9,landlord,Order,money_only,True,False
LTB-L-091229-25,L9,landlord,Order,terminated,False,False
LTB-L-091471-25,L9,landlord,Order,money_only,False,False
LTB-L-092812-25,L9,landlord,Order,money_only,False,False
LTB-L-093158-25,L9,landlord,Order,dismissed,False,False
LTB-L-093301-25,L9,landlord,Order,money_only,True,False
LTB-L-094096-25,L9,landlord,Order,other,False,False
LTB-L-094640-24,L9,landlord,Review Order,other,False,False
LTB-L-095344-25,L9,landlord,Order,terminated,True,False
LTB-L-095393-25,L9,landlord,Order,dismissed,False,False
LTB-L-096188-25,L9,landlord,Order,terminated,False,False
LTB-L-096215-25,L9,landlord,Order,other,False,False
LTB-L-096302-25,L9,landlord,Order,terminated,False,False
LTB-L-097733-25,L9,landlord,Order,terminated,False,False
LTB-L-098122-25,L9,landlord,Order,terminated,False,False
LTB-L-098733-25,L9,landlord,Order,withdrawn,True,False
LTB-L-100308-25,L9,landlord,Order,dismissed,False,False
LTB-L-100833-25,L9,landlord,Order,dismissed,False,False
LTB-L-101909-25,L9,landlord,Order,money_only,False,False
LTB-L-102444-25,L9,landlord,Order,money_only,True,False
LTB-L-103979-25,L9,landlord,Order,terminated,False,False
LTB-L-104218-25,L9,landlord,Order,terminated,False,False
LTB-L-105986-25,L9,landlord,Order,dismissed,False,False
LTB-L-106468-25,L9,landlord,Order,money_only,False,False
LTB-L-106519-25,L9,landlord,Order,terminated,False,False
LTB-L-108682-25,L9,landlord,Order,terminated,False,False
LTB-T-000258-26,T1,tenant,Order,dismissed,False,False
LTB-T-000302-26,T1,tenant,Order,dismissed,False,False
LTB-T-000751-26,T1,tenant,Order,dismissed,False,False
LTB-T-001899-26,T1,tenant,Order,remedy_ordered,True,False
LTB-T-002082-26,T1,tenant,Order,remedy_ordered,True,False
LTB-T-002983-26,T1,tenant,Order,dismissed,False,False
LTB-T-004120-26,T1,tenant,Order,remedy_ordered,False,False
LTB-T-006952-26,T1,tenant,Order,remedy_ordered,True,False
LTB-T-007195-26,T1,tenant,Order,remedy_ordered,False,False
LTB-T-007261-26,T1,tenant,Order,remedy_ordered,True,False
LTB-T-008131-26,T1,tenant,Order,dismissed,False,False
LTB-T-008215-25,T1,tenant,Order,remedy_ordered,False,False
LTB-T-009494-26,T1,tenant,Order,dismissed,False,False
LTB-T-009611-25,T1,tenant,Order,money_only,True,False
LTB-T-010949-26,T1,tenant,Order,dismissed,False,False
LTB-T-011154-24,T1,tenant,Order,other,True,False
LTB-T-012113-25,T1,tenant,Order,dismissed,False,False
LTB-T-012438-26,T1,tenant,Order,dismissed,False,False
LTB-T-013734-25,T1,tenant,Order,dismissed,False,False
LTB-T-015685-26,T1,tenant,Order,other,True,False
LTB-T-017815-26,T1,tenant,Order,other,True,False
LTB-T-017932-26,T1,tenant,Order,remedy_ordered,True,False
LTB-T-017978-26,T1,tenant,Order,money_only,True,False
LTB-T-021205-25,T1,tenant,Review Order,other,False,False
LTB-T-021205-25,T1,tenant,Review Order,other,False,False
LTB-T-021229-26,T1,tenant,Order,dismissed,False,False
LTB-T-022972-25,T1,tenant,Order,withdrawn,True,False
LTB-T-023961-25,T1,tenant,Order,remedy_ordered,True,False
LTB-T-024014-25,T1,tenant,Order,dismissed,False,False
LTB-T-024624-25,T1,tenant,Order,remedy_ordered,False,False
LTB-T-024712-25,T1,tenant,Order,remedy_ordered,False,False
LTB-T-024712-25,T1,tenant,Amended Order,remedy_ordered,False,False
LTB-T-026271-25,T1,tenant,Order,money_only,False,False
LTB-T-027973-25,T1,tenant,Review Order,other,False,False
LTB-T-030629-24,T1,tenant,Review Order,other,False,False
LTB-T-031312-23,T1,tenant,Order,dismissed,False,False
LTB-T-032051-24,T1,tenant,Order,dismissed,False,False
LTB-T-032697-25,T1,tenant,Order,remedy_ordered,False,False
LTB-T-034206-25,T1,tenant,Amended Order,dismissed,False,False
LTB-T-034870-25,T1,tenant,Review Order,other,True,False
LTB-T-039394-25,T1,tenant,Order,remedy_ordered,False,False
LTB-T-039522-25,T1,tenant,Order,dismissed,False,False
LTB-T-043483-25,T1,tenant,Order,withdrawn,False,False
LTB-T-044305-25,T1,tenant,Review Order,other,False,False
LTB-T-044832-25,T1,tenant,Order,remedy_ordered,False,False
LTB-T-046899-25,T1,tenant,Order,remedy_ordered,False,False
LTB-T-047149-25,T1,tenant,Order,other,False,False
LTB-T-048508-25,T1,tenant,Order,remedy_ordered,False,False
LTB-T-049708-25,T1,tenant,Order,dismissed,False,False
LTB-T-050043-25,T1,tenant,Order,withdrawn,False,False
LTB-T-050506-25,T1,tenant,Order,remedy_ordered,False,False
LTB-T-051591-25,T1,tenant,Order,dismissed,False,False
LTB-T-052360-25,T1,tenant,Review Order,terminated,False,True
LTB-T-054200-25,T1,tenant,Order,dismissed,False,False
LTB-T-055273-25,T1,tenant,Order,money_only,True,False
LTB-T-055280-25,T1,tenant,Review Order,other,False,False
LTB-T-055560-25,T1,tenant,Order,dismissed,False,False
LTB-T-055829-25,T1,tenant,Order,remedy_ordered,False,False
LTB-T-055853-25,T1,tenant,Order,dismissed,False,False
LTB-T-056299-25,T1,tenant,Order,remedy_ordered,False,False
LTB-T-057299-25,T1,tenant,Order,remedy_ordered,False,False
LTB-T-057463-25,T1,tenant,Order,other,False,False
LTB-T-057505-25,T1,tenant,Order,dismissed,False,False
LTB-T-057778-25,T1,tenant,Order,dismissed,False,False
LTB-T-058099-25,T1,tenant,Order,remedy_ordered,False,False
LTB-T-058251-25,T1,tenant,Order,remedy_ordered,False,False
LTB-T-058629-25,T1,tenant,Order,remedy_ordered,True,False
LTB-T-058661-25,T1,tenant,Order,dismissed,False,False
LTB-T-060184-25,T1,tenant,Review Order,other,False,False
LTB-T-060431-25,T1,tenant,Order,withdrawn,False,False
LTB-T-061835-25,T1,tenant,Order,money_only,True,False
LTB-T-063023-25,T1,tenant,Order,dismissed,False,False
LTB-T-063107-25,T1,tenant,Order,dismissed,False,False
LTB-T-063319-25,T1,tenant,Order,remedy_ordered,False,False
LTB-T-063632-25,T1,tenant,Order,dismissed,False,False
LTB-T-063970-25,T1,tenant,Order,dismissed,False,False
LTB-T-064015-25,T1,tenant,Order,terminated,False,False
LTB-T-064382-25,T1,tenant,Order,dismissed,False,False
LTB-T-064503-25,T1,tenant,Order,dismissed,False,False
LTB-T-064769-25,T1,tenant,Order,money_only,False,False
LTB-T-066112-25,T1,tenant,Order,dismissed,False,False
LTB-T-066510-25,T1,tenant,Review Order,dismissed,False,False
LTB-T-066510-25,T1,tenant,Order,dismissed,False,False
LTB-T-067150-25,T1,tenant,Order,dismissed,False,False
LTB-T-067307-25,T1,tenant,Order,remedy_ordered,False,False
LTB-T-068297-25,T1,tenant,Order,remedy_ordered,False,False
LTB-T-070157-25,T1,tenant,Order,remedy_ordered,False,False
LTB-T-071239-25,T1,tenant,Order,remedy_ordered,False,False
LTB-T-071503-25,T1,tenant,Order,dismissed,False,False
LTB-T-071792-25,T1,tenant,Order,dismissed,False,False
LTB-T-073205-25,T1,tenant,Order,remedy_ordered,False,False
LTB-T-073284-25,T1,tenant,Order,remedy_ordered,False,False
LTB-T-073291-25,T1,tenant,Order,dismissed,False,False
LTB-T-073929-25,T1,tenant,Order,dismissed,False,False
LTB-T-075307-24,T1,tenant,Amended Order,remedy_ordered,False,False
LTB-T-075307-24,T1,tenant,Order,remedy_ordered,False,False
LTB-T-075997-25,T1,tenant,Order,remedy_ordered,False,False
LTB-T-076040-25,T1,tenant,Order,dismissed,False,False
LTB-T-076551-25,T1,tenant,Order,dismissed,False,False
LTB-T-076596-25,T1,tenant,Order,dismissed,False,False
LTB-T-076657-25,T1,tenant,Order,dismissed,False,False
LTB-T-076661-25,T1,tenant,Order,dismissed,False,False
LTB-T-077447-25,T1,tenant,Order,other,False,False
LTB-T-077881-25,T1,tenant,Order,terminated,False,True
LTB-T-078633-25,T1,tenant,Order,remedy_ordered,False,False
LTB-T-080291-25,T1,tenant,Review Order,other,False,False
LTB-T-080997-25,T1,tenant,Order,dismissed,False,False
LTB-T-082042-25,T1,tenant,Order,remedy_ordered,False,False
LTB-T-082476-25,T1,tenant,Order,dismissed,False,False
LTB-T-083010-24,T1,tenant,Review Order,other,False,False
LTB-T-083332-25,T1,tenant,Order,dismissed,False,False
LTB-T-083819-25,T1,tenant,Order,remedy_ordered,False,False
LTB-T-084157-25,T1,tenant,Order,dismissed,False,False
LTB-T-084187-25,T1,tenant,Order,dismissed,False,False
LTB-T-084331-25,T1,tenant,Order,other,False,False
LTB-T-085305-25,T1,tenant,Order,remedy_ordered,False,False
LTB-T-086111-25,T1,tenant,Order,dismissed,False,False
LTB-T-088543-25,T1,tenant,Order,dismissed,False,False
LTB-T-088811-25,T1,tenant,Order,dismissed,False,False
LTB-T-089288-25,T1,tenant,Order,remedy_ordered,True,False
LTB-T-089309-25,T1,tenant,Order,dismissed,False,False
LTB-T-089551-25,T1,tenant,Order,remedy_ordered,False,False
LTB-T-089999-25,T1,tenant,Order,other,False,False
LTB-T-090083-25,T1,tenant,Review Order,other,False,False
LTB-T-090915-25,T1,tenant,Order,dismissed,False,False
LTB-T-091667-25,T1,tenant,Order,remedy_ordered,False,False
LTB-T-091829-25,T1,tenant,Order,other,False,False
LTB-T-093008-25,T1,tenant,Order,dismissed,False,False
LTB-T-093410-25,T1,tenant,Order,dismissed,False,False
LTB-T-093414-25,T1,tenant,Order,other,False,False
LTB-T-093424-25,T1,tenant,Order,dismissed,False,False
LTB-T-093675-25,T1,tenant,Order,remedy_ordered,False,False
LTB-T-094079-25,T1,tenant,Order,dismissed,False,False
LTB-T-094235-25,T1,tenant,Order,other,False,False
LTB-T-095372-25,T1,tenant,Order,other,False,False
LTB-T-095643-24,T1,tenant,Order,remedy_ordered,False,False
LTB-T-096530-25,T1,tenant,Order,remedy_ordered,False,False
LTB-T-097241-25,T1,tenant,Order,remedy_ordered,False,False
LTB-T-097719-25,T1,tenant,Order,dismissed,False,False
LTB-T-097829-25,T1,tenant,Order,withdrawn,False,False
LTB-T-098032-25,T1,tenant,Order,remedy_ordered,False,False
LTB-T-100032-24,T1,tenant,Order,dismissed,False,False
LTB-T-100728-25,T1,tenant,Order,dismissed,False,False
LTB-T-100733-25,T1,tenant,Order,terminated,False,False
LTB-T-100785-25,T1,tenant,Order,remedy_ordered,True,False
LTB-T-101033-25,T1,tenant,Order,dismissed,False,False
LTB-T-101173-25,T1,tenant,Review Order,other,False,False
LTB-T-101968-25,T1,tenant,Review Order,other,False,False
LTB-T-101980-25,T1,tenant,Order,other,False,False
LTB-T-102972-25,T1,tenant,Order,remedy_ordered,False,False
LTB-T-103224-25,T1,tenant,Order,dismissed,False,False
LTB-T-104004-25,T1,tenant,Order,dismissed,False,False
LTB-T-105381-25,T1,tenant,Order,remedy_ordered,False,False
LTB-T-105770-25,T1,tenant,Order,dismissed,False,False
LTB-T-106213-25,T1,tenant,Order,remedy_ordered,False,False
LTB-T-106860-25,T1,tenant,Order,terminated,False,False
LTB-T-107044-25,T1,tenant,Order,money_only,False,False
LTB-T-108721-25,T1,tenant,Order,dismissed,False,False
LTB-T-109099-25,T1,tenant,Order,dismissed,False,False
LTB-T-109395-25,T1,tenant,Order,remedy_ordered,True,False
LTB-T-109579-25,T1,tenant,Order,remedy_ordered,False,False
LTB-T-000849-24,T2,tenant,Order,remedy_ordered,False,False
LTB-T-001033-25,T2,tenant,Order,dismissed,False,False
LTB-T-001483-25,T2,tenant,Review Order,other,False,False
LTB-T-001825-24,T2,tenant,Order,dismissed,False,False
LTB-T-001935-26,T2,tenant,Order,terminated,True,True
LTB-T-002731-25,T2,tenant,Order,other,False,False
LTB-T-003134-25,T2,tenant,Order,other,False,False
LTB-T-003159-25,T2,tenant,Order,dismissed,False,False
LTB-T-003327-25,T2,tenant,Order,other,False,False
LTB-T-003490-26,T2,tenant,Order,remedy_ordered,True,False
LTB-T-003520-24,T2,tenant,Order,remedy_ordered,True,False
LTB-T-003633-26,T2,tenant,Order,other,False,False
LTB-T-003799-26,T2,tenant,Order,dismissed,False,False
LTB-T-004662-25,T2,tenant,Order,dismissed,False,False
LTB-T-005322-26,T2,tenant,ExParte Order,withdrawn,False,False
LTB-T-006445-24,T2,tenant,Review Order,other,False,False
LTB-T-006482-25,T2,tenant,Order,dismissed,False,False
LTB-T-006688-25,T2,tenant,Order,other,True,False
LTB-T-006736-26,T2,tenant,Order,other,False,False
LTB-T-006874-25,T2,tenant,Order,dismissed,False,False
LTB-T-007107-25,T2,tenant,Order,withdrawn,False,False
LTB-T-007242-25,T2,tenant,Order,withdrawn,True,False
LTB-T-007455-25,T2,tenant,Order,withdrawn,False,False
LTB-T-007688-24,T2,tenant,Order,other,False,False
LTB-T-007698-23,T2,tenant,Order,dismissed,False,False
LTB-T-007701-23,T2,tenant,Order,dismissed,False,False
LTB-T-007707-26,T2,tenant,ExParte Order,withdrawn,False,False
LTB-T-007793-25,T2,tenant,Order,withdrawn,False,False
LTB-T-007898-25,T2,tenant,Order,dismissed,False,False
LTB-T-008358-23,T2,tenant,Order,remedy_ordered,False,False
LTB-T-008473-26,T2,tenant,ExParte Order,withdrawn,False,False
LTB-T-008696-25,T2,tenant,Order,remedy_ordered,True,False
LTB-T-009687-23,T2,tenant,Order,money_only,False,False
LTB-T-009791-26,T2,tenant,Order,money_only,False,False
LTB-T-011156-24,T2,tenant,Amended Order,dismissed,False,False
LTB-T-011236-26,T2,tenant,Order,other,False,False
LTB-T-011849-26,T2,tenant,Order,terminated,False,True
LTB-T-012849-25,T2,tenant,Order,dismissed,False,False
LTB-T-013319-25,T2,tenant,Order,other,True,False
LTB-T-013647-23,T2,tenant,Order,remedy_ordered,False,False
LTB-T-013832-24,T2,tenant,Order,other,False,False
LTB-T-014236-25,T2,tenant,Order,dismissed,False,False
LTB-T-015539-25,T2,tenant,Order,dismissed,False,False
LTB-T-016012-24,T2,tenant,Order,remedy_ordered,False,False
LTB-T-016979-25,T2,tenant,Order,remedy_ordered,False,False
LTB-T-017120-26,T2,tenant,Order,other,False,False
LTB-T-017409-25,T2,tenant,Order,other,True,False
LTB-T-017839-25,T2,tenant,Order,other,False,False
LTB-T-017924-25,T2,tenant,Order,dismissed,False,False
LTB-T-018221-24,T2,tenant,Order,dismissed,False,False
LTB-T-018312-25,T2,tenant,Order,dismissed,False,False
LTB-T-019220-25,T2,tenant,Order,terminated,True,False
LTB-T-019821-25,T2,tenant,Order,dismissed,False,False
LTB-T-021111-26,T2,tenant,Order,terminated,False,False
LTB-T-021747-25,T2,tenant,ExParte Order,withdrawn,False,False
LTB-T-023568-25,T2,tenant,Order,other,False,False
LTB-T-023919-25,T2,tenant,Order,dismissed,False,False
LTB-T-024224-25,T2,tenant,Order,other,False,False
LTB-T-026263-24,T2,tenant,Order,dismissed,False,False
LTB-T-026378-25,T2,tenant,Order,dismissed,False,False
LTB-T-027152-26,T2,tenant,Review Order,other,False,False
LTB-T-027215-26,T2,tenant,Review Order,other,False,False
LTB-T-027295-25,T2,tenant,Order,dismissed,False,False
LTB-T-027772-25,T2,tenant,Order,dismissed,False,False
LTB-T-028148-23,T2,tenant,Amended Order,withdrawn,False,False
LTB-T-028937-26,T2,tenant,Order,dismissed,False,False
LTB-T-029088-25,T2,tenant,Order,remedy_ordered,True,False
LTB-T-029104-25,T2,tenant,Order,money_only,False,False
LTB-T-029282-25,T2,tenant,Order,remedy_ordered,True,False
LTB-T-029311-25,T2,tenant,Order,other,False,False
LTB-T-029493-25,T2,tenant,ExParte Order,withdrawn,False,False
LTB-T-029697-23,T2,tenant,Amended Order,money_only,False,True
LTB-T-029705-23,T2,tenant,Amended Order,other,False,True
LTB-T-029790-23,T2,tenant,Amended Order,withdrawn,False,False
LTB-T-029829-23,T2,tenant,Amended Order,withdrawn,False,False
LTB-T-030411-25,T2,tenant,Order,dismissed,False,False
LTB-T-030773-25,T2,tenant,Order,dismissed,False,False
LTB-T-031546-25,T2,tenant,Order,dismissed,False,False
LTB-T-032031-25,T2,tenant,Order,dismissed,False,False
LTB-T-032107-25,T2,tenant,Order,dismissed,False,False
LTB-T-032707-23,T2,tenant,Order,dismissed,False,False
LTB-T-032774-24,T2,tenant,Order,withdrawn,False,False
LTB-T-033049-25,T2,tenant,Order,dismissed,False,False
LTB-T-033062-26,T2,tenant,Order,terminated,True,True
LTB-T-034044-24,T2,tenant,Review Order,other,False,False
LTB-T-034044-24,T2,tenant,Order,other,False,False
LTB-T-034352-25,T2,tenant,Order,dismissed,False,False
LTB-T-034410-25,T2,tenant,Order,dismissed,False,False
LTB-T-034468-25,T2,tenant,Order,dismissed,False,False
LTB-T-034922-23,T2,tenant,ExParte Order,withdrawn,False,False
LTB-T-035058-24,T2,tenant,Order,dismissed,False,False
LTB-T-035597-23,T2,tenant,Order,dismissed,False,False
LTB-T-035686-25,T2,tenant,Order,other,False,False
LTB-T-035748-25,T2,tenant,Order,other,False,False
LTB-T-036387-25,T2,tenant,Order,dismissed,False,False
LTB-T-036975-26,T2,tenant,Order,dismissed,False,False
LTB-T-037337-25,T2,tenant,Order,withdrawn,False,False
LTB-T-037413-25,T2,tenant,Order,dismissed,False,False
LTB-T-037440-25,T2,tenant,Order,other,False,False
LTB-T-037498-25,T2,tenant,Order,dismissed,False,False
LTB-T-037556-25,T2,tenant,Order,dismissed,False,False
LTB-T-037587-25,T2,tenant,Order,withdrawn,False,False
LTB-T-037628-25,T2,tenant,Order,dismissed,False,False
LTB-T-037818-25,T2,tenant,Order,dismissed,False,False
LTB-T-037982-25,T2,tenant,Order,dismissed,False,False
LTB-T-038955-25,T2,tenant,Order,terminated,True,False
LTB-T-039218-25,T2,tenant,Order,dismissed,False,False
LTB-T-039379-25,T2,tenant,Order,dismissed,False,False
LTB-T-039398-25,T2,tenant,Order,other,False,False
LTB-T-040417-25,T2,tenant,Order,remedy_ordered,True,False
LTB-T-040787-25,T2,tenant,Order,dismissed,False,False
LTB-T-040801-25,T2,tenant,Order,money_only,True,False
LTB-T-041582-24,T2,tenant,Review Order,remedy_ordered,False,False
LTB-T-042440-25,T2,tenant,Order,dismissed,False,False
LTB-T-042455-25,T2,tenant,Order,dismissed,False,False
LTB-T-042460-25,T2,tenant,Order,remedy_ordered,True,False
LTB-T-042481-25,T2,tenant,Order,dismissed,False,False
LTB-T-042629-25,T2,tenant,Order,withdrawn,False,False
LTB-T-044021-23,T2,tenant,Order,dismissed,False,False
LTB-T-044169-25,T2,tenant,Order,dismissed,False,False
LTB-T-044666-25,T2,tenant,Order,money_only,True,False
LTB-T-044693-25,T2,tenant,Order,money_only,True,False
LTB-T-044801-25,T2,tenant,Amended Order,other,False,False
LTB-T-044966-23,T2,tenant,Order,dismissed,False,False
LTB-T-045337-25,T2,tenant,Order,other,False,False
LTB-T-045612-23,T2,tenant,Review Order,other,False,False
LTB-T-046242-25,T2,tenant,Order,dismissed,False,False
LTB-T-046264-25,T2,tenant,Order,dismissed,False,False
LTB-T-046852-25,T2,tenant,Order,other,False,False
LTB-T-047074-25,T2,tenant,Order,money_only,True,False
LTB-T-047390-25,T2,tenant,Amended Order,remedy_ordered,True,False
LTB-T-047654-25,T2,tenant,Order,dismissed,False,False
LTB-T-047801-22,T2,tenant,Order,remedy_ordered,False,False
LTB-T-048052-25,T2,tenant,Order,dismissed,False,False
LTB-T-048420-25,T2,tenant,Review Order,other,False,False
LTB-T-048437-25,T2,tenant,Order,dismissed,False,False
LTB-T-048971-24,T2,tenant,Review Order,remedy_ordered,False,False
LTB-T-049257-25,T2,tenant,Order,dismissed,False,False
LTB-T-050516-23,T2,tenant,Review Order,other,False,False
LTB-T-050754-25,T2,tenant,Order,dismissed,False,False
LTB-T-050833-25,T2,tenant,Order,dismissed,False,False
LTB-T-050867-25,T2,tenant,Order,dismissed,False,False
LTB-T-051124-25,T2,tenant,Order,dismissed,False,False
LTB-T-051130-25,T2,tenant,Order,dismissed,False,False
LTB-T-051331-24,T2,tenant,Order,dismissed,False,False
LTB-T-051609-25,T2,tenant,Order,other,False,False
LTB-T-051786-25,T2,tenant,Order,money_only,True,False
LTB-T-051866-25,T2,tenant,Order,dismissed,False,False
LTB-T-052026-25,T2,tenant,Order,dismissed,False,False
LTB-T-052223-25,T2,tenant,Order,withdrawn,False,False
LTB-T-052472-25,T2,tenant,Order,withdrawn,True,False
LTB-T-052709-25,T2,tenant,Order,withdrawn,False,False
LTB-T-053078-25,T2,tenant,Order,withdrawn,True,False
LTB-T-053096-25,T2,tenant,Order,dismissed,False,False
LTB-T-053745-25,T2,tenant,Order,dismissed,False,False
LTB-T-055327-23,T2,tenant,Order,dismissed,False,False
LTB-T-055376-25,T2,tenant,Order,remedy_ordered,False,False
LTB-T-055574-24,T2,tenant,Order,dismissed,False,False
LTB-T-055617-25,T2,tenant,Order,dismissed,False,False
LTB-T-056036-25,T2,tenant,Order,dismissed,False,False
LTB-T-056244-25,T2,tenant,Order,dismissed,False,False
LTB-T-056910-25,T2,tenant,Order,withdrawn,False,False
LTB-T-057255-25,T2,tenant,Order,withdrawn,False,False
LTB-T-057814-25,T2,tenant,Order,dismissed,False,False
LTB-T-057898-25,T2,tenant,Order,dismissed,False,False
LTB-T-058288-25,T2,tenant,Order,money_only,True,False
LTB-T-058421-25,T2,tenant,Order,other,False,False
LTB-T-058793-25,T2,tenant,Order,dismissed,False,False
LTB-T-059046-24,T2,tenant,Order,money_only,False,False
LTB-T-059270-24,T2,tenant,Order,dismissed,False,False
LTB-T-059403-25,T2,tenant,Order,other,False,False
LTB-T-059450-23,T2,tenant,Order,dismissed,False,False
LTB-T-059486-25,T2,tenant,Order,dismissed,False,False
LTB-T-059562-25,T2,tenant,Order,dismissed,False,False
LTB-T-060085-25,T2,tenant,ExParte Order,withdrawn,False,False
LTB-T-060492-23,T2,tenant,Order,other,False,False
LTB-T-061240-25,T2,tenant,Order,withdrawn,True,False
LTB-T-061315-25,T2,tenant,Order,dismissed,False,False
LTB-T-061665-22,T2,tenant,Order,dismissed,False,False
LTB-T-062359-24,T2,tenant,Review Order,other,False,False
LTB-T-062702-25,T2,tenant,Order,money_only,True,False
LTB-T-062746-25,T2,tenant,Order,remedy_ordered,True,False
LTB-T-063157-25,T2,tenant,ExParte Order,withdrawn,False,False
LTB-T-063395-23,T2,tenant,Order,dismissed,False,False
LTB-T-063417-23,T2,tenant,Order,money_only,True,False
LTB-T-063579-25,T2,tenant,Order,other,False,False
LTB-T-063580-25,T2,tenant,Order,dismissed,False,False
LTB-T-064066-22,T2,tenant,Order,dismissed,False,False
LTB-T-064098-25,T2,tenant,Order,dismissed,False,False
LTB-T-064252-25,T2,tenant,Order,remedy_ordered,False,False
LTB-T-064278-25,T2,tenant,Order,other,False,False
LTB-T-064306-25,T2,tenant,Order,other,True,False
LTB-T-064559-23,T2,tenant,Order,money_only,False,False
LTB-T-065214-25,T2,tenant,Order,dismissed,False,False
LTB-T-065340-23,T2,tenant,Order,dismissed,False,False
LTB-T-065372-22,T2,tenant,Order,dismissed,False,False
LTB-T-065602-25,T2,tenant,Order,terminated,True,False
LTB-T-066434-25,T2,tenant,Order,dismissed,False,False
LTB-T-066452-25,T2,tenant,Order,remedy_ordered,False,False
LTB-T-066686-24,T2,tenant,Order,dismissed,False,False
LTB-T-066688-24,T2,tenant,Order,other,False,False
LTB-T-066802-25,T2,tenant,Order,other,False,False
LTB-T-066856-25,T2,tenant,Order,withdrawn,False,False
LTB-T-066885-25,T2,tenant,Order,dismissed,False,False
LTB-T-067476-23,T2,tenant,Order,remedy_ordered,False,False
LTB-T-067807-24,T2,tenant,Order,withdrawn,False,False
LTB-T-068094-25,T2,tenant,Order,dismissed,False,False
LTB-T-068193-25,T2,tenant,Order,other,False,False
LTB-T-068216-25,T2,tenant,Order,other,False,False
LTB-T-068704-23,T2,tenant,Order,remedy_ordered,False,False
LTB-T-068752-25,T2,tenant,Order,money_only,True,False
LTB-T-068753-25,T2,tenant,Order,other,False,False
LTB-T-068753-25,T2,tenant,Order,other,False,False
LTB-T-069300-25,T2,tenant,Order,dismissed,False,False
LTB-T-069384-23,T2,tenant,Order,terminated,False,False
LTB-T-069561-23,T2,tenant,Order,remedy_ordered,False,False
LTB-T-070186-25,T2,tenant,Order,dismissed,False,False
LTB-T-070295-25,T2,tenant,Order,remedy_ordered,True,False
LTB-T-070302-25,T2,tenant,Order,dismissed,False,False
LTB-T-070641-25,T2,tenant,Order,money_only,True,False
LTB-T-070673-25,T2,tenant,Order,dismissed,False,False
LTB-T-070753-25,T2,tenant,Order,remedy_ordered,True,False
LTB-T-070836-25,T2,tenant,ExParte Order,withdrawn,False,False
LTB-T-070907-25,T2,tenant,Order,dismissed,False,False
LTB-T-071009-23,T2,tenant,Order,dismissed,False,False
LTB-T-071010-23,T2,tenant,Review Order,remedy_ordered,False,False
LTB-T-071436-25,T2,tenant,Order,withdrawn,False,False
LTB-T-071744-25,T2,tenant,ExParte Order,withdrawn,False,False
LTB-T-072040-24,T2,tenant,Order,dismissed,False,False
LTB-T-072455-25,T2,tenant,Order,dismissed,False,False
LTB-T-073045-25,T2,tenant,Order,remedy_ordered,True,False
LTB-T-073108-24,T2,tenant,Order,money_only,False,False
LTB-T-073130-23,T2,tenant,Order,money_only,False,False
LTB-T-073421-24,T2,tenant,Order,dismissed,False,False
LTB-T-073441-25,T2,tenant,Order,withdrawn,False,False
LTB-T-074090-25,T2,tenant,Order,other,False,False
LTB-T-074109-24,T2,tenant,Order,dismissed,False,False
LTB-T-074418-25,T2,tenant,Order,dismissed,False,False
LTB-T-074996-25,T2,tenant,Order,dismissed,False,False
LTB-T-075570-23,T2,tenant,Order,dismissed,False,False
LTB-T-075655-25,T2,tenant,Order,dismissed,False,False
LTB-T-075965-25,T2,tenant,Amended Order,terminated,False,False
LTB-T-075970-25,T2,tenant,Order,dismissed,False,False
LTB-T-076121-25,T2,tenant,Order,dismissed,False,False
LTB-T-076208-25,T2,tenant,Order,other,False,False
LTB-T-076305-24,T2,tenant,Order,dismissed,False,False
LTB-T-076356-25,T2,tenant,Order,dismissed,False,False
LTB-T-076416-25,T2,tenant,Order,dismissed,False,False
LTB-T-076889-23,T2,tenant,Order,remedy_ordered,False,False
LTB-T-076889-25,T2,tenant,Order,dismissed,False,False
LTB-T-077357-25,T2,tenant,Order,dismissed,False,False
LTB-T-077593-24,T2,tenant,Order,other,True,False
LTB-T-077662-25,T2,tenant,Order,dismissed,False,False
LTB-T-078828-25,T2,tenant,Order,remedy_ordered,False,False
LTB-T-078911-25,T2,tenant,Order,remedy_ordered,True,False
LTB-T-078989-25,T2,tenant,Order,dismissed,False,False
LTB-T-079081-25,T2,tenant,Order,terminated,True,True
LTB-T-079192-23,T2,tenant,Order,remedy_ordered,False,False
LTB-T-079195-24,T2,tenant,Order,dismissed,False,False
LTB-T-079515-24,T2,tenant,Order,withdrawn,False,False
LTB-T-079611-25,T2,tenant,Order,dismissed,False,False
LTB-T-080292-24,T2,tenant,Order,other,False,False
LTB-T-080336-24,T2,tenant,Order,dismissed,False,False
LTB-T-080493-24,T2,tenant,Order,dismissed,False,False
LTB-T-082410-25,T2,tenant,Order,other,True,False
LTB-T-082683-25,T2,tenant,ExParte Order,withdrawn,False,False
LTB-T-082919-24,T2,tenant,Order,dismissed,False,False
LTB-T-083021-25,T2,tenant,Order,dismissed,False,False
LTB-T-083467-25,T2,tenant,Order,other,False,False
LTB-T-083652-25,T2,tenant,Order,other,False,False
LTB-T-083747-23,T2,tenant,Order,terminated,False,False
LTB-T-083827-25,T2,tenant,Order,dismissed,False,False
LTB-T-084171-24,T2,tenant,Order,dismissed,False,False
LTB-T-084625-24,T2,tenant,Order,remedy_ordered,False,False
LTB-T-084725-25,T2,tenant,Review Order,other,False,False
LTB-T-084783-25,T2,tenant,Order,other,False,False
LTB-T-084934-23,T2,tenant,Order,dismissed,False,False
LTB-T-085079-25,T2,tenant,Order,withdrawn,False,False
LTB-T-085215-24,T2,tenant,Order,dismissed,False,False
LTB-T-086386-24,T2,tenant,Order,dismissed,False,False
LTB-T-086755-25,T2,tenant,Order,dismissed,False,False
LTB-T-087103-24,T2,tenant,Order,other,False,False
LTB-T-087271-25,T2,tenant,Order,dismissed,False,False
LTB-T-087484-24,T2,tenant,Order,withdrawn,False,False
LTB-T-087797-25,T2,tenant,Order,dismissed,False,False
LTB-T-087810-25,T2,tenant,Order,terminated,False,False
LTB-T-087943-24,T2,tenant,ExParte Order,withdrawn,False,False
LTB-T-088044-24,T2,tenant,Order,money_only,False,False
LTB-T-088068-25,T2,tenant,Order,dismissed,False,False
LTB-T-088174-24,T2,tenant,Order,dismissed,False,False
LTB-T-090271-25,T2,tenant,ExParte Order,withdrawn,False,False
LTB-T-090335-23,T2,tenant,Order,dismissed,False,False
LTB-T-091166-23,T2,tenant,Review Order,other,False,False
LTB-T-091471-24,T2,tenant,Order,terminated,True,True
LTB-T-093008-24,T2,tenant,Order,other,False,False
LTB-T-093111-25,T2,tenant,Order,dismissed,False,False
LTB-T-093459-25,T2,tenant,Order,dismissed,False,False
LTB-T-093599-25,T2,tenant,Order,withdrawn,False,False
LTB-T-093742-24,T2,tenant,Order,dismissed,False,False
LTB-T-093754-23,T2,tenant,Order,other,True,False
LTB-T-094055-24,T2,tenant,Order,dismissed,False,False
LTB-T-094278-25,T2,tenant,Order,other,False,False
LTB-T-094353-24,T2,tenant,Order,dismissed,False,False
LTB-T-095005-25,T2,tenant,Order,terminated,False,True
LTB-T-095094-25,T2,tenant,Order,terminated,True,True
LTB-T-095651-24,T2,tenant,Order,dismissed,False,False
LTB-T-095784-23,T2,tenant,Order,withdrawn,False,False
LTB-T-095890-24,T2,tenant,Order,dismissed,False,False
LTB-T-096099-24,T2,tenant,Order,dismissed,False,False
LTB-T-096250-25,T2,tenant,Order,remedy_ordered,True,False
LTB-T-096313-25,T2,tenant,ExParte Order,withdrawn,False,False
LTB-T-096349-24,T2,tenant,Order,dismissed,False,False
LTB-T-096552-23,T2,tenant,Order,dismissed,False,False
LTB-T-097353-25,T2,tenant,Review Order,other,False,False
LTB-T-097896-25,T2,tenant,Order,dismissed,False,False
LTB-T-098010-23,T2,tenant,Order,dismissed,False,False
LTB-T-098842-24,T2,tenant,Order,dismissed,False,False
LTB-T-098964-24,T2,tenant,Order,remedy_ordered,False,False
LTB-T-099130-24,T2,tenant,Order,remedy_ordered,False,False
LTB-T-099583-23,T2,tenant,Review Order,other,False,False
LTB-T-100098-24,T2,tenant,Order,dismissed,False,False
LTB-T-101318-24,T2,tenant,Order,withdrawn,False,False
LTB-T-101325-25,T2,tenant,Order,dismissed,False,False
LTB-T-101475-25,T2,tenant,Order,dismissed,False,False
LTB-T-101728-24,T2,tenant,Order,dismissed,False,False
LTB-T-101731-24,T2,tenant,Order,dismissed,False,False
LTB-T-102230-24,T2,tenant,Order,dismissed,False,False
LTB-T-102479-24,T2,tenant,Order,dismissed,False,False
LTB-T-102727-24,T2,tenant,Order,dismissed,False,False
LTB-T-102829-25,T2,tenant,ExParte Order,withdrawn,False,False
LTB-T-102923-24,T2,tenant,Order,dismissed,False,False
LTB-T-103329-25,T2,tenant,Order,withdrawn,False,False
LTB-T-103946-24,T2,tenant,Order,dismissed,False,False
LTB-T-104597-24,T2,tenant,Order,withdrawn,True,False
LTB-T-104639-24,T2,tenant,Order,other,True,False
LTB-T-104910-24,T2,tenant,Order,dismissed,False,False
LTB-T-105705-24,T2,tenant,Order,dismissed,False,False
LTB-T-105817-25,T2,tenant,Order,other,False,False
LTB-T-106143-25,T2,tenant,Order,remedy_ordered,False,False
LTB-T-108370-25,T2,tenant,Review Order,other,False,False
LTB-T-034724-25,T3,tenant,Order,dismissed,False,False
LTB-T-036079-25,T3,tenant,Order,dismissed,False,False
LTB-T-050174-25,T3,tenant,Order,other,False,False
LTB-T-077660-25,T3,tenant,Order,dismissed,False,False
LTB-T-083846-24,T3,tenant,Review Order,other,False,False
LTB-T-105776-24,T3,tenant,Order,money_only,True,False
LTB-T-001037-23,T5,tenant,Order,dismissed,False,False
LTB-T-002590-25,T5,tenant,Order,remedy_ordered,True,False
LTB-T-002593-25,T5,tenant,Order,other,False,False
LTB-T-002890-26,T5,tenant,Order,remedy_ordered,False,False
LTB-T-004328-25,T5,tenant,Order,dismissed,False,False
LTB-T-007682-24,T5,tenant,Order,remedy_ordered,False,False
LTB-T-008380-24,T5,tenant,Review Order,other,False,False
LTB-T-012503-25,T5,tenant,Order,dismissed,False,False
LTB-T-014497-23,T5,tenant,Order,money_only,False,False
LTB-T-017963-25,T5,tenant,Order,remedy_ordered,True,False
LTB-T-019292-23,T5,tenant,Order,dismissed,True,False
LTB-T-020509-26,T5,tenant,Order,dismissed,False,False
LTB-T-021560-24,T5,tenant,Order,dismissed,False,False
LTB-T-021716-23,T5,tenant,Order,dismissed,False,False
LTB-T-021837-25,T5,tenant,Order,other,False,False
LTB-T-022444-26,T5,tenant,Order,other,False,False
LTB-T-023286-23,T5,tenant,Review Order,other,False,False
LTB-T-024187-25,T5,tenant,Order,dismissed,False,False
LTB-T-025674-25,T5,tenant,Review Order,other,False,False
LTB-T-026652-25,T5,tenant,Order,dismissed,False,False
LTB-T-033030-23,T5,tenant,Review Order,money_only,False,False
LTB-T-035616-25,T5,tenant,Order,money_only,True,False
LTB-T-037172-23,T5,tenant,Amended Order,remedy_ordered,False,False
LTB-T-038528-23,T5,tenant,Order,remedy_ordered,False,False
LTB-T-039317-25,T5,tenant,Order,other,True,False
LTB-T-040815-25,T5,tenant,Order,dismissed,False,False
LTB-T-041715-25,T5,tenant,Order,dismissed,False,False
LTB-T-042767-25,T5,tenant,Order,dismissed,False,False
LTB-T-042932-25,T5,tenant,Order,remedy_ordered,False,False
LTB-T-043760-25,T5,tenant,Order,remedy_ordered,True,False
LTB-T-043775-23,T5,tenant,Order,dismissed,False,False
LTB-T-044705-25,T5,tenant,Order,dismissed,False,False
LTB-T-045654-25,T5,tenant,Order,dismissed,False,False
LTB-T-045992-25,T5,tenant,Order,dismissed,False,False
LTB-T-046111-24,T5,tenant,Order,dismissed,False,False
LTB-T-046614-24,T5,tenant,Order,dismissed,False,False
LTB-T-047272-25,T5,tenant,Order,remedy_ordered,True,False
LTB-T-047678-23,T5,tenant,Order,dismissed,False,False
LTB-T-048027-25,T5,tenant,Order,remedy_ordered,False,False
LTB-T-050148-25,T5,tenant,Order,dismissed,False,False
LTB-T-050734-25,T5,tenant,Order,other,False,False
LTB-T-051418-25,T5,tenant,Order,remedy_ordered,False,False
LTB-T-051453-25,T5,tenant,Order,remedy_ordered,False,False
LTB-T-051714-25,T5,tenant,Order,other,True,False
LTB-T-053136-25,T5,tenant,Order,remedy_ordered,True,False
LTB-T-053608-25,T5,tenant,Order,withdrawn,False,False
LTB-T-054094-25,T5,tenant,Order,dismissed,False,False
LTB-T-054229-24,T5,tenant,Order,other,False,False
LTB-T-057381-25,T5,tenant,Review Order,other,False,False
LTB-T-058690-25,T5,tenant,Order,remedy_ordered,True,False
LTB-T-060032-25,T5,tenant,Order,dismissed,False,False
LTB-T-061215-25,T5,tenant,Order,remedy_ordered,False,False
LTB-T-061266-25,T5,tenant,Order,dismissed,False,False
LTB-T-061654-22,T5,tenant,Order,other,False,False
LTB-T-062783-25,T5,tenant,Order,remedy_ordered,True,False
LTB-T-063018-23,T5,tenant,Order,dismissed,False,False
LTB-T-063525-22,T5,tenant,Order,other,True,False
LTB-T-064220-25,T5,tenant,Order,dismissed,False,False
LTB-T-064352-25,T5,tenant,Review Order,other,False,False
LTB-T-068121-25,T5,tenant,Order,dismissed,False,False
LTB-T-069204-24,T5,tenant,Order,dismissed,False,False
LTB-T-069953-25,T5,tenant,Order,dismissed,False,False
LTB-T-069993-25,T5,tenant,Order,dismissed,False,False
LTB-T-070068-25,T5,tenant,Order,dismissed,False,False
LTB-T-070113-25,T5,tenant,Order,dismissed,False,False
LTB-T-070893-25,T5,tenant,Order,remedy_ordered,False,False
LTB-T-072459-25,T5,tenant,Order,dismissed,False,False
LTB-T-072786-25,T5,tenant,Order,remedy_ordered,True,False
LTB-T-073712-25,T5,tenant,Order,dismissed,False,False
LTB-T-078250-25,T5,tenant,Order,remedy_ordered,True,False
LTB-T-079222-24,T5,tenant,Review Order,dismissed,False,False
LTB-T-084273-24,T5,tenant,Order,remedy_ordered,False,False
LTB-T-084761-25,T5,tenant,Order,terminated,True,False
LTB-T-090471-25,T5,tenant,Order,other,True,False
LTB-T-090590-25,T5,tenant,Order,other,True,False
LTB-T-092005-25,T5,tenant,Order,dismissed,False,False
LTB-T-092585-25,T5,tenant,Order,dismissed,False,False
LTB-T-092863-24,T5,tenant,Order,remedy_ordered,False,False
LTB-T-094331-25,T5,tenant,Order,other,False,False
LTB-T-096312-25,T5,tenant,Order,money_only,True,False
LTB-T-096534-25,T5,tenant,Order,remedy_ordered,False,False
LTB-T-100309-25,T5,tenant,Order,remedy_ordered,True,False
LTB-T-101201-23,T5,tenant,Order,remedy_ordered,False,False
LTB-T-102109-25,T5,tenant,Order,remedy_ordered,True,False
LTB-T-105471-25,T5,tenant,Order,remedy_ordered,True,False
LTB-T-002580-24,T6,tenant,Order,dismissed,False,False
LTB-T-004705-25,T6,tenant,Amended Order,remedy_ordered,True,False
LTB-T-005091-25,T6,tenant,Order,dismissed,False,False
LTB-T-005558-24,T6,tenant,Order,dismissed,False,False
LTB-T-005716-25,T6,tenant,Order,dismissed,False,False
LTB-T-006478-26,T6,tenant,Order,remedy_ordered,False,False
LTB-T-006633-24,T6,tenant,Review Order,other,False,False
LTB-T-006957-25,T6,tenant,Order,money_only,True,False
LTB-T-010007-25,T6,tenant,Order,dismissed,False,False
LTB-T-010551-25,T6,tenant,ExParte Order,other,False,False
LTB-T-010559-25,T6,tenant,Order,dismissed,False,False
LTB-T-010650-24,T6,tenant,Order,dismissed,False,False
LTB-T-010871-26,T6,tenant,Order,other,False,False
LTB-T-010992-25,T6,tenant,Order,dismissed,False,False
LTB-T-011697-24,T6,tenant,Order,terminated,True,True
LTB-T-011855-24,T6,tenant,Order,dismissed,False,False
LTB-T-012212-23,T6,tenant,Order,remedy_ordered,False,False
LTB-T-012608-25,T6,tenant,Order,remedy_ordered,False,False
LTB-T-013186-25,T6,tenant,Order,withdrawn,False,False
LTB-T-013250-23,T6,tenant,Order,dismissed,False,False
LTB-T-016011-25,T6,tenant,Order,dismissed,False,False
LTB-T-016113-26,T6,tenant,Order,remedy_ordered,True,False
LTB-T-016941-23,T6,tenant,Order,dismissed,False,False
LTB-T-017661-25,T6,tenant,Order,dismissed,False,False
LTB-T-017932-24,T6,tenant,Review Order,other,False,False
LTB-T-018138-25,T6,tenant,Order,dismissed,False,False
LTB-T-019024-24,T6,tenant,Order,dismissed,False,False
LTB-T-020510-25,T6,tenant,Order,withdrawn,False,False
LTB-T-020993-25,T6,tenant,Order,withdrawn,False,False
LTB-T-024501-24,T6,tenant,Order,dismissed,False,False
LTB-T-025076-25,T6,tenant,Order,dismissed,False,False
LTB-T-025938-25,T6,tenant,Order,dismissed,False,False
LTB-T-026232-24,T6,tenant,Order,other,False,False
LTB-T-029909-25,T6,tenant,Order,dismissed,False,False
LTB-T-030175-25,T6,tenant,Order,dismissed,False,False
LTB-T-030652-24,T6,tenant,Review Order,dismissed,False,False
LTB-T-031905-25,T6,tenant,Order,dismissed,False,False
LTB-T-033750-25,T6,tenant,Order,money_only,True,False
LTB-T-034063-26,T6,tenant,Order,terminated,True,True
LTB-T-034152-25,T6,tenant,Review Order,other,False,False
LTB-T-034827-22,T6,tenant,Amended Order,money_only,False,False
LTB-T-035075-25,T6,tenant,Order,dismissed,False,False
LTB-T-036416-22,T6,tenant,Order,terminated,False,True
LTB-T-037781-25,T6,tenant,Order,dismissed,False,False
LTB-T-038722-25,T6,tenant,Order,remedy_ordered,True,False
LTB-T-038861-25,T6,tenant,Order,remedy_ordered,False,False
LTB-T-039508-25,T6,tenant,Order,money_only,True,False
LTB-T-043359-25,T6,tenant,Order,remedy_ordered,False,False
LTB-T-045722-25,T6,tenant,Order,dismissed,False,False
LTB-T-046197-23,T6,tenant,Order,dismissed,False,False
LTB-T-046735-25,T6,tenant,Order,remedy_ordered,True,False
LTB-T-047111-25,T6,tenant,Order,dismissed,False,False
LTB-T-047118-25,T6,tenant,Order,dismissed,False,False
LTB-T-047177-25,T6,tenant,Order,remedy_ordered,True,False
LTB-T-047257-25,T6,tenant,Order,money_only,True,False
LTB-T-047429-25,T6,tenant,Order,withdrawn,False,False
LTB-T-047514-25,T6,tenant,Order,dismissed,False,False
LTB-T-047868-25,T6,tenant,Order,dismissed,False,False
LTB-T-048237-25,T6,tenant,Order,money_only,True,False
LTB-T-048467-24,T6,tenant,Order,dismissed,False,False
LTB-T-049294-25,T6,tenant,Order,terminated,True,False
LTB-T-049473-25,T6,tenant,Order,remedy_ordered,False,False
LTB-T-049631-25,T6,tenant,Order,remedy_ordered,True,False
LTB-T-050004-25,T6,tenant,Order,terminated,True,False
LTB-T-050643-25,T6,tenant,Order,remedy_ordered,False,False
LTB-T-050958-25,T6,tenant,Order,remedy_ordered,False,False
LTB-T-051046-25,T6,tenant,Review Order,other,False,False
LTB-T-051197-25,T6,tenant,Order,money_only,True,False
LTB-T-051225-25,T6,tenant,Order,remedy_ordered,True,False
LTB-T-052582-25,T6,tenant,Order,other,False,False
LTB-T-052617-25,T6,tenant,Order,money_only,True,False
LTB-T-052719-25,T6,tenant,Order,money_only,True,False
LTB-T-053269-25,T6,tenant,ExParte Order,other,False,False
LTB-T-053512-25,T6,tenant,Order,remedy_ordered,False,False
LTB-T-053963-25,T6,tenant,Order,money_only,True,False
LTB-T-054520-25,T6,tenant,Order,dismissed,False,False
LTB-T-055895-25,T6,tenant,Order,dismissed,False,False
LTB-T-056572-24,T6,tenant,Order,remedy_ordered,False,False
LTB-T-056704-24,T6,tenant,Review Order,other,False,False
LTB-T-056794-25,T6,tenant,Order,withdrawn,False,False
LTB-T-056912-25,T6,tenant,Order,dismissed,False,False
LTB-T-057449-25,T6,tenant,Order,remedy_ordered,False,False
LTB-T-057800-25,T6,tenant,Order,dismissed,False,False
LTB-T-057838-25,T6,tenant,Order,other,False,False
LTB-T-058028-24,T6,tenant,Order,dismissed,False,False
LTB-T-060826-25,T6,tenant,Order,dismissed,False,False
LTB-T-061373-25,T6,tenant,Order,other,False,False
LTB-T-061883-25,T6,tenant,Order,other,False,False
LTB-T-062261-25,T6,tenant,Order,money_only,False,False
LTB-T-063124-25,T6,tenant,Order,dismissed,False,False
LTB-T-063385-24,T6,tenant,Order,dismissed,False,False
LTB-T-063428-25,T6,tenant,Order,other,True,False
LTB-T-064028-25,T6,tenant,Order,dismissed,False,False
LTB-T-064462-25,T6,tenant,Order,dismissed,False,False
LTB-T-064828-24,T6,tenant,Order,remedy_ordered,False,False
LTB-T-065038-25,T6,tenant,Order,other,False,False
LTB-T-066396-23,T6,tenant,Order,other,True,False
LTB-T-066841-25,T6,tenant,Order,dismissed,False,False
LTB-T-067138-25,T6,tenant,Order,remedy_ordered,False,False
LTB-T-067754-25,T6,tenant,Order,dismissed,False,False
LTB-T-069095-25,T6,tenant,Order,terminated,True,False
LTB-T-069510-24,T6,tenant,Order,dismissed,False,False
LTB-T-070064-25,T6,tenant,Order,terminated,False,False
LTB-T-070763-22,T6,tenant,Order,withdrawn,False,False
LTB-T-070833-25,T6,tenant,Order,dismissed,False,False
LTB-T-071578-25,T6,tenant,Order,dismissed,False,False
LTB-T-071660-25,T6,tenant,Order,terminated,True,False
LTB-T-071930-25,T6,tenant,Order,money_only,True,False
LTB-T-072769-25,T6,tenant,Order,remedy_ordered,True,False
LTB-T-072821-25,T6,tenant,Order,other,False,False
LTB-T-073109-25,T6,tenant,Order,dismissed,False,False
LTB-T-073551-25,T6,tenant,Order,other,False,False
LTB-T-075042-25,T6,tenant,Order,dismissed,False,False
LTB-T-075382-25,T6,tenant,Order,remedy_ordered,False,False
LTB-T-075708-25,T6,tenant,Order,dismissed,False,False
LTB-T-076230-25,T6,tenant,Order,dismissed,False,False
LTB-T-076660-25,T6,tenant,Order,dismissed,False,False
LTB-T-076690-25,T6,tenant,Order,money_only,False,False
LTB-T-076848-25,T6,tenant,Order,remedy_ordered,True,False
LTB-T-077083-25,T6,tenant,Order,dismissed,False,False
LTB-T-077398-24,T6,tenant,Order,dismissed,False,False
LTB-T-077935-25,T6,tenant,Order,dismissed,False,False
LTB-T-078263-25,T6,tenant,Order,other,True,False
LTB-T-078345-25,T6,tenant,Order,dismissed,False,False
LTB-T-079100-25,T6,tenant,Order,dismissed,False,False
LTB-T-079198-25,T6,tenant,Order,dismissed,False,False
LTB-T-079243-25,T6,tenant,Order,dismissed,False,False
LTB-T-079392-25,T6,tenant,Order,withdrawn,False,False
LTB-T-079459-24,T6,tenant,Order,remedy_ordered,False,False
LTB-T-079567-22,T6,tenant,Order,terminated,False,False
LTB-T-079724-24,T6,tenant,Order,dismissed,False,False
LTB-T-080071-23,T6,tenant,Order,dismissed,False,False
LTB-T-080565-25,T6,tenant,Order,money_only,False,False
LTB-T-081102-24,T6,tenant,Order,dismissed,False,False
LTB-T-081400-25,T6,tenant,Order,remedy_ordered,True,False
LTB-T-081607-25,T6,tenant,Order,terminated,True,False
LTB-T-083389-25,T6,tenant,Order,remedy_ordered,False,False
LTB-T-083628-25,T6,tenant,Order,dismissed,False,False
LTB-T-084532-24,T6,tenant,Order,dismissed,False,False
LTB-T-084708-25,T6,tenant,Order,dismissed,False,False
LTB-T-084866-24,T6,tenant,Review Order,other,False,False
LTB-T-086805-25,T6,tenant,Order,remedy_ordered,False,False
LTB-T-086805-25,T6,tenant,Order,remedy_ordered,False,False
LTB-T-087771-25,T6,tenant,Order,dismissed,False,False
LTB-T-088101-25,T6,tenant,Order,money_only,True,False
LTB-T-088415-25,T6,tenant,Order,remedy_ordered,True,False
LTB-T-088627-25,T6,tenant,Order,other,False,False
LTB-T-089863-25,T6,tenant,Order,remedy_ordered,True,False
LTB-T-091561-24,T6,tenant,Order,remedy_ordered,True,False
LTB-T-091680-24,T6,tenant,Order,dismissed,False,False
LTB-T-092707-25,T6,tenant,Review Order,other,False,False
LTB-T-093070-25,T6,tenant,Order,dismissed,False,False
LTB-T-093521-24,T6,tenant,Order,remedy_ordered,False,False
LTB-T-095005-24,T6,tenant,Order,terminated,True,True
LTB-T-099421-25,T6,tenant,Order,terminated,False,True
LTB-T-099722-25,T6,tenant,Order,terminated,False,True
LTB-T-100903-24,T6,tenant,Order,dismissed,False,False
LTB-T-100968-24,T6,tenant,Order,remedy_ordered,False,False
LTB-T-101088-25,T6,tenant,Order,terminated,True,True
LTB-T-101601-23,T6,tenant,Review Order,remedy_ordered,False,False
LTB-T-102153-24,T6,tenant,Order,dismissed,False,False
LTB-T-103391-24,T6,tenant,Order,other,False,False
LTB-T-103828-25,T6,tenant,Order,other,False,False
LTB-T-104122-24,T6,tenant,Order,other,False,False
LTB-T-104395-25,T6,tenant,Order,other,False,False
LTB-T-107681-25,T6,tenant,Order,other,False,False
LTB-T-107868-25,T6,tenant,Order,withdrawn,False,False
