file_number,category,doc_type,order_date,url,extraction_method,all_amounts_found,fee_amounts_found,primary_amount,amount_type,matched_context,notes
LTB-L-090986-25,L1,ExParte Order,2026-01-19,https://d3hf2qahezjxpx.cloudfront.net/attachments/exportedBinaries20260723_175229/069N300000sUpXUIA0/LTB-L-090986-25-EX-signed.pdf,text,[],[],,,,no dollar amount found
LTB-L-096286-25,L1,Order,2026-02-06,https://d3hf2qahezjxpx.cloudfront.net/attachments/exportedBinaries20260723_175229/069N300000tVLAAIA4/LTB-L-096286-25-SIGN.pdf,text,"[75.13, 2285.11, 11233.09, 186.0, 2175.0, 2744.57, 1897.01, 75.13, 13791.66, 186.0, 11233.09, 2744.57, 11325.08, 186.0, 11233.09, 2175.0, 50000.0, 75.13]","[1897.01, 13791.66, 186.0, 11325.08, 186.0]",2744.57,arrears,"tion was filed  - $11,233.09  Total the Tenant must pay to continue the tenancy >>>$2,744.57<<< B. Amount the Tenant must pay if the tenancy is terminated  Rent Owing to Heari",found in operative 'It is ordered that' section; matched expected keyword for category
LTB-L-012064-26,L1,Order,2026-05-05,https://d3hf2qahezjxpx.cloudfront.net/attachments/exportedBinaries20260723_175229/069N300000yz3MdIAI/LTB-L-012064-26-HR.pdf,text,"[1852.47, 60.9, 1852.47, 4000.0, 5106.76, 186.0, 5292.76, 1852.47, 600.0, 492.76]",[],5292.76,arrears,"It is ordered that:  1. The Tenants shall pay to the Landlords >>>$5,292.76<<< for arrears of rent up to April 30, 2026  and costs.  2. The Tenants shall pay",found in operative 'It is ordered that' section; matched expected keyword for category
LTB-L-031431-26,L1,ExParte Order,2026-05-27,https://d3hf2qahezjxpx.cloudfront.net/attachments/exportedBinaries20260723_175229/069N3000010dtfFIAQ/LTB-L-031431-26-EX signed.pdf,ocr,[],[],,,,no dollar amount found
LTB-L-011807-26,L1,Order,2026-05-27,https://d3hf2qahezjxpx.cloudfront.net/attachments/exportedBinaries20260723_175229/069N3000010TfDmIAK/LTB-L-011807-26-HR - May 27 2026.doc.pdf,text,"[3583.16, 1750.0, 1833.16]",[],3583.16,arrears,"It is ordered on consent that:  1. The Tenant shall pay to the Landlord >>>$3,583.16<<< for arrears of rent up to April 30,  2026, and costs.  2. The Tenant shall pay",found in operative 'It is ordered that' section; matched expected keyword for category
LTB-L-022324-26,L1,Order,2026-05-05,https://d3hf2qahezjxpx.cloudfront.net/attachments/exportedBinaries20260723_175229/069N300000yrwzOIAQ/LTB-L-022324-26_L1_2026_05_05 - cert.pdf,text,"[8064.93, 1300.0, 8064.93, 75.0, 39.93]","[8064.93, 1300.0]",8064.93,arrears,"It is ordered on consent that:  1. The Tenant shall pay to the Landlord >>>$8,064.93<<< for arrears of rent up to April 30, 2026 and  costs.         File Number: LTB-L",found in operative 'It is ordered that' section; matched expected keyword for category
LTB-L-104869-25,L1,Order,2026-04-24,https://d3hf2qahezjxpx.cloudfront.net/attachments/exportedBinaries20260723_175229/069N300000yMu9FIAS/LTB-L-104869-25-VO-SA.pdf,text,[],[],,,,no dollar amount found
LTB-L-103059-25,L1,Order,2026-03-06,https://d3hf2qahezjxpx.cloudfront.net/attachments/exportedBinaries20260723_175229/069N300000ur9cqIAA/LTB-L-103059-25-HR.pdf,text,[],[],,,,no dollar amount found
LTB-L-030049-26,L1,ExParte Order,2026-05-29,https://d3hf2qahezjxpx.cloudfront.net/attachments/exportedBinaries20260723_175229/069N3000010qBYLIA2/LTB-L-030049-26-EX signed.pdf,text,[],[],,,,no dollar amount found
LTB-L-106822-25,L1,Order,2026-03-16,https://d3hf2qahezjxpx.cloudfront.net/attachments/exportedBinaries20260723_175229/069N300000vewpIIAQ/LTB-L-106822-25-HR - March 16 2026.pdf,text,"[2475.0, 81.37, 2475.0, 12375.0, 186.0, 2475.0, 39.73, 12561.0, 8384.97, 81.37, 12375.0, 186.0, 12561.0, 10713.7, 186.0, 2475.0, 39.73, 8384.97, 50000.0, 81.37]","[12375.0, 186.0, 12561.0, 10713.7, 186.0, 2475.0]",8384.97,arrears,"5. If the Tenant does not void the order, the Tenant shall pay to the Landlord >>>$8,384.97<<<. This  amount includes rent arrears owing up to the date of the hearing and the",found in operative 'It is ordered that' section; matched expected keyword for category
LTB-L-093852-25,L1,ExParte Order,2026-01-22,https://d3hf2qahezjxpx.cloudfront.net/attachments/exportedBinaries20260723_175229/069N300000sdXBeIAM/LTB-L-093852-25-EX-signed.pdf,text,[],[],,,,no dollar amount found
LTB-L-106740-25,L1,Order,2026-03-20,https://d3hf2qahezjxpx.cloudfront.net/attachments/exportedBinaries20260723_175229/069N300000vzNBnIAM/LTB-L-106740-25_Consent - March 20 2026.pdf,text,"[5892.49, 186.0, 902.32, 600.0, 790.17]",[186.0],5892.49,arrears,"it is ordered that:    1.  The Tenants shall pay to the Landlord >>>$5 892.49<<<, representing the rent arrears up to and  including March 31, 2026 and the $186",found in operative 'It is ordered that' section; matched expected keyword for category
LTB-L-091351-25,L1,Order,2026-01-26,https://d3hf2qahezjxpx.cloudfront.net/attachments/exportedBinaries20260723_175229/069N300000sduxmIAA/LTB-L-091351-25-HR Order_CERT.pdf,text,[],[],,,,no dollar amount found
LTB-L-087442-25,L1,Order,2026-01-19,https://d3hf2qahezjxpx.cloudfront.net/attachments/exportedBinaries20260723_175229/069N300000sHgLaIAK/LTB-L-087442-25-HR -Signed.pdf,text,"[2395.0, 78.74, 2395.0, 1595.0, 10180.0, 186.0, 2395.0, 78.34, 10366.0, 12761.0, 6442.54, 78.74, 11775.0, 186.0, 1595.0, 10366.0, 14170.0, 186.0, 1595.0, 12761.0, 10324.88, 186.0, 1595.0, 2395.0, 78.34, 6442.54, 50000.0, 78.74]","[11775.0, 186.0, 14170.0, 186.0, 10324.88, 186.0]",12761.0,arrears,"ary 31, 2026. See Schedule 1  for the calculation of the amount owing.   OR  •  >>>$12,761.00<<< if the payment is made on or before February 12, 2026. See Schedule 1  for the",found in operative 'It is ordered that' section; matched expected keyword for category
LTB-L-019115-26,L1,Order,2026-05-27,https://d3hf2qahezjxpx.cloudfront.net/attachments/exportedBinaries20260723_175229/069N3000010FSRjIAO/LTB-L-019115-26_L1_2026 05 27.pdf,text,"[1873.74, 61.6, 1873.74, 2500.0, 4917.9, 186.0, 1769.59, 14.25, 5103.9, 6977.64, 2678.32, 61.6, 7417.9, 186.0, 2500.0, 5103.9, 9291.64, 186.0, 2500.0, 6977.64, 6776.16, 186.0, 2500.0, 1769.59, 14.25, 2678.32, 50000.0, 61.6]","[7417.9, 186.0, 9291.64, 186.0, 6776.16, 186.0]",6977.64,arrears,"May 31, 2026. See Schedule 1 for the  calculation of the amount owing.   OR  •  >>>$6,977.64<<< if the payment is made on or before June 30, 2026. See Schedule 1 for the  calc",found in operative 'It is ordered that' section; matched expected keyword for category
LTB-L-011717-26,L1,Order,2026-04-23,https://d3hf2qahezjxpx.cloudfront.net/attachments/exportedBinaries20260723_175229/069N300000yNI9lIAG/LTB-L-011717-26 (L1) - Consent Order.pdf,text,"[11366.0, 91.89, 11366.0]",[],11366.0,arrears,"t of the unit.  5. On or before May 06, 2026, the Tenant shall pay the Landlord >>>$11,366.00<<< which  represents the arrears of rent owing up to April 30, 2026, including the",found in operative 'It is ordered that' section; matched expected keyword for category
LTB-L-100573-25,L1,Order,2026-02-03,https://d3hf2qahezjxpx.cloudfront.net/attachments/exportedBinaries20260723_175229/069N300000tJLVlIAO/LTB-L-100573-25-HR - February 3 2026.pdf,text,"[1282.64, 3790.55, 4.63, 186.0, 190.63]",[],190.63,arrears,"It is ordered that:  1. The Tenant shall pay to the Landlord >>>$190.63<<<. This amount includes rent arrears owing up  to January 31, 2026, and the cost",found in operative 'It is ordered that' section; matched expected keyword for category
LTB-L-099429-25,L1,Order,2026-02-06,https://d3hf2qahezjxpx.cloudfront.net/attachments/exportedBinaries20260723_175229/069N300000tYyyCIAS/LTB-L-099429-25 U-HR.pdf,text,"[2550.0, 83.84, 2550.0, 13100.0, 186.0, 2550.0, 78.13, 13286.0, 8443.23, 83.84, 13100.0, 186.0, 13286.0, 10885.36, 186.0, 2550.0, 78.13, 8443.23, 50000.0, 83.84]","[13100.0, 186.0, 13286.0, 10885.36, 186.0, 2550.0]",8443.23,arrears,"5. If the Tenants do not void the order, the Tenants shall pay to the Landlord >>>$8,443.23<<<. This  amount includes rent arrears owing up to the date of the hearing and the",found in operative 'It is ordered that' section; matched expected keyword for category
LTB-L-007978-26,L1,Order,2026-04-16,https://d3hf2qahezjxpx.cloudfront.net/attachments/exportedBinaries20260723_175229/069N300000xr5XTIAY/LTB-L-007978-26-HR - April 16 2026.pdf,text,"[1355.11, 44.55, 1355.11, 2200.0, 2965.33, 186.0, 1355.11, 8.03, 700.0, 3151.33, 4506.44, 5861.55, 1012.23, 44.55, 5165.33, 186.0, 2200.0, 3151.33, 6520.44, 186.0, 2200.0, 4506.44, 7875.55, 186.0, 2200.0, 5861.55, 4389.37, 186.0, 2200.0, 1355.11, 8.03, 1012.23, 50000.0, 44.55]","[5165.33, 186.0, 6520.44, 186.0, 7875.55, 186.0, 4389.37, 186.0]",5861.55,arrears,"May 31, 2026. See Schedule 1 for  the calculation of the amount owing.   OR  •  >>>$5,861.55<<< if the payment is made on or before June 30, 2026. See Schedule 1 for  the calc",found in operative 'It is ordered that' section; matched expected keyword for category
LTB-L-003996-26,L1,Order,2026-03-25,https://d3hf2qahezjxpx.cloudfront.net/attachments/exportedBinaries20260723_175229/069N300000wIlByIAK/LTB-L-003996-26.pdf,text,"[5367.63, 186.0, 1910.0, 785.0, 223.0, 219.63]",[186.0],5367.63,arrears,"it is ordered that:    1. The Tenants shall pay to the Landlord >>>$5 367.63<<<, representing the rent arrears up to and  including March 31, 2026 and the $186",found in operative 'It is ordered that' section; matched expected keyword for category
LTB-L-009440-26,L1,Order,2026-05-15,https://d3hf2qahezjxpx.cloudfront.net/attachments/exportedBinaries20260723_175229/069N300000zduLvIAI/22. STAMPED LTB-L-009440-26-HR - May 15 2026 rev by JV May 11.pdf,text,"[1905.0, 3252.0, 6574.0, 186.0, 6760.0, 500.0, 300.0, 300.0, 300.0, 500.0, 676.0, 500.0, 500.0, 500.0, 500.0, 500.0, 500.0, 500.0, 500.0, 500.0, 500.0, 500.0, 500.0, 500.0, 260.0]",[],676.0,arrears,"It is ordered that:  1. The Tenant shall pay to the Landlord >>>$676<<<0.00 for arrears of rent up to April 30,  2026, and costs.  2. The Tenant shall",found in operative 'It is ordered that' section; matched expected keyword for category
LTB-L-013016-26,L1,Order,2026-04-22,https://d3hf2qahezjxpx.cloudfront.net/attachments/exportedBinaries20260723_175229/069N300000yN7W5IAK/LTB-L-013016-26 certified.pdf,text,"[5610.0, 470.0, 440.0]",[],5610.0,arrears,"it is ordered that:  1. The Tenant shall pay to the Landlord >>>$5,610.00<<< for arrears of rent up to April 30, 2026, and  costs.  2. The Tenant shall pay",found in operative 'It is ordered that' section; matched expected keyword for category
LTB-L-013704-26,L1,Order,2026-05-12,https://d3hf2qahezjxpx.cloudfront.net/attachments/exportedBinaries20260723_175229/069N300000zPTGcIAO/LTB-L-013704-26_L1_2026_05_12 - cert.pdf,text,"[1198.05, 39.39, 1198.05, 12523.03, 39.39, 12523.03, 12523.03, 0.0, 0.0, 12523.03, 39.39]","[12523.03, 12523.03, 0.0]",12523.03,arrears,"ate the Tenants move out of the unit.  5. The Tenants shall pay to the Landlord >>>$12,523.03<<< representing rent arrears to the date of  the agreement, in full on before July",found in operative 'It is ordered that' section; matched expected keyword for category
LTB-L-093495-25,L1,Review Order,2026-02-20,https://d3hf2qahezjxpx.cloudfront.net/attachments/exportedBinaries20260723_175229/069N300000uRUmZIAW/LTB-L-093495-25-RV - February 20 2026.pdf,text,[],[],,,,no dollar amount found
LTB-L-107880-25,L1,Order,2026-03-27,https://d3hf2qahezjxpx.cloudfront.net/attachments/exportedBinaries20260723_175229/069N300000vxzZpIAI/LTB-L-107880-25_Consent - March 27 2026.pdf,text,"[2832.0, 2646.0, 186.0, 944.0]","[2832.0, 2646.0, 186.0]",944.0,other,o the Landlord the amount set out in paragraph 1 of this order as  follows:  a) >>>$944.00<<< per month due on or before the 20th day of each month for a 3-month period  sta,"found in operative 'It is ordered that' section; single candidate amount, no strong keyword match"
LTB-L-005510-26,L1,Order,2026-04-09,https://d3hf2qahezjxpx.cloudfront.net/attachments/exportedBinaries20260723_175229/069N300000xVMohIAG/LTB-L-005510-26-Certified.pdf,text,"[6968.94, 186.0, 7154.94, 300.0, 500.0, 254.94]","[186.0, 7154.94]",6968.94,arrears,"It is ordered on consent that:  1. The Tenant shall pay to the Landlord >>>$6,968.94<<< for arrears of rent up to April 30, 2026,  plus $186.00 for the application fil",found in operative 'It is ordered that' section; matched expected keyword for category
LTB-L-089828-25,L1,Order,2026-02-05,"https://d3hf2qahezjxpx.cloudfront.net/attachments/exportedBinaries20260723_175229/069N300000tLYiMIAW/LTB-L-089828-25_Consent - February 5, 2026 cert.pdf",text,"[2090.0, 33.67, 8512.33, 68.71]",[8512.33],2090.0,ambiguous-max,"t terminates on January 31, 2026.   2. The Landlord collected a rent deposit of >>>$2,090.00<<< from the Tenants and this deposit is still  being held by the Landlord. The ren","found in operative 'It is ordered that' section; multiple candidate amounts, took max — manual review advised"
LTB-L-089548-25,L1,Order,2026-01-22,https://d3hf2qahezjxpx.cloudfront.net/attachments/exportedBinaries20260723_175229/069N300000sI4faIAC/LTB-L-089548-25-HR.pdf,text,[],[],,,,no dollar amount found
LTB-L-107840-25,L1,Order,2026-03-20,https://d3hf2qahezjxpx.cloudfront.net/attachments/exportedBinaries20260723_175229/069N300000vqu6zIAA/LTB-L-107840-25-HR.pdf,text,"[1794.32, 58.99, 1794.32, 8897.8, 186.0, 1075.0, 21.4, 9083.8, 6900.96, 58.99, 8897.8, 186.0, 9083.8, 7811.36, 186.0, 1075.0, 21.4, 6900.96, 50000.0, 58.99]","[8897.8, 186.0, 9083.8, 7811.36, 186.0, 1075.0]",6900.96,arrears,"5. If the Tenants do not void the order, the Tenants shall pay to the Landlord >>>$6,900.96<<<. This  amount includes rent arrears owing up to the date of the hearing and the",found in operative 'It is ordered that' section; matched expected keyword for category
LTB-L-097180-25,L1,Order,2026-02-13,https://d3hf2qahezjxpx.cloudfront.net/attachments/exportedBinaries20260723_175229/069N300000tav1sIAA/LTB-L-097180-25-HR.pdf,text,"[895.0, 29.42, 895.0, 7560.0, 186.0, 7746.0, 8641.0, 6939.26, 29.42, 7560.0, 186.0, 7746.0, 8455.0, 186.0, 8641.0, 6753.26, 186.0, 6939.26, 50000.0, 29.42]","[7560.0, 186.0, 7746.0, 8455.0, 186.0, 8641.0, 6753.26]",8641.0,arrears,"ary 28, 2026. See Schedule 1  for the calculation of the amount owing.   OR  •  >>>$8,641.00<<< if the payment is made on or before March 15, 2026. See Schedule 1 for  the cal",found in operative 'It is ordered that' section; matched expected keyword for category
LTB-L-102336-25,L1,ExParte Order,2026-02-18,https://d3hf2qahezjxpx.cloudfront.net/attachments/exportedBinaries20260723_175229/069N300000uIYUSIA4/LTB-L-102336-25-EX-signed.pdf,text,[],[],,,,no dollar amount found
LTB-L-023155-26,L1,Order,2026-05-27,https://d3hf2qahezjxpx.cloudfront.net/attachments/exportedBinaries20260723_175229/069N3000010hTFzIAM/LTB Order_LTB-L-023155-26_27MAY26.pdf,text,"[2115.3, 69.54, 2115.3, 8115.5, 345.7, 40.0, 186.0, 1964.28, 203.6, 571.7, 2687.0, 1972.98, 69.54, 8461.2, 186.0, 40.0, 8115.5, 571.7, 10576.5, 186.0, 40.0, 8115.5, 2687.0, 8084.4, 186.0, 40.0, 8115.5, 1964.28, 203.6, 50000.0, 69.54]","[8461.2, 186.0, 40.0, 10576.5, 186.0, 40.0, 8084.4, 186.0, 40.0]",2687.0,arrears,"May 31, 2026. See Schedule 1 for the  calculation of the amount owing.   OR  •  >>>$2,687.00<<< if the payment is made on or before June 15, 2026. See Schedule 1 for  the calc",found in operative 'It is ordered that' section; matched expected keyword for category
LTB-L-104113-25,L1,Order,2026-03-03,https://d3hf2qahezjxpx.cloudfront.net/attachments/exportedBinaries20260723_175229/069N300000un71kIAA/LTB-L-104113-25-HR.pdf,text,"[1800.0, 59.18, 1800.0, 7200.0, 186.0, 1800.0, 27.75, 1000.0, 17.77, 615.0, 4408.0, 1425.0, 568.0, 6368.23, 615.0, 5753.23, 615.0, 5138.23, 615.0, 4523.23, 615.0, 3908.23, 615.0, 3293.23, 615.0, 2678.23, 615.0, 2063.23, 615.0, 1448.23, 615.0, 833.23, 615.0, 218.23, 218.23, 0.0]",[],6368.23,arrears,"It is ordered that:  1. The Tenant shall pay to the Landlord >>>$6,368.23<<< for arrears of rent up to February  28, 2026, and costs.  2. The Tenant shall p",found in operative 'It is ordered that' section; matched expected keyword for category
LTB-L-001127-26,L1,Order,2026-03-19,https://d3hf2qahezjxpx.cloudfront.net/attachments/exportedBinaries20260723_175229/069N300000vh33RIAQ/LTB-L-001127-26_HR.pdf,text,"[1282.35, 42.16, 1282.35, 3020.0, 1099.4, 186.0, 1026.03, 208.89, 1285.4, 725.95, 42.16, 4119.4, 186.0, 3020.0, 1285.4, 3342.97, 186.0, 3020.0, 1026.03, 208.89, 50000.0, 42.16]","[725.95, 4119.4, 186.0, 3342.97, 186.0]",1285.4,arrears,"tion was filed  - $3,020.00  Total the Tenant must pay to continue the tenancy  >>>$1,285.40<<<  B. Amount the Tenant must pay if the tenancy is terminated  Rent Owing to Hear",found in operative 'It is ordered that' section; matched expected keyword for category
LTB-L-009874-26,L1,Order,2026-04-14,https://d3hf2qahezjxpx.cloudfront.net/attachments/exportedBinaries20260723_175229/069N300000xVD2IIAW/LTB-L-009874-26-HR.pdf,text,[],[],,,,no dollar amount found
LTB-L-102927-25,L1,Amended Order,2026-04-21,"https://d3hf2qahezjxpx.cloudfront.net/attachments/exportedBinaries20260723_175229/069N300000yKh7uIAC/LTB-L-102927-25-AM - apr 21, 2026.pdf",text,"[10586.0, 2641.6, 7944.4, 85.47]",[10586.0],7944.4,arrears,"$2,641.60.  3. On or before March 1, 2026, the Tenant must pay to the Landlord >>>$7,944.40<<<. This  amount represents outstanding arrears and costs to February 28, 2026, le",found in operative 'It is ordered that' section; matched expected keyword for category
LTB-L-033659-23,L1,Review Order,2026-03-03,https://d3hf2qahezjxpx.cloudfront.net/attachments/exportedBinaries20260723_175229/069N300000uvmu6IAA/LTB-L-033659-23-RV - March 3 2026.pdf,text,[30000.0],[],30000.0,arrears,"2025.  Moreover, the outstanding rent arrears were  significant (approximately >>>$30,000<<<) and the member found the tenancy to no longer be  viable.  In the circumstance","no operative section found, or it had no dollar mentions at all; fell back to full-document search; matched expected keyword for category"
LTB-L-085166-25,L1,Order,2026-01-14,https://d3hf2qahezjxpx.cloudfront.net/attachments/exportedBinaries20260723_175229/069N300000s4vh5IAA/LTB-L-085166-25-HR.pdf,text,"[1749.0, 57.5, 1749.0, 4832.82, 1753.88, 186.0, 1939.88, 3688.88, 478.38, 57.5, 6586.7, 186.0, 4832.82, 1939.88, 8335.7, 186.0, 4832.82, 3688.88, 5125.2, 186.0, 4832.82, 478.38, 50000.0, 57.5]","[6586.7, 186.0, 8335.7, 186.0, 5125.2, 186.0]",3688.88,arrears,"ary 31, 2026. See Schedule 1  for the calculation of the amount owing.   OR  •  >>>$3,688.88<<< if the payment is made on or before February 28, 2026. See Schedule 1  for the",found in operative 'It is ordered that' section; matched expected keyword for category
LTB-L-009657-26,L1,Order,2026-04-23,https://d3hf2qahezjxpx.cloudfront.net/attachments/exportedBinaries20260723_175229/069N300000yLNbtIAG/LTB-L-009657-26.pdf,text,"[9102.0, 8916.0, 9102.0]",[],9102.0,arrears,"It is ordered on consent that:  1. The Tenant shall pay to the Landlord >>>$9,102.00<<<. This amount represents $8,916.00 for  arrears of rent up to April 30, 2026, an",found in operative 'It is ordered that' section; matched expected keyword for category
LTB-L-075562-25,L1,Order,2026-01-12,https://d3hf2qahezjxpx.cloudfront.net/attachments/exportedBinaries20260723_175229/069N300000rfj7XIAQ/LTB-L-075562-25.pdf,text,"[6192.12, 203.58, 6192.12, 24768.48, 40.0, 186.0, 6192.12, 109.0, 37378.72, 15147.78, 203.58, 37152.72, 186.0, 40.0, 37378.72, 21222.9, 186.0, 40.0, 6192.12, 109.0, 15147.78, 50000.0, 203.58]","[37152.72, 186.0, 40.0, 21222.9, 186.0, 40.0]",37378.72,arrears,"186.00  NSF Charges  $40.00  Total the Tenant must pay to continue the tenancy  >>>$37,378.72<<<  B. Amount the Tenant must pay if the tenancy is terminated  Rent Owing To Hear",found in operative 'It is ordered that' section; matched expected keyword for category
LTB-L-094231-25,L1,Amended Order,2026-03-03,https://d3hf2qahezjxpx.cloudfront.net/attachments/exportedBinaries20260723_175229/069N300000ucFnTIAU/LTB-L-089064-25_LTB-L-094231-25-L1L2 - Mar 3 2026- AM.pdf,text,"[2418.91, 186.0, 12926.4, 12926.4, 186.0, 150.0, 300.0, 2426.4]","[186.0, 12926.4, 12926.4, 186.0]",2426.4,ambiguous-max,"26, and continuing each month until April 15, 2026; and   c. A final payment of >>>$2,426.40<<< on or before May 15, 2026.    3. The Tenant shall also pay to the Landlord the","found in operative 'It is ordered that' section; multiple candidate amounts, took max — manual review advised"
LTB-L-013529-26,L1,Order,2026-04-24,https://d3hf2qahezjxpx.cloudfront.net/attachments/exportedBinaries20260723_175229/069N300000ySMb1IAG/LTB-L-013529-26-HR.pdf,text,[],[],,,,no dollar amount found
LTB-L-095822-25,L1,Order,2026-02-02,https://d3hf2qahezjxpx.cloudfront.net/attachments/exportedBinaries20260723_175229/069N300000t5A3vIAE/LTB-L-095822-25 - L1 Non Voidable - Cert.pdf,text,"[1418.34, 46.63, 1418.34, 5673.35, 186.0, 1418.34, 29.46, 4252.22, 46.63, 5514.02, 186.0, 1418.34, 29.46, 4252.22, 50000.0, 46.63]","[5514.02, 186.0, 1418.34]",4252.22,arrears,"inated on or before January 31,  2026.  2. The Tenant shall pay to the Landlord >>>$4,252.22<<<. This amount includes rent arrears owing  up to the date of the hearing and the",found in operative 'It is ordered that' section; matched expected keyword for category
LTB-L-000350-26,L1,Amended Order,2026-04-10,https://d3hf2qahezjxpx.cloudfront.net/attachments/exportedBinaries20260723_175229/069N300000xTSYQIA4/LTB-L-000350-26-AM.pdf,text,"[2423.1, 186.0, 3060.38, 2250.0, 2250.0, 2250.0, 262.08, 734.3, 3060.38, 186.0, 2250.0, 262.08, 734.3]","[3060.38, 186.0, 2250.0]",734.3,arrears,enants moved out of the rental unit.  2. The Tenants shall pay to the Landlords >>>$734.30<<<. This amount includes rent arrears owing  up to the date the Tenants moved out,found in operative 'It is ordered that' section; matched expected keyword for category
LTB-L-030480-26,L1,ExParte Order,2026-05-13,https://d3hf2qahezjxpx.cloudfront.net/attachments/exportedBinaries20260723_175229/069N300000zlUxHIAU/LTB-L-030480-26-EX.pdf,ocr,[],[],,,,no dollar amount found
LTB-L-099966-25,L1,Order,2026-02-18,https://d3hf2qahezjxpx.cloudfront.net/attachments/exportedBinaries20260723_175229/069N300000tzfMnIAI/LTB-L-099966-25-HR - February 18 2026.pdf,text,"[2574.45, 84.64, 2574.45, 6000.0, 3563.95, 186.0, 2400.0, 3749.95, 3749.95, 6324.4, 293.46, 84.64, 9563.95, 186.0, 6000.0, 3749.95, 12138.4, 186.0, 6000.0, 6324.4, 7920.54, 186.0, 6000.0, 2400.0, 50000.0, 84.64]","[293.46, 9563.95, 186.0, 12138.4, 186.0, 7920.54, 186.0]",6324.4,arrears,"ary 28, 2026. See Schedule 1  for the calculation of the amount owing.   OR  •  >>>$6,324.40<<< if the payment is made on or before March 1, 2026. See Schedule 1 for  the calc",found in operative 'It is ordered that' section; matched expected keyword for category
LTB-L-015444-26,L1,Order,2026-05-12,https://d3hf2qahezjxpx.cloudfront.net/attachments/exportedBinaries20260723_175229/069N300000zVQXmIAO/LTB-L-015444-26-HR - May 12 2026.pdf,text,"[2400.0, 78.9, 2400.0, 2400.0, 7200.0, 186.0, 2400.0, 82.65, 7386.0, 3055.65, 78.9, 9600.0, 186.0, 2400.0, 7386.0, 7752.3, 186.0, 2400.0, 2400.0, 82.65, 3055.65, 50000.0, 78.9]","[9600.0, 186.0, 7752.3, 186.0]",7386.0,arrears,"tion was filed  - $2,400.00  Total the Tenant must pay to continue the tenancy  >>>$7,386.00<<<  B. Amount the Tenant must pay if the tenancy is terminated  Rent Owing To Hear",found in operative 'It is ordered that' section; matched expected keyword for category
LTB-L-100476-25,L1,Order,2026-02-11,https://d3hf2qahezjxpx.cloudfront.net/attachments/exportedBinaries20260723_175229/069N300000tovTSIAY/LTB-L-100476-25_Feb 11 2026.pdf,text,"[8223.0, 8037.0, 186.0, 1000.0, 1000.0, 1000.0, 1000.0, 1000.0, 1000.0, 1000.0, 1223.0]",[186.0],8223.0,arrears,"It is ordered on consent that:  1. The Tenant shall pay to the Landlord >>>$8,223.00<<<. This amount represents $8,037.00 for  arrears of rent up to February 28, 2026,",found in operative 'It is ordered that' section; matched expected keyword for category
LTB-L-009110-26,L1,Order,2026-04-17,https://d3hf2qahezjxpx.cloudfront.net/attachments/exportedBinaries20260723_175229/069N300000y07yEIAQ/LTB-L-009110-26.pdf,text,"[2489.65, 4000.0, 4248.25, 186.0, 4.43, 3500.0, 500.0, 100.0, 1000.0, 4434.25, 1000.0, 1000.0, 1000.0, 1000.0, 434.35]",[],4434.25,arrears,"It is ordered that:  1. The Tenant shall pay to the Landlord >>>$4,434.25<<< for arrears of rent and the filing  fee up April 30, 2026.  2. The Tenant shall",found in operative 'It is ordered that' section; matched expected keyword for category
LTB-L-078204-25,L1,Order,2026-01-13,https://d3hf2qahezjxpx.cloudfront.net/attachments/exportedBinaries20260723_175229/069N300000rsjZeIAI/LTB-L-078204-25-HR.pdf,text,"[950.0, 31.23, 950.0, 1605.0, 3320.0, 186.0, 950.0, 121.03, 535.0, 1214.0, 3506.0, 1703.58, 31.23, 4925.0, 186.0, 1605.0, 3506.0, 4193.61, 186.0, 1605.0, 950.0, 121.03, 1703.58, 50000.0, 31.23]","[4925.0, 186.0, 4193.61, 186.0]",3506.0,arrears,"tion was filed  - $1,605.00  Total the Tenant must pay to continue the tenancy  >>>$3,506.00<<<  B. Amount the Tenant must pay if the tenancy is terminated  Rent Owing To Hear",found in operative 'It is ordered that' section; matched expected keyword for category
LTB-L-109014-25,L1,Order,2026-03-24,https://d3hf2qahezjxpx.cloudfront.net/attachments/exportedBinaries20260723_175229/069N300000wHkORIA0/LTB-L-109014-25-Consent Order final.pdf,text,"[2533.6, 5141.05, 449.0, 1920.53, 300.0, 2570.53, 186.0, 7786.8, 10357.33, 10357.33, 466.4, 1920.53, 300.0, 300.0, 300.0, 300.0, 300.0, 300.0, 120.53, 10357.33, 466.4, 466.4, 466.4, 466.4, 466.4, 466.4, 466.4, 466.4, 466.4, 466.4, 466.4, 466.4, 466.4, 466.4, 466.4, 466.4, 466.4, 466.4, 466.4, 466.4, 466.4, 466.4, 96.53]","[186.0, 7786.8, 10357.33]",1920.53,arrears,"rdered on consent that:  1. The Tenant, Fatona Funmi, shall pay to the Landlord >>>$1,920.53<<< for arrears of  rent up to December 27, 2025.  2. The Tenant, Fatona Funmi, sha",found in operative 'It is ordered that' section; matched expected keyword for category
LTB-L-017213-26,L1,ExParte Order,2026-04-21,https://d3hf2qahezjxpx.cloudfront.net/attachments/exportedBinaries20260723_175229/069N300000yMlSPIA0/LTB-L-017213-26-EX.pdf,text,[],[],,,,no dollar amount found
LTB-L-088658-25,L1,Order,2026-01-22,"https://d3hf2qahezjxpx.cloudfront.net/attachments/exportedBinaries20260723_175229/069N300000sMybJIAS/LTB-L-088658-25-HR January 22, 2026 cert.pdf",text,"[3969.75, 130.51, 3969.75, 5000.0, 36667.25, 186.0, 36853.25, 40823.0, 33666.56, 130.51, 41667.25, 186.0, 5000.0, 36853.25, 45637.0, 186.0, 5000.0, 40823.0, 38480.56, 186.0, 5000.0, 33666.56, 50000.0, 130.51]","[41667.25, 186.0, 45637.0, 186.0, 38480.56, 186.0]",40823.0,arrears,"ary 31, 2026. See Schedule 1  for the calculation of the amount owing.   OR  •  >>>$40,823.00<<< if the payment is made on or before February 2, 2026. See Schedule 1  for the c",found in operative 'It is ordered that' section; matched expected keyword for category
LTB-L-013862-26,L1,Order,2026-04-27,https://d3hf2qahezjxpx.cloudfront.net/attachments/exportedBinaries20260723_175229/069N300000yaqTnIAI/LTB-L-013862-26-HR.pdf,text,"[976.68, 32.11, 976.68, 1900.0, 903.82, 186.0, 986.21, 4.65, 1089.82, 2066.5, 3043.18, 139.19, 32.11, 2803.82, 186.0, 1900.0, 1089.82, 3780.5, 186.0, 1900.0, 2066.5, 4757.18, 186.0, 1900.0, 3043.18, 2565.67, 186.0, 1900.0, 986.21, 4.65, 50000.0, 32.11]","[139.19, 2803.82, 186.0, 3780.5, 186.0, 4757.18, 186.0, 2565.67, 186.0]",3043.18,arrears,"May 31, 2026. See Schedule 1 for  the calculation of the amount owing.   OR  •  >>>$3,043.18<<< if the payment is made on or before June 30, 2026. See Schedule 1 for  the calc",found in operative 'It is ordered that' section; matched expected keyword for category
LTB-L-103088-25,L1,Order,2026-04-23,https://d3hf2qahezjxpx.cloudfront.net/attachments/exportedBinaries20260723_175229/069N300000y51YoIAI/LTB-L-103088-25-HR.pdf,text,"[1728.49, 56.83, 1728.49, 7475.7, 304.39, 887.0, 554.41, 554.41, 887.0, 304.39, 186.0, 1703.22, 8.82, 490.39]",[],490.39,arrears,"It is ordered that:  1. The Tenants shall pay to the Landlord >>>$490.39<<<, which represents the balance of rent  arrears and costs owing to March 31, 202",found in operative 'It is ordered that' section; matched expected keyword for category
LTB-L-102421-25,L1,ExParte Order,2026-01-23,https://d3hf2qahezjxpx.cloudfront.net/attachments/exportedBinaries20260723_175229/069N300000slHxbIAE/LTB-L-102421-25-EX-signed.pdf,text,[],[],,,,no dollar amount found
LTB-L-000089-26,L1,Order,2026-03-20,https://d3hf2qahezjxpx.cloudfront.net/attachments/exportedBinaries20260723_175229/069N300000vesKNIAY/LTB-L-000089-26-HR.pdf,text,"[3000.0, 98.63, 3000.0, 12900.0, 186.0, 3000.0, 45.39, 13086.0, 5026.91, 98.63, 12900.0, 186.0, 13086.0, 10886.3, 186.0, 3000.0, 45.39, 8026.91, 50000.0, 98.63]","[12900.0, 186.0, 13086.0, 10886.3, 186.0, 3000.0]",5026.91,arrears,"5. If the Tenant does not void the order, the Tenant shall pay to the Landlord >>>$5,026.91<<<. This  amount includes rent arrears owing up to the date of the hearing and the",found in operative 'It is ordered that' section; matched expected keyword for category
LTB-L-108109-25,L1,Order,2026-03-19,https://d3hf2qahezjxpx.cloudfront.net/attachments/exportedBinaries20260723_175229/069N300000vdyulIAA/LTB-L-108109-25_Consent - March 19 2026.pdf,text,"[8021.0, 7835.0, 186.0, 2000.0, 1003.5]","[8021.0, 7835.0, 186.0]",2000.0,arrears,"o the Landlord the amount set out in paragraph 1 of this order as  follows:  a) >>>$2,000.00<<< on or before March 31, 2026 (arrears); AND    b) $1,003.50 per month due on or",found in operative 'It is ordered that' section; matched expected keyword for category
LTB-L-083566-25,L1,Order,2026-01-14,https://d3hf2qahezjxpx.cloudfront.net/attachments/exportedBinaries20260723_175229/069N300000qoWl7IAE/LTB-L-083566-25-L1 - Jan 14 2026.pdf,text,"[1827.13, 60.07, 1827.13, 5652.32, 526.74, 186.0, 1763.26, 141.66, 712.74, 1998.12, 60.07, 6179.06, 186.0, 5652.32, 712.74, 5373.12, 186.0, 5652.32, 1763.26, 141.66, 50000.0, 60.07]","[1998.12, 6179.06, 186.0, 5373.12, 186.0]",712.74,arrears,"ion was filed  - $5,652.32  Total the Tenants must pay to continue the tenancy  >>>$712.74<<<  B. Amount the Tenants must pay if the tenancy is terminated  Rent Owing to Hea",found in operative 'It is ordered that' section; matched expected keyword for category
LTB-L-099004-25,L1,Order,2026-02-17,https://d3hf2qahezjxpx.cloudfront.net/attachments/exportedBinaries20260723_175229/069N300000tpV3mIAE/LTB-L-099004-25-HR.pdf,text,"[3065.2, 100.77, 3065.2, 1600.0, 12529.32, 186.0, 3412.05, 6.87, 3500.0, 12715.32, 6634.28, 100.77, 14129.32, 186.0, 1600.0, 12715.32, 11467.2, 186.0, 1600.0, 3412.05, 6.87, 6634.28, 50000.0, 100.77]","[14129.32, 186.0, 11467.2, 186.0]",12715.32,arrears,"tion was filed  - $1,600.00  Total the Tenant must pay to continue the tenancy  >>>$12,715.32<<<  B. Amount the Tenant must pay if the tenancy is terminated  Rent Owing to Hear",found in operative 'It is ordered that' section; matched expected keyword for category
LTB-L-001706-26,L1,Order,2026-03-26,https://d3hf2qahezjxpx.cloudfront.net/attachments/exportedBinaries20260723_175229/069N300000wSlAlIAK/LTB-L-001706-26-HR.pdf,text,"[5069.0, 282.0, 275.0]",[],5069.0,arrears,"It is ordered on consent that:  1. The Tenant shall pay to the Landlord >>>$5,069.00<<< for arrears of rent up to March 31, 2026  and costs.  2. The Tenant shall pay t",found in operative 'It is ordered that' section; matched expected keyword for category
LTB-L-009685-26,L1,Order,2026-05-13,https://d3hf2qahezjxpx.cloudfront.net/attachments/exportedBinaries20260723_175229/069N300000zSjwlIAC/LTB-L-009685-26-HR - May 13 2026.pdf,text,[],[],,,,no dollar amount found
LTB-L-087563-25,L1,Amended Order,2026-02-10,https://d3hf2qahezjxpx.cloudfront.net/attachments/exportedBinaries20260723_175229/069N300000tlGxnIAE/LTB-L-087563-25-AM-Signed.pdf,text,"[1470.87, 48.36, 1470.87, 2940.1, 8825.22, 7356.09, 186.0, 1711.66, 9011.32, 7542.09, 10482.19, 9012.96, 6380.72, 4743.59, 48.36, 11765.22, 10296.19, 186.0, 2940.1, 9011.32, 7542.09, 13236.09, 11767.06, 186.0, 2940.1, 10482.19, 9012.96, 10846.48, 9377.35, 186.0, 2940.1, 1711.66, 6380.72, 4743.59, 50000.0, 48.36]","[11765.22, 10296.19, 186.0, 13236.09, 11767.06, 186.0, 10846.48, 9377.35, 186.0]",10482.19,arrears,"ary 31, 2026. See  Schedule 1 for the calculation of the amount owing.   OR  •  >>>$10,482.19<<<  $9,012.96 if the payment is made on or before February 28, 2026. See  Schedule",found in operative 'It is ordered that' section; matched expected keyword for category
LTB-L-080631-25,L1,Order,2026-04-07,https://d3hf2qahezjxpx.cloudfront.net/attachments/exportedBinaries20260723_175229/069N300000wnHRhIAM/LTB-L-080631-25-HR - April 7 2026.pdf,text,"[2701.0, 13132.0, 4845.0, 186.0, 5031.0, 200.0, 5031.0, 200.0, 31.0]",[],5031.0,arrears,"It is ordered that:  1. The Tenants shall pay to the Landlord >>>$5,031.00<<< for arrears of rent up to March  31, 2026, and costs.  2. The Tenants shall pay",found in operative 'It is ordered that' section; matched expected keyword for category
LTB-L-021399-26,L1,Order,2026-05-29,https://d3hf2qahezjxpx.cloudfront.net/attachments/exportedBinaries20260723_175229/069N3000010O3XMIA0/LTB-L-021399-26 cert.pdf,text,"[380.0, 600.0, 202.0]",[380.0],600.0,ambiguous-max,"paragraph 1 in accordance with  the following schedule:  AMOUNT DUE  DUE DATE  >>>$600.00<<<  On or before the 15th day of each month for 6  months from June 15, 2026 to No","found in operative 'It is ordered that' section; multiple candidate amounts, took max — manual review advised"
LTB-L-005073-26,L1,Order,2026-04-07,https://d3hf2qahezjxpx.cloudfront.net/attachments/exportedBinaries20260723_175229/069N300000x8JGRIA2/LTB-L-005073-26-HR.pdf,text,"[1148.98, 37.77, 1148.98, 3200.0, 2176.55, 186.0, 1097.91, 33.26, 2362.55, 157.94, 37.77, 5376.55, 186.0, 3200.0, 2362.55, 4303.11, 186.0, 3200.0, 1097.91, 33.26, 157.94, 50000.0, 37.77]","[5376.55, 186.0, 4303.11, 186.0]",2362.55,arrears,"ion was filed  - $3,200.00  Total the Tenants must pay to continue the tenancy  >>>$2,362.55<<<  B. Amount the Tenants must pay if the tenancy is terminated  Rent Owing to Hea",found in operative 'It is ordered that' section; matched expected keyword for category
LTB-L-021606-26,L1,Order,2026-05-13,https://d3hf2qahezjxpx.cloudfront.net/attachments/exportedBinaries20260723_175229/069N300000zc47ZIAQ/LTB-L-021606-26.pdf,text,"[3470.95, 186.0, 270.95, 400.0, 400.0]",[186.0],3470.95,arrears,"it is ordered that:    1. The Tenant shall pay to the Landlord >>>$3 470.95<<<, representing the rent arrears up to and  including May 31, 2026 and the $186.0",found in operative 'It is ordered that' section; matched expected keyword for category
LTB-L-105417-25,L1,Order,2026-03-05,https://d3hf2qahezjxpx.cloudfront.net/attachments/exportedBinaries20260723_175229/069N300000ustnLIAQ/LTB-L-105417-25-HR.pdf,text,"[2700.0, 88.77, 2700.0, 4036.0, 2728.0, 186.0, 2700.0, 13.51, 5614.0, 280.26, 88.77, 9464.0, 186.0, 4036.0, 5614.0, 6283.25, 186.0, 4036.0, 2700.0, 13.51, 50000.0, 88.77]","[280.26, 9464.0, 186.0, 6283.25, 186.0]",5614.0,arrears,"tion was filed  - $4,036.00  Total the Tenant must pay to continue the tenancy  >>>$5,614.00<<<  B. Amount the Tenant must pay if the tenancy is terminated  Rent Owing To Hear",found in operative 'It is ordered that' section; matched expected keyword for category
LTB-L-006908-24,L1,Order,2026-02-26,https://d3hf2qahezjxpx.cloudfront.net/attachments/exportedBinaries20260723_175229/069N300000uIMt5IAG/LTB-L-006908-24 LTB-T-007688-24 and LTB-T-095569-23 Unit 2 - 17 Wentworth.pdf,text,[],[],,,,no dollar amount found
LTB-L-007581-26,L1,Order,2026-04-07,https://d3hf2qahezjxpx.cloudfront.net/attachments/exportedBinaries20260723_175229/069N300000x0XdHIAU/LTB-L-007581-26-HR.pdf,text,"[4253.01, 1500.0, 700.0, 1500.0, 1253.01]",[],4253.01,arrears,"It is ordered on consent that:  1. The Tenant shall pay to the Landlord >>>$4,253.01<<< for arrears of rent up to April 30, 2026 and  costs.  2. The Tenant shall pay t",found in operative 'It is ordered that' section; matched expected keyword for category
LTB-L-098768-25,L1,Order,2026-02-19,https://d3hf2qahezjxpx.cloudfront.net/attachments/exportedBinaries20260723_175229/069N300000uIhuRIAS/LTB-L-098768-25-HR.pdf,text,"[1950.0, 64.11, 1950.0, 18400.0, 186.0, 1950.0, 64.68, 18586.0, 20536.0, 15775.3, 64.11, 18400.0, 186.0, 18586.0, 20350.0, 186.0, 20536.0, 17603.98, 186.0, 1950.0, 64.68, 15775.3, 50000.0, 64.11]","[18400.0, 186.0, 18586.0, 20350.0, 186.0, 20536.0, 17603.98, 186.0, 1950.0]",20536.0,arrears,"ary 28, 2026. See Schedule 1  for the calculation of the amount owing.   OR  •  >>>$20,536.00<<< if the payment is made on or before March 2, 2026. See Schedule 1 for  the calc",found in operative 'It is ordered that' section; matched expected keyword for category
LTB-L-006001-26,L1,ExParte Order,2026-02-20,https://d3hf2qahezjxpx.cloudfront.net/attachments/exportedBinaries20260723_175229/069N300000uMIEEIA4/LTB-L-006001-26-EX-signed.pdf,text,[],[],,,,no dollar amount found
LTB-L-102574-25,L1,Order,2026-02-24,https://d3hf2qahezjxpx.cloudfront.net/attachments/exportedBinaries20260723_175229/069N300000uXmiQIAS/LTB-L-102574-25-HR_L1Standard(DRO).pdf,text,"[1832.69, 60.25, 1832.69, 9250.38, 186.0, 9436.38, 11269.07, 8748.44, 60.25, 9250.38, 186.0, 9436.38, 11083.07, 186.0, 11269.07, 8562.44, 186.0, 8748.44, 50000.0, 60.25]","[9250.38, 186.0, 9436.38, 11083.07, 186.0, 11269.07, 8562.44]",11269.07,arrears,"ary 28, 2026. See Schedule 1  for the calculation of the amount owing.   OR  •  >>>$11,269.07<<< if the payment is made on or before March 31, 2026. See Schedule 1  for the cal",found in operative 'It is ordered that' section; matched expected keyword for category
LTB-L-010768-26,L1,Order,2026-04-30,https://d3hf2qahezjxpx.cloudfront.net/attachments/exportedBinaries20260723_175229/069N300000yV0pHIAS/12. LTB-L-010768-26-HR - April 30 2026 (CERTIFIED).pdf,text,"[1561.5, 51.34, 1561.5, 6246.0, 186.0, 1450.0, 6.17, 6432.0, 7993.5, 4184.43, 51.34, 6246.0, 186.0, 6432.0, 7807.5, 186.0, 7993.5, 5454.6, 186.0, 1450.0, 6.17, 4184.43, 50000.0, 51.34]","[6246.0, 186.0, 6432.0, 7807.5, 186.0, 7993.5, 5454.6, 186.0, 1450.0]",4184.43,arrears,"5. If the Tenant does not void the order, the Tenant shall pay to the Landlord >>>$4,184.43<<<. This  amount includes rent arrears owing up to the date of the hearing and the",found in operative 'It is ordered that' section; matched expected keyword for category
LTB-L-010945-26,L1,Review Order,2026-05-21,https://d3hf2qahezjxpx.cloudfront.net/attachments/exportedBinaries20260723_175229/069N3000010JNWfIAO/LTB-L-010945-26-RV.pdf,text,[],[],,,,no dollar amount found
LTB-L-097757-25,L1,Order,2026-02-12,https://d3hf2qahezjxpx.cloudfront.net/attachments/exportedBinaries20260723_175229/069N300000td1SoIAI/LTB-L-097757-25 - February 12 2026.pdf,text,"[1799.0, 5751.9, 80.0, 186.0, 1799.0, 29.08, 4189.82, 5751.9, 186.0, 80.0, 1799.0, 29.08, 4189.82]","[5751.9, 186.0, 80.0]",4189.82,arrears,"e Tenant moved out of the rental unit.  2. The Tenant shall pay to the Landlord >>>$4,189.82<<<. This amount includes rent arrears owing  up to the date the Tenant moved out o",found in operative 'It is ordered that' section; matched expected keyword for category
LTB-L-103876-25,L1,Amended Order,2026-03-31,https://d3hf2qahezjxpx.cloudfront.net/attachments/exportedBinaries20260723_175229/069N300000wrvN3IAI/LTB-L-103876-25-HR-AM.pdf,text,"[17986.0, 1500.0, 1486.0]",[],17986.0,arrears,"It is ordered on consent that:  1. The Tenant shall pay to the Landlord >>>$17,986.00<<< for arrears of rent up to February 28,  2026 and costs.  2. The Tenant shall pa",found in operative 'It is ordered that' section; matched expected keyword for category
LTB-L-014178-26,L1,Order,2026-04-16,https://d3hf2qahezjxpx.cloudfront.net/attachments/exportedBinaries20260723_175229/069N300000xdIOHIA2/LTB-L-014178-26-HR_Certified.pdf,text,[],[],,,,no dollar amount found
LTB-L-031559-26,L1,ExParte Order,2026-05-07,https://d3hf2qahezjxpx.cloudfront.net/attachments/exportedBinaries20260723_175229/069N300000zMJYnIAO/LTB-L-031559-26-EX.pdf,ocr,[],[],,,,no dollar amount found
LTB-L-102211-25,L1,Order,2026-03-02,https://d3hf2qahezjxpx.cloudfront.net/attachments/exportedBinaries20260723_175229/069N300000uSFKEIA4/LTB-L-102211-25-HR.pdf,text,"[1691.25, 5406.95, 186.0, 1650.0, 25.88, 3917.07, 5406.95, 186.0, 1650.0, 25.88, 3917.07]","[5406.95, 186.0, 1650.0]",3917.07,arrears,"e Tenant moved out of the rental unit.  2. The Tenant shall pay to the Landlord >>>$3,917.07<<<. This amount includes rent arrears owing  up to the date the Tenant moved out o",found in operative 'It is ordered that' section; matched expected keyword for category
LTB-L-108794-25,L1,Order,2026-01-22,https://d3hf2qahezjxpx.cloudfront.net/attachments/exportedBinaries20260723_175229/069N300000siq3pIAA/LTB-L-098107-25+ LTB-L-108794-25.pdf,,,,,,,download failed: 403 Client Error: Forbidden for url: https://d3hf2qahezjxpx.cloudfront.net/attachments/exportedBinaries20260723_175229/069N300000siq3pIAA/LTB-L-098107-25+%20LTB-L-108794-25.pdf
LTB-L-093550-25,L1,ExParte Order,2026-01-13,https://d3hf2qahezjxpx.cloudfront.net/attachments/exportedBinaries20260723_175229/069N300000rsHjlIAE/LTB-L-093550-25-EX-signed.pdf,text,[],[],,,,no dollar amount found
LTB-L-018269-26,L1,Order,2026-05-22,https://d3hf2qahezjxpx.cloudfront.net/attachments/exportedBinaries20260723_175229/069N3000010C2bqIAC/LTB-L-018269-26-HR - May 22 2026.pdf,text,"[1781.0, 1595.0, 186.0, 600.0, 200.0, 200.0, 200.0, 200.0, 200.0, 181.0]",[],1781.0,arrears,"it is ordered that:  1. The Tenant shall pay to the Landlord >>>$1,781.00<<<, which represents the arrears of rent  ($1,595.00) and costs ($186.00) outstand",found in operative 'It is ordered that' section; matched expected keyword for category
LTB-L-103081-25,L1,Order,2026-04-07,https://d3hf2qahezjxpx.cloudfront.net/attachments/exportedBinaries20260723_175229/069N300000wt7x7IAA/LTB-L-103081-25-HR.pdf,text,"[1097.89, 36.1, 1097.89, 400.0, 3864.79, 186.0, 1045.0, 4.75, 700.0, 6246.57, 2516.85, 36.1, 6460.57, 186.0, 400.0, 6246.57, 3780.6, 186.0, 400.0, 1045.0, 4.75, 2516.85, 50000.0, 36.1]","[6460.57, 186.0, 3780.6, 186.0]",6246.57,arrears,"cation was filed  - $400.00  Total the Tenant must pay to continue the tenancy  >>>$6,246.57<<<  B. Amount the Tenant must pay if the tenancy is terminated  Rent Owing To Hear",found in operative 'It is ordered that' section; matched expected keyword for category
LTB-L-017390-26,L1,Order,2026-05-15,https://d3hf2qahezjxpx.cloudfront.net/attachments/exportedBinaries20260723_175229/069N300000zSCJQIA4/LTB-L-017390-26-HR.pdf,text,"[947.0, 31.13, 947.0, 2841.0, 1558.02, 186.0, 1744.02, 983.8, 31.13, 4399.02, 186.0, 2841.0, 1744.02, 3638.8, 186.0, 2841.0, 983.8, 50000.0, 31.13]","[4399.02, 186.0, 3638.8, 186.0]",1744.02,arrears,"ion was filed  - $2,841.00  Total the Tenants must pay to continue the tenancy  >>>$1,744.02<<<  B. Amount the Tenants must pay if the tenancy is terminated  Rent Owing To Hea",found in operative 'It is ordered that' section; matched expected keyword for category
LTB-L-081479-25,L1,Order,2026-01-30,https://d3hf2qahezjxpx.cloudfront.net/attachments/exportedBinaries20260723_175229/069N300000t8vPnIAI/LTB-L-081479-25-HR.pdf,text,"[2900.0, 1450.0, 47.67, 1450.0, 8700.0, 8700.0, 8700.0]",[8700.0],8700.0,arrears,"It is ordered that:  1. The Tenant shall pay to the Landlord >>>$8,700.00<<<. This amount includes rent arrears owing  up to December 31, 2025.         File",found in operative 'It is ordered that' section; matched expected keyword for category
LTB-L-091307-25,L1,Order,2026-01-29,https://d3hf2qahezjxpx.cloudfront.net/attachments/exportedBinaries20260723_175229/069N300000souERIAY/LTB-L-091307-25-HR.pdf,text,"[850.0, 1409.0, 186.0, 850.0, 8.33, 736.67, 1409.0, 186.0, 850.0, 8.33, 736.67]","[1409.0, 186.0, 850.0]",736.67,arrears,e Tenant moved out of the rental unit.  2. The Tenant shall pay to the Landlord >>>$736.67<<<. This amount includes rent arrears owing up  to the date the Tenant moved out o,found in operative 'It is ordered that' section; matched expected keyword for category
LTB-L-088562-25,L1,Order,2026-01-05,https://d3hf2qahezjxpx.cloudfront.net/attachments/exportedBinaries20260723_175229/069N300000qeDF8IAM/LTB-L-088562-25-HR.pdf,text,"[1000.0, 32.88, 1000.0, 7000.0, 186.0, 8186.0, 6712.08, 32.88, 8000.0, 186.0, 8186.0, 6526.08, 186.0, 6712.08, 50000.0, 32.88]","[8000.0, 186.0, 8186.0, 6526.08]",6712.08,arrears,"5. If the Tenant does not void the order, the Tenant shall pay to the Landlord >>>$6,712.08<<<. This  amount includes rent arrears owing up to the date of the hearing and the",found in operative 'It is ordered that' section; matched expected keyword for category
LTB-L-094490-25,L1,Order,2026-02-06,https://d3hf2qahezjxpx.cloudfront.net/attachments/exportedBinaries20260723_175229/069N300000tJ3grIAC/LTB-L-094490-25-HR.pdf,text,"[115.0, 3.78, 115.0, 230.0, 230.0, 186.0, 531.0, 646.0, 406.84, 3.78, 575.0, 186.0, 230.0, 531.0, 690.0, 186.0, 230.0, 646.0, 450.84, 186.0, 230.0, 406.84, 50000.0, 3.78]","[575.0, 186.0, 690.0, 186.0, 450.84, 186.0]",646.0,arrears,"ary 28, 2026. See Schedule 1 for  the calculation of the amount owing.   OR  •  >>>$646.00<<< if the payment is made on or before March 31, 2026. See Schedule 1 for  the cal",found in operative 'It is ordered that' section; matched expected keyword for category
LTB-L-101385-25,L1,Order,2026-04-01,https://d3hf2qahezjxpx.cloudfront.net/attachments/exportedBinaries20260723_175229/069N300000wTrpAIAS/LTB-L-101385-25-HR.pdf,text,"[2295.99, 2295.99, 6982.94, 40.0, 186.0, 2165.0, 62.1, 4981.84, 6982.94, 186.0, 40.0, 2165.0, 62.1, 4981.84]","[6982.94, 186.0, 40.0]",4981.84,arrears,"e Tenant moved out of the rental unit.  2. The Tenant shall pay to the Landlord >>>$4,981.84<<<. This amount includes rent arrears owing  up to the date the Tenant moved out o",found in operative 'It is ordered that' section; matched expected keyword for category
LTB-L-095628-25,L1,Order,2026-02-12,https://d3hf2qahezjxpx.cloudfront.net/attachments/exportedBinaries20260723_175229/069N300000tiasxIAA/LTB-L-095628-25-HR.pdf,text,"[262.0, 8.61, 262.0, 524.0, 1444.0, 186.0, 373.42, 39.84, 1630.0, 997.79, 8.61, 1968.0, 186.0, 524.0, 1630.0, 1749.05, 186.0, 524.0, 373.42, 39.84, 997.79, 50000.0, 8.61]","[1968.0, 186.0, 1749.05, 186.0]",1630.0,arrears,"cation was filed  - $524.00  Total the Tenant must pay to continue the tenancy  >>>$1,630.00<<<  B. Amount the Tenant must pay if the tenancy is terminated  Rent Owing to Hear",found in operative 'It is ordered that' section; matched expected keyword for category
LTB-L-010418-26,L1,ExParte Order,2026-04-15,https://d3hf2qahezjxpx.cloudfront.net/attachments/exportedBinaries20260723_175229/069N300000xr5kTIAQ/LTB-L-010418-26-EX.pdf,text,[],[],,,,no dollar amount found
LTB-L-022548-26,L1,Order,2026-05-28,https://d3hf2qahezjxpx.cloudfront.net/attachments/exportedBinaries20260723_175229/069N3000010NqiJIAS/LTB-L-022548-26_L1_2026 05 28.pdf,text,"[536.0, 9072.0, 8846.0, 40.0, 186.0, 200.0, 72.0]","[40.0, 186.0]",9072.0,arrears,"It is ordered on consent that:  1. The Tenant shall pay to the Landlord >>>$9,072.00<<<. This amount represents  $8,846.00 for arrears of rent up to May 31, 2026, $40.",found in operative 'It is ordered that' section; matched expected keyword for category
LTB-L-019737-26,L1,Order,2026-05-07,https://d3hf2qahezjxpx.cloudfront.net/attachments/exportedBinaries20260723_175229/069N300000zJwiKIAS/LTB-L-019737-26.pdf,text,"[7400.0, 243.29, 7400.0, 1000.0, 26200.0, 186.0, 26386.0, 20202.45, 243.29, 27200.0, 186.0, 1000.0, 26386.0, 21016.45, 186.0, 1000.0, 20202.45, 50000.0, 243.29]","[27200.0, 186.0, 21016.45, 186.0]",26386.0,arrears,"tion was filed  - $1,000.00  Total the Tenant must pay to continue the tenancy  >>>$26,386.00<<<  B. Amount the Tenant must pay if the tenancy is terminated  Rent Owing to Hear",found in operative 'It is ordered that' section; matched expected keyword for category
LTB-L-005555-26,L1,Order,2026-04-15,https://d3hf2qahezjxpx.cloudfront.net/attachments/exportedBinaries20260723_175229/069N300000xTMrCIAW/LTB-L-005555-26-L1- April 15 2026.pdf,text,"[2200.0, 72.33, 2200.0, 13200.0, 186.0, 2200.0, 82.09, 13.0, 72.33, 13117.91, 72.33]","[13200.0, 186.0, 2200.0]",13117.91,arrears,"t comply with paragraph 1 of this order, the Tenants shall pay to the  Landlord >>>$13,117.91<<<. This amount represents rent arrears owing up to February 28, 2026.  The intere",found in operative 'It is ordered that' section; matched expected keyword for category
LTB-L-084990-25,L1,Order,2026-01-09,https://d3hf2qahezjxpx.cloudfront.net/attachments/exportedBinaries20260723_175229/069N300000rc8EHIAY/LTB-L-084990-25 cert.pdf,text,"[1259.24, 41.4, 1259.24, 1274.0, 3964.54, 186.0, 4150.54, 3098.3, 41.4, 5238.54, 186.0, 1274.0, 4150.54, 4186.3, 186.0, 1274.0, 3098.3, 50000.0, 41.4]","[5238.54, 186.0, 4186.3, 186.0]",4150.54,arrears,"tion was filed  - $1,274.00  Total the Tenant must pay to continue the tenancy  >>>$4,150.54<<<  B. Amount the Tenant must pay if the tenancy is terminated  Rent Owing To Hear",found in operative 'It is ordered that' section; matched expected keyword for category
LTB-L-001800-26,L1,Order,2026-03-20,https://d3hf2qahezjxpx.cloudfront.net/attachments/exportedBinaries20260723_175229/069N300000w6Kp6IAE/LTB-L-001800-26-HR.pdf,text,[],[],,,,no dollar amount found
LTB-L-107134-25,L1,ExParte Order,2026-03-12,https://d3hf2qahezjxpx.cloudfront.net/attachments/exportedBinaries20260723_175229/069N300000vaOnwIAE/LTB-L-107134-25-VO.pdf,text,[1226.4],[],1226.4,other,"became enforceable.  2. The Tenant's total payment to the Landlord is at least >>>$1,226.40<<<, the amount required to  void order LTB-L-107134-25 if the payment was to be ma","no operative section found, or it had no dollar mentions at all; fell back to full-document search; single candidate amount, no strong keyword match"
LTB-L-104205-25,L1,Order,2026-02-25,https://d3hf2qahezjxpx.cloudfront.net/attachments/exportedBinaries20260723_175229/069N300000uYojhIAC/LTB-L-104205-25-HR.pdf,text,"[954.05, 31.37, 954.05, 4743.33, 186.0, 720.0, 20.03, 4743.33, 900.0, 900.0, 900.0, 900.0, 900.0, 243.33]",[],4743.33,arrears,"It is ordered that:  1. The Tenant shall pay to the Landlord >>>$4,743.33<<< for arrears of rent up to February 28,  2026, and costs.  2. The Tenant shall p",found in operative 'It is ordered that' section; matched expected keyword for category
LTB-L-020289-26,L1,ExParte Order,2026-03-26,https://d3hf2qahezjxpx.cloudfront.net/attachments/exportedBinaries20260723_175229/069N300000wWduVIAS/LTB-L-020289-26-EX Certified..pdf,ocr,[],[],,,,no dollar amount found
LTB-L-109487-25,L2,Order,2026-02-13,https://d3hf2qahezjxpx.cloudfront.net/attachments/exportedBinaries20260723_175229/069N300000tzplyIAA/LTB-L-0109487-25-sign.pdf,text,[186.0],[186.0],,,,operative section found but contained only fee/rate/boilerplate amounts — likely no lump sum ordered
LTB-L-013409-26,L2,Order,2026-05-22,https://d3hf2qahezjxpx.cloudfront.net/attachments/exportedBinaries20260723_175229/069N300000zwgocIAA/LTB-L-013409-26_HR.pdf,text,"[1917.34, 1782.58, 427.14, 935.08, 935.08, 847.5, 186.0, 1782.58, 186.0]",[186.0],1782.58,other,"ants meet the  conditions set out below.  2. The Tenants shall pay the Landlord >>>$1,782.58<<< by June 30, 2026.   3. The Tenants shall not smoke in the rental unit or 3 mete","found in operative 'It is ordered that' section; single candidate amount, no strong keyword match"
LTB-L-002790-26,L2,Order,2026-03-06,https://d3hf2qahezjxpx.cloudfront.net/attachments/exportedBinaries20260723_175229/069N300000uv93BIAQ/LTB-L-002790-26-HR - March 6 2026 cert.pdf,text,"[100000.0, 15000.0, 186.0, 186.0]",[186.0],,,,operative section found but contained only fee/rate/boilerplate amounts — likely no lump sum ordered
LTB-L-071581-25,L2,Order,2026-03-16,https://d3hf2qahezjxpx.cloudfront.net/attachments/exportedBinaries20260723_175229/069N300000vTKSPIA4/LTB-L-071581-25_HR.pdf,text,"[3000.0, 186.0]",[186.0],,,,operative section found but contained only fee/rate/boilerplate amounts — likely no lump sum ordered
LTB-L-064947-25,L2,Order,2026-01-22,https://d3hf2qahezjxpx.cloudfront.net/attachments/exportedBinaries20260723_175229/069N300000sRqDBIA0/LTB-L-064947-25-HR.pdf,text,[200.0],[],200.0,other,"s 62, 63, 65 and  66 of the Act.  6. Included in the application is a claim for >>>$200.00<<< under section 88.1 of the Residential  Tenancies Act, 2006 (the ‘Act’) but with","no operative section found, or it had no dollar mentions at all; fell back to full-document search; single candidate amount, no strong keyword match"
LTB-L-059454-25,L2,Review Order,2026-02-23,"https://d3hf2qahezjxpx.cloudfront.net/attachments/exportedBinaries20260723_175229/069N300000uQ63FIAS/LTB-L-058502-25-RV, LTB-L-059454-25-RV-cert.pdf",text,[],[],,,,no dollar amount found
LTB-L-019854-26,L2,Order,2026-05-12,https://d3hf2qahezjxpx.cloudfront.net/attachments/exportedBinaries20260723_175229/069N300000zazcyIAA/LTB-L-019854-26-HR - May 12 2026.pdf,text,"[186.0, 15.5]","[186.0, 15.5]",,,,operative section found but contained only fee/rate/boilerplate amounts — likely no lump sum ordered
LTB-L-012206-25,L2,Order,2026-01-07,https://d3hf2qahezjxpx.cloudfront.net/attachments/exportedBinaries20260723_175229/069N300000rcGV3IAM/LTB-L-012206-25-HR.pdf,text,"[3000.0, 186.0, 3000.0, 3000.0, 3139.75, 3000.0, 186.0, 45.0, 1.25, 130.0, 3000.0, 3000.0, 1000.0, 500.0, 1000.0, 500.0, 3000.0, 186.0, 45.0, 1.25, 3000.0, 3000.0, 186.0, 46.25, 45.0, 1.25, 3139.75]","[186.0, 3000.0, 186.0, 186.0, 46.25]",3139.75,stated_total,"owing by the Tenant.   7. The total amount the Tenant must pay the Landlord is >>>$3,139.75<<<.  8. If the Tenant does not pay the Landlord the full amount owing on or before","found in operative 'It is ordered that' section; explicit stated-total phrasing (""...is \$X"")"
LTB-L-100862-25,L2,Order,2026-04-13,https://d3hf2qahezjxpx.cloudfront.net/attachments/exportedBinaries20260723_175229/069N300000xBNU0IAO/LTB-L-100862-25-HR.pdf,text,"[2749.47, 24.77, 753.5, 186.0, 753.5, 19.08, 2749.47, 24.77, 186.0, 772.58, 753.5, 19.08, 2162.89, 2749.47, 186.0, 772.75]","[186.0, 772.58, 753.5, 2162.89, 2749.47, 186.0, 772.75]",2749.47,arrears,"xpedite the enforcement of this order.  4. The Tenant shall pay to the Landlord >>>$2,749.47<<<, which represents compensation for the  use of the unit from November 26, 2025",found in operative 'It is ordered that' section; matched expected keyword for category
LTB-L-009881-26,L2,Order,2026-05-25,https://d3hf2qahezjxpx.cloudfront.net/attachments/exportedBinaries20260723_175229/069N300001076V1IAI/LTB-L-009881-26 Consent Order May 25 2026 Certf..pdf,text,"[186.0, 186.0]",[],186.0,other,"on is made to the LTB without notice to the  Tenants.  4. The Tenants shall pay >>>$186.00<<< to the Landlord which is the cost of the application on or  before July 15, 202","found in operative 'It is ordered that' section; single candidate amount, no strong keyword match"
LTB-L-105128-25,L2,Order,2026-04-02,https://d3hf2qahezjxpx.cloudfront.net/attachments/exportedBinaries20260723_175229/069N300000wzvjAIAQ/LTB-L-105128-25 - April 2 2026.pdf,text,[],[],,,,no dollar amount found
LTB-L-089718-25,L2,Order,2026-02-13,https://d3hf2qahezjxpx.cloudfront.net/attachments/exportedBinaries20260723_175229/069N300000tmAH0IAM/LTB-L-086260-25 & LTB-L-089718-25_L2 - February 13 2026.pdf,text,"[41.62, 1266.0, 1266.0, 10.0, 10000.0]",[],,,,"found in operative 'It is ordered that' section; only opposite-direction amount(s) found (money flowing the other way, likely a combined hearing) — no correctly-directed amount found; largest opposite-direction figure was \$10,000.00, excluded"
LTB-L-003648-26,L2,Order,2026-03-11,https://d3hf2qahezjxpx.cloudfront.net/attachments/exportedBinaries20260723_175229/069N300000vOb0pIAC/LTB-L-003648-26-Consent Order - March 11 2026 Certf..pdf,text,"[39.24, 1193.49, 186.0, 1000.0, 343.59, 149.51, 39.24]",[],,,,operative section found but contained only fee/rate/boilerplate amounts — likely no lump sum ordered
LTB-L-003454-26,L2,Order,2026-03-04,"https://d3hf2qahezjxpx.cloudfront.net/attachments/exportedBinaries20260723_175229/069N300000uL7mGIAS/LTB-L-003454-26PERSISTENT dated March 4 2026 for hearing February 18, 2026 SH.pdf",text,"[928.0, 186.0, 186.0, 62.0, 62.0, 62.0]",[186.0],186.0,ambiguous-max,"Tenant.    3. The Tenant shall pay the Landlord the Landlord’s filing costs of >>>$186.00<<< as follows: (1)  $62.00 minimum on or before March 1, 2026 (2) $62.00 minimum o","found in operative 'It is ordered that' section; multiple candidate amounts, took max — manual review advised"
LTB-L-011088-26,L2,Order,2026-05-07,https://d3hf2qahezjxpx.cloudfront.net/attachments/exportedBinaries20260723_175229/069N300000yz58IIAQ/LTB-L-011088-26-Signed.pdf,text,[],[],,,,no dollar amount found
LTB-L-057916-25,L2,Order,2026-01-07,https://d3hf2qahezjxpx.cloudfront.net/attachments/exportedBinaries20260723_175229/069N300000rLqoNIAS/LTB-L-057916-25-HR.pdf,text,"[993.72, 800.84, 974.77, 993.72, 993.72, 993.72, 186.0, 1179.72]",[186.0],1179.72,stated_total,"ling the application.  5. The total amount the Tenants must pay the Landlord is >>>$1,179.72<<<.  6. If the Tenants does not pay the Landlord the full amount owing on or befor","found in operative 'It is ordered that' section; explicit stated-total phrasing (""...is \$X"")"
LTB-L-061939-25,L2,Order,2026-01-16,https://d3hf2qahezjxpx.cloudfront.net/attachments/exportedBinaries20260723_175229/069N300000sJVPJIA4/LTB-L-061939-25-HR.pdf,text,[],[],,,,no dollar amount found
LTB-L-097271-25,L2,Order,2026-03-02,https://d3hf2qahezjxpx.cloudfront.net/attachments/exportedBinaries20260723_175229/069N300000ubO4oIAE/LTB-L-097271-25-CO - March 2 2026.pdf,text,[186.0],[186.0],,,,operative section found but contained only fee/rate/boilerplate amounts — likely no lump sum ordered
LTB-L-106069-25,L2,Order,2026-02-06,https://d3hf2qahezjxpx.cloudfront.net/attachments/exportedBinaries20260723_175229/069N300000tOl1QIAS/LTB-L-106069-25.pdf,text,[],[],,,,no dollar amount found
LTB-L-003025-26,L2,Order,2026-02-25,https://d3hf2qahezjxpx.cloudfront.net/attachments/exportedBinaries20260723_175229/069N300000uIXjjIAG/LTB-L-003025-26_Consent - February 25 2026.pdf,text,[186.0],[186.0],,,,operative section found but contained only fee/rate/boilerplate amounts — likely no lump sum ordered
LTB-L-102321-25,L2,Order,2026-01-26,https://d3hf2qahezjxpx.cloudfront.net/attachments/exportedBinaries20260723_175229/069N300000sn3P9IAI/LTB-L-102321-25.pdf,text,"[1087.0, 186.0, 186.0, 31.0, 31.0, 31.0, 31.0, 31.0, 31.0]",[186.0],1087.0,stated_total,"this and still wish to agree to this Order on Consent.  2) The current rent is >>>$1,087.00<<<. It is due on the 1st day of each month.  3) The Landlord incurred costs of $18","no operative section found, or it had no dollar mentions at all; fell back to full-document search; explicit stated-total phrasing (""...is \$X"")"
LTB-L-048443-24,L2,Order,2026-02-10,https://d3hf2qahezjxpx.cloudfront.net/attachments/exportedBinaries20260723_175229/069N300000thZB0IAM/LTB-L-048443-24-HR - February 10 2026.pdf,text,"[139.0, 186.0, 186.0]",[186.0],,,,operative section found but contained only fee/rate/boilerplate amounts — likely no lump sum ordered
LTB-L-100849-25,L2,Order,2026-01-30,https://d3hf2qahezjxpx.cloudfront.net/attachments/exportedBinaries20260723_175229/069N300000sgj1gIAA/LTB-L-100849-25-HR.pdf,text,"[58.56, 1781.15, 186.0, 1000.0, 85000.0, 58.56, 186.0]",[186.0],,,,operative section found but contained only fee/rate/boilerplate amounts — likely no lump sum ordered
LTB-L-089476-25,L2,Order,2026-02-25,https://d3hf2qahezjxpx.cloudfront.net/attachments/exportedBinaries20260723_175229/069N300000uRrpcIAC/LTB-L-089476-25-HR.pdf,text,"[418.0, 44.86]",[],418.0,ambiguous-max,n met.  Last Month’s Rent Deposit  21. The Landlord collected a rent deposit of >>>$418.00<<< from the Tenant and this deposit is still  being held by the Landlord. Interest,"no operative section found, or it had no dollar mentions at all; fell back to full-document search; multiple candidate amounts, took max — manual review advised"
LTB-L-058258-25,L2,Order,2026-01-29,https://d3hf2qahezjxpx.cloudfront.net/attachments/exportedBinaries20260723_175229/069N300000t48iYIAQ/LTB-L-058258-25-HR.pdf,text,"[900.0, 1017.0, 900.0, 1203.0]",[],1203.0,arrears,"conditions set out below.  2. The Tenant shall pay to the Landlords the sum of >>>$1,203.00<<< being the reasonable costs  the Landlords will incur to repair the damage to th",found in operative 'It is ordered that' section; matched expected keyword for category
LTB-L-092082-25,L2,Order,2026-01-19,https://d3hf2qahezjxpx.cloudfront.net/attachments/exportedBinaries20260723_175229/069N300000sEtnCIAS/LTB-L-092082-25-HR_Certified.pdf,text,"[186.0, 186.0]",[186.0],,,,operative section found but contained only fee/rate/boilerplate amounts — likely no lump sum ordered
LTB-L-105068-25,L2,Order,2026-02-05,https://d3hf2qahezjxpx.cloudfront.net/attachments/exportedBinaries20260723_175229/069N300000tGsspIAC/LTB-L-105068-25-HR - February 5 2026.pdf,text,"[34.65, 1053.94, 186.0, 1053.94, 0.85, 34.65, 186.0, 186.0]",[186.0],186.0,stated_total,iling the application.  6. The total amount the Tenant must pay the Landlord is >>>$186.00<<<.  7. If the Tenant does not pay the Landlord the full amount owing on or before,"found in operative 'It is ordered that' section; explicit stated-total phrasing (""...is \$X"")"
LTB-L-072112-25,L2,Order,2026-01-12,https://d3hf2qahezjxpx.cloudfront.net/attachments/exportedBinaries20260723_175229/069N300000rxoWzIAI/LTB-L-072112-25 cert.pdf,text,"[650.0, 82.2, 82.2, 705.0]",[],705.0,stated_total,"ted from the rent for the month of January, 2026. E. The current lawful rent is >>>$705.00<<<.  File Number: LTB-L-072112-25  Order Page 2 of 2  F. The Tenant shall pay the","no operative section found, or it had no dollar mentions at all; fell back to full-document search; explicit stated-total phrasing (""...is \$X"")"
LTB-L-000652-26,L2,Order,2026-04-17,https://d3hf2qahezjxpx.cloudfront.net/attachments/exportedBinaries20260723_175229/069N300000y3oXDIAY/LTB-L-000652-26_Consent - April 17 2026.pdf,text,[],[],,,,no dollar amount found
LTB-L-026054-25,L2,Order,2026-01-06,https://d3hf2qahezjxpx.cloudfront.net/attachments/exportedBinaries20260723_175229/069N300000rUpxrIAC/LTB-L-026054-25; LTB-L-066591-24-RV-BIR.pdf,text,[],[],,,,no dollar amount found
LTB-L-089755-25,L2,Order,2026-03-04,https://d3hf2qahezjxpx.cloudfront.net/attachments/exportedBinaries20260723_175229/069N300000ud9KyIAI/LTB-L-089755-25-HR.pdf,text,"[2700.0, 2800.0, 2800.0]",[],2800.0,ambiguous-max,"uld be responsible for paying utilities and the monthly rent  would increase to >>>$2,800.00<<< and both parties would sign a mutual release.        File Number: LTB-L-089755-","no operative section found, or it had no dollar mentions at all; fell back to full-document search; multiple candidate amounts, took max — manual review advised"
LTB-L-081814-25,L2,Order,2026-04-01,https://d3hf2qahezjxpx.cloudfront.net/attachments/exportedBinaries20260723_175229/069N300000x0D8HIAU/LTB-L-081814-25-HR Fr.pdf,text,[],[],,,,no dollar amount found
LTB-L-072060-25,L2,Order,2026-03-13,https://d3hf2qahezjxpx.cloudfront.net/attachments/exportedBinaries20260723_175229/069N300000vSWqqIAG/LTB-L-072060-25-HR - March 13 2026.pdf,text,[],[],,,,no dollar amount found
LTB-L-024064-26,L2,Order,2026-05-19,https://d3hf2qahezjxpx.cloudfront.net/attachments/exportedBinaries20260723_175229/069N300000zt1bVIAQ/LTB-L-024064-26_HR- May19-26-cert.pdf,text,"[186.0, 186.0, 186.0]",[186.0],186.0,stated_total,iling the application.  5. The total amount the Tenant must pay the Landlord is >>>$186.00<<<.  6. If the Tenant does not pay the Landlord the full amount owing on or before,"found in operative 'It is ordered that' section; explicit stated-total phrasing (""...is \$X"")"
LTB-L-056467-25,L2,Order,2026-03-13,https://d3hf2qahezjxpx.cloudfront.net/attachments/exportedBinaries20260723_175229/069N300000vZUyXIAW/LTB-L-056467-25-FR.pdf,text,[],[],,,,no dollar amount found
LTB-L-081296-25,L2,Order,2026-02-11,https://d3hf2qahezjxpx.cloudfront.net/attachments/exportedBinaries20260723_175229/069N300000tjMCuIAM/LTB-L-081296-25-HR.pdf,text,[],[],,,,no dollar amount found
LTB-L-012196-26,L2,Order,2026-05-13,"https://d3hf2qahezjxpx.cloudfront.net/attachments/exportedBinaries20260723_175229/069N300000ytvKuIAI/LTB-L-012196-26 TERMINATION  dated May 13 2026 for hearing April 29, 2026 SH.pdf",text,"[1046.53, 34.41, 1000.0, 50.0, 1050.0, 1000.0, 50.0, 103.22, 55.18, 48.04, 34.41]",[],,,,operative section found but contained only fee/rate/boilerplate amounts — likely no lump sum ordered
LTB-L-010936-26,L2,Order,2026-05-06,https://d3hf2qahezjxpx.cloudfront.net/attachments/exportedBinaries20260723_175229/069N300000yy8jSIAQ/LTB-L-010936-26-Signed.pdf,text,"[23.01, 700.0, 186.0, 700.0, 69.62, 23.01, 186.0, 186.0]",[186.0],186.0,stated_total,Order Page 3 of 3       6. The total amount the Tenant must pay the Landlord is >>>$186.00<<<.  7. If the Tenant does not pay the Landlord the full amount owing on or before,"found in operative 'It is ordered that' section; explicit stated-total phrasing (""...is \$X"")"
LTB-L-085813-25,L2,Order,2026-02-10,https://d3hf2qahezjxpx.cloudfront.net/attachments/exportedBinaries20260723_175229/069N300000tW1JGIA0/LTB-L-085813-25-HR.pdf,text,[],[],,,,no dollar amount found
LTB-L-011450-26,L2,Amended Order,2026-05-08,https://d3hf2qahezjxpx.cloudfront.net/attachments/exportedBinaries20260723_175229/069N300000zLXCNIA4/LTB-L-011450-26_Consent - AMENDED.pdf,text,[186.0],[186.0],,,,operative section found but contained only fee/rate/boilerplate amounts — likely no lump sum ordered
LTB-L-083897-25,L2,Order,2026-01-29,https://d3hf2qahezjxpx.cloudfront.net/attachments/exportedBinaries20260723_175229/069N300000t6iA0IAI/LTB-L-083897-25-HR.pdf,text,[],[],,,,no dollar amount found
LTB-L-082176-25,L2,Order,2026-03-04,https://d3hf2qahezjxpx.cloudfront.net/attachments/exportedBinaries20260723_175229/069N300000uw2naIAA/LTB-L-082176-25_HR.pdf,text,"[36.16, 1100.0, 650.0, 35.53, 36.16]",[],,,,operative section found but contained only fee/rate/boilerplate amounts — likely no lump sum ordered
LTB-L-106246-25,L2,Order,2026-03-25,https://d3hf2qahezjxpx.cloudfront.net/attachments/exportedBinaries20260723_175229/069N300000vuu3bIAA/LTB-L-106246-25-HR - March 25 2026 cert.pdf,text,[],[],,,,no dollar amount found
LTB-L-069264-25,L2,Review Order,2026-01-21,https://d3hf2qahezjxpx.cloudfront.net/attachments/exportedBinaries20260723_175229/069N300000sFLRqIAO/LTB-L-069264-25-RV.pdf,text,[],[],,,,no dollar amount found
LTB-L-005120-26,L2,Order,2026-03-06,https://d3hf2qahezjxpx.cloudfront.net/attachments/exportedBinaries20260723_175229/069N300000uzEkHIAU/LTB-L-005120-26 cert.pdf,text,[186.0],[186.0],,,,operative section found but contained only fee/rate/boilerplate amounts — likely no lump sum ordered
LTB-L-092921-25,L2,Order,2026-03-02,https://d3hf2qahezjxpx.cloudfront.net/attachments/exportedBinaries20260723_175229/069N300000uRHxaIAG/LTB-L-092921-25-HR - CERT.pdf,text,"[186.0, 186.0]",[186.0],186.0,stated_total,ing the application.  6. The total amount the Tenants must pay the Landlords is >>>$186.00<<<.  7. If the Tenants do not pay the Landlords the full amount owing on or before,"found in operative 'It is ordered that' section; explicit stated-total phrasing (""...is \$X"")"
LTB-L-100136-25,L2,Order,2026-03-04,https://d3hf2qahezjxpx.cloudfront.net/attachments/exportedBinaries20260723_175229/069N300000urbPQIAY/LTB-L-100136-25.pdf,text,"[2000.0, 200.0]",[],2000.0,arrears,"ch 31, 2026.   2. The Tenants owe rent arrears to the Landlord in the amount of >>>$2,000.00<<<. The rent arrears  are up to Feb 28, 2026.   3. The Landlord will apply the las","no operative section found, or it had no dollar mentions at all; fell back to full-document search; matched expected keyword for category"
LTB-L-016180-26,L2,Order,2026-05-22,https://d3hf2qahezjxpx.cloudfront.net/attachments/exportedBinaries20260723_175229/069N300000zwJdVIAU/LTB-L-016180-26.pdf,text,"[1819.47, 1500.0, 435.8]",[],1819.47,ambiguous-max,"tified that the Tenant was provided with compensation payment in the amount of  >>>$1,819.47<<< on February 20, 2026, by placing said payment into the Tenant’s mailbox. The  T","no operative section found, or it had no dollar mentions at all; fell back to full-document search; multiple candidate amounts, took max — manual review advised"
LTB-L-085578-25,L2,Order,2026-03-26,https://d3hf2qahezjxpx.cloudfront.net/attachments/exportedBinaries20260723_175229/069N300000wJt5uIAC/LTB-L-085578-25-HR.pdf,text,[],[],,,,no dollar amount found
LTB-L-008863-24,L2,Order,2026-01-20,https://d3hf2qahezjxpx.cloudfront.net/attachments/exportedBinaries20260723_175229/069N300000sIsvjIAC/LTB-L-008863-24-HR.pdf,text,"[1000.0, 1000.0]",[],1000.0,ambiguous-max,"or December 2025 and January  2026.  5. The Landlord shall return to the Tenant >>>$1,000.00<<< security deposit by February 28, 2026. If  the Landlord does return $1,000.00 b","found in operative 'It is ordered that' section; multiple candidate amounts, took max — manual review advised"
LTB-L-101400-25,L2,Amended Order,2026-04-10,https://d3hf2qahezjxpx.cloudfront.net/attachments/exportedBinaries20260723_175229/069N300000xOd4gIAC/LTB-L-101400-25-HR-AM2.pdf,text,"[500.0, 2500.0, 2800.0, 500.0, 2800.0, 201.0, 2800.0, 1000.0, 500.0, 500.0, 2800.0, 1000.0, 201.0, 1000.0, 201.0, 1201.0]",[201.0],1000.0,arrears,"400-25-AM2      Order Page 4 of 4       5. The Tenant shall pay to the Landlord >>>$1,000.00<<<, which represents the reasonable out-of- pocket expenses the Landlord has incur",found in operative 'It is ordered that' section; matched expected keyword for category
LTB-L-074646-25,L2,Order,2026-05-04,https://d3hf2qahezjxpx.cloudfront.net/attachments/exportedBinaries20260723_175229/069N300000z7tayIAA/LTB-T-066735-25;LTB-L-074646-25-HR.pdf,text,"[13.82, 420.25, 13.82, 10000.0, 5000.0, 5000.0]",[],5000.0,other,"providing vacant  possession of the rental unit on or before May 22, 2026. The >>>$5,000.00<<< shall be provided  to the Tenant following the Landlord's inspection confirming","found in operative 'It is ordered that' section; single candidate amount, no strong keyword match"
LTB-L-108405-25,L2,ExParte Order,2026-05-21,https://d3hf2qahezjxpx.cloudfront.net/attachments/exportedBinaries20260723_175229/069N3000010DUkdIAG/LTB-L-108405-25-EX.pdf,text,[],[],,,,no dollar amount found
LTB-L-107398-25,L2,Order,2026-03-26,https://d3hf2qahezjxpx.cloudfront.net/attachments/exportedBinaries20260723_175229/069N300000wPiXVIA0/LTB-L-107398-25-HR - March 26 2026.doc.pdf,text,"[24.37, 741.2, 725.0, 53.6, 186.0, 24.37]",[186.0],,,,operative section found but contained only fee/rate/boilerplate amounts — likely no lump sum ordered
LTB-L-084099-25,L2,Amended Order,2026-03-13,https://d3hf2qahezjxpx.cloudfront.net/attachments/exportedBinaries20260723_175229/069N300000vTS6iIAG/LTB-L-084099-25 - Amended Order.pdf,text,"[2000.0, 665.0, 186.0]",[186.0],2000.0,ambiguous-max,", and continuing until December 1, 2026, the Tenants shall  pay to the Landlord >>>$2,000.00<<<, in full and on time, on or before the first day of each month.      File Numbe","found in operative 'It is ordered that' section; multiple candidate amounts, took max — manual review advised"
LTB-L-103923-25,L2,Order,2026-02-10,"https://d3hf2qahezjxpx.cloudfront.net/attachments/exportedBinaries20260723_175229/069N300000t3PoiIAE/LTB-L-103923-25-PERSISTENT N8 dated February 10 2026 for hearing January 27, 2026 SH.pdf",text,"[1697.0, 186.0]",[],1697.0,stated_total,"failed to pay the rent on the date it was due.   2. The current monthly rent is >>>$1,697.00<<< due on the 1st day of each month.  The rent account  is up to date for the peri","no operative section found, or it had no dollar mentions at all; fell back to full-document search; explicit stated-total phrasing (""...is \$X"")"
LTB-L-045462-25,L2,Order,2026-04-13,https://d3hf2qahezjxpx.cloudfront.net/attachments/exportedBinaries20260723_175229/069N300000xLfauIAC/LTB-L-045462-25-WD.pdf,text,[],[],,,,no dollar amount found
LTB-L-007804-26,L2,Order,2026-05-19,https://d3hf2qahezjxpx.cloudfront.net/attachments/exportedBinaries20260723_175229/069N300000zcPYbIAM/LTB-L-007804-26-HR -CERT.pdf,text,"[6750.65, 8136.0, 6750.65, 3010.0, 8136.0, 6075.0, 186.0, 3200.0, 960.0, 3200.0, 2300.0, 2300.0, 350.0, 350.0, 1350.0, 3196.0, 960.0, 2300.0, 350.0, 186.0]","[2300.0, 350.0, 186.0]",3196.0,arrears,"ered that:  1. On or before June 30, 2026, the Tenant shall pay to the Landlord >>>$3,196.00<<< for the  following:  • Replacing the carpeting $960.00;  • Repainting the renta",found in operative 'It is ordered that' section; matched expected keyword for category
LTB-L-005332-24,L2,Order,2026-04-02,https://d3hf2qahezjxpx.cloudfront.net/attachments/exportedBinaries20260723_175229/069N300000x2p7iIAA/LTB-L-005332-24-HR - April 2 2026.pdf,text,"[735.0, 19110.56, 24.16, 735.0, 735.0, 150.62, 735.0, 735.0, 19110.56, 24.16, 885.62]",[],19110.56,arrears,"nt is terminated as of April 30, 2026.  6. The Tenant shall pay to the Landlord >>>$19,110.56<<<, which represents compensation for the  use of the unit from March 1, 2024 to A",found in operative 'It is ordered that' section; matched expected keyword for category
LTB-L-060584-25,L2,Order,2026-05-26,https://d3hf2qahezjxpx.cloudfront.net/attachments/exportedBinaries20260723_175229/069N3000010Cvi3IAC/LTB-L-060584-25-HR.pdf,text,"[965.0, 5000.0, 186.0, 186.0]",[186.0],,,,operative section found but contained only fee/rate/boilerplate amounts — likely no lump sum ordered
LTB-L-074052-25,L2,Order,2026-01-12,https://d3hf2qahezjxpx.cloudfront.net/attachments/exportedBinaries20260723_175229/069N300000rwqHUIAY/LTB-L-074052-25 HR.pdf,text,[],[],,,,no dollar amount found
LTB-L-008922-26,L2,ExParte Order,2026-05-25,https://d3hf2qahezjxpx.cloudfront.net/attachments/exportedBinaries20260723_175229/069N3000010Y98QIAS/LTB-L-008922-26-EX.pdf,text,[],[],,,,no dollar amount found
LTB-L-061980-25,L2,Order,2026-01-30,https://d3hf2qahezjxpx.cloudfront.net/attachments/exportedBinaries20260723_175229/069N300000smsYfIAI/LTB-L-061980-25-HR.pdf,text,"[6009.28, 1100.0, 186.0, 1100.0, 6009.28, 1100.0, 100.0, 1100.0, 186.0, 1286.0, 100.0, 100.0, 100.0, 100.0, 100.0, 100.0, 100.0, 100.0, 100.0, 100.0, 100.0, 100.0, 86.0]",[186.0],1286.0,stated_total,"iling the application.  7. The total amount the Tenant must pay the Landlord is >>>$1,286.00<<<.  8. The Tenant shall pay the Landlord the amount set out n Paragraph 7 in acco","found in operative 'It is ordered that' section; explicit stated-total phrasing (""...is \$X"")"
LTB-L-012072-24,L2,Review Order,2026-02-11,https://d3hf2qahezjxpx.cloudfront.net/attachments/exportedBinaries20260723_175229/069N300000tqeeZIAQ/LTB-L-012072-24-RV2 certified.pdf,text,[],[],,,,no dollar amount found
LTB-L-085844-23,L2,Order,2026-04-07,https://d3hf2qahezjxpx.cloudfront.net/attachments/exportedBinaries20260723_175229/069N300000x3Lu6IAE/LTB-L-085844-23-HR - April 7 2026.pdf,text,[],[],,,,no dollar amount found
LTB-L-072082-25,L2,Order,2026-01-05,https://d3hf2qahezjxpx.cloudfront.net/attachments/exportedBinaries20260723_175229/069N300000rRmJmIAK/LTB-L-072082-25_Consent - January 5 2026.pdf,text,[],[],,,,no dollar amount found
LTB-L-092426-25,L2,Order,2026-03-25,https://d3hf2qahezjxpx.cloudfront.net/attachments/exportedBinaries20260723_175229/069N300000wL1HXIA0/LTB-L-092426-25-L2- March 25 2026.pdf,text,"[21.37, 650.0, 7000.0, 650.0, 52.92, 7052.92, 3500.0, 3552.92]",[],3500.0,other,"Tenant $7,052.92, via bank draft in accordance with the  following schedule:  • >>>$3,500.00<<< on or before March 31, 2026, and  • $3,552.92 on or before April 18, 2026.  5.","found in operative 'It is ordered that' section; single candidate amount, no strong keyword match"
LTB-L-109155-25,L2,Order,2026-03-11,https://d3hf2qahezjxpx.cloudfront.net/attachments/exportedBinaries20260723_175229/069N300000v3emYIAQ/LTB-L-109155-25-HR.pdf,text,[],[],,,,no dollar amount found
LTB-L-084363-25,L2,Order,2026-02-03,https://d3hf2qahezjxpx.cloudfront.net/attachments/exportedBinaries20260723_175229/069N300000tHWdJIAW/LTB-L-084363-25-HR.pdf,text,"[398.54, 638.22, 638.22, 186.0, 638.22, 186.0]",[186.0],638.22,arrears,"-084363-25      Order Page 4 of 4       2. The Tenant shall pay to the Landlord >>>$638.22<<<, which represents the reasonable out-of- pocket expenses the Landlord has incur",found in operative 'It is ordered that' section; matched expected keyword for category
LTB-L-027797-25,L2,Order,2026-03-26,https://d3hf2qahezjxpx.cloudfront.net/attachments/exportedBinaries20260723_175229/069N300000w7Tk0IAE/LTB-L-027797-25-HR.pdf,text,[],[],,,,no dollar amount found
LTB-L-084805-25,L2,Order,2026-02-04,https://d3hf2qahezjxpx.cloudfront.net/attachments/exportedBinaries20260723_175229/069N300000tAKqbIAG/LTB-L-084805-25-HR.pdf,text,[],[],,,,no dollar amount found
LTB-L-083403-25,L2,Order,2026-01-06,https://d3hf2qahezjxpx.cloudfront.net/attachments/exportedBinaries20260723_175229/069N300000rhAC7IAM/LTB-L-083403-25-SIGN.pdf,text,"[266.0, 136.0, 133.0, 133.0, 133.0, 133.0, 133.0, 133.0, 133.0, 133.0, 133.0, 133.0, 133.0, 133.0, 133.0, 133.0, 133.0, 133.0, 133.0, 133.0, 133.0, 133.0, 133.0, 133.0, 133.0, 133.0, 186.0]",[186.0],266.0,stated_total,it is ordered that: 1. The lawful monthly rent is >>>$266<<<5.00.  2. The Tenants shall pay to the Landlord $1365.00 on or before December 1,"found in operative 'It is ordered that' section; explicit stated-total phrasing (""...is \$X"")"
LTB-L-053894-25,L2,Order,2026-05-19,https://d3hf2qahezjxpx.cloudfront.net/attachments/exportedBinaries20260723_175229/069N300000zrLhYIAU/LTB-L-053894-25 - May 19 2026.pdf,text,[],[],,,,no dollar amount found
LTB-L-069871-25,L2,Order,2026-01-05,https://d3hf2qahezjxpx.cloudfront.net/attachments/exportedBinaries20260723_175229/069N300000rKVsMIAW/LTB-L-069871-25-HR - January 5 2026 (1).pdf,text,"[186.0, 2620.0, 144.1, 186.0]",[186.0],,,,operative section found but contained only fee/rate/boilerplate amounts — likely no lump sum ordered
LTB-L-008029-26,L2,Order,2026-04-24,https://d3hf2qahezjxpx.cloudfront.net/attachments/exportedBinaries20260723_175229/069N300000yQfZpIAK/LTB-L-008029-26_L2_2026 04 24.pdf,text,[],[],,,,no dollar amount found
LTB-L-106843-25,L2,Order,2026-02-24,https://d3hf2qahezjxpx.cloudfront.net/attachments/exportedBinaries20260723_175229/069N300000uLECbIAO/LTB-L-106843-25.pdf,text,[],[],,,,no dollar amount found
LTB-L-109092-25,L2,Order,2026-04-13,https://d3hf2qahezjxpx.cloudfront.net/attachments/exportedBinaries20260723_175229/069N300000xJyptIAC/LTB-L-109092-25 - April 13 2026.pdf,text,[186.0],[186.0],,,,operative section found but contained only fee/rate/boilerplate amounts — likely no lump sum ordered
LTB-L-032915-26,L2,Order,2026-05-13,https://d3hf2qahezjxpx.cloudfront.net/attachments/exportedBinaries20260723_175229/069N300000zggxPIAQ/LTB-L-032915-26_L2_May-13-2026.pdf,text,[],[],,,,no dollar amount found
LTB-L-099891-25,L2,Order,2026-05-11,https://d3hf2qahezjxpx.cloudfront.net/attachments/exportedBinaries20260723_175229/069N300000zFKwBIAW/3. STAMPED LTB-L-099891-25-HR - May 11 2026.pdf,text,[],[],,,,no dollar amount found
LTB-L-064944-25,L2,Review Order,2026-03-17,https://d3hf2qahezjxpx.cloudfront.net/attachments/exportedBinaries20260723_175229/069N300000vZ2EKIA0/LTB-L-064944-25-RV-HR2.pdf,text,[],[],,,,no dollar amount found
LTB-L-028000-26,L2,Order,2026-05-29,https://d3hf2qahezjxpx.cloudfront.net/attachments/exportedBinaries20260723_175229/069N3000010Op7RIAS/LTB-L-028000-26 cert.pdf,text,[250.0],[],250.0,stated_total,"heir consent.    It is agreed by the parties that:    A. Current lawful rent is >>>$250<<<0.00 and it is due on the first of the month.    On consent of the parties, it i","no operative section found, or it had no dollar mentions at all; fell back to full-document search; explicit stated-total phrasing (""...is \$X"")"
LTB-L-093204-25,L2,Order,2026-03-31,https://d3hf2qahezjxpx.cloudfront.net/attachments/exportedBinaries20260723_175229/069N300000wj6uJIAQ/LTB-L-093204-25_HR- Mar31-26-cert.pdf,text,"[1169.55, 1169.55, 1169.5]",[],1169.55,ambiguous-max,"e  time. The rental unit door was damaged, requiring a replacement door costing >>>$1,169.55<<<.   On September 22, 2025, the Tenant turned himself over to the police and the","no operative section found, or it had no dollar mentions at all; fell back to full-document search; multiple candidate amounts, took max — manual review advised"
LTB-L-085716-25,L2,Order,2026-02-18,https://d3hf2qahezjxpx.cloudfront.net/attachments/exportedBinaries20260723_175229/069N300000tvudoIAA/LTB-L-085716-25.pdf,text,"[186.0, 186.0]",[186.0],,,,operative section found but contained only fee/rate/boilerplate amounts — likely no lump sum ordered
LTB-L-070577-25,L2,Order,2026-01-15,https://d3hf2qahezjxpx.cloudfront.net/attachments/exportedBinaries20260723_175229/069N300000s8qwtIAA/LTB-L-070577-25-HR.pdf,text,"[13300.56, 6118.2, 56.65, 1723.03, 186.0, 1600.0, 153.64, 8750.0, 6118.2, 56.65, 8750.0, 186.0, 1753.64, 13300.56]",[186.0],13300.56,stated_total,"owing by the Tenant.   9. The total amount the Tenant must pay the Landlord is >>>$13,300.56<<< less any amounts  previously paid.  10. If the Tenant does not pay the Landlord","found in operative 'It is ordered that' section; explicit stated-total phrasing (""...is \$X"")"
LTB-L-109554-25,L2,Review Order,2026-04-23,https://d3hf2qahezjxpx.cloudfront.net/attachments/exportedBinaries20260723_175229/069N300000yUeFNIA0/LTB-L-109554-25-RV certified.pdf,text,[],[],,,,no dollar amount found
LTB-L-101838-25,L2,Order,2026-04-23,https://d3hf2qahezjxpx.cloudfront.net/attachments/exportedBinaries20260723_175229/069N300000y5e0jIAA/LTB-L-101838-25-HR_cert.pdf,text,[],[],,,,no dollar amount found
LTB-L-058047-25,L2,Review Order,2026-03-02,https://d3hf2qahezjxpx.cloudfront.net/attachments/exportedBinaries20260723_175229/069N300000uoxMRIAY/LTB-L-058047-25-RV - March 2 2026.pdf,text,[],[],,,,no dollar amount found
LTB-L-079618-25,L2,Order,2026-01-22,https://d3hf2qahezjxpx.cloudfront.net/attachments/exportedBinaries20260723_175229/069N300000sFOvoIAG/LTB-L-079618-25-HR - January 22 2026.pdf,text,[],[],,,,no dollar amount found
LTB-L-006282-26,L2,Order,2026-03-16,https://d3hf2qahezjxpx.cloudfront.net/attachments/exportedBinaries20260723_175229/069N300000vAMksIAG/LTB-L-006282-26 - March 16 2026.pdf,text,[186.0],[186.0],,,,only fee/rate/boilerplate amounts found
LTB-L-061056-25,L2,Order,2026-04-16,https://d3hf2qahezjxpx.cloudfront.net/attachments/exportedBinaries20260723_175229/069N300000y3mTyIAI/LTB-L-061056-25 April 16 2026.pdf,text,[],[],,,,no dollar amount found
LTB-L-003668-26,L2,Order,2026-02-05,https://d3hf2qahezjxpx.cloudfront.net/attachments/exportedBinaries20260723_175229/069N300000tUk4EIAS/LTB-L-003668-26 certified.pdf,text,[],[],,,,no dollar amount found
LTB-L-078016-25,L2,Order,2026-01-09,https://d3hf2qahezjxpx.cloudfront.net/attachments/exportedBinaries20260723_175229/069N300000rY87uIAC/LTB-L-077989-25-HR.pdf,text,"[1160.0, 1160.0, 1200.0, 1160.0, 1160.0, 1160.0, 1160.0]",[],1200.0,ambiguous-max,"sation  as they were told that they (together) needed to increase their rent by >>>$1,200.00<<< per month  to satisfy the Landlord.  KH also stated that they all were very ner","no operative section found, or it had no dollar mentions at all; fell back to full-document search; multiple candidate amounts, took max — manual review advised"
LTB-L-087694-25,L2,Order,2026-01-13,https://d3hf2qahezjxpx.cloudfront.net/attachments/exportedBinaries20260723_175229/069N300000rtYTyIAM/LTB-L-087694-25-CERT.pdf,text,[186.0],[186.0],,,,operative section found but contained only fee/rate/boilerplate amounts — likely no lump sum ordered
LTB-L-070110-25,L2,Order,2026-02-06,https://d3hf2qahezjxpx.cloudfront.net/attachments/exportedBinaries20260723_175229/069N300000tLMxAIAW/LTB-L-070110-25-HR.pdf,text,"[186.0, 186.0, 186.0]",[186.0],186.0,stated_total,iling the application.  5. The total amount the Tenant must pay the Landlord is >>>$186.00<<<.  6. If the Tenant does not pay the Landlord the full amount owing on or before,"found in operative 'It is ordered that' section; explicit stated-total phrasing (""...is \$X"")"
LTB-L-007291-26,L2,Order,2026-02-09,https://d3hf2qahezjxpx.cloudfront.net/attachments/exportedBinaries20260723_175229/069N300000tZ8eHIAS/LTB-L-084682-25 & LTB-L-007291-26-L2 - Feb 9 2026.pdf,text,"[2716.0, 89.29, 2716.0, 11000.0, 11000.0, 5500.0, 5500.0, 89.29]",[],5500.0,ambiguous-max,"sum of $11,000.00  in accordance with the following schedule:   a. A payment of >>>$5,500.00<<< on or before May 31, 2026; and   b. A final payment of $5,500.00, on or before","found in operative 'It is ordered that' section; multiple candidate amounts, took max — manual review advised"
LTB-L-054562-24,L2,Review Order,2026-05-01,https://d3hf2qahezjxpx.cloudfront.net/attachments/exportedBinaries20260723_175229/069N300000z2WK7IAM/LTB-L-054562-24-RV.pdf,text,[],[],,,,no dollar amount found
LTB-L-102882-25,L2,Order,2026-02-23,https://d3hf2qahezjxpx.cloudfront.net/attachments/exportedBinaries20260723_175229/069N300000uHG4xIAG/LTB-L-102882-25-HR CERT AM.pdf,text,"[35500.0, 115.07, 350.0, 186.0, 3500.0, 208.43, 3708.43, 186.0, 115.07]",[186.0],3708.43,other,"of the unit to the Landlord on or after March 18, 2026.   4. The Landlord owes >>>$3,708.43<<< which is the amount of the rent deposit and interest on the  rent deposit plus","found in operative 'It is ordered that' section; single candidate amount, no strong keyword match"
LTB-L-077900-25,L2,Order,2026-01-23,https://d3hf2qahezjxpx.cloudfront.net/attachments/exportedBinaries20260723_175229/069N300000sYgqfIAC/LTB-L-077900-25 Consent Order January 23 2026 Amended Certf..pdf,text,"[900.0, 29.59, 900.0, 29.59]",[],,,,operative section found but contained only fee/rate/boilerplate amounts — likely no lump sum ordered
LTB-L-055284-25,L2,Order,2026-01-27,https://d3hf2qahezjxpx.cloudfront.net/attachments/exportedBinaries20260723_175229/069N300000sn4TLIAY/LTB-L-055284-25-FR.pdf,text,[],[],,,,no dollar amount found
LTB-L-096940-25,L2,Order,2026-03-06,https://d3hf2qahezjxpx.cloudfront.net/attachments/exportedBinaries20260723_175229/069N300000upWu7IAE/LTB-L-096940-25_March 6 2026.pdf,text,"[956.9, 31.46, 2000.0]",[],2000.0,other,"it keys to the Landlord and  in exchange the Landlord will provide a payment of >>>$2,000.00<<< to the Tenants at the time  the keys are returned.  7. If the Landlord does not","found in operative 'It is ordered that' section; single candidate amount, no strong keyword match"
LTB-L-105500-25,L4,Order,2026-02-06,https://d3hf2qahezjxpx.cloudfront.net/attachments/exportedBinaries20260723_175229/069N300000tUXFBIA4/LTB-L-105500-25-SA - February 6 2026.pdf,text,[],[],,,,no dollar amount found
LTB-L-016216-26,L4,ExParte Order,2026-02-27,https://d3hf2qahezjxpx.cloudfront.net/attachments/exportedBinaries20260723_175229/069N300000uZbneIAC/LTB-L-016216-26-EX.pdf,text,"[486.0, 10886.0, 530.9, 62.47, 1900.0, 4117.59, 62.47, 530.9, 3586.69, 62.47, 4117.59, 62.47]",[10886.0],4117.59,arrears,"andlords on or after March 11, 2026.  5. The Tenants shall pay to the Landlords >>>$4,117.59<<<. (Less any payments made by the  Tenants after this application was filed on Fe",found in operative 'It is ordered that' section; matched expected keyword for category
LTB-L-000609-26,L4,ExParte Order,2026-01-12,https://d3hf2qahezjxpx.cloudfront.net/attachments/exportedBinaries20260723_175229/069N300000rebC1IAI/LTB-L-000609-26-EX - January 12 2026.pdf,text,"[5136.0, 5136.0, 990.0, 54.25, 1650.0, 4690.14, 54.25, 5136.0, 651.0, 0.0, 990.0, 106.86, 54.25, 4690.14, 54.25]",[5136.0],5136.0,arrears,"Period  Amount  Amount owing from previous  order   Up to December 31, 2025     >>>$5,136.00<<<     New Arrears     January 1, 2026 to January  12, 2026     $651.00  New NSF c",found in operative 'It is ordered that' section; matched expected keyword for category
LTB-L-004218-26,L4,Order,2026-02-26,https://d3hf2qahezjxpx.cloudfront.net/attachments/exportedBinaries20260723_175229/069N300000ucB2GIAU/LTB-L-004218-26-SA.pdf,text,"[3199.66, 3199.66, 500.0, 500.0, 500.0, 500.0, 500.0, 699.66]",[],3199.66,arrears,"lled and replaced with the following:  4. The Tenants shall pay to the Landlord >>>$3,199.66<<< as follows:     File Number: LTB-L-004218-26-SA      Order Page 2 of 3       •",found in operative 'It is ordered that' section; matched expected keyword for category
LTB-L-003696-26,L4,Order,2026-04-01,https://d3hf2qahezjxpx.cloudfront.net/attachments/exportedBinaries20260723_175229/069N300000wl4y9IAA/LTB-L-003696-26_SA.pdf,text,[],[],,,,no dollar amount found
LTB-L-016960-26,L4,Order,2026-04-17,https://d3hf2qahezjxpx.cloudfront.net/attachments/exportedBinaries20260723_175229/069N300000xkDObIAM/LTB-L-016960-26-SA.pdf,text,"[6200.13, 1313.28, 4448.85, 3165.44]",[],6200.13,arrears,"Soke, attended the hearing.  Determinations:  1. The Tenants owed the Landlord >>>$6,200.13<<< in arrears and costs to the end of January  2026.  The Tenants were ordered to","no operative section found, or it had no dollar mentions at all; fell back to full-document search; matched expected keyword for category"
LTB-L-004070-26,L4,Order,2026-02-13,https://d3hf2qahezjxpx.cloudfront.net/attachments/exportedBinaries20260723_175229/069N300000tyz2XIAQ/LTB-L-004070-26-SA.pdf,text,[],[],,,,no dollar amount found
LTB-L-002084-26,L4,ExParte Order,2026-01-14,https://d3hf2qahezjxpx.cloudfront.net/attachments/exportedBinaries20260723_175229/069N300000rzH3pIAE/LTB-L-002084-26.pdf,text,"[1322.04, 1000.0, 4071.18, 1296.22, 1297.04, 43.46, 1322.04, 665.31, 43.46, 1296.22, 1297.04, 17.01, 43.46, 665.31, 43.46]","[4071.18, 665.31]",1296.22,arrears,"eriod  Amount  Amount owing from previous  order   Up to September 30, 2025     >>>$1,296.22<<<     New Arrears     November 1, 2025, to January  14, 2026     $(647.48)     Le",found in operative 'It is ordered that' section; matched expected keyword for category
LTB-L-025048-26,L4,ExParte Order,2026-03-24,https://d3hf2qahezjxpx.cloudfront.net/attachments/exportedBinaries20260723_175229/069N300000wCSOxIAO/LTB-L-025048-26-EX.pdf,text,"[2253.95, 4082.92, 2304.22, 2198.98, 74.1, 2253.95, 1783.37, 74.1, 2304.22, 1778.4, 2198.98, 100.27, 74.1, 1783.37, 74.1]",[],2304.22,arrears,"eriod  Amount  Amount owing from previous  order   Up to September 30, 2024     >>>$2,304.22<<<     New Arrears     March 1, 2026, to March 24,  2026     $1,778.40     Less th",found in operative 'It is ordered that' section; matched expected keyword for category
LTB-L-004210-26,L4,ExParte Order,2026-02-09,https://d3hf2qahezjxpx.cloudfront.net/attachments/exportedBinaries20260723_175229/069N300000tbgWrIAI/LTB-L-004210-26-EX.pdf,text,"[7391.71, 7391.71, 2450.0, 80.55, 2450.0, 8032.57, 80.55, 7391.71, 3174.95, 2450.0, 84.09, 80.55, 8032.57, 80.55]",[7391.71],8032.57,arrears,"ndlord on or after February 21, 2026.  5. The Tenants shall pay to the Landlord >>>$8,032.57<<<*. (Less any payments made by the  Tenants after this application was filed on J",found in operative 'It is ordered that' section; matched expected keyword for category
LTB-L-092150-25,L4,Order,2026-01-16,https://d3hf2qahezjxpx.cloudfront.net/attachments/exportedBinaries20260723_175229/069N300000sAtYqIAK/LTB-L-092150-25-SA - January 16 2026.pdf,text,"[2986.0, 175.0, 700.0, 8061.0, 300.0]",[],8061.0,arrears,"2025 and January 2026.  The arrears owing as of the date of this  hearing were >>>$8,061.00<<<.    5. The Tenant stated that at the time she consented to the prior repayment","no operative section found, or it had no dollar mentions at all; fell back to full-document search; matched expected keyword for category"
LTB-L-017755-26,L4,ExParte Order,2026-03-02,https://d3hf2qahezjxpx.cloudfront.net/attachments/exportedBinaries20260723_175229/069N300000umvQMIAY/LTB-L-017755-26-EX.pdf,text,"[800.0, 3695.66, 3295.66, 57.06, 1735.7, 6581.18, 57.06, 3295.66, 3285.52, 57.06, 6581.18, 57.06]",[3695.66],6581.18,arrears,"Landlord on or after March 14, 2026.  5. The Tenants shall pay to the Landlord >>>$6,581.18<<<*. (Less any payments made by the  Tenants after this application was filed on F",found in operative 'It is ordered that' section; matched expected keyword for category
LTB-L-020900-26,L4,ExParte Order,2026-03-10,https://d3hf2qahezjxpx.cloudfront.net/attachments/exportedBinaries20260723_175229/069N300000vCJvqIAG/LTB-L-020900-26-EX.pdf,text,"[8661.26, 1715.47, 1995.23, 65.6, 1995.23, 1554.38, 65.6, 1715.47, 1995.23, 7.92, 65.6, 1554.38, 65.6]","[8661.26, 1554.38]",1715.47,arrears,"ng  Period  Amount  Amount owing from previous  order   Up to July 31, 2025     >>>$1,715.47<<<     New Arrears     August 1, 2025, to March 10,  2026     $(1,266.70)     Less",found in operative 'It is ordered that' section; matched expected keyword for category
LTB-L-043685-26,L4,ExParte Order,2026-05-25,https://d3hf2qahezjxpx.cloudfront.net/attachments/exportedBinaries20260723_175229/069N3000010OudGIAS/LTB-L-043685-26-EX - May 25 2026.pdf,text,"[2000.0, 2036.0, 2036.0, 2000.0, 65.75, 2000.0, 1638.44, 65.75, 2036.0, 1643.75, 2000.0, 41.31, 65.75, 1638.44, 65.75]",[2036.0],2036.0,arrears,"g  Period  Amount  Amount owing from previous  order   Up to April 30, 2026     >>>$2,036.00<<<     New Arrears     May 1, 2026, to May 25, 2026     $1,643.75     Less the ren",found in operative 'It is ordered that' section; matched expected keyword for category
LTB-L-015688-26,L4,Order,2026-04-16,https://d3hf2qahezjxpx.cloudfront.net/attachments/exportedBinaries20260723_175229/069N300000xUR2PIAW/LTB-L-015688-26-SA.pdf,text,"[629.9, 3779.4]",[],3779.4,other,"ments made by the Tenant between January 15, 2026 and April  5, 2026, totalling >>>$3,779.40<<< are to be applied to the damages as determined in LTB-L- 024481-25 and not to r","found in operative 'It is ordered that' section; single candidate amount, no strong keyword match"
LTB-L-098324-25,L4,Order,2026-03-24,https://d3hf2qahezjxpx.cloudfront.net/attachments/exportedBinaries20260723_175229/069N300000w5HQFIA2/LTB-L-098324-25-SA.pdf,text,"[902.1, 100.42, 157.44, 125.33, 145.69, 130.02, 1561.0, 100.0, 61.0, 1561.0]",[],902.1,arrears,"o July 16, 2026.  9. As of the date of the hearing the Tenant owes the Landlord >>>$902.10<<< for unpaid water bills  that have been transferred to the Landlord’s property t",found in operative 'It is ordered that' section; matched expected keyword for category
LTB-L-008823-26,L4,Order,2026-03-24,https://d3hf2qahezjxpx.cloudfront.net/attachments/exportedBinaries20260723_175229/069N300000vsWdIIAU/LTB-L-008823-26-SA.pdf,text,[],[],,,,no dollar amount found
LTB-L-104073-25,L4,Order,2026-01-20,https://d3hf2qahezjxpx.cloudfront.net/attachments/exportedBinaries20260723_175229/069N300000sIENCIA4/LTB-L-104073-25-SA.pdf,text,[],[],,,,no dollar amount found
LTB-L-104663-25,L4,Amended Order,2026-01-30,https://d3hf2qahezjxpx.cloudfront.net/attachments/exportedBinaries20260723_175229/069N300000tC5PHIA0/LTB-L-104663-25-AM.pdf,text,"[600.0, 1131.52, 585.76, 915.0, 37.34, 1135.76, 1015.08, 37.34, 585.76, 1359.8, 915.0, 15.48, 37.34, 1015.08, 37.34]",[1131.52],1359.8,arrears,"ber 31, 2025     $585.76     New Arrears  December 1, 2025 to January  6, 2026  >>>$1,359.80<<<     Less the rent deposit:     -$915.00        Less the interest owing on the",found in operative 'It is ordered that' section; matched expected keyword for category
LTB-L-042018-26,L4,ExParte Order,2026-05-19,https://d3hf2qahezjxpx.cloudfront.net/attachments/exportedBinaries20260723_175229/069N300000zu5I9IAI/LTB-L-042018-26-EX.pdf,text,"[18897.0, 15397.0, 3009.0, 98.93, 3009.0, 12787.61, 98.93, 15397.0, 379.67, 44.0, 3009.0, 24.06, 98.93, 12787.61, 98.93]",[],15397.0,arrears,"eriod  Amount  Amount owing from previous  order   Up to September 30, 2025     >>>$15,397.00<<<     New Arrears     May 1, 2026, to May 19, 2026     $379.67  New NSF cheque ch",found in operative 'It is ordered that' section; matched expected keyword for category
LTB-L-018308-26,L4,ExParte Order,2026-03-06,https://d3hf2qahezjxpx.cloudfront.net/attachments/exportedBinaries20260723_175229/069N300000v74Z8IAI/LTB-L-018308-26-EX.pdf,text,[],[],,,,no dollar amount found
LTB-L-042059-26,L4,ExParte Order,2026-05-19,https://d3hf2qahezjxpx.cloudfront.net/attachments/exportedBinaries20260723_175229/069N300000zvKlLIAU/LTB-L-042059-26-Signed.pdf,text,"[276.66, 2526.66, 26.66, 1050.0, 37.62, 1144.28, 1466.79, 37.62, 26.66, 0.0, 1050.0, 13.95, 37.62, 37.62]","[2526.66, 1466.79]",26.66,arrears,"Period  Amount  Amount owing from previous  order   Up to October 31, 2025     >>>$26.66<<<     New Arrears     November 1, 2025, to May 19,  2026     $(429.50)  New NSF c",found in operative 'It is ordered that' section; matched expected keyword for category
LTB-L-033480-26,L4,ExParte Order,2026-04-20,https://d3hf2qahezjxpx.cloudfront.net/attachments/exportedBinaries20260723_175229/069N300000y6YxNIAU/LTB-L-033480-26-EX.pdf,text,"[950.55, 5703.3, 4818.37, 1362.92, 45.35, 1379.5, 4094.71, 45.35, 4818.37, 664.67, 1362.92, 25.41, 45.35, 4094.71, 45.35]",[5703.3],4818.37,arrears,"g  Period  Amount  Amount owing from previous  order   Up to March 31, 2026     >>>$4,818.37<<<     New Arrears     April 1, 2026 to April 20, 2026     $664.67     Less the re",found in operative 'It is ordered that' section; matched expected keyword for category
LTB-L-013531-26,L4,ExParte Order,2026-02-17,https://d3hf2qahezjxpx.cloudfront.net/attachments/exportedBinaries20260723_175229/069N300000u5ee5IAA/LTB-L-013531-26-EX.pdf,text,"[50.0, 2170.0, 1855.0, 19.69, 599.0, 1590.73, 19.69, 1855.0, 19.69, 1590.73, 19.69]",[2170.0],1855.0,arrears,"ing  Period  Amount  Amount owing from previous  order   Up to May 31, 2025     >>>$1,855.00<<<     New Arrears     February 1, 2026, to February  17, 2026     $(264.27)     P",found in operative 'It is ordered that' section; matched expected keyword for category
LTB-L-005563-26,L4,Order,2026-03-31,"https://d3hf2qahezjxpx.cloudfront.net/attachments/exportedBinaries20260723_175229/069N300000wnf76IAA/LTB-L-005563-26-SA - March 31, 2026.pdf",text,"[1501.0, 274.0, 60.0, 1715.21, 6157.95, 3532.0, 3532.0, 50.0]",[],1715.21,stated_total,"and $60.00 in  Ontario Trillium Benefit (OTB).   5. The lawful monthly rent is >>>$1,715.21<<<, starting March 1, 2026.  6. The parties agreed:     File Number: LTB-L-005563-","no operative section found, or it had no dollar mentions at all; fell back to full-document search; explicit stated-total phrasing (""...is \$X"")"
LTB-L-005800-26,L4,ExParte Order,2026-01-30,https://d3hf2qahezjxpx.cloudfront.net/attachments/exportedBinaries20260723_175229/069N300000swmRnIAI/LTB-L-005800-26-EX - January 30 2026.pdf,text,"[214.51, 214.51, 0.13, 1250.0, 45.73, 1390.89, 1270.38, 45.73, 0.13, 1250.0, 1.65, 45.73, 1270.38, 45.73]","[214.51, 1270.38]",0.13,arrears,"Period  Amount  Amount owing from previous  order   Up to January 31, 2026     >>>$0.13<<<     New Arrears     January 1, 2026 to January  30, 2026     $(18.86)     Less",found in operative 'It is ordered that' section; matched expected keyword for category
LTB-L-036490-26,L4,ExParte Order,2026-05-13,https://d3hf2qahezjxpx.cloudfront.net/attachments/exportedBinaries20260723_175229/069N300000zV6IxIAK/LTB-L-036490-26-Signed.pdf,text,"[180.29, 2163.48, 2163.48, 1249.99, 46.48, 1413.87, 1494.93, 46.48, 2163.48, 604.24, 1249.99, 22.8, 46.48, 1494.93, 46.48]",[2163.48],2163.48,arrears,"g  Period  Amount  Amount owing from previous  order   Up to March 31, 2026     >>>$2,163.48<<<     New Arrears     April 1, 2026, to May 13, 2026     $604.24     Less the ren",found in operative 'It is ordered that' section; matched expected keyword for category
LTB-L-027606-25,L4,Review Order,2026-04-13,"https://d3hf2qahezjxpx.cloudfront.net/attachments/exportedBinaries20260723_175229/069N300000xiWevIAE/LTB-L-001451-26-HR and LTB-L-027606-25-BIR-RV - April 13, 2026.pdf",text,"[33227.3, 11794.0, 2000.0, 4000.0, 4000.0, 1794.0, 16000.0, 35000.0, 11794.0, 1518.0, 49.91, 1518.0, 35612.0, 1365.0, 150.48, 33227.3, 49.91, 11794.0, 22948.78, 1365.0, 150.48, 49.91, 33227.3, 49.91]",[11794.0],33227.3,arrears,"e Landlord on or after April 25, 2026.  6. The Tenant shall pay to the Landlord >>>$33,227.30<<<*. This amount represents the rent  owing up to March 13, 2026, less rent deposi",found in operative 'It is ordered that' section; matched expected keyword for category
LTB-L-035575-26,L4,ExParte Order,2026-04-27,https://d3hf2qahezjxpx.cloudfront.net/attachments/exportedBinaries20260723_175229/069N300000ydTqnIAE/LTB-L-035575-26-EX.pdf,text,"[1915.3, 7769.64, 7769.64, 62.97, 1915.3, 9685.13, 62.97, 7769.64, 1915.49, 62.97, 9685.13, 62.97]",[7769.64],9685.13,arrears,"the Landlord on or after May 9, 2026.  5. The Tenant shall pay to the Landlord >>>$9,685.13<<<. (Less any payments made by the  Tenant after this application was filed on Apr",found in operative 'It is ordered that' section; matched expected keyword for category
LTB-L-033889-26,L4,ExParte Order,2026-04-21,https://d3hf2qahezjxpx.cloudfront.net/attachments/exportedBinaries20260723_175229/069N300000yCEeAIAW/LTB-L-033889-26-EX.pdf,text,"[1500.0, 2399.0, 899.0, 2399.0, 7332.0, 7332.0, 2410.69, 78.87, 2399.0, 5662.18, 78.87, 7332.0, 756.27, 2410.69, 15.4, 78.87, 5662.18, 78.87]",[7332.0],7332.0,arrears,"g  Period  Amount  Amount owing from previous  order   Up to March 31, 2026     >>>$7,332.00<<<     New Arrears     April 1, 2026, to April 21, 2026     $756.27     Less the r",found in operative 'It is ordered that' section; matched expected keyword for category
LTB-L-041485-26,L4,ExParte Order,2026-05-19,https://d3hf2qahezjxpx.cloudfront.net/attachments/exportedBinaries20260723_175229/069N300000zlB3LIAU/LTB-L-041485-26-Signed.pdf,text,"[1021.56, 8021.56, 7021.56, 1959.0, 64.41, 1959.0, 6233.04, 64.41, 7021.56, 1223.79, 1959.0, 53.31, 64.41, 6233.04, 64.41]",[8021.56],7021.56,arrears,"g  Period  Amount  Amount owing from previous  order   Up to March 31, 2026     >>>$7,021.56<<<     New Arrears     May 1, 2026, to May 19, 2026     $1,223.79     Less the ren",found in operative 'It is ordered that' section; matched expected keyword for category
LTB-L-003295-26,L4,Order,2026-01-19,https://d3hf2qahezjxpx.cloudfront.net/attachments/exportedBinaries20260723_175229/069N300000s9MzwIAE/LTB-L-003295-26-EX.pdf,text,"[2000.0, 6500.0, 6500.0, 1400.0, 46.03, 1400.0, 6086.86, 46.03, 6686.0, 874.57, 1400.0, 73.71, 46.03, 6086.86, 46.03]",[6500.0],6686.0,arrears,"Period  Amount  Amount owing from previous  order   Up to December 31, 2025     >>>$6,686.00<<<     New Arrears     January 1, 2026 to January  19, 2026     $874.57     Less t",found in operative 'It is ordered that' section; matched expected keyword for category
LTB-L-005866-26,L4,Order,2026-01-30,https://d3hf2qahezjxpx.cloudfront.net/attachments/exportedBinaries20260723_175229/069N300000sxrSbIAI/LTB-L-005866-26-EX.pdf,text,"[1500.0, 4906.95, 4139.67, 725.0, 28.48, 866.36, 3399.92, 28.48, 4139.67, 725.0, 2.79, 28.48, 3399.92, 28.48]",[4906.95],4139.67,arrears,"Period  Amount  Amount owing from previous  order   Up to November 30, 2025     >>>$4,139.67<<<     New Arrears     January 1, 2026, to January  30, 2026     $(11.96)     Less",found in operative 'It is ordered that' section; matched expected keyword for category
LTB-L-003750-26,L4,Order,2026-03-13,https://d3hf2qahezjxpx.cloudfront.net/attachments/exportedBinaries20260723_175229/069N300000vTOFuIAO/LTB-L-003750-26-SA s.pdf,text,[],[],,,,no dollar amount found
LTB-L-033006-26,L4,ExParte Order,2026-04-24,https://d3hf2qahezjxpx.cloudfront.net/attachments/exportedBinaries20260723_175229/069N300000yYRWLIA4/LTB-L-033006-26-EX.pdf,text,[300.0],[],300.0,arrears,"2. The Landlord alleges that the Tenant breached the order by failing to make a >>>$300.00<<<  payment toward the arrears. However, I note that a previous ex parte order (LT","no operative section found, or it had no dollar mentions at all; fell back to full-document search; matched expected keyword for category"
LTB-L-025936-26,L4,ExParte Order,2026-03-30,https://d3hf2qahezjxpx.cloudfront.net/attachments/exportedBinaries20260723_175229/069N300000wQRCvIAO/LTB-L-025936-26-EX.pdf,text,[],[],,,,no dollar amount found
LTB-L-006449-26,L4,Order,2026-01-27,https://d3hf2qahezjxpx.cloudfront.net/attachments/exportedBinaries20260723_175229/069N300000srX0SIAU/LTB-L-006449-26-EX.pdf,text,"[1150.0, 8054.98, 2283.24, 2917.69, 93.83, 2854.13, 2685.56, 93.83, 2283.24, 3324.54, 2917.69, 4.53, 93.83, 2685.56, 93.83]",[8054.98],3324.54,arrears,", 2025     $2,283.24     New Arrears     July 1, 2025, to January 27,  2026     >>>$3,324.54<<<     Less the rent deposit:     -$2,917.69        Less the interest owing on the",found in operative 'It is ordered that' section; matched expected keyword for category
LTB-L-018893-26,L4,ExParte Order,2026-03-06,https://d3hf2qahezjxpx.cloudfront.net/attachments/exportedBinaries20260723_175229/069N300000uymKrIAI/LTB-L-018893-26-Signed.pdf,text,"[150.0, 834.23, 1520.61, 1520.61, 775.0, 27.43, 834.23, 1640.38, 27.43, 1520.61, 998.81, 775.0, 104.04, 27.43, 1640.38, 27.43]",[1520.61],1640.38,arrears,"e Landlord on or after March 18, 2026.  5. The Tenant shall pay to the Landlord >>>$1,640.38<<<*. (Less any payments made by the  Tenant after this application was filed on Ma",found in operative 'It is ordered that' section; matched expected keyword for category
LTB-L-013685-26,L4,Order,2026-04-01,https://d3hf2qahezjxpx.cloudfront.net/attachments/exportedBinaries20260723_175229/069N300000wodsrIAA/LTB-L-013685-26-SA.pdf,text,[],[],,,,no dollar amount found
LTB-L-013531-26,L4,Order,2026-03-30,https://d3hf2qahezjxpx.cloudfront.net/attachments/exportedBinaries20260723_175229/069N300000web4HIAQ/LTB-L-013531-26-SA - March 30 2026 certified.pdf,text,"[50.0, 2170.0, 1855.0, 19.69, 599.0, 1590.73, 19.69, 1855.0, 19.69, 1590.73, 19.69]",[2170.0],1855.0,arrears,"ing  Period  Amount  Amount owing from previous  order   Up to May 31, 2025     >>>$1,855.00<<<     New Arrears     February 1, 2026, to February  17, 2026     $(264.27)     P",found in operative 'It is ordered that' section; matched expected keyword for category
LTB-L-097652-25,L4,Order,2026-01-12,https://d3hf2qahezjxpx.cloudfront.net/attachments/exportedBinaries20260723_175229/069N300000reOukIAE/LTB-L-097652-25-SA - January 12 2026.pdf,text,"[501.09, 500.0, 501.09, 3240.69, 267.58, 200.0, 1502.83, 3508.27, 3240.69]",[],3508.27,stated_total,"or their payment.  ($2005.44 still owing plus the November rent of $1,502.83 is >>>$3,508.27<<< - less the payment  of $3,240.69)  5. The Tenant admits that they have not yet","no operative section found, or it had no dollar mentions at all; fell back to full-document search; explicit stated-total phrasing (""...is \$X"")"
LTB-L-039097-26,L4,ExParte Order,2026-05-11,https://d3hf2qahezjxpx.cloudfront.net/attachments/exportedBinaries20260723_175229/069N300000zSb3EIAS/LTB-L-039097-26-EX - May 11 2026.pdf,text,[1375.0],[],1375.0,other,"ied in the order:   The Tenant failed to pay to the Landlord the lawful rent of >>>$1,375.00<<< in full and on  time, on or before May 1, 2026.  It is ordered that:  1. Order","no operative section found, or it had no dollar mentions at all; fell back to full-document search; single candidate amount, no strong keyword match"
LTB-L-009597-26,L4,ExParte Order,2026-02-09,https://d3hf2qahezjxpx.cloudfront.net/attachments/exportedBinaries20260723_175229/069N300000tSefZIAS/LTB-L-009597-26-EX.pdf,text,"[2486.0, 2486.0, 1330.0, 43.73, 1330.0, 571.26, 43.73, 2486.0, 1330.0, 28.31, 43.73, 571.26, 43.73]",[2486.0],2486.0,arrears,"Period  Amount  Amount owing from previous  order   Up to January 31, 2026     >>>$2,486.00<<<     New Arrears     February 1, 2026 to February  9, 2026     $(556.43)     Les",found in operative 'It is ordered that' section; matched expected keyword for category
LTB-L-035337-25,L4,Review Order,2026-02-26,https://d3hf2qahezjxpx.cloudfront.net/attachments/exportedBinaries20260723_175229/069N300000uQU8nIAG/LTB-L-035337-25-RV4-cert.pdf,text,"[1668.69, 607.0, 1668.69, 100.0, 15974.89, 1668.69]",[],15974.89,arrears,"es Act, 2006 (RTA).  12. At the time of the hearing, the Tenant owed arrears of >>>$15,974.89<<<, which would lead to a  payment plan of over 13 years. There was some evidence","no operative section found, or it had no dollar mentions at all; fell back to full-document search; matched expected keyword for category"
LTB-L-013017-26,L4,Order,2026-04-09,https://d3hf2qahezjxpx.cloudfront.net/attachments/exportedBinaries20260723_175229/069N300000x0pdGIAQ/LTB-L-013017-26-SA Certified.pdf,text,"[414.44, 2300.0, 2802.6, 7485.42, 8472.28, 921.14, 32.44, 7299.42, 186.0, 7485.42, 8286.28, 186.0, 8472.28, 6312.56, 966.57, 86.01, 5259.98, 50000.0, 32.44]","[7299.42, 186.0, 7485.42, 8286.28, 186.0, 8472.28]",8472.28,arrears,"ril 30, 2026. See Schedule 1 for  the calculation of the amount owing.   OR  2. >>>$8,472.28<<< if the payment is made on or before May 31, 2026. See Schedule 1 for  the calcu",found in operative 'It is ordered that' section; matched expected keyword for category
LTB-L-040827-26,L4,ExParte Order,2026-05-15,https://d3hf2qahezjxpx.cloudfront.net/attachments/exportedBinaries20260723_175229/069N300000zfMJBIA2/LTB-L-040827-26-EX.pdf,text,"[1850.0, 12936.0, 12936.0, 1850.0, 60.82, 1850.0, 11858.86, 60.82, 12936.0, 912.3, 1850.0, 139.44, 60.82, 11858.86, 60.82]",[12936.0],12936.0,arrears,"g  Period  Amount  Amount owing from previous  order   Up to April 30, 2026     >>>$12,936.00<<<     New Arrears     May 1, 2026, to May 15, 2026     $912.30     Less the rent",found in operative 'It is ordered that' section; matched expected keyword for category
LTB-L-018969-26,L4,ExParte Order,2026-03-09,https://d3hf2qahezjxpx.cloudfront.net/attachments/exportedBinaries20260723_175229/069N300000uzFEpIAM/LTB-L-018969-26-EX - March 9 2026.pdf,text,"[250.0, 3786.8, 1711.8, 894.82, 32.23, 980.32, 112.62, 32.23, 1711.8, 20.0, 894.82, 34.11, 32.23, 112.62, 32.23]",[],1711.8,arrears,"Period  Amount  Amount owing from previous  order   Up to January 31, 2026     >>>$1,711.80<<<     New Arrears     March 1, 2026, to March 9,  2026     $(690.25)  New NSF che",found in operative 'It is ordered that' section; matched expected keyword for category
LTB-L-004471-26,L4,Amended Order,2026-05-11,https://d3hf2qahezjxpx.cloudfront.net/attachments/exportedBinaries20260723_175229/069N300000zCTHeIAO/LTB-L-004471-26-SA-AM.pdf,text,"[5917.95, 5917.95, 1200.0, 800.0, 717.95]",[],5917.95,arrears,"-26-SA-AM      Order Page 2 of 3       4. The Tenants shall pay to the Landlord >>>$5,917.95<<< as follows:  • The Tenants shall pay to the Landlord $1,200.00 on or before Feb",found in operative 'It is ordered that' section; matched expected keyword for category
LTB-L-038574-26,L4,ExParte Order,2026-05-08,https://d3hf2qahezjxpx.cloudfront.net/attachments/exportedBinaries20260723_175229/069N300000zE40cIAC/LTB-L-038574-26-EX.pdf,text,"[10586.0, 10586.0, 3100.0, 101.92, 3100.0, 8231.98, 101.92, 10586.0, 815.36, 3100.0, 69.38, 101.92, 8231.98, 101.92]",[10586.0],10586.0,arrears,"g  Period  Amount  Amount owing from previous  order   Up to April 30, 2026     >>>$10,586.00<<<     New Arrears     May 1, 2026, to May 8, 2026     $815.36     Less the rent d",found in operative 'It is ordered that' section; matched expected keyword for category
LTB-L-100781-25,L4,Order,2026-02-23,https://d3hf2qahezjxpx.cloudfront.net/attachments/exportedBinaries20260723_175229/069N300000uGdlBIAS/LTB-L-100781-25 SA fre.pdf,text,[],[],,,,no dollar amount found
LTB-L-005831-26,L4,ExParte Order,2026-02-23,https://d3hf2qahezjxpx.cloudfront.net/attachments/exportedBinaries20260723_175229/069N300000uQuzEIAS/LTB-L-005831-26-EX.pdf,text,"[2552.46, 11350.1, 4550.1, 2552.46, 83.92, 2552.46, 6124.39, 83.92, 4550.1, 4130.13, 2552.46, 3.38, 83.92, 6124.39, 83.92]",[11350.1],6124.39,arrears,"e Landlord on or after March 7, 2026.  5. The Tenants shall pay to the Landlord >>>$6,124.39<<<. (Less any payments made by the  Tenants after this application was filed on Fe",found in operative 'It is ordered that' section; matched expected keyword for category
LTB-L-003132-26,L4,Order,2026-03-09,https://d3hf2qahezjxpx.cloudfront.net/attachments/exportedBinaries20260723_175229/069N300000vBZeMIAW/LTB-L-003132-26-SA.pdf,text,"[9832.38, 877.0, 877.0, 2000.0, 877.0, 7832.38, 9832.38, 7832.38, 1754.31, 57.68, 1754.31, 57.68]",[],9832.38,stated_total,". The parties agreed that the current amount of rent arrears and costs owing is >>>$9,832.38<<<.  The Landlord agreed to give a discount on rent arrears owing if the following","found in operative 'It is ordered that' section; explicit stated-total phrasing (""...is \$X"")"
LTB-L-098470-25,L4,Order,2026-03-27,https://d3hf2qahezjxpx.cloudfront.net/attachments/exportedBinaries20260723_175229/069N300000wO2CBIA0/LTB-L-098470-25-SA.pdf,text,[],[],,,,no dollar amount found
LTB-L-001037-26,L4,Order,2026-02-12,https://d3hf2qahezjxpx.cloudfront.net/attachments/exportedBinaries20260723_175229/069N300000tYpYLIA0/LTB-L-001037-26-SA - February 12 2026.pdf,text,[2300.0],[],2300.0,arrears,"4.  On or before February 27, 2026, the Tenants shall pay to the Landlord >>>$2,300.00<<< for arrears  of rent up to February 28, 2026 and costs.  5.  If the Tenants fai",found in operative 'It is ordered that' section; matched expected keyword for category
LTB-L-005539-26,L4,Order,2026-01-26,https://d3hf2qahezjxpx.cloudfront.net/attachments/exportedBinaries20260723_175229/069N300000sduuUIAQ/LTB-L-005539-26-EX.pdf,text,"[520.0, 520.0, 6091.18, 6091.18, 2700.0, 95.59, 2907.59, 2714.86, 95.59, 6091.18, 2700.0, 254.07, 95.59, 2714.86, 95.59]",[],6091.18,arrears,"Period  Amount  Amount owing from previous  order   Up to December 31, 2025     >>>$6,091.18<<<     New Arrears     January 1, 2026 to January  26, 2026     $(422.25)     Less",found in operative 'It is ordered that' section; matched expected keyword for category
LTB-L-017671-26,L4,Order,2026-04-13,https://d3hf2qahezjxpx.cloudfront.net/attachments/exportedBinaries20260723_175229/069N300000xD8LyIAK/LTB-L-017671-26-HR.pdf,text,"[886.33, 50.0, 50.0, 50.0, 350.0, 536.33, 50.0, 50.0, 50.0, 536.33, 536.33, 50.0, 36.33]",[],536.33,arrears,nant  meets the following conditions:  3. The Tenant shall pay to the Landlords >>>$536.33<<<. This amount represents the unpaid  compensation for damage.  4. The Tenant sha,found in operative 'It is ordered that' section; matched expected keyword for category
LTB-L-011705-26,L4,ExParte Order,2026-02-11,https://d3hf2qahezjxpx.cloudfront.net/attachments/exportedBinaries20260723_175229/069N300000trbOLIAY/LTB-L-011705-26-EX.pdf,text,[],[],,,,no dollar amount found
LTB-L-033386-26,L4,ExParte Order,2026-04-20,https://d3hf2qahezjxpx.cloudfront.net/attachments/exportedBinaries20260723_175229/069N300000yCdMQIA0/LTB-L-033386-26-EX.pdf,text,"[2038.22, 6827.61, 5805.83, 2038.24, 67.01, 2038.22, 5094.89, 67.01, 5805.83, 1340.2, 2038.24, 12.9, 67.01, 5094.89, 67.01]",[6827.61],5805.83,arrears,"Period  Amount  Amount owing from previous  order   Up to February 28, 2026     >>>$5,805.83<<<     New Arrears     March 1, 2026, to April 20,  2026     $1,340.20     Less th",found in operative 'It is ordered that' section; matched expected keyword for category
LTB-L-043719-26,L4,ExParte Order,2026-05-26,https://d3hf2qahezjxpx.cloudfront.net/attachments/exportedBinaries20260723_175229/069N3000010WAFFIA4/LTB-L-043719-26-Signed.pdf,text,[5136.0],[],5136.0,arrears,"er, LTB-L-005635-24, issued on June 18, 2024 states that the Tenant  was to pay >>>$5,136.00<<< in arrears up to June 30, 2024 pursuant to a payment plan  commencing June 7, 2","no operative section found, or it had no dollar mentions at all; fell back to full-document search; matched expected keyword for category"
LTB-L-043296-26,L4,ExParte Order,2026-05-25,https://d3hf2qahezjxpx.cloudfront.net/attachments/exportedBinaries20260723_175229/069N3000010Ulx3IAC/LTB-L-043296-26-EX.pdf,text,"[360.0, 9964.0, 6415.0, 4.57, 139.0, 6668.25, 4.57, 6415.0, 253.25, 0.0, 4.57, 6668.25, 4.57]",[9964.0],6668.25,arrears,"the Landlord on or after June 6, 2026.  5. The Tenant shall pay to the Landlord >>>$6,668.25<<<*. (Less any payments made by the  Tenant after this application was filed on Ma",found in operative 'It is ordered that' section; matched expected keyword for category
LTB-L-015649-26,L4,ExParte Order,2026-02-27,https://d3hf2qahezjxpx.cloudfront.net/attachments/exportedBinaries20260723_175229/069N300000uZfcjIAC/LTB-L-015649-26-EX.pdf,text,"[3370.0, 18406.0, 11751.5, 3370.0, 110.79, 3370.0, 8245.64, 110.79, 11751.5, 120.36, 80.0, 3370.0, 95.5, 110.79, 8245.64, 110.79]",[],11751.5,arrears,"nt  Amount owing from previous  mediated settlement   Up to August 31, 2025     >>>$11,751.50<<<     New Arrears     to February 27, 2026     -$120.36  New NSF cheque charges a",found in operative 'It is ordered that' section; matched expected keyword for category
LTB-L-032810-26,L4,ExParte Order,2026-04-20,https://d3hf2qahezjxpx.cloudfront.net/attachments/exportedBinaries20260723_175229/069N300000xsUlWIAU/LTB-L-032810-26-Signed.pdf,text,"[9071.0, 12058.0, 9071.0, 98.2, 2987.0, 11035.0, 98.2, 9071.0, 1964.0, 0.0, 98.2, 11035.0, 98.2]",[12058.0],11035.0,arrears,"the Landlord on or after May 2, 2026.  5. The Tenants shall pay to the Landlord >>>$11,035.00<<<*. (Less any payments made by the  Tenants after this application was filed on A",found in operative 'It is ordered that' section; matched expected keyword for category
LTB-L-003686-26,L4,Order,2026-03-04,https://d3hf2qahezjxpx.cloudfront.net/attachments/exportedBinaries20260723_175229/069N300000uxiHjIAI/LTB-L-003686-26-SA.pdf,text,[],[],,,,no dollar amount found
LTB-L-011602-26,L4,ExParte Order,2026-02-13,https://d3hf2qahezjxpx.cloudfront.net/attachments/exportedBinaries20260723_175229/069N300000trGa2IAE/LTB-L-011602-26-EX - February 13 2026.pdf,text,"[7986.0, 5986.0, 80.55, 2450.0, 6341.5, 80.55, 5986.0, 355.5, 0.0, 80.55, 6341.5, 80.55]",[7986.0],6341.5,arrears,"ndlord on or after February 25, 2026.  5. The Tenants shall pay to the Landlord >>>$6,341.50<<<*. (Less any payments made by the  Tenants after this application was filed on F",found in operative 'It is ordered that' section; matched expected keyword for category
LTB-L-030460-26,L4,ExParte Order,2026-04-13,https://d3hf2qahezjxpx.cloudfront.net/attachments/exportedBinaries20260723_175229/069N300000xURaHIAW/LTB-L-030460-26-EX - April 13 2026.pdf,text,"[1345.0, 3799.0, 2212.0, 44.22, 1345.0, 2972.86, 44.22, 2212.0, 760.86, 44.22, 2972.86, 44.22]",[3799.0],2972.86,arrears,"e Landlord on or after April 25, 2026.  5. The Tenant shall pay to the Landlord >>>$2,972.86<<<. (Less any payments made by the  Tenant after this application was filed on Apr",found in operative 'It is ordered that' section; matched expected keyword for category
LTB-L-000165-26,L4,Review Order,2026-03-04,https://d3hf2qahezjxpx.cloudfront.net/attachments/exportedBinaries20260723_175229/069N300000v3pQFIAY/LTB-L-000165-26-RV - March 4 2026.pdf,text,[],[],,,,no dollar amount found
LTB-L-031620-26,L4,ExParte Order,2026-04-14,https://d3hf2qahezjxpx.cloudfront.net/attachments/exportedBinaries20260723_175229/069N300000xhzuIIAQ/LTB-L-031620-26-EX.pdf,text,"[905.0, 5440.0, 1999.97, 2177.0, 77.79, 2365.99, 899.0, 77.79, 1999.97, 1089.06, 2177.0, 13.03, 77.79, 899.0, 77.79]",[5440.0],1999.97,arrears,"Period  Amount  Amount owing from previous  order   Up to November 30, 2025     >>>$1,999.97<<<     New Arrears     April 1, 2026, to April 14, 2026     $1,089.06     Less the",found in operative 'It is ordered that' section; matched expected keyword for category
LTB-L-019911-26,L4,Order,2026-04-20,https://d3hf2qahezjxpx.cloudfront.net/attachments/exportedBinaries20260723_175229/069N300000xsBCbIAM/LTB-L-019911-26-SA - April 20 2026.pdf,text,[1200.0],[],1200.0,arrears,"f the Landlord  asking what to do. Despite this, the Tenants did not make their >>>$1,200.00<<< arrears payment     File Number: LTB-L-019911-26-SA      Order Page 2 of 2","no operative section found, or it had no dollar mentions at all; fell back to full-document search; matched expected keyword for category"
LTB-L-039816-26,L4,ExParte Order,2026-05-12,https://d3hf2qahezjxpx.cloudfront.net/attachments/exportedBinaries20260723_175229/069N300000zZWLLIA4/LTB-L-039816-26-EX - May 12 2026.pdf,text,"[1900.0, 65.63, 1996.19, 1961.93, 65.63, 0.0, 0.0, 1900.0, 61.93, 65.63, 65.63]",[],0.0,arrears,Reason for amount owing  Period  Amount  Amount owing from previous  order      >>>$0.00<<<  New NSF cheque charges and  related administration charges    $0.00     Less t,found in operative 'It is ordered that' section; matched expected keyword for category
LTB-L-021469-26,L4,ExParte Order,2026-03-13,https://d3hf2qahezjxpx.cloudfront.net/attachments/exportedBinaries20260723_175229/069N300000vMDgvIAG/LTB-L-021469-26-EX.pdf,text,"[407.16, 4886.0, 4118.82, 2600.0, 85.48, 2600.0, 2360.15, 85.48, 4118.82, 893.24, 2600.0, 51.91, 85.48, 2360.15, 85.48]",[4886.0],4118.82,arrears,"Period  Amount  Amount owing from previous  order   Up to December 31, 2025     >>>$4,118.82<<<     New Arrears     January 1, 2026, to March 13,  2026     $893.24     Less th",found in operative 'It is ordered that' section; matched expected keyword for category
LTB-L-035501-26,L4,ExParte Order,2026-04-27,https://d3hf2qahezjxpx.cloudfront.net/attachments/exportedBinaries20260723_175229/069N300000ydSoKIAU/LTB-L-035501-26-EX - April 27 2026.pdf,text,[],[],,,,no dollar amount found
LTB-L-101871-25,L4,Order,2026-02-23,https://d3hf2qahezjxpx.cloudfront.net/attachments/exportedBinaries20260723_175229/069N300000uGoocIAC/LTB-L-101871-25-SA eng.pdf,text,"[10000.0, 10000.0, 500.0]",[],10000.0,ambiguous-max,"stated that if the set aside  motion is granted, they will pay to the Landlord >>>$10,000.00<<<.  5. On cross-examination they stated that they had received legal advice not t","no operative section found, or it had no dollar mentions at all; fell back to full-document search; multiple candidate amounts, took max — manual review advised"
LTB-L-044020-26,L4,ExParte Order,2026-05-29,https://d3hf2qahezjxpx.cloudfront.net/attachments/exportedBinaries20260723_175229/069N3000010hodqIAA/LTB-L-044020-26-EX.pdf,text,"[500.0, 7296.0, 7296.0, 54.21, 1649.0, 7219.09, 54.21, 7296.0, 54.21, 7219.09, 54.21]",[7296.0],7296.0,arrears,"ing  Period  Amount  Amount owing from previous  order   Up to May 31, 2026     >>>$7,296.00<<<     New Arrears     June 1, 2026, to May 29, 2026     $(76.91)     Plus, daily",found in operative 'It is ordered that' section; matched expected keyword for category
LTB-L-010835-26,L4,ExParte Order,2026-02-13,https://d3hf2qahezjxpx.cloudfront.net/attachments/exportedBinaries20260723_175229/069N300000tr2ooIAA/LTB-L-010835-26-EX.pdf,text,"[1888.85, 9376.0, 9376.0, 1850.0, 62.1, 1888.85, 6670.78, 62.1, 9376.0, 1850.0, 70.52, 62.1, 6670.78, 62.1]",[9376.0],9376.0,arrears,"Period  Amount  Amount owing from previous  order   Up to January 31, 2026     >>>$9,376.00<<<     New Arrears  February 1, 2026 to February  13, 2026  $(784.70)     Less the",found in operative 'It is ordered that' section; matched expected keyword for category
LTB-L-013437-26,L4,ExParte Order,2026-02-19,https://d3hf2qahezjxpx.cloudfront.net/attachments/exportedBinaries20260723_175229/069N300000uDqYWIA0/LTB-L-013437-26-EX - February 19 2026.pdf,text,[],[],,,,no dollar amount found
LTB-L-022180-26,L4,ExParte Order,2026-03-16,https://d3hf2qahezjxpx.cloudfront.net/attachments/exportedBinaries20260723_175229/069N300000vVkydIAC/LTB-L-022180-26-EX-Signed.pdf,text,"[500.0, 2760.0, 5596.0, 2750.0, 2760.0, 90.74, 2760.0, 1410.29, 90.74, 2750.0, 1451.84, 60.0, 2760.0, 91.55, 90.74, 1410.29, 90.74]",[],2750.0,arrears,"ng  Period  Amount  Amount owing from previous  order   Up to July 31, 2025     >>>$2,750.00<<<     New Arrears     March 1, 2026, to March 16,  2026     $1,451.84  New NSF ch",found in operative 'It is ordered that' section; matched expected keyword for category
LTB-L-015888-26,L4,ExParte Order,2026-03-06,https://d3hf2qahezjxpx.cloudfront.net/attachments/exportedBinaries20260723_175229/069N300000uv40KIAQ/LTB-L-015888-26-Signed.pdf,text,[],[],,,,no dollar amount found
LTB-L-003674-26,L4,ExParte Order,2026-01-19,https://d3hf2qahezjxpx.cloudfront.net/attachments/exportedBinaries20260723_175229/069N300000sN5OCIA0/LTB-L-003674-26-EX -Signed.pdf,text,"[9194.0, 8194.0, 1460.0, 57.5, 1749.0, 7796.85, 57.5, 8194.0, 1092.5, 1460.0, 29.65, 57.5, 7796.85, 57.5]",[9194.0],8194.0,arrears,"Period  Amount  Amount owing from previous  order   Up to December 31, 2025     >>>$8,194.00<<<     New Arrears     January 1, 2026 to January  19, 2026     $1,092.50     Less",found in operative 'It is ordered that' section; matched expected keyword for category
LTB-L-104898-25,L4,ExParte Order,2026-01-05,https://d3hf2qahezjxpx.cloudfront.net/attachments/exportedBinaries20260723_175229/069N300000qIhQVIA0/LTB-L-104898-25_EX.pdf,text,"[9451.0, 2985.0, 167.0, 7.79, 237.0, 2848.55, 7.79, 2985.0, 38.95, 167.0, 8.4, 7.79, 2848.55, 7.79]",[9451.0],2985.0,arrears,"Period  Amount  Amount owing from previous  order   Up to August 31, 2025     >>>$2,985.00<<<     New Arrears     to January 5, 2026     $38.95     Less the rent deposit:",found in operative 'It is ordered that' section; matched expected keyword for category
LTB-L-098899-25,L4,Order,2026-01-09,https://d3hf2qahezjxpx.cloudfront.net/attachments/exportedBinaries20260723_175229/069N300000r00BEIAY/LTB-L-098899-25-SA.pdf,text,"[4160.49, 4160.49, 4160.49, 750.0, 3410.49, 750.0, 2660.49, 750.0, 1910.49, 750.0, 1160.49, 750.0, 410.49, 410.49, 0.0]",[],4160.49,arrears,"3024-25 is replaced  by the following.  3. The Tenant shall pay to the Landlord >>>$4,160.49<<< representing arrears and costs.   4. The Tenant shall pay to the Landlord the a",found in operative 'It is ordered that' section; matched expected keyword for category
LTB-L-003783-26,L4,Order,2026-02-17,https://d3hf2qahezjxpx.cloudfront.net/attachments/exportedBinaries20260723_175229/069N300000tpc0PIAQ/LTB-L-003783-26-SA - February 17 2026.pdf,text,[],[],,,,no dollar amount found
LTB-L-023666-26,L4,ExParte Order,2026-03-23,https://d3hf2qahezjxpx.cloudfront.net/attachments/exportedBinaries20260723_175229/069N300000vy55eIAA/LTB-L-023666-26-EX.pdf,text,[],[],,,,no dollar amount found
LTB-L-003541-26,L4,Order,2026-03-02,https://d3hf2qahezjxpx.cloudfront.net/attachments/exportedBinaries20260723_175229/069N300000ul9FnIAI/LTB-L-003541-26-SA.pdf,text,[],[],,,,no dollar amount found
LTB-L-003119-26,L4,ExParte Order,2026-01-19,https://d3hf2qahezjxpx.cloudfront.net/attachments/exportedBinaries20260723_175229/069N300000s6D3VIAU/LTB-L-003119-26-EX - January 19 2026.pdf,text,"[5286.0, 4636.0, 42.74, 1300.0, 7348.06, 42.74, 4636.0, 2712.06, 42.74, 7348.06, 42.74]",[5286.0],7348.06,arrears,"andlord on or after January 31, 2026.  5. The Tenants shall pay to the Landlord >>>$7,348.06<<<*. (Less any payments made by the  Tenants after this application was filed on J",found in operative 'It is ordered that' section; matched expected keyword for category
LTB-L-105201-25,L4,Order,2026-02-09,https://d3hf2qahezjxpx.cloudfront.net/attachments/exportedBinaries20260723_175229/069N300000tP6x0IAC/LTB-L-105201-25-SA - February 9 2026.pdf,text,[],[],,,,no dollar amount found
LTB-L-042488-26,L4,ExParte Order,2026-05-25,https://d3hf2qahezjxpx.cloudfront.net/attachments/exportedBinaries20260723_175229/069N3000010AfnnIAC/LTB-L-042488-26-EX.pdf,text,"[2396.46, 7431.94, 5931.94, 2253.99, 78.79, 2396.46, 5621.82, 78.79, 5931.94, 1962.67, 2253.99, 18.8, 78.79, 5621.82, 78.79]",[7431.94],5931.94,arrears,"Period  Amount  Amount owing from previous  order   Up to February 28, 2026     >>>$5,931.94<<<     New Arrears     March 1, 2026, to May 25,  2026     $1,962.67     Less the",found in operative 'It is ordered that' section; matched expected keyword for category
LTB-L-081179-25,L4,Order,2026-01-16,https://d3hf2qahezjxpx.cloudfront.net/attachments/exportedBinaries20260723_175229/069N300000rt81hIAA/LTB-L-081179-25-SA.pdf,text,[],[],,,,no dollar amount found
LTB-L-096760-25,L4,Order,2026-01-26,https://d3hf2qahezjxpx.cloudfront.net/attachments/exportedBinaries20260723_175229/069N300000saXxdIAE/LTB Order_LTB-L-096760-25-SA_26JAN26.pdf,text,[],[],,,,no dollar amount found
LTB-L-011063-26,L4,ExParte Order,2026-02-10,https://d3hf2qahezjxpx.cloudfront.net/attachments/exportedBinaries20260723_175229/069N300000thU6SIAU/LTB-L-011063-26-EX.pdf,text,"[8495.94, 1415.94, 104.2, 39.85, 1212.0, 1672.81, 39.85, 1415.94, 361.32, 104.2, 0.25, 39.85, 1672.81, 39.85]",[8495.94],1672.81,arrears,"ndlord on or after February 22, 2026.  5. The Tenants shall pay to the Landlord >>>$1,672.81<<<*. (Less any payments made by the  Tenants after this application was filed on F",found in operative 'It is ordered that' section; matched expected keyword for category
LTB-L-003537-26,L4,Order,2026-03-18,https://d3hf2qahezjxpx.cloudfront.net/attachments/exportedBinaries20260723_175229/069N300000vWKR3IAO/LTB-L-003537-26-SA.pdf,text,"[6654.5, 554.54, 554.56, 922.0, 555.0, 555.0, 922.0, 922.0, 555.0, 1000.0, 1300.0, 1970.0, 1200.0, 4989.5, 6654.5, 1665.0, 300.0, 189.5, 922.5]",[],6654.5,arrears,"in this order.  7. The Tenant shall pay to the Landlord $4,989.50 (representing >>>$6,654.50<<< in rent arrears  owing to February 28, 2025 and costs, minus $1,665.00 the Tena",found in operative 'It is ordered that' section; matched expected keyword for category
LTB-L-086840-25,L4,Order,2026-02-06,https://d3hf2qahezjxpx.cloudfront.net/attachments/exportedBinaries20260723_175229/069N300000tYsb8IAC/LTB-L-086840-25-HR.pdf,text,"[9427.99, 1508.95, 10936.94, 2699.84, 71.31, 8165.79, 8185.79]",[8185.79],,,,operative section found but contained only fee/rate/boilerplate amounts — likely no lump sum ordered
LTB-L-004637-26,L4,Review Order,2026-05-21,https://d3hf2qahezjxpx.cloudfront.net/attachments/exportedBinaries20260723_175229/069N300000zzgs2IAA/LTB-L-004637-26-RV.pdf,text,"[3920.0, 2975.0, 945.0]",[3920.0],2975.0,ambiguous-max,"nt deposit and interest on the  deposit.  7. The Tenants shall pay the Landlord >>>$2,975.00<<< on or before May 15, 2026 and the  remaining $945.00 on or before May 31, 2026.","found in operative 'It is ordered that' section; multiple candidate amounts, took max — manual review advised"
LTB-L-013111-26,L4,Order,2026-03-30,https://d3hf2qahezjxpx.cloudfront.net/attachments/exportedBinaries20260723_175229/069N300000wYoFZIA0/LTB-L-013111-26-SA.pdf,text,"[2643.22, 4932.7]",[],4932.7,ambiguous-max,"ions of the order.  The amount the Tenant owes  has increased from $2,643.22 to >>>$4,932.70<<<.  The Tenant has not had a zero balance  owing since October 2024.  2. Since th","no operative section found, or it had no dollar mentions at all; fell back to full-document search; multiple candidate amounts, took max — manual review advised"
LTB-L-004097-26,L4,Order,2026-03-26,https://d3hf2qahezjxpx.cloudfront.net/attachments/exportedBinaries20260723_175229/069N300000w4rfTIAQ/LTB-L-004097-26-SA.pdf,text,[],[],,,,no dollar amount found
LTB-L-106061-25,L4,ExParte Order,2026-01-06,https://d3hf2qahezjxpx.cloudfront.net/attachments/exportedBinaries20260723_175229/069N300000qgRaXIAU/LTB-L-106061-25.pdf,text,[],[],,,,no dollar amount found
LTB-L-004076-26,L4,Review Order,2026-05-12,https://d3hf2qahezjxpx.cloudfront.net/attachments/exportedBinaries20260723_175229/069N300000zfi3cIAA/LTB-L-004076-26-SA-RV.pdf,text,"[5754.26, 6000.0, 10518.26, 5754.26, 5754.26]",[],5754.26,stated_total,"der  states that the amount owed by the Tenant as of the date of the hearing is >>>$5,754.26<<<.   2. The Landlord submits that this amount is incorrect and provided a mathema","no operative section found, or it had no dollar mentions at all; fell back to full-document search; explicit stated-total phrasing (""...is \$X"")"
LTB-L-017599-26,L4,ExParte Order,2026-03-06,https://d3hf2qahezjxpx.cloudfront.net/attachments/exportedBinaries20260723_175229/069N300000uybKjIAI/LTB-L-017599-26-EX(L4)-Signed.pdf,text,"[500.0, 8078.63, 1578.63, 1647.37, 59.75, 1817.34, 174.79, 59.75, 1578.63, 358.5, 1647.37, 114.97, 59.75, 174.79, 59.75]","[8078.63, 174.79]",1647.37,arrears,"8.63     New Arrears  to March 6, 2026  $358.50     Less the rent deposit:     ->>>$1,647.37<<<        Less the interest owing on the  rent deposit  March 28, 2023 to March 6,",found in operative 'It is ordered that' section; matched expected keyword for category
LTB-L-033130-26,L4,ExParte Order,2026-04-20,https://d3hf2qahezjxpx.cloudfront.net/attachments/exportedBinaries20260723_175229/069N300000y6YFnIAM/LTB-L-033130-26-EX - April 20 2026.pdf,text,"[2000.0, 2386.0, 2386.0, 65.75, 2000.0, 2301.0, 65.75, 2386.0, 65.75, 2301.0, 65.75]",[2386.0],2386.0,arrears,"g  Period  Amount  Amount owing from previous  order   Up to March 31, 2026     >>>$2,386.00<<<     New Arrears     April 1, 2026, to April 20, 2026     $(85.00)     Plus dail",found in operative 'It is ordered that' section; matched expected keyword for category
LTB-L-007444-26,L4,Order,2026-03-31,https://d3hf2qahezjxpx.cloudfront.net/attachments/exportedBinaries20260723_175229/069N300000wate6IAA/LTB-L-007444-26-SA - March 31 2026.pdf,text,"[1250.0, 2414.89, 114.89, 700.0, 1600.0]",[],2414.89,arrears,"led and replaced with the following:    4. The Tenant shall pay to the Landlord >>>$2,414.89<<< for arrears of rent up to March 31, 2026.  5. The Tenant shall pay to the Landl",found in operative 'It is ordered that' section; matched expected keyword for category
LTB-L-103794-25,L4,Order,2026-04-27,https://d3hf2qahezjxpx.cloudfront.net/attachments/exportedBinaries20260723_175229/069N300000yUe2LIAS/LTB-L-103794-25-SA LTB-T-004862-26-HR- CERT.pdf,text,[],[],,,,no dollar amount found
LTB-T-056210-22,T2,Review Order,2026-03-02,https://d3hf2qahezjxpx.cloudfront.net/attachments/exportedBinaries20260723_175229/069N300000ubXmSIAU/LTB-L-066911-22-AM-RV & LTB-T-056210-22-AM-RV March 2 2026.pdf,text,[],[],,,,no dollar amount found
LTB-T-008696-25,T2,Order,2026-03-11,https://d3hf2qahezjxpx.cloudfront.net/attachments/exportedBinaries20260723_175229/069N300000v8E56IAE/LTB-T-008696-25_HR.pdf,text,[212.66],[],212.66,other,It is ordered on consent that:  1. The Landlord shall pay the Tenants >>>$212.66<<< for a global resolution of all issues related to  the tenancy.     2. If the La,"found in operative 'It is ordered that' section; single candidate amount, no strong keyword match"
LTB-T-021399-25,T2,Order,2026-04-17,https://d3hf2qahezjxpx.cloudfront.net/attachments/exportedBinaries20260723_175229/069N300000xm0BuIAI/LTB-T-021399-25 HR.pdf,text,[],[],,,,no dollar amount found
LTB-T-082673-25,T2,Order,2026-04-29,"https://d3hf2qahezjxpx.cloudfront.net/attachments/exportedBinaries20260723_175229/069N300000ymdFrIAI/LTB-T-082673-25-HR -April 29, 2026.pdf",text,"[1065.24, 1800.0, 7200.0, 1065.24, 59.18, 29.59, 29.59, 1065.24, 1065.24]",[],1065.24,stated_total,"It is ordered that:  1. The total amount the Landlords shall pay the Tenants is >>>$1,065.24<<< for a rent abatement.  2. The Landlords shall pay the Tenants the full amount o","found in operative 'It is ordered that' section; explicit stated-total phrasing (""...is \$X"")"
LTB-T-103616-24,T2,Order,2026-03-25,https://d3hf2qahezjxpx.cloudfront.net/attachments/exportedBinaries20260723_175229/069N300000wEaLcIAK/LTB-T-103616-24-HR-cert.pdf,text,[],[],,,,no dollar amount found
LTB-T-066694-25,T2,Order,2026-05-12,https://d3hf2qahezjxpx.cloudfront.net/attachments/exportedBinaries20260723_175229/069N300000zCAbwIAG/LTB-T-066694-25-HR.pdf,text,[500.0],[],500.0,arrears,"reduce the rent arrears owed by the Tenant to April 30, 2026, by the  amount of >>>$500.00<<<.   May 12, 2026    ____________________________  Date Issued    Melissa Anjema","found in operative 'It is ordered that' section; single candidate amount, no strong keyword match"
LTB-T-058421-25,T2,Review Order,2026-01-26,https://d3hf2qahezjxpx.cloudfront.net/attachments/exportedBinaries20260723_175229/069N300000sveZZIAY/LTB-T-058421-25-RV.pdf,text,[],[],,,,no dollar amount found
LTB-T-048019-25,T2,Order,2026-05-08,https://d3hf2qahezjxpx.cloudfront.net/attachments/exportedBinaries20260723_175229/069N300000zGO4rIAG/LTB-T-048019-25-HR - May 8 2026.pdf,text,[],[],,,,no dollar amount found
LTB-T-066453-25,T2,Order,2026-02-17,https://d3hf2qahezjxpx.cloudfront.net/attachments/exportedBinaries20260723_175229/069N300000uC7VSIA0/LTB-T-066453-25-EX_cert.pdf,text,[],[],,,,no dollar amount found
LTB-T-055260-25,T2,Order,2026-03-12,https://d3hf2qahezjxpx.cloudfront.net/attachments/exportedBinaries20260723_175229/069N300000vPsywIAC/LTB-T-055260-25-HR-FR.pdf,text,[],[],,,,no dollar amount found
LTB-T-059085-24,T2,Order,2026-01-14,https://d3hf2qahezjxpx.cloudfront.net/attachments/exportedBinaries20260723_175229/069N300000rtZDCIA2/LTB-T-059085-24-HR.pdf,text,[],[],,,,no dollar amount found
LTB-T-078830-25,T2,Order,2026-02-13,https://d3hf2qahezjxpx.cloudfront.net/attachments/exportedBinaries20260723_175229/069N300000trR7GIAU/LTB-T-078830-25-HR.pdf,text,[],[],,,,no dollar amount found
LTB-T-032818-24,T2,Order,2026-02-26,https://d3hf2qahezjxpx.cloudfront.net/attachments/exportedBinaries20260723_175229/069N300000ucVNdIAM/LTB-T-032818-24-HR.pdf,text,[],[],,,,no dollar amount found
LTB-T-064307-25,T2,Order,2026-02-26,https://d3hf2qahezjxpx.cloudfront.net/attachments/exportedBinaries20260723_175229/069N300000uNv45IAC/LTB-T-064307-25-HR - February 26 2026 certified.pdf,text,[],[],,,,no dollar amount found
LTB-T-090335-23,T2,Order,2026-02-26,https://d3hf2qahezjxpx.cloudfront.net/attachments/exportedBinaries20260723_175229/069N300000uWLNfIAO/LTB-T-090335-23-HR.pdf,text,[],[],,,,no dollar amount found
LTB-T-017839-25,T2,Order,2026-01-23,https://d3hf2qahezjxpx.cloudfront.net/attachments/exportedBinaries20260723_175229/069N300000sfQ4MIAU/LTB-T-017839-25-FR.pdf,text,[],[],,,,no dollar amount found
LTB-T-002805-25,T2,Order,2026-02-25,https://d3hf2qahezjxpx.cloudfront.net/attachments/exportedBinaries20260723_175229/069N300000uMiIIIA0/LTB-T-002805-25-HR.pdf,text,[],[],,,,no dollar amount found
LTB-T-090927-24,T2,Order,2026-02-19,https://d3hf2qahezjxpx.cloudfront.net/attachments/exportedBinaries20260723_175229/069N300000u81UvIAI/LTB-T-090927-24-HR - February 19 2026.pdf,text,"[969.39, 500.0]",[],969.39,stated_total,"and into their current rental unit on  September 15, 2017. The monthly rent is >>>$969.39<<<.  2. The Tenant claims that the Landlord harassed him by providing them with a","no operative section found, or it had no dollar mentions at all; fell back to full-document search; explicit stated-total phrasing (""...is \$X"")"
LTB-T-026889-24,T2,Order,2026-05-25,https://d3hf2qahezjxpx.cloudfront.net/attachments/exportedBinaries20260723_175229/069N3000010PAuyIAG/LTB-T-067383-22-RV & LTB-T-026889-24-RV.pdf,text,[],[],,,,no dollar amount found
LTB-T-017924-24,T2,Review Order,2026-02-25,https://d3hf2qahezjxpx.cloudfront.net/attachments/exportedBinaries20260723_175229/069N300000udANSIA2/LTB-T-017924-24 and LTB-T-017932-24-RV - February 25 2026.pdf,text,[],[],,,,no dollar amount found
LTB-T-049417-22,T2,Order,2026-01-22,https://d3hf2qahezjxpx.cloudfront.net/attachments/exportedBinaries20260723_175229/069N300000sWtNIIA0/LTB-T-049417-22-HR - January 22 2026.pdf,text,"[1500.0, 1500.0]",[],1500.0,ambiguous-max,"ended the hearing.  The parties agree that:  1. The Landlord paid to the Tenant >>>$1,500.00<<< in full and final satisfaction of the Tenant’s  application and all issues rela","no operative section found, or it had no dollar mentions at all; fell back to full-document search; multiple candidate amounts, took max — manual review advised"
LTB-T-100653-24,T2,Order,2026-02-10,https://d3hf2qahezjxpx.cloudfront.net/attachments/exportedBinaries20260723_175229/069N300000tZKdnIAG/LTB-T-100653-24-HR.pdf,text,[],[],,,,no dollar amount found
LTB-T-059046-24,T2,Order,2026-01-07,https://d3hf2qahezjxpx.cloudfront.net/attachments/exportedBinaries20260723_175229/069N300000rVunNIAS/LTB-T-059046-24-HR.pdf,text,"[4896.0, 1632.0, 321.92, 10000.0, 3500.0, 2500.0, 2000.0, 2869.92, 321.92, 2500.0, 48.0, 2000.0]","[2500.0, 48.0]",2869.92,stated_total,"It is ordered that:  1. The total amount the Landlord shall pay the Tenant is >>>$2,869.92<<<. This amount represents:   •  $321.92 for a rent abatement.  •  $2,500.00 as ge","found in operative 'It is ordered that' section; explicit stated-total phrasing (""...is \$X"")"
LTB-T-033049-25,T2,Order,2026-04-01,https://d3hf2qahezjxpx.cloudfront.net/attachments/exportedBinaries20260723_175229/069N300000wpPeBIAU/LTB-T-033049-25-HR.pdf,text,[],[],,,,no dollar amount found
LTB-T-071890-24,T2,Order,2026-04-10,https://d3hf2qahezjxpx.cloudfront.net/attachments/exportedBinaries20260723_175229/069N300000x441ZIAQ/LTB-T-071890-24 - April 10 2026.pdf,text,[],[],,,,no dollar amount found
LTB-T-016375-25,T2,Order,2026-04-01,https://d3hf2qahezjxpx.cloudfront.net/attachments/exportedBinaries20260723_175229/069N300000wZYqHIAW/LTB-T-016375-25-HR - April 1 2026.pdf,text,[],[],,,,no dollar amount found
LTB-T-055833-25,T2,Order,2026-02-10,https://d3hf2qahezjxpx.cloudfront.net/attachments/exportedBinaries20260723_175229/069N300000tmVmhIAE/LTB-T-055833-25-HR-cert.pdf,text,[],[],,,,no dollar amount found
LTB-T-075116-24,T2,Order,2026-03-11,https://d3hf2qahezjxpx.cloudfront.net/attachments/exportedBinaries20260723_175229/069N300000v1PZwIAM/LTB-T-075116-24-HR.pdf,text,[],[],,,,no dollar amount found
LTB-T-062287-25,T2,Order,2026-02-26,https://d3hf2qahezjxpx.cloudfront.net/attachments/exportedBinaries20260723_175229/069N300000uZaoaIAC/LTB-T-062287-25-HR.pdf,text,[],[],,,,no dollar amount found
LTB-T-039020-25,T2,Order,2026-04-20,https://d3hf2qahezjxpx.cloudfront.net/attachments/exportedBinaries20260723_175229/069N300000y3SzqIAE/LTB-T-039020-25.Signed.Certified.pdf,text,[],[],,,,no dollar amount found
LTB-T-086721-24,T2,Order,2026-01-19,https://d3hf2qahezjxpx.cloudfront.net/attachments/exportedBinaries20260723_175229/069N300000s5OHHIA2/LTB-T-086721-24-HR - signed.pdf,text,[],[],,,,no dollar amount found
LTB-T-064776-25,T2,Order,2026-03-18,https://d3hf2qahezjxpx.cloudfront.net/attachments/exportedBinaries20260723_175229/069N300000vvvaDIAQ/LTB-T-064776-25-HR_Eng.pdf,text,[],[],,,,no dollar amount found
LTB-T-105389-24,T2,Order,2026-02-27,https://d3hf2qahezjxpx.cloudfront.net/attachments/exportedBinaries20260723_175229/069N300000ugs8fIAA/LTB-T-105389-24-HR - February 27 2026.doc.pdf,text,[500.0],[],500.0,stated_total,"red that:  1. On or before March 31, 2026, the Landlord shall pay the Tenant is >>>$500.00<<<.   2. If the Landlord does not pay the Tenant the full amount owing by March 31","found in operative 'It is ordered that' section; explicit stated-total phrasing (""...is \$X"")"
LTB-T-002464-26,T2,Review Order,2026-02-26,https://d3hf2qahezjxpx.cloudfront.net/attachments/exportedBinaries20260723_175229/069N300000ugt4lIAA/LTB-T-002464-26-IN-RV_Fr.pdf,text,[],[],,,,no dollar amount found
LTB-T-064278-25,T2,Order,2026-02-19,https://d3hf2qahezjxpx.cloudfront.net/attachments/exportedBinaries20260723_175229/069N300000uHYdDIAW/LTB-T-064278-25-HR.pdf,text,[],[],,,,no dollar amount found
LTB-T-027689-23,T2,Order,2026-04-10,https://d3hf2qahezjxpx.cloudfront.net/attachments/exportedBinaries20260723_175229/069N300000xQEJxIAO/LTB-T-027689-23-HR - April 10 2026.pdf,text,[],[],,,,no dollar amount found
LTB-T-033446-25,T2,Order,2026-02-11,https://d3hf2qahezjxpx.cloudfront.net/attachments/exportedBinaries20260723_175229/069N300000tV6JQIA0/LTB-T-033446-25-HR - February 11 2026.pdf,text,[],[],,,,no dollar amount found
LTB-T-058802-25,T2,Order,2026-01-12,https://d3hf2qahezjxpx.cloudfront.net/attachments/exportedBinaries20260723_175229/069N300000rbaFlIAI/LTB-T-058802-25-HR.pdf,text,[225.0],[],225.0,other,n abandoned.  Costs  2. The Landlord's Legal Representative is seeking costs of >>>$225.00<<< because the Tenant did  not advise the Landlord that the Tenant would be abando,"no operative section found, or it had no dollar mentions at all; fell back to full-document search; single candidate amount, no strong keyword match"
LTB-T-029727-23,T2,Amended Order,2026-03-20,https://d3hf2qahezjxpx.cloudfront.net/attachments/exportedBinaries20260723_175229/069N300000voOZOIA2/LTB-T-029727-23 AM.pdf,text,"[2000.0, 2000.0, 285.04, 10.0, 7117.49, 5000.0, 5344.5, 5000.0, 5000.0, 4000.0, 2500.0, 15344.5, 53.0, 35000.0, 10000.0, 35000.0, 10000.0, 35000.0, 500.0, 10000.0, 20397.5, 5000.0, 53.0, 15344.5, 35000.0]","[53.0, 5000.0, 53.0, 15344.5]",20397.5,stated_total,"ion to the Landlord.  2. The total amount the Landlord shall pay the Tenants is >>>$20,397.50<<<. This amount  represents:   •  $5,000.00 for reasonable out of pocket expenses;","no operative section found, or it had no dollar mentions at all; fell back to full-document search; explicit stated-total phrasing (""...is \$X"")"
LTB-T-028345-24,T2,Order,2026-03-20,https://d3hf2qahezjxpx.cloudfront.net/attachments/exportedBinaries20260723_175229/069N300000w22ywIAA/LTB-T-028345-24-Ex.pdf,text,[],[],,,,no dollar amount found
LTB-T-038587-23,T2,Order,2026-03-27,https://d3hf2qahezjxpx.cloudfront.net/attachments/exportedBinaries20260723_175229/069N300000wa5atIAA/LTB-T-038587-23 & LTB-T-005642-26.pdf,text,"[1801.87, 200.0, 52.6, 1600.0, 236.7, 52.6, 244.78, 56.58, 1721.0, 1085.98, 52.6, 1322.67, 244.78, 244.78, 244.78, 186.42, 431.2, 6250.0, 1801.87, 1322.67, 431.2, 48.0]","[431.2, 48.0]",1801.87,stated_total,"It is ordered that:  1. The total amount the Landlord shall pay the Tenant is >>>$1,801.87<<<. This amount represents:   •  $1,322.67 for a rent abatement.  •  $431.20 for c","found in operative 'It is ordered that' section; explicit stated-total phrasing (""...is \$X"")"
LTB-T-059852-25,T2,Order,2026-03-02,https://d3hf2qahezjxpx.cloudfront.net/attachments/exportedBinaries20260723_175229/069N300000uYfi8IAC/LTB-T-059852-25-HR.pdf,text,[],[],,,,no dollar amount found
LTB-T-061962-25,T2,Order,2026-03-25,https://d3hf2qahezjxpx.cloudfront.net/attachments/exportedBinaries20260723_175229/069N300000w7wafIAA/LTB-T-061962-25-HR.pdf,text,[],[],,,,no dollar amount found
LTB-T-049020-23,T2,Review Order,2026-03-10,"https://d3hf2qahezjxpx.cloudfront.net/attachments/exportedBinaries20260723_175229/069N300000vPc65IAC/LTB-T-049020-23, LTB-T-050471-23, LTB-L-098952-23, LTB-L-005537-24-RV.pdf",text,[2820.0],[],2820.0,other,"ant’s payments  were accounted for except one, which was the alleged payment of >>>$2,820.00<<< on July 4,  2023. However, the Member addressed this payment in the order at pa","no operative section found, or it had no dollar mentions at all; fell back to full-document search; single candidate amount, no strong keyword match"
LTB-T-071010-23,T2,Review Order,2026-02-27,https://d3hf2qahezjxpx.cloudfront.net/attachments/exportedBinaries20260723_175229/069N300000ukkCjIAI/LTB-T-071010-23-RV-HR2.pdf,text,"[200.0, 200.0, 200.0, 1512.97, 4200.0, 49.74, 1512.97, 49.74, 198.96, 700.0, 350.0, 548.96, 198.96, 350.0, 548.96]",[],548.96,stated_total,ced with this order.  34. The total amount the Landlord shall pay the Tenant is >>>$548.96<<<. This amount represents  $198.96 for rent abatement and $350.00 to reimburse fo,"found in operative 'It is ordered that' section; explicit stated-total phrasing (""...is \$X"")"
LTB-T-047825-22,T2,Order,2026-04-28,https://d3hf2qahezjxpx.cloudfront.net/attachments/exportedBinaries20260723_175229/069N300000yehQPIAY/LTB-T-047825-22-HR.pdf,text,"[5000.0, 450.0, 350.0, 50.0, 200.0, 5000.0, 300.0, 54.0, 800.0, 190.0, 345.0, 93.0, 400.0, 4000.0, 2500.0, 400.0, 50000.0, 1000.0, 4400.0, 400.0, 4000.0, 48.0, 2900.0, 400.0, 2500.0, 1000.0]",[48.0],4400.0,stated_total,"t is ordered that:  1. The total amount the Landlord shall pay the Tenant DP is >>>$4,400.00<<<. This amount  represents:   •  $400.00 for a rent abatement.  •  $4,000.00 for","found in operative 'It is ordered that' section; explicit stated-total phrasing (""...is \$X"")"
LTB-T-058785-25,T2,Order,2026-04-23,https://d3hf2qahezjxpx.cloudfront.net/attachments/exportedBinaries20260723_175229/069N300000yIaydIAC/LTB-T-058785-25-HR.pdf,text,[],[],,,,no dollar amount found
LTB-T-100598-24,T2,Review Order,2026-02-04,https://d3hf2qahezjxpx.cloudfront.net/attachments/exportedBinaries20260723_175229/069N300000tQaPxIAK/LTB-T-100598-24-RV - February 4 2026.pdf,text,[],[],,,,no dollar amount found
LTB-T-097353-25,T2,Review Order,2026-03-02,"https://d3hf2qahezjxpx.cloudfront.net/attachments/exportedBinaries20260723_175229/069N300000upKyyIAE/LTB-L-097900-25-RV, LTB-T-090638-25-RV & LTB-T-097353-25-RV - March 2 2026.pdf",text,[],[],,,,no dollar amount found
LTB-T-057003-23,T2,Order,2026-01-27,https://d3hf2qahezjxpx.cloudfront.net/attachments/exportedBinaries20260723_175229/069N300000soJN1IAM/LTB-T-057003-23-HR.pdf,text,[],[],,,,no dollar amount found
LTB-T-011982-26,T2,ExParte Order,2026-04-15,https://d3hf2qahezjxpx.cloudfront.net/attachments/exportedBinaries20260723_175229/069N300000xyZDsIAM/LTB-T-011982-26-EX.pdf,text,[],[],,,,no dollar amount found
LTB-T-024537-24,T2,Order,2026-04-24,"https://d3hf2qahezjxpx.cloudfront.net/attachments/exportedBinaries20260723_175229/069N300000yVDjGIAW/LTB-T-024537-24, LTB-T-104728-24 and LTB-L-034729-25-HR.pdf",text,"[2042.27, 22352.71, 3984.94, 18367.77, 18367.77, 3061.0, 3061.0, 3061.0, 3061.0, 3061.0, 3062.77]",[],3061.0,ambiguous-max,"amount set out in paragraph 1 in accordance with  the following schedule:   a) >>>$3,061.00<<< on May 20, 2026.    b) $3,061.00 on June 20, 2026.    c) $3,061.00 on July 20,","found in operative 'It is ordered that' section; multiple candidate amounts, took max — manual review advised"
LTB-T-083648-25,T2,Order,2026-03-19,https://d3hf2qahezjxpx.cloudfront.net/attachments/exportedBinaries20260723_175229/069N300000w3my6IAA/LTB-T-083648-25-HR.pdf,text,"[500.0, 250.0, 250.0]",[],500.0,remedy,"it is ordered that:  1. The Landlord shall pay the Tenants >>>$500.00<<<. This amount represents a rent abatement to  the period ending January 31, 2026",found in operative 'It is ordered that' section; matched expected keyword for category
LTB-T-060793-24,T2,Order,2026-04-24,https://d3hf2qahezjxpx.cloudfront.net/attachments/exportedBinaries20260723_175229/069N300000yYI4pIAG/LTB-T-092236-24-HR and LTB-T-060793-24-HR and LTB-L-068112-25-HR.pdf,text,[2900.0],[],2900.0,other,"plication (LTB-L-068112-25) is withdrawn.   4. The last months’ rent deposit of >>>$2,900.00<<< has been applied to the final month of the  tenancy, and the interest owing on","found in operative 'It is ordered that' section; single candidate amount, no strong keyword match"
LTB-T-009791-26,T2,Order,2026-03-02,https://d3hf2qahezjxpx.cloudfront.net/attachments/exportedBinaries20260723_175229/069N300000ulbvDIAQ/LTB-T-009791-26-HR.pdf,text,"[550.0, 500.0, 500.0, 48.0, 48.0]",[],48.0,ambiguous-max,"lord shall pay to the Tenant the cost to file the application in the amount of  >>>$48.00<<<.   7. The Landlord shall pay the Tenant the full amount owing by March 13, 2026","found in operative 'It is ordered that' section; multiple candidate amounts, took max — manual review advised"
LTB-T-000893-26,T2,Order,2026-02-06,https://d3hf2qahezjxpx.cloudfront.net/attachments/exportedBinaries20260723_175229/069N300000tZOCoIAO/LTB-L-005842-26_LTB-T-000893-26- February 6 2026.doc.pdf,text,"[2400.0, 78.9, 2400.0, 2400.0, 2400.0, 56.34, 78.9]",[],,,,operative section found but contained only fee/rate/boilerplate amounts — likely no lump sum ordered
LTB-T-069512-24,T2,Order,2026-04-08,https://d3hf2qahezjxpx.cloudfront.net/attachments/exportedBinaries20260723_175229/069N300000x1CbeIAE/LTB-T-023062-23 and LTB-T-069512-24 - April 8 2026.pdf,text,"[4198.0, 227.0, 115.0, 250.0, 500.0, 492.0, 4198.0, 4150.0, 48.0]","[4150.0, 48.0]",4198.0,stated_total,"It is ordered that:    1. The total amount the Landlord shall pay the Tenant is >>>$4,198.00<<<. This amount represents:     •  $4,150.00 for a rent abatement.  •  $48.00 for","found in operative 'It is ordered that' section; explicit stated-total phrasing (""...is \$X"")"
LTB-T-032817-25,T2,Order,2026-01-15,https://d3hf2qahezjxpx.cloudfront.net/attachments/exportedBinaries20260723_175229/069N300000rtAwLIAU/LTB-T-032817-25-cert.pdf,text,[],[],,,,no dollar amount found
LTB-T-058488-25,T2,Review Order,2026-05-26,https://d3hf2qahezjxpx.cloudfront.net/attachments/exportedBinaries20260723_175229/069N3000010Y8FgIAK/LTB-T-058488-25-RV.pdf,text,[],[],,,,no dollar amount found
LTB-T-039619-25,T2,Order,2026-01-16,https://d3hf2qahezjxpx.cloudfront.net/attachments/exportedBinaries20260723_175229/069N300000sBtZyIAK/LTB-T-039619-25-HR.pdf,text,[],[],,,,no dollar amount found
LTB-T-087409-25,T2,Order,2026-05-29,https://d3hf2qahezjxpx.cloudfront.net/attachments/exportedBinaries20260723_175229/069N3000010aBfcIAE/LTB-T-087409-25-HR - May 29 2026.pdf,text,[],[],,,,no dollar amount found
LTB-T-084221-25,T2,Order,2026-05-12,https://d3hf2qahezjxpx.cloudfront.net/attachments/exportedBinaries20260723_175229/069N300000zPjA8IAK/LTB-T-084221-25-HR.pdf,text,[],[],,,,no dollar amount found
LTB-T-002934-25,T2,Order,2026-03-03,https://d3hf2qahezjxpx.cloudfront.net/attachments/exportedBinaries20260723_175229/069N300000uh2khIAA/LTB-T-002934-25-HR - March 3 2026 (2).doc.pdf,text,[],[],,,,no dollar amount found
LTB-T-029088-25,T2,Order,2026-04-21,https://d3hf2qahezjxpx.cloudfront.net/attachments/exportedBinaries20260723_175229/069N300000y6bomIAA/LTB-T-029088-25-HR.pdf,text,[],[],,,,no dollar amount found
LTB-T-018684-25,T2,Order,2026-05-12,https://d3hf2qahezjxpx.cloudfront.net/attachments/exportedBinaries20260723_175229/069N300000zNZGXIA4/LTB-T-018684-25-HR.pdf,text,[],[],,,,no dollar amount found
LTB-T-037176-25,T2,Order,2026-05-06,https://d3hf2qahezjxpx.cloudfront.net/attachments/exportedBinaries20260723_175229/069N300000z0sRtIAI/LTB-T-037176-25-HR - April 29 2026.pdf,text,[],[],,,,no dollar amount found
LTB-T-007793-25,T2,Order,2026-04-21,"https://d3hf2qahezjxpx.cloudfront.net/attachments/exportedBinaries20260723_175229/069N300000xqpZGIAY/LTB-T-007793-25-EX April 21, 2026.pdf",text,[],[],,,,no dollar amount found
LTB-T-075101-24,T2,Review Order,2026-01-28,https://d3hf2qahezjxpx.cloudfront.net/attachments/exportedBinaries20260723_175229/069N300000t1H93IAE/LTB-T-075101-24-RV - January 28 2026 - certified copy.pdf,text,[],[],,,,no dollar amount found
LTB-T-036975-26,T2,Order,2026-05-20,https://d3hf2qahezjxpx.cloudfront.net/attachments/exportedBinaries20260723_175229/069N30000102YhpIAE/LTB-T-036975-26-HR.pdf,text,"[7000.0, 400.0, 800.0, 600.0, 200.0, 400.0, 1200.0, 1200.0, 600.0, 600.0, 600.0, 600.0, 1200.0, 600.0, 1200.0, 600.0, 600.0, 800.0, 1200.0, 600.0, 600.0]",[],7000.0,ambiguous-max,"e.  11. The parties occupied the house in December 2025. The Applicant provided >>>$7,000<<< toward  the downpayment. This amount was later returned to her.  12. The Applic","no operative section found, or it had no dollar mentions at all; fell back to full-document search; multiple candidate amounts, took max — manual review advised"
LTB-T-084611-24,T2,Order,2026-02-23,https://d3hf2qahezjxpx.cloudfront.net/attachments/exportedBinaries20260723_175229/069N300000uQf5qIAC/LTB-T-084611-24-HR.pdf,text,"[35.0, 175.0, 675.0, 75.0, 600.0, 75.0, 1338.0, 490.0, 35.0, 848.0, 1338.0, 1461.0, 1338.0, 75.0, 48.0, 487.0]",[48.0],1461.0,stated_total,"It is ordered that:  1. The total amount the Landlord shall pay the Tenant is >>>$1,461.00<<<. This amount represents:   •  $1,338.00 for a rent abatement.  •  $75.00 for th","found in operative 'It is ordered that' section; explicit stated-total phrasing (""...is \$X"")"
LTB-T-032299-25,T2,Review Order,2026-01-09,https://d3hf2qahezjxpx.cloudfront.net/attachments/exportedBinaries20260723_175229/069N300000r5VStIAM/LTB-T-032299-25-RV2 - January 9 2026.pdf,text,[],[],,,,no dollar amount found
LTB-T-009352-25,T2,Review Order,2026-01-05,https://d3hf2qahezjxpx.cloudfront.net/attachments/exportedBinaries20260723_175229/069N300000rRmTYIA0/LTB-T-009352-25-RV - January 5 2026.pdf,text,[],[],,,,no dollar amount found
LTB-T-065730-25,T2,Order,2026-03-06,https://d3hf2qahezjxpx.cloudfront.net/attachments/exportedBinaries20260723_175229/069N300000v3T39IAE/LTB-T-065730-25-HR.pdf,text,[],[],,,,no dollar amount found
LTB-T-074263-23,T2,Order,2026-05-05,https://d3hf2qahezjxpx.cloudfront.net/attachments/exportedBinaries20260723_175229/069N300000z2eWBIAY/LTB-T-074263-23-HR - May 5 2026.pdf,text,[],[],,,,no dollar amount found
LTB-T-008701-24,T2,Review Order,2026-01-19,https://d3hf2qahezjxpx.cloudfront.net/attachments/exportedBinaries20260723_175229/069N300000s4CbOIAU/LTB-T-008701-24-RV and LTB-T-063131-25-HR certified.pdf,text,[],[],,,,no dollar amount found
LTB-T-073014-25,T2,Order,2026-03-30,https://d3hf2qahezjxpx.cloudfront.net/attachments/exportedBinaries20260723_175229/069N300000wmeHyIAI/LTB-L-097491-25 & LBT-T-0730414-25_Consent Order Certified.pdf,text,"[4000.0, 131.51, 4000.0, 28000.0, 186.0, 4000.0, 80.55, 23473.75, 131.51, 27287.75, 186.0, 4000.0, 80.55, 23473.75, 131.51]","[27287.75, 186.0, 4000.0]",,,,"found in operative 'It is ordered that' section; only opposite-direction amount(s) found (money flowing the other way, likely a combined hearing) — no correctly-directed amount found; largest opposite-direction figure was \$23,473.75, excluded"
LTB-T-049020-23,T2,Order,2026-03-04,https://d3hf2qahezjxpx.cloudfront.net/attachments/exportedBinaries20260723_175229/069N300000uza1WIAQ/LTB-T-049020-23_HR - LTB-T-050471-23_HR -  LTB-L-098952-23_HR - LTB-L-005537-24_HR Certified.pdf,text,[2820.0],[],2820.0,other,"ant’s payments  were accounted for except one, which was the alleged payment of >>>$2,820.00<<< on July 4,  2023. However, the Member addressed this payment in the order at pa","no operative section found, or it had no dollar mentions at all; fell back to full-document search; single candidate amount, no strong keyword match"
LTB-T-056658-25,T2,Order,2026-04-30,https://d3hf2qahezjxpx.cloudfront.net/attachments/exportedBinaries20260723_175229/069N300000ykCgNIAU/LTB-T-056658-25-HR - April 30 2026.pdf,text,[],[],,,,no dollar amount found
LTB-T-027453-26,T2,Order,2026-05-14,https://d3hf2qahezjxpx.cloudfront.net/attachments/exportedBinaries20260723_175229/069N300000zOZgFIAW/LTB-T-101937-25_LTB-T-027453-26HR.pdf,text,[1355.0],[],1355.0,other,"It is ordered on consent that:  1.  The Landlord shall pay to the Tenant, >>>$1,355.00<<<, by electronic transfer, on or before May  7, 2026.     File Number: LTB-T-1019","found in operative 'It is ordered that' section; single candidate amount, no strong keyword match"
LTB-T-072597-25,T2,Order,2026-05-07,https://d3hf2qahezjxpx.cloudfront.net/attachments/exportedBinaries20260723_175229/069N300000zCaUUIA0/LTB-T-072597-25-HR.pdf,text,[384.4],[],384.4,stated_total,"red on consent that:  1.  The total amount the Landlord shall pay the Tenant is >>>$384.40<<<.  2. The Landlord shall pay the full amount owing on or before May 11, 2026.  3","found in operative 'It is ordered that' section; explicit stated-total phrasing (""...is \$X"")"
LTB-T-080480-25,T2,Order,2026-03-27,https://d3hf2qahezjxpx.cloudfront.net/attachments/exportedBinaries20260723_175229/069N300000wMGPhIAO/LTB-T-080480-25-HR.pdf,text,[300.0],[],,,,"found in operative 'It is ordered that' section; only opposite-direction amount(s) found (money flowing the other way, likely a combined hearing) — no correctly-directed amount found; largest opposite-direction figure was \$300.00, excluded"
LTB-T-038380-25,T2,Order,2026-01-16,https://d3hf2qahezjxpx.cloudfront.net/attachments/exportedBinaries20260723_175229/069N300000sBbMxIAK/LTB-T-038380-25-HR.pdf,text,[],[],,,,no dollar amount found
LTB-T-054976-25,T2,Order,2026-02-18,https://d3hf2qahezjxpx.cloudfront.net/attachments/exportedBinaries20260723_175229/069N300000tvrHdIAI/LTB-T-054976-25-HR - February 18 2026 (1).doc.pdf,text,[],[],,,,no dollar amount found
LTB-T-039933-23,T2,Review Order,2026-01-06,https://d3hf2qahezjxpx.cloudfront.net/attachments/exportedBinaries20260723_175229/069N300000qyFRHIA2/LTB-T-039933-23_RV.pdf,text,[],[],,,,no dollar amount found
LTB-T-042814-25,T2,Order,2026-02-03,https://d3hf2qahezjxpx.cloudfront.net/attachments/exportedBinaries20260723_175229/069N300000t5MRdIAM/LTB-T-042814-25-HR.pdf,text,[],[],,,,no dollar amount found
LTB-T-081311-24,T2,Order,2026-01-26,https://d3hf2qahezjxpx.cloudfront.net/attachments/exportedBinaries20260723_175229/069N300000sOHAUIA4/LTB-T-081311-24-HRs.pdf,text,[],[],,,,no dollar amount found
LTB-T-005561-24,T2,Order,2026-01-26,https://d3hf2qahezjxpx.cloudfront.net/attachments/exportedBinaries20260723_175229/069N300000seHMXIA2/LTB-T-005561-24-EX_cert.pdf,text,[],[],,,,no dollar amount found
LTB-T-043366-25,T2,Order,2026-02-19,https://d3hf2qahezjxpx.cloudfront.net/attachments/exportedBinaries20260723_175229/069N300000uEcoOIAS/LTB-T-043366-25-HR - November 26 2025.pdf,text,"[15151.39, 5000.0, 1000.0, 1000.0, 1100.0, 1500.0, 6000.0, 500.0, 901.39, 1000.0, 2000.0, 150.0, 50000.0, 1100.0, 1000.0, 901.39, 1000.0, 100.0, 50000.0, 5000.0, 50000.0, 15199.39, 1100.0, 6000.0, 150.0, 2901.39, 5000.0, 48.0]","[5000.0, 48.0]",15199.39,stated_total,"It is ordered that:  1. The total amount the Landlord shall pay the Tenant is >>>$15,199.39<<<. This amount  represents:   •  $1,100.00 for the reasonable costs that the Tena","found in operative 'It is ordered that' section; explicit stated-total phrasing (""...is \$X"")"
LTB-T-069219-25,T2,Order,2026-04-10,https://d3hf2qahezjxpx.cloudfront.net/attachments/exportedBinaries20260723_175229/069N300000x33CSIAY/LTB-T-069219-25 HR.pdf,text,[],[],,,,no dollar amount found
LTB-T-081289-25,T2,Review Order,2026-03-19,https://d3hf2qahezjxpx.cloudfront.net/attachments/exportedBinaries20260723_175229/069N300000w0SW3IAM/LTB-T-081289-25-RV2 - March 19 2026.pdf,text,[],[],,,,no dollar amount found
LTB-T-056565-25,T2,Order,2026-04-01,https://d3hf2qahezjxpx.cloudfront.net/attachments/exportedBinaries20260723_175229/069N300000wZEy3IAG/LTB-T-056565-25-HR - April 1 2026.pdf,text,[],[],,,,no dollar amount found
LTB-T-059270-24,T2,Amended Order,2026-03-20,https://d3hf2qahezjxpx.cloudfront.net/attachments/exportedBinaries20260723_175229/069N300000w3musIAA/LTB-T-059270-24-HR - AM- CERT.pdf,text,[],[],,,,no dollar amount found
LTB-T-039338-22,T2,Order,2026-03-26,https://d3hf2qahezjxpx.cloudfront.net/attachments/exportedBinaries20260723_175229/069N300000wM6JvIAK/LTB-T-039338-22_LTB-T-038472-24-HR.pdf,text,[],[],,,,no dollar amount found
LTB-T-028596-23,T2,Order,2026-02-25,https://d3hf2qahezjxpx.cloudfront.net/attachments/exportedBinaries20260723_175229/069N300000uMxkMIAS/LTB-T-028596-23HR.pdf,text,[600.0],[],600.0,other,"It is ordered on consent that:  1. The Landlords shall pay to the Tenant >>>$600.00<<<, by electronic transfer, on or before  February 21, 2026.  2. If the Landlords","found in operative 'It is ordered that' section; single candidate amount, no strong keyword match"
LTB-T-076889-23,T2,Order,2026-01-28,https://d3hf2qahezjxpx.cloudfront.net/attachments/exportedBinaries20260723_175229/069N300000sn9O9IAI/LTB-L-092168-23 et al-HR signed.pdf,text,"[30000.0, 2861.97, 250.0, 40000.0, 30000.0, 40000.0, 10000.0, 40000.0, 40000.0, 40000.0, 40000.0, 1250.0, 30000.0, 40000.0, 10000.0, 40000.0, 40000.0, 40000.0, 40000.0, 40000.0, 10000.0, 40000.0, 40000.0, 20000.0, 40000.0, 20000.0, 5000.0, 1668.95, 1193.02, 50000.0, 2861.97, 1250.0]",[],2861.97,ambiguous-max,"is ordered that:  1.  LTB-L-092168-23 is dismissed.  2.  The Landlord shall pay >>>$2,861.97<<< to the Tenant.  If the Landlord does not pay the Tenant  the full amount on or","found in operative 'It is ordered that' section; multiple candidate amounts, took max — manual review advised"
LTB-T-008434-25,T2,Order,2026-03-24,https://d3hf2qahezjxpx.cloudfront.net/attachments/exportedBinaries20260723_175229/069N300000vxPCrIAM/LTB-T-008434-25-HR.pdf,text,[],[],,,,no dollar amount found
LTB-T-093479-25,T2,Review Order,2026-01-15,https://d3hf2qahezjxpx.cloudfront.net/attachments/exportedBinaries20260723_175229/069N300000sDmFvIAK/LTB-T-093479-25-RV - January 15 2026.pdf,text,[],[],,,,no dollar amount found
LTB-T-051345-25,T2,Order,2026-01-07,https://d3hf2qahezjxpx.cloudfront.net/attachments/exportedBinaries20260723_175229/069N300000qwUmFIAU/LTB-T-051345-25.pdf,text,[],[],,,,no dollar amount found
LTB-T-047478-24,T2,Order,2026-03-26,https://d3hf2qahezjxpx.cloudfront.net/attachments/exportedBinaries20260723_175229/069N300000wKd74IAC/LTB-T-047478-24 LTB-T-059545-24 LTB-T-089177-24 LTB-T-091558-24 LTB-T-094935-24_HR.pdf,text,[],[],,,,no dollar amount found
LTB-T-091411-23,T2,Order,2026-03-09,https://d3hf2qahezjxpx.cloudfront.net/attachments/exportedBinaries20260723_175229/069N300000vBXflIAG/LTB-T-091411-23.pdf,text,"[15200.0, 15200.0, 12480.0, 12480.0, 900.0, 900.0, 100.0, 1000.0, 1200.0, 1200.0, 1800.0, 1600.0, 1600.0, 1600.0, 400.0, 1600.0, 2556.84]",[],12480.0,remedy,"ntenance issues.   3. The Tenants are seeking a rent abatement in the amount of >>>$12,480.00<<<.  4. The Tenants are no longer in possession of the rental unit, having vacated","no operative section found, or it had no dollar mentions at all; fell back to full-document search; matched expected keyword for category"
LTB-T-070732-25,T6,Order,2026-03-25,https://d3hf2qahezjxpx.cloudfront.net/attachments/exportedBinaries20260723_175229/069N300000wRk8cIAC/LTB-L-079946-25-HR.pdf,text,"[2595.38, 85.33, 2595.38, 7874.0, 15057.38, 17652.76, 14424.59, 85.33, 22298.59, 7874.0, 14424.59, 50000.0, 85.33]",[],22298.59,ambiguous-max,"t pay as the tenancy is terminated  Rent Owing to Hearing Date, March 23, 2026  >>>$22,298.59<<<  Less the amount the Tenant paid to the Landlord since the  application was fil","found in operative 'It is ordered that' section; multiple candidate amounts, took max — manual review advised"
LTB-T-064320-23,T6,Order,2026-01-23,https://d3hf2qahezjxpx.cloudfront.net/attachments/exportedBinaries20260723_175229/069N300000sS2B4IAK/LTB-T-064320-23_Consent - January 23 2026.doc.pdf,text,"[678.0, 600.0, 78.0]",[],678.0,ambiguous-max,The Landlord shall be responsible to pay six hundred and seventy-eight dollars >>>$678.00<<<  ($600.00 plus HST of $78.00) towards the cost of the carpet directly to Hucker,"found in operative 'It is ordered that' section; multiple candidate amounts, took max — manual review advised"
LTB-T-052436-23,T6,Order,2026-01-07,https://d3hf2qahezjxpx.cloudfront.net/attachments/exportedBinaries20260723_175229/069N300000rOqerIAC/LTB-T-059581-23 & LTB-T-052436-23.pdf,text,"[16578.74, 50.0, 60.0, 4358.41, 10289.7, 423.0, 100.0, 275.0, 275.0, 108.0, 523.0, 237.0, 14.31, 89.24, 100.19, 440.74, 850.0, 306.0, 230.0, 7800.0, 16578.74, 306.0, 7800.0, 440.74, 523.0, 48.0]",[48.0],16578.74,stated_total,"It is ordered that:  1. The total amount the Landlord shall pay the Tenant is >>>$16,578.74<<< This amount represents:   •  $3060.00 for a rent abatement.  •  $7,800.00 for i","found in operative 'It is ordered that' section; explicit stated-total phrasing (""...is \$X"")"
LTB-T-051507-25,T6,Order,2026-05-14,https://d3hf2qahezjxpx.cloudfront.net/attachments/exportedBinaries20260723_175229/069N300000zMt18IAC/LTB-T-051507-25 - May 14 2026.pdf,text,[],[],,,,no dollar amount found
LTB-T-006452-26,T6,Order,2026-05-28,https://d3hf2qahezjxpx.cloudfront.net/attachments/exportedBinaries20260723_175229/069N3000010fUxjIAE/LTB-T-006452-26-HR_Fr.pdf,text,[],[],,,,no dollar amount found
LTB-T-047514-25,T6,Order,2026-05-05,https://d3hf2qahezjxpx.cloudfront.net/attachments/exportedBinaries20260723_175229/069N300000z0wtiIAA/LTB-T-047514-25-HR.pdf,text,[],[],,,,no dollar amount found
LTB-T-078887-25,T6,Order,2026-03-12,https://d3hf2qahezjxpx.cloudfront.net/attachments/exportedBinaries20260723_175229/069N300000vRvxXIAS/LTB-T-078887-25-HR.pdf,text,[],[],,,,no dollar amount found
LTB-T-067989-25,T6,Order,2026-03-17,https://d3hf2qahezjxpx.cloudfront.net/attachments/exportedBinaries20260723_175229/069N300000vnVRgIAM/LTB-T-067989-25-ENG.pdf,text,[],[],,,,no dollar amount found
LTB-T-060188-25,T6,Order,2026-05-07,https://d3hf2qahezjxpx.cloudfront.net/attachments/exportedBinaries20260723_175229/069N300000yvhLpIAI/LTB-T-060188-25-HR.pdf,text,[],[],,,,no dollar amount found
LTB-T-015699-24,T6,Order,2026-01-09,https://d3hf2qahezjxpx.cloudfront.net/attachments/exportedBinaries20260723_175229/069N300000rms2nIAA/LTB-T-015699-24-HR - January 9 2026_.pdf,text,"[2375.0, 8000.0, 1200.0, 2780.0, 3600.0, 600.0, 648.0, 600.0, 48.0]",[48.0],648.0,stated_total,It is ordered that:  1. The Landlord shall pay the Tenant is >>>$648.00<<<. This amount represents:   •  $600.00 related to out-of-pocket expenses that th,"found in operative 'It is ordered that' section; explicit stated-total phrasing (""...is \$X"")"
LTB-T-060426-25,T6,Order,2026-01-30,https://d3hf2qahezjxpx.cloudfront.net/attachments/exportedBinaries20260723_175229/069N300000t4l0jIAA/LTB-T-060426-25-HR.pdf,text,[],[],,,,no dollar amount found
LTB-T-070766-25,T6,Order,2026-03-03,"https://d3hf2qahezjxpx.cloudfront.net/attachments/exportedBinaries20260723_175229/069N300000uh6I3IAI/LTB-T-070753-25, LTB-T-070766-25-HR.pdf",text,[],[],,,,no dollar amount found
LTB-T-101719-24,T6,Order,2026-01-30,https://d3hf2qahezjxpx.cloudfront.net/attachments/exportedBinaries20260723_175229/069N300000t5jPsIAI/LTB-T-101719-24-HR.pdf,text,"[9470.98, 3200.0, 10000.0]",[],9470.98,remedy,"e addition of compensation claims, including a rent  abatement in the amount of >>>$9,470.98<<< and general compensation of $3,200.00. No  amendments were proposed to the mate","no operative section found, or it had no dollar mentions at all; fell back to full-document search; matched expected keyword for category"
LTB-T-079100-25,T6,Order,2026-05-15,https://d3hf2qahezjxpx.cloudfront.net/attachments/exportedBinaries20260723_175229/069N300000zoPphIAE/LTB-T-079100-25-HR - May 15 2026.pdf,text,[],[],,,,no dollar amount found
LTB-T-068138-25,T6,Order,2026-04-30,https://d3hf2qahezjxpx.cloudfront.net/attachments/exportedBinaries20260723_175229/069N300000ykUYYIA2/LTB-T-068138-25-HR - April 30 2026.pdf,text,[279.45],[],279.45,remedy,"consent.     On consent, it is ordered:  1. The Landlords shall pay the Tenants >>>$279.45<<< for a rent abatement on or by April 30, 2026.  2. If the Landlords do not pay t","no operative section found, or it had no dollar mentions at all; fell back to full-document search; matched expected keyword for category"
LTB-T-006811-23,T6,Order,2026-05-25,https://d3hf2qahezjxpx.cloudfront.net/attachments/exportedBinaries20260723_175229/069N3000010PTb1IAG/LTB-T-006811-23-HR certified.pdf,text,"[2808.0, 293.19]",[],2808.0,remedy,"ants. The remedies within my  jurisdiction to grant are an abatement of rent of >>>$2,808.00<<<, out-of-pocket expenses of  $293.19, an order for the Landlord to resolve the c","no operative section found, or it had no dollar mentions at all; fell back to full-document search; matched expected keyword for category"
LTB-T-028949-22,T6,Order,2026-01-28,https://d3hf2qahezjxpx.cloudfront.net/attachments/exportedBinaries20260723_175229/069N300000smXM0IAM/LTB-T-028949-22 and LTB-T-053017-22-HR signed.pdf,text,"[1412.2, 900.0, 100.0, 1000.0]",[],1000.0,other,"It is ordered that:  1.  The Landlords shall pay the Tenant >>>$1,000.00<<<.  If the Landlord does not pay the Tenant the  full amount on or before Februar","found in operative 'It is ordered that' section; single candidate amount, no strong keyword match"
LTB-T-057827-25,T6,Order,2026-05-07,https://d3hf2qahezjxpx.cloudfront.net/attachments/exportedBinaries20260723_175229/069N300000ytduKIAQ/LTB-T-057827-25- May 7 2026.pdf,text,[],[],,,,no dollar amount found
LTB-T-043382-25,T6,Order,2026-05-04,https://d3hf2qahezjxpx.cloudfront.net/attachments/exportedBinaries20260723_175229/069N300000yt001IAA/LTB-T-043382-25-HR.pdf,text,"[5325.9, 1320.0, 2670.6, 1335.3, 5325.9, 5325.9]",[1335.3],5325.9,remedy,"It is ordered that:  1. The Landlord shall pay the Tenants >>>$5,325.90<<< This amount represents:   •  $5,325.90 for a rent abatement for the period endi",found in operative 'It is ordered that' section; matched expected keyword for category
LTB-T-058234-25,T6,Order,2026-04-21,https://d3hf2qahezjxpx.cloudfront.net/attachments/exportedBinaries20260723_175229/069N300000yJzwTIAS/LTB-T-058234-25-HR.pdf,text,[],[],,,,no dollar amount found
LTB-T-008755-25,T6,Order,2026-03-25,https://d3hf2qahezjxpx.cloudfront.net/attachments/exportedBinaries20260723_175229/069N300000w4SSYIA2/LTB-T-008755-25-HR.pdf,text,[],[],,,,no dollar amount found
LTB-T-027791-24,T6,Order,2026-05-04,https://d3hf2qahezjxpx.cloudfront.net/attachments/exportedBinaries20260723_175229/069N300000ytrfTIAQ/LTB-T-027791-24-HR - May 4 2026.pdf,text,[],[],,,,no dollar amount found
LTB-T-084198-25,T6,Order,2026-03-26,https://d3hf2qahezjxpx.cloudfront.net/attachments/exportedBinaries20260723_175229/069N300000w9gzXIAQ/LTB-T-084198-25-HR.pdf,text,[],[],,,,no dollar amount found
LTB-T-070131-24,T6,Order,2026-03-23,https://d3hf2qahezjxpx.cloudfront.net/attachments/exportedBinaries20260723_175229/069N300000vv3uoIAA/LTB-T-070131-24.pdf,text,[],[],,,,no dollar amount found
LTB-T-065561-25,T6,Order,2026-01-19,https://d3hf2qahezjxpx.cloudfront.net/attachments/exportedBinaries20260723_175229/069N300000sHNHUIA4/LTB-T-065561-25-cert.pdf,text,[],[],,,,no dollar amount found
LTB-T-084708-25,T6,Order,2026-03-19,https://d3hf2qahezjxpx.cloudfront.net/attachments/exportedBinaries20260723_175229/069N300000vvkOfIAI/LTB-T-084708-25.pdf,text,[],[],,,,no dollar amount found
LTB-T-102153-24,T6,Order,2026-03-03,https://d3hf2qahezjxpx.cloudfront.net/attachments/exportedBinaries20260723_175229/069N300000ukK5HIAU/LTB-T-102153-24-HR - March 3 2026.pdf,text,[],[],,,,no dollar amount found
LTB-T-076682-25,T6,Order,2026-05-04,https://d3hf2qahezjxpx.cloudfront.net/attachments/exportedBinaries20260723_175229/069N300000yuBRKIA2/LTB-T-076682-25-HR.pdf,text,[],[],,,,no dollar amount found
LTB-T-047111-25,T6,Order,2026-02-02,https://d3hf2qahezjxpx.cloudfront.net/attachments/exportedBinaries20260723_175229/069N300000symdtIAA/LTB-T-047111-25-HR_cert.pdf,text,[],[],,,,no dollar amount found
LTB-T-056920-25,T6,Order,2026-02-20,https://d3hf2qahezjxpx.cloudfront.net/attachments/exportedBinaries20260723_175229/069N300000u8EDfIAM/LTB-T-056920-25-LTB-T-052004-25-HR - February 20 2026.pdf,text,[2000.0],[],2000.0,other,"e 2 of 2       4. The parties agree that the Landlords shall pay to the Tenants >>>$2,000.00<<< on or before April  30, 2026, subject to the following conditions:  5. Should t","found in operative 'It is ordered that' section; single candidate amount, no strong keyword match"
LTB-T-010537-26,T6,Order,2026-04-23,https://d3hf2qahezjxpx.cloudfront.net/attachments/exportedBinaries20260723_175229/069N300000yO69pIAC/LTB-T-010537-26-HR - April 23 2026.pdf,text,[],[],,,,no dollar amount found
LTB-T-000565-25,T6,Order,2026-02-04,https://d3hf2qahezjxpx.cloudfront.net/attachments/exportedBinaries20260723_175229/069N300000tBS7mIAG/LTB-T-000565-25-HR.pdf,text,[],[],,,,no dollar amount found
LTB-T-104229-24,T6,Order,2026-02-06,https://d3hf2qahezjxpx.cloudfront.net/attachments/exportedBinaries20260723_175229/069N300000tDefvIAC/LTB-T-104229-24-HR - February 6 2026.pdf,text,"[1700.0, 750.0, 798.0, 750.0, 48.0]",[48.0],798.0,stated_total,It is ordered that:  1. The Landlords shall pay the Tenant is >>>$798.00<<<. This amount represents:   •  $750 for a rent abatement for the period ending N,"found in operative 'It is ordered that' section; explicit stated-total phrasing (""...is \$X"")"
LTB-T-048467-24,T6,Order,2026-01-15,https://d3hf2qahezjxpx.cloudfront.net/attachments/exportedBinaries20260723_175229/069N300000s4PGvIAM/LTB-T-048467-24-HR.pdf,text,[476.1],[],476.1,other,"red an appliance company to complete the repair  and incurred expenses totaling >>>$476.10<<<. Although the Landlord initially agreed to reimburse  him for these costs, the","no operative section found, or it had no dollar mentions at all; fell back to full-document search; single candidate amount, no strong keyword match"
LTB-T-073060-25,T6,Order,2026-01-09,https://d3hf2qahezjxpx.cloudfront.net/attachments/exportedBinaries20260723_175229/069N300000r6IN9IAM/LTB-T-073060-25-HR.pdf,text,[],[],,,,no dollar amount found
LTB-T-083655-25,T6,Amended Order,2026-05-28,https://d3hf2qahezjxpx.cloudfront.net/attachments/exportedBinaries20260723_175229/069N3000010iQcdIAE/LTB-T-083655-25 HR AM.pdf,text,[3250.0],[],3250.0,other,"onsent that:  1. The Landlord shall pay to the Tenant by e-transfer, the sum of >>>$3,250.00<<<, on or before  April 17, 2026.  2. If the Landlord does not pay the Tenant the","found in operative 'It is ordered that' section; single candidate amount, no strong keyword match"
LTB-T-015733-22,T6,Order,2026-01-23,https://d3hf2qahezjxpx.cloudfront.net/attachments/exportedBinaries20260723_175229/069N300000sVc5DIAS/LTB-T-015733-22-HR.pdf,text,"[537.73, 489.73, 48.0]","[489.73, 48.0]",537.73,remedy,It is ordered that:  1. The Landlord shall pay to the Tenants >>>$537.73<<<. This amount represents:   •  $489.73 for a rent abatement.  •  $48.00 for the,found in operative 'It is ordered that' section; matched expected keyword for category
LTB-T-068076-25,T6,Order,2026-03-11,https://d3hf2qahezjxpx.cloudfront.net/attachments/exportedBinaries20260723_175229/069N300000vJ54nIAC/LTB-T-068076-25-HR - March 11 2026.pdf,text,[],[],,,,no dollar amount found
LTB-T-032033-24,T6,Order,2026-02-02,https://d3hf2qahezjxpx.cloudfront.net/attachments/exportedBinaries20260723_175229/069N300000tBSaqIAG/LTB-L-079276-23-HR.pdf,text,"[2486.0, 4011.48, 169.5, 508.5, 678.0, 3390.0, 50.0, 50.0, 50.0, 804.6, 1206.9, 824.7, 825.3, 2804.58, 4011.48, 2486.0, 4011.48, 1525.48]",[],4011.48,ambiguous-max,"amount owing by the Landlords to the Tenants.  3. The Landlords owe the Tenants >>>$4,011.48<<< for a rent abatement.  This amount shall be  reduced by the amount owing by the","found in operative 'It is ordered that' section; multiple candidate amounts, took max — manual review advised"
LTB-T-063428-25,T6,Order,2026-02-12,https://d3hf2qahezjxpx.cloudfront.net/attachments/exportedBinaries20260723_175229/069N300000tRB1QIAW/LTB-T-063428-25_HR-CERT.pdf,text,[377.42],[],377.42,other,"on for the resolution of this application, the Landlord will pay to the Tenant  >>>$377.42<<< to be paid within 30 days of the issuance of this order, such payment shall be","found in operative 'It is ordered that' section; single candidate amount, no strong keyword match"
LTB-T-101327-25,T6,Review Order,2026-01-19,https://d3hf2qahezjxpx.cloudfront.net/attachments/exportedBinaries20260723_175229/069N300000sUtJWIA0/LTB-T-101327-25-RV.pdf,text,[],[],,,,no dollar amount found
LTB-T-064795-25,T6,Order,2026-03-11,https://d3hf2qahezjxpx.cloudfront.net/attachments/exportedBinaries20260723_175229/069N300000ut2sAIAQ/LTB-T-064795-25-HR.pdf,text,"[104.0, 180.0, 1802.0, 100.0, 180.0, 1048.0, 1000.0, 48.0]",[48.0],1048.0,stated_total,"It is ordered that:  1. The Landlord shall pay the Tenant is >>>$1,048.00<<< This amount represents:   •  $1,000.00 for the reasonable out-of-pocket expense","found in operative 'It is ordered that' section; explicit stated-total phrasing (""...is \$X"")"
LTB-T-079870-25,T6,Order,2026-02-13,https://d3hf2qahezjxpx.cloudfront.net/attachments/exportedBinaries20260723_175229/069N300000tmcpkIAA/LTB-T-079870-25-HR-cert.pdf,text,[],[],,,,no dollar amount found
LTB-T-067754-25,T6,Order,2026-02-03,https://d3hf2qahezjxpx.cloudfront.net/attachments/exportedBinaries20260723_175229/069N300000tFJCLIA4/LTB-T-067754-25-HR.pdf,text,[],[],,,,no dollar amount found
LTB-T-079243-25,T6,Order,2026-03-17,https://d3hf2qahezjxpx.cloudfront.net/attachments/exportedBinaries20260723_175229/069N300000vVwjdIAC/LTB-T-079243-25-HR.pdf,text,[],[],,,,no dollar amount found
LTB-T-062467-24,T6,Order,2026-01-15,https://d3hf2qahezjxpx.cloudfront.net/attachments/exportedBinaries20260723_175229/069N300000rwmDxIAI/LTB-T-062467-24_HR.pdf,text,[],[],,,,no dollar amount found
LTB-T-032575-25,T6,Order,2026-04-14,https://d3hf2qahezjxpx.cloudfront.net/attachments/exportedBinaries20260723_175229/069N300000xXc4bIAC/LTB-T-032575-25.Signed.Certified.pdf,text,[],[],,,,no dollar amount found
LTB-T-047177-25,T6,Order,2026-01-29,https://d3hf2qahezjxpx.cloudfront.net/attachments/exportedBinaries20260723_175229/069N300000szEjmIAE/LTB-T-047177-25_HR_cert.pdf,text,[2500.0],[],2500.0,other,"It is ordered on consent that:  1. The Landlord shall pay the Tenant the sum of >>>$2,500.00<<< on or before February 15, 2026.  2. If the Landlord does not pay the Tenant the","found in operative 'It is ordered that' section; single candidate amount, no strong keyword match"
LTB-T-081607-22,T6,Order,2026-01-22,https://d3hf2qahezjxpx.cloudfront.net/attachments/exportedBinaries20260723_175229/069N300000sJ1B1IAK/LTB-T-081607-22-HR - January 22 2026.pdf,text,[],[],,,,no dollar amount found
LTB-T-075863-24,T6,Order,2026-01-20,https://d3hf2qahezjxpx.cloudfront.net/attachments/exportedBinaries20260723_175229/069N300000s7aR5IAI/LTB-T-075863-24-HR.pdf,text,[],[],,,,no dollar amount found
LTB-T-042783-25,T6,Order,2026-02-03,https://d3hf2qahezjxpx.cloudfront.net/attachments/exportedBinaries20260723_175229/069N300000t3pXqIAI/LTB-T-042783-25-HR.pdf,text,[],[],,,,no dollar amount found
LTB-T-063577-25,T6,Order,2026-04-23,https://d3hf2qahezjxpx.cloudfront.net/attachments/exportedBinaries20260723_175229/069N300000yHVMeIAO/LTB-T-063577-25-HR.pdf,text,[],[],,,,no dollar amount found
LTB-T-079507-25,T6,Order,2026-05-07,https://d3hf2qahezjxpx.cloudfront.net/attachments/exportedBinaries20260723_175229/069N300000yzpj3IAA/LTB-T-079507-25-HR - May 7 2026.pdf,text,[],[],,,,no dollar amount found
LTB-T-000008-24,T6,Order,2026-01-29,https://d3hf2qahezjxpx.cloudfront.net/attachments/exportedBinaries20260723_175229/069N300000soD9aIAE/LTB-T-000008-24-HR_cert.pdf,text,[],[],,,,no dollar amount found
LTB-T-064235-25,T6,Order,2026-02-18,https://d3hf2qahezjxpx.cloudfront.net/attachments/exportedBinaries20260723_175229/069N300000tqwl9IAA/LTB-T-064235-25-HR - February 18 2026.pdf,text,[1800.0],[],1800.0,arrears,"it is ordered that:  1. The Landlord shall pay to the Tenants >>>$1,800.00<<< in compensation.    2. The Landlord shall pay the Tenants the full amount owing","found in operative 'It is ordered that' section; single candidate amount, no strong keyword match"
LTB-T-061061-25,T6,Order,2026-05-04,https://d3hf2qahezjxpx.cloudfront.net/attachments/exportedBinaries20260723_175229/069N300000yshFEIAY/LTB-T-061061-25-HR - May 4 2026.pdf,text,[],[],,,,no dollar amount found
LTB-T-049972-25,T6,Order,2026-03-20,https://d3hf2qahezjxpx.cloudfront.net/attachments/exportedBinaries20260723_175229/069N300000wAhC1IAK/LTB-T-049972-25-ENG_.pdf,text,[300.0],[],300.0,other,oned.  2. The Landlord’s Legal Representative is seeking costs in the amount of >>>$300.00<<< to be  ordered against the Tenant because the Tenant has improperly named Grace,"no operative section found, or it had no dollar mentions at all; fell back to full-document search; single candidate amount, no strong keyword match"
LTB-T-083628-25,T6,Order,2026-05-21,https://d3hf2qahezjxpx.cloudfront.net/attachments/exportedBinaries20260723_175229/069N300000zztKbIAI/LTB-T-083628-25-HR - May 21 2026.pdf,text,[],[],,,,no dollar amount found
LTB-T-066965-25,T6,Order,2026-02-25,https://d3hf2qahezjxpx.cloudfront.net/attachments/exportedBinaries20260723_175229/069N300000uM2KpIAK/LTB-T-066965-25-HR - February 25 2026.pdf,text,[],[],,,,no dollar amount found
LTB-T-089534-25,T6,Order,2026-05-26,https://d3hf2qahezjxpx.cloudfront.net/attachments/exportedBinaries20260723_175229/069N3000010PMuaIAG/LTB-T-089534-25.Signed.Certified.pdf,text,[],[],,,,no dollar amount found
LTB-T-085891-25,T6,Order,2026-04-23,https://d3hf2qahezjxpx.cloudfront.net/attachments/exportedBinaries20260723_175229/069N300000ySbOiIAK/LTB-T-085891-25-FR.pdf,text,[],[],,,,no dollar amount found
LTB-T-085894-24,T6,Order,2026-03-03,https://d3hf2qahezjxpx.cloudfront.net/attachments/exportedBinaries20260723_175229/069N300000uoe3pIAA/LTB-T-085894-24-HR.pdf,text,[],[],,,,no dollar amount found
LTB-T-050471-23,T6,Review Order,2026-03-10,"https://d3hf2qahezjxpx.cloudfront.net/attachments/exportedBinaries20260723_175229/069N300000vPcZ7IAK/LTB-T-049020-23, LTB-T-050471-23, LTB-L-098952-23, LTB-L-005537-24-RV.pdf",text,[2820.0],[],2820.0,other,"ant’s payments  were accounted for except one, which was the alleged payment of >>>$2,820.00<<< on July 4,  2023. However, the Member addressed this payment in the order at pa","no operative section found, or it had no dollar mentions at all; fell back to full-document search; single candidate amount, no strong keyword match"
LTB-T-101937-25,T6,Order,2026-05-14,https://d3hf2qahezjxpx.cloudfront.net/attachments/exportedBinaries20260723_175229/069N300000zP5ZFIA0/LTB-T-101937-25_LTB-T-027453-26HR.pdf,text,[1355.0],[],1355.0,other,"It is ordered on consent that:  1.  The Landlord shall pay to the Tenant, >>>$1,355.00<<<, by electronic transfer, on or before May  7, 2026.     File Number: LTB-T-1019","found in operative 'It is ordered that' section; single candidate amount, no strong keyword match"
LTB-T-091039-25,T6,Order,2026-05-08,https://d3hf2qahezjxpx.cloudfront.net/attachments/exportedBinaries20260723_175229/069N300000zG36xIAC/LTB-T-091039-25-HR - May 8 2026.pdf,text,[250.0],[],250.0,other,"final resolution of all issues in this application.   2. The Landlord shall pay >>>$250.00<<< to the Tenant via cheque on or before June 23, 2026.  3. If the Landlord does n","found in operative 'It is ordered that' section; single candidate amount, no strong keyword match"
LTB-T-042269-25,T6,Order,2026-04-24,https://d3hf2qahezjxpx.cloudfront.net/attachments/exportedBinaries20260723_175229/069N300000yNCVpIAO/LTB-T-042269-25-HR.pdf,text,[],[],,,,no dollar amount found
LTB-T-019987-25,T6,Order,2026-04-02,https://d3hf2qahezjxpx.cloudfront.net/attachments/exportedBinaries20260723_175229/069N300000wpQaAIAU/LTB-T-019987-25_HR.pdf,text,[],[],,,,no dollar amount found
LTB-T-060819-25,T6,ExParte Order,2026-02-02,https://d3hf2qahezjxpx.cloudfront.net/attachments/exportedBinaries20260723_175229/069N300000tEvRqIAK/LTB-T-060819-25-EX.pdf,text,[],[],,,,no dollar amount found
LTB-T-103391-24,T6,Order,2026-05-15,https://d3hf2qahezjxpx.cloudfront.net/attachments/exportedBinaries20260723_175229/069N300000zrfLJIAY/LTB-T-103391-24-HR_Fr.pdf,text,[],[],,,,no dollar amount found
LTB-T-068446-25,T6,Order,2026-03-18,https://d3hf2qahezjxpx.cloudfront.net/attachments/exportedBinaries20260723_175229/069N300000vmX95IAE/LTB-T-068446-25-HR - March 18 2026.pdf,text,[],[],,,,no dollar amount found
LTB-T-022831-25,T6,Order,2026-04-13,https://d3hf2qahezjxpx.cloudfront.net/attachments/exportedBinaries20260723_175229/069N300000xLj9tIAC/LTB-T-022831-25-HR - April 13 2026 cert.pdf,text,"[53.0, 53.0]","[53.0, 53.0]",,,,operative section found but contained only fee/rate/boilerplate amounts — likely no lump sum ordered
LTB-T-053512-25,T6,Order,2026-02-09,https://d3hf2qahezjxpx.cloudfront.net/attachments/exportedBinaries20260723_175229/069N300000tYwzgIAC/LTB-T-053512-25-HR.pdf,text,"[927.7, 1113.24, 1500.0, 1500.0, 2613.24, 1113.24, 1500.0]",[],2613.24,stated_total,"further rent abatement permitted.  7. The Landlord shall also pay the Tenant is >>>$2,613.24<<<. This amount represents:   •  $1,113.24 for a rent abatement, and  •  $1,500.00","found in operative 'It is ordered that' section; explicit stated-total phrasing (""...is \$X"")"
LTB-T-064908-25,T6,Order,2026-02-05,https://d3hf2qahezjxpx.cloudfront.net/attachments/exportedBinaries20260723_175229/069N300000tF8nGIAS/LTB-T-064908-25-HR.pdf,text,[],[],,,,no dollar amount found
LTB-T-051834-25,T6,Order,2026-04-28,https://d3hf2qahezjxpx.cloudfront.net/attachments/exportedBinaries20260723_175229/069N300000yMdA8IAK/LTB-T-051834-25 - April 28 2026.pdf,text,[],[],,,,no dollar amount found
LTB-T-048765-25,T6,Order,2026-01-21,https://d3hf2qahezjxpx.cloudfront.net/attachments/exportedBinaries20260723_175229/069N300000sFS54IAG/LTB-T-048765-25-HR -CERT.pdf,text,[],[],,,,no dollar amount found
LTB-T-037606-24,T6,Order,2026-02-18,https://d3hf2qahezjxpx.cloudfront.net/attachments/exportedBinaries20260723_175229/069N300000u4c3MIAQ/LTB-T-037606-24-HR.pdf,text,[],[],,,,no dollar amount found
LTB-T-006478-26,T6,Order,2026-03-26,https://d3hf2qahezjxpx.cloudfront.net/attachments/exportedBinaries20260723_175229/069N300000wHH8HIAW/LTB-T-006478-26-HR.pdf,text,"[1578.0, 1825.0, 1530.0, 48.0, 1578.0, 1530.0, 48.0, 500.0, 78.0]","[1530.0, 48.0]",1578.0,remedy,"0, 2026 until the issue is repaired.  3. The Landlord shall pay the Tenants are >>>$1,578.00<<<. This amount represents:   •  $1,530.00 for a rent abatement.  •  $48.00 for th",found in operative 'It is ordered that' section; matched expected keyword for category
LTB-T-010624-23,T6,Review Order,2026-02-13,"https://d3hf2qahezjxpx.cloudfront.net/attachments/exportedBinaries20260723_175229/069N300000tzkxbIAA/LTB0L-019179-22-RV, LTB-T-048502-22-RV and LTB-T-010624-23-RV.pdf",text,[],[],,,,no dollar amount found
LTB-T-055652-23,T6,Order,2026-01-05,https://d3hf2qahezjxpx.cloudfront.net/attachments/exportedBinaries20260723_175229/069N300000rRNlDIAW/LTB-T-055652-23-HR and LTB-T-060386-23-HR.pdf,text,"[7362.0, 7362.0, 877.0, 1900.0, 200.0, 41.5, 2100.0, 966.0, 756.0, 2100.0, 300.0, 756.0, 210.0, 4500.0, 210.0, 80.0, 6300.0, 6300.0, 1165.0, 2100.0, 2524.17, 3463.75, 200.0, 35000.0, 8400.0, 10000.0, 5000.0, 6000.0, 6300.0, 7362.0, 756.0, 210.0, 6300.0, 96.0, 48.0]",[],7362.0,stated_total,"IT IS ORDERED THAT:  98. The total amount the Landlord shall pay the Tenants is >>>$7,362.00<<<. This amount represents:   •  $756.00 for a rent abatement for the bathroom cei","found in operative 'It is ordered that' section; explicit stated-total phrasing (""...is \$X"")"
LTB-T-091680-24,T6,Order,2026-04-20,https://d3hf2qahezjxpx.cloudfront.net/attachments/exportedBinaries20260723_175229/069N300000y3zR0IAI/LTB-T-091680-24.Signed.Certified.pdf,text,[],[],,,,no dollar amount found
LTB-T-016941-23,T6,Order,2026-01-08,https://d3hf2qahezjxpx.cloudfront.net/attachments/exportedBinaries20260723_175229/069N300000rioUHIAY/LTB-T-020507-23 LTB-T-015617-24 LTB-T-018364-23 LTB-T-016941-23-HR.pdf,text,"[3168.0, 1170.0, 1950.0, 48.0, 3168.0, 3120.0, 48.0]","[3120.0, 48.0]",3168.0,stated_total,"It is ordered that:  1. The total amount the Landlord shall pay the Tenant is >>>$3,168.00<<<. This amount represents:   •  $3,120.00 for a rent abatement.  •  $48.00 for th","found in operative 'It is ordered that' section; explicit stated-total phrasing (""...is \$X"")"
LTB-T-087885-24,T6,Order,2026-02-11,https://d3hf2qahezjxpx.cloudfront.net/attachments/exportedBinaries20260723_175229/069N300000tlD2CIAU/LTB-T-087885-24-HR and LTB-L-086070-25-BIR - February 11 2026.pdf,text,[2500.0],[],2500.0,other,"hdrawn.    T6 Application - LTB-T-087885-24    3. The Former Landlord shall pay >>>$2,500.00<<< to the Tenants at the email address provided to  the Former Landlord’s Legal Re","found in operative 'It is ordered that' section; single candidate amount, no strong keyword match"
LTB-T-080253-24,T6,Order,2026-01-06,https://d3hf2qahezjxpx.cloudfront.net/attachments/exportedBinaries20260723_175229/069N300000rQVo1IAG/LTB-T-080253-24_HR- Jan6-26-cert.pdf,text,[],[],,,,no dollar amount found
LTB-T-047868-25,T6,Order,2026-05-07,https://d3hf2qahezjxpx.cloudfront.net/attachments/exportedBinaries20260723_175229/069N300000z10CYIAY/LTB-T-047868-25-HR.pdf,text,[],[],,,,no dollar amount found
LTB-T-076640-24,T6,Order,2026-03-13,https://d3hf2qahezjxpx.cloudfront.net/attachments/exportedBinaries20260723_175229/069N300000vJx0MIAS/LTB-T-076640-24-HR.pdf,text,[],[],,,,no dollar amount found
LTB-T-098103-24,T6,Order,2026-02-09,https://d3hf2qahezjxpx.cloudfront.net/attachments/exportedBinaries20260723_175229/069N300000tewPDIAY/LTB-T-098103-24-HR_Fr.pdf,text,[],[],,,,no dollar amount found
LTB-T-055367-24,T6,Order,2026-03-16,https://d3hf2qahezjxpx.cloudfront.net/attachments/exportedBinaries20260723_175229/069N300000vdii2IAA/LTB-T-055367-24-HR.pdf,text,[],[],,,,no dollar amount found
LTB-T-037781-25,T6,Order,2026-01-19,https://d3hf2qahezjxpx.cloudfront.net/attachments/exportedBinaries20260723_175229/069N300000sMCA9IAO/LTB-T-037781-25-HR.pdf,text,[],[],,,,no dollar amount found
LTB-T-002166-25,T6,Order,2026-03-25,https://d3hf2qahezjxpx.cloudfront.net/attachments/exportedBinaries20260723_175229/069N300000wCe5GIAS/LTB-T-002166-25-HR - March 25 2026.doc.pdf,text,"[240.4, 150.0, 90.4, 958.0, 90.4, 220.35, 23.93, 150.0, 150.0, 90.4, 23.93, 240.4, 150.0, 90.4]",[],240.4,stated_total,It is ordered that:  1. The Landlord shall pay the Tenant is >>>$240.40<<<. This amount represents:   •  $150.00 for a rent abatement for the period endin,"found in operative 'It is ordered that' section; explicit stated-total phrasing (""...is \$X"")"
LTB-T-026900-26,T6,Order,2026-04-09,"https://d3hf2qahezjxpx.cloudfront.net/attachments/exportedBinaries20260723_175229/069N300000xMmk0IAC/LTB-L-009537-26-HR - April 9, 2026.pdf",text,"[18.9, 15000.0, 15000.0, 15000.0]",[],15000.0,ambiguous-max,"ental unit.   5.  On or before April 8, 2026, the Landlord shall pay the Tenant >>>$15,000.00<<< via bank draft to  be picked up from the Landlord’s Legal Representative’s offi","found in operative 'It is ordered that' section; multiple candidate amounts, took max — manual review advised"
LTB-T-082588-25,T6,Order,2026-03-19,https://d3hf2qahezjxpx.cloudfront.net/attachments/exportedBinaries20260723_175229/069N300000vtVwqIAE/LTB-T-082588-25-HR.pdf,text,[28500.0],[],28500.0,other,"dered on consent that:  1. The Landlord shall pay to the Tenants, the amount of >>>$28,500.00<<<, representing settlement  to resolve all issues regarding the tenancy between t","found in operative 'It is ordered that' section; single candidate amount, no strong keyword match"
LTB-T-051164-25,T6,Order,2026-01-06,https://d3hf2qahezjxpx.cloudfront.net/attachments/exportedBinaries20260723_175229/069N300000r5ZhmIAE/LTB-T-051164-25-HR.pdf,text,[],[],,,,no dollar amount found
LTB-T-042940-25,T6,Order,2026-04-17,https://d3hf2qahezjxpx.cloudfront.net/attachments/exportedBinaries20260723_175229/069N300000xyQ93IAE/LTB-T-042940-25_Consent - April 17 2026.pdf,text,[520.0],[],520.0,other,"It is ordered on consent that:  1.  The Landlord shall pay the Tenant >>>$520.00<<< on or before April 28, 2026.  2. If the Landlord does not pay the Tenant the fu","found in operative 'It is ordered that' section; single candidate amount, no strong keyword match"
LTB-T-103828-25,T6,Order,2026-05-28,https://d3hf2qahezjxpx.cloudfront.net/attachments/exportedBinaries20260723_175229/069N3000010dvveIAA/LTB-T-103828-25-HR_Fr.pdf,text,[],[],,,,no dollar amount found
LTB-T-089516-25,T6,Order,2026-05-27,https://d3hf2qahezjxpx.cloudfront.net/attachments/exportedBinaries20260723_175229/069N30000108KqmIAE/LTB-T-089516-25-HR.pdf,text,[],[],,,,no dollar amount found
LTB-T-011458-24,T6,Order,2026-01-15,https://d3hf2qahezjxpx.cloudfront.net/attachments/exportedBinaries20260723_175229/069N300000sB9IjIAK/LTB-T-011458-24-HR.pdf,text,[],[],,,,no dollar amount found
LTB-T-056348-25,T6,Order,2026-01-05,https://d3hf2qahezjxpx.cloudfront.net/attachments/exportedBinaries20260723_175229/069N300000rYLmhIAG/LTB-L-079448-25 LTB-T-057872-25 LTB-T-056348-25-HR.pdf,text,"[668.27, 21.97, 668.27, 2006.0, 1335.35, 186.0, 600.0, 73.0, 2189.62, 202.05, 21.97, 4009.62, 186.0, 2006.0, 2189.62, 2695.05, 186.0, 2006.0, 600.0, 73.0, 202.05, 50000.0, 21.97]","[4009.62, 186.0, 2695.05, 186.0]",2189.62,ambiguous-max,"nd continue the tenancy by paying to the Landlord  or to the LTB in trust:   •  >>>$2,189.62<<< if the payment is made on or before January 31, 2026. See Schedule 1  for the c","found in operative 'It is ordered that' section; multiple candidate amounts, took max — manual review advised"
LTB-T-030755-25,T6,Order,2026-02-06,https://d3hf2qahezjxpx.cloudfront.net/attachments/exportedBinaries20260723_175229/069N300000tImuaIAC/LTB-T-093549-24 & LTB-T-030755-25-HR - February 6 2026.pdf,text,[],[],,,,no dollar amount found
LTB-T-087970-25,T6,Order,2026-05-29,https://d3hf2qahezjxpx.cloudfront.net/attachments/exportedBinaries20260723_175229/069N3000010iVfXIAU/LTB-T-087970-25-HR.pdf,text,[],[],,,,no dollar amount found
LTB-T-034583-25,T6,Order,2026-04-20,https://d3hf2qahezjxpx.cloudfront.net/attachments/exportedBinaries20260723_175229/069N300000y4ycXIAQ/LTB-T-034583-25_LTB-T-028529-25-IN.Signed.Certified.pdf,text,[],[],,,,no dollar amount found
LTB-T-102401-25,T1,Order,2026-05-11,https://d3hf2qahezjxpx.cloudfront.net/attachments/exportedBinaries20260723_175229/069N300000zJkXAIA0/LTB-T-102401-25_May 11 2026.pdf,text,"[1185.18, 48.0, 148.15, 148.15, 148.15, 148.15, 148.15, 148.15, 148.15, 148.13]",[48.0],1185.18,ambiguous-max,"it is ordered that:  1. The total amount the Landlord shall pay the Tenants is, >>>$1,185.18<<<. This amount represents  the return of the balance of the damage deposit, and t","found in operative 'It is ordered that' section; multiple candidate amounts, took max — manual review advised"
LTB-T-077084-24,T1,Order,2026-04-09,https://d3hf2qahezjxpx.cloudfront.net/attachments/exportedBinaries20260723_175229/069N300000xOR5BIAW/LTB-T-040857-24 & LTB-T-077084-24.pdf,text,"[2500.0, 1850.0, 2232.0, 2500.0, 2500.0, 2500.0, 2500.0, 2232.0, 2500.0, 2500.0, 2500.0, 2500.0, 2500.0, 2500.0, 2500.0, 2500.0, 2500.0, 2500.0, 2500.0, 2500.0, 2500.0, 2500.0, 125.0, 108.2, 2375.0, 4000.0, 125.0, 4000.0, 53.0, 700.0, 2500.0, 2375.0, 4000.0, 4053.0, 4000.0, 125.0, 53.0, 4000.0]",[53.0],4053.0,stated_total,"the rent rebate.    4. The total amount the Landlords shall pay the Tenants is >>>$4,053.00<<<. This amount  represents:   •  $4,000.00 for a rent rebate for the period from","found in operative 'It is ordered that' section; explicit stated-total phrasing (""...is \$X"")"
LTB-T-098710-25,T1,Order,2026-04-10,https://d3hf2qahezjxpx.cloudfront.net/attachments/exportedBinaries20260723_175229/069N300000xD60oIAC/LTB-T-098710-25-HR.pdf,text,[],[],,,,no dollar amount found
LTB-T-109271-25,T1,Order,2026-05-11,https://d3hf2qahezjxpx.cloudfront.net/attachments/exportedBinaries20260723_175229/069N300000zBZlmIAG/LTB-T-109271-25-HR.pdf,text,[1100.0],[],1100.0,other,"e Tenant provided a last month’s rent  deposit to the Landlord in the amount of >>>$1,100.00<<<.  3. The parties came to an agreement to end the tenancy and the Tenant vacated","no operative section found, or it had no dollar mentions at all; fell back to full-document search; single candidate amount, no strong keyword match"
LTB-T-096978-25,T1,Order,2026-04-30,https://d3hf2qahezjxpx.cloudfront.net/attachments/exportedBinaries20260723_175229/069N300000yh3eQIAQ/LTB-T-096978-25 - T1 Order - Cert.pdf,text,"[2750.0, 11000.0]",[],2750.0,stated_total,"Bridgenorth, Ontario.  2. The total amount the Landlord shall pay the Tenant is >>>$2,750.00<<<. This amount represents:   •  $11,000.00 for excess rent collected.  3. The Lan","found in operative 'It is ordered that' section; explicit stated-total phrasing (""...is \$X"")"
LTB-T-099662-25,T1,Order,2026-03-03,https://d3hf2qahezjxpx.cloudfront.net/attachments/exportedBinaries20260723_175229/069N300000upqkJIAQ/LTB-T-099662-25.pdf,text,"[3846.32, 1895.0, 1945.0, 1895.0, 1.94, 1945.0, 3840.0, 1895.0, 6.32, 3846.32, 3840.0, 6.32]",[],3846.32,stated_total,"It is ordered that:  1. The total amount the Landlord shall pay the Tenants is >>>$3,846.32<<<. This amount represents:   •  $3,840.00 for the rent deposit, first month’s ren","found in operative 'It is ordered that' section; explicit stated-total phrasing (""...is \$X"")"
LTB-T-052215-25,T1,Order,2026-02-25,https://d3hf2qahezjxpx.cloudfront.net/attachments/exportedBinaries20260723_175229/069N300000uIwS3IAK/LTB-T-052215-25-HR - February 25 2026.pdf,text,"[2048.0, 3300.0, 9900.0, 3300.0, 1300.0, 2000.0, 2048.0, 2000.0, 48.0]","[2000.0, 48.0]",2048.0,other,"It is ordered that:  1. The Landlord shall pay the Tenant >>>$2,048.00<<<. This amount represents:   •  $2,000.00 for the illegal charge collected, and","found in operative 'It is ordered that' section; single candidate amount, no strong keyword match"
LTB-T-104287-25,T1,Order,2026-04-23,https://d3hf2qahezjxpx.cloudfront.net/attachments/exportedBinaries20260723_175229/069N300000xyntVIAQ/LTB-T-104287-25_HR.pdf,text,"[7219.2, 2184.2, 5035.0, 5035.0]",[],7219.2,ambiguous-max,"eement to end the tenancy. The parties agreed the Tenant  had paid the Landlord >>>$7,219.20<<< and that should the Tenant vacate in compliance with the  N11 notice, the Landl","no operative section found, or it had no dollar mentions at all; fell back to full-document search; multiple candidate amounts, took max — manual review advised"
LTB-T-100306-25,T1,Order,2026-04-22,https://d3hf2qahezjxpx.cloudfront.net/attachments/exportedBinaries20260723_175229/069N300000y4YWnIAM/LTB-T-100306-25_T1_2026 04 22.pdf,text,"[253.0, 200.0, 53.0]","[200.0, 53.0]",253.0,stated_total,it is ordered that:  1. The total amount the Landlord shall pay the Tenant is >>>$253.00<<<. This amount represents:   •  $200.00 for the refundable key deposit collected;,"found in operative 'It is ordered that' section; explicit stated-total phrasing (""...is \$X"")"
LTB-T-067992-25,T1,Order,2026-01-26,https://d3hf2qahezjxpx.cloudfront.net/attachments/exportedBinaries20260723_175229/069N300000snZ8oIAE/LTB-T-067992-25-HRs.pdf,text,"[900.0, 600.0, 300.0, 600.0, 300.0, 600.0, 700.0, 300.0, 600.0, 900.0, 48.0, 948.0, 900.0, 48.0]","[900.0, 48.0]",948.0,stated_total,"It is ordered that:  1. The total amount the Landlord owes the Tenants is >>>$948.00<<<. This amount represents:   •  $900.00 for the illegal charge collected,  •  $48","found in operative 'It is ordered that' section; explicit stated-total phrasing (""...is \$X"")"
LTB-T-065834-25,T1,Order,2026-02-25,https://d3hf2qahezjxpx.cloudfront.net/attachments/exportedBinaries20260723_175229/069N300000uIVLMIA4/LTB-T-065834-25-HR February 25 2026 cert.pdf,text,"[4030.5, 1807.5, 2250.0, 442.5, 1807.5, 3982.5, 4030.5, 3982.5, 48.0, 335.87]",[48.0],4030.5,stated_total,"It is ordered that:  1. The total amount the Landlord shall pay the Tenants is >>>$4,030.50<<<, which represents:   •  $3,982.50 for excess rent collected to February 28, 202","found in operative 'It is ordered that' section; explicit stated-total phrasing (""...is \$X"")"
LTB-T-072000-25,T1,Order,2026-03-20,https://d3hf2qahezjxpx.cloudfront.net/attachments/exportedBinaries20260723_175229/069N300000vycL2IAI/LTB-T-072000-25-HR.pdf,text,"[1000.0, 1000.0, 1000.0, 1000.0, 1000.0]",[],1000.0,stated_total,"It is ordered that:  1. The total amount the Landlord shall pay the Tenants is >>>$1,000.00<<<. This amount represents:   •  $1,000.00 for the last month's rent deposit.  2.","found in operative 'It is ordered that' section; explicit stated-total phrasing (""...is \$X"")"
LTB-T-105790-25,T1,Order,2026-04-17,https://d3hf2qahezjxpx.cloudfront.net/attachments/exportedBinaries20260723_175229/069N300000xktuUIAQ/LTB-T-105790-25-HR.pdf,text,[2376.73],[],2376.73,other,"enancy terminated on October 31, 2025.  2. The Landlord shall pay to the Tenant >>>$2,376.73<<< for return of last month’s rent deposit and  interest on the deposit.  3. If th","found in operative 'It is ordered that' section; single candidate amount, no strong keyword match"
LTB-T-064611-25,T1,Order,2026-01-12,https://d3hf2qahezjxpx.cloudfront.net/attachments/exportedBinaries20260723_175229/069N300000rqzlgIAA/LTB-T-064611-25-CO - January 12 2026.pdf,text,"[1860.0, 600.0, 550.0, 50.0]","[550.0, 50.0]",600.0,stated_total,ed on consent that:  1. The total amount the Landlords shall pay the Tenants is >>>$600.00<<<. This amount represents:   •  $550.00 for the illegal charge collected.  •  $50,"found in operative 'It is ordered that' section; explicit stated-total phrasing (""...is \$X"")"
LTB-T-071492-25,T1,Order,2026-03-23,https://d3hf2qahezjxpx.cloudfront.net/attachments/exportedBinaries20260723_175229/069N300000vzHb2IAE/LTB-T-071492-25-HR.pdf,text,"[2100.0, 1900.0, 3000.0, 2700.0, 5700.0, 200.0, 1700.0, 1900.0, 200.0, 1900.0, 1700.0, 5700.0, 200.0, 2100.0, 1900.0, 200.0]",[],2100.0,stated_total,"It is ordered that:  1. The total amount the Landlord shall pay the Tenant is >>>$2,100.00<<<. This amount represents:   •  $1,900.00 for the illegal charge collected; and","found in operative 'It is ordered that' section; explicit stated-total phrasing (""...is \$X"")"
LTB-T-098511-25,T1,Order,2026-04-27,https://d3hf2qahezjxpx.cloudfront.net/attachments/exportedBinaries20260723_175229/069N300000yXYA7IAO/LTB-T-098511-25-HR.pdf,text,[],[],,,,no dollar amount found
LTB-T-018364-23,T1,Order,2026-01-08,https://d3hf2qahezjxpx.cloudfront.net/attachments/exportedBinaries20260723_175229/069N300000rj4CFIAY/LTB-T-020507-23 LTB-T-015617-24 LTB-T-018364-23 LTB-T-016941-23-HR.pdf,text,"[3168.0, 1170.0, 1950.0, 48.0, 3168.0, 3120.0, 48.0]","[3120.0, 48.0]",3168.0,stated_total,"It is ordered that:  1. The total amount the Landlord shall pay the Tenant is >>>$3,168.00<<<. This amount represents:   •  $3,120.00 for a rent abatement.  •  $48.00 for th","found in operative 'It is ordered that' section; explicit stated-total phrasing (""...is \$X"")"
LTB-T-072695-25,T1,Order,2026-03-25,https://d3hf2qahezjxpx.cloudfront.net/attachments/exportedBinaries20260723_175229/069N300000w5JF9IAM/LTB-T-072695-25-HR.pdf,text,[],[],,,,no dollar amount found
LTB-T-042981-25,T1,Order,2026-05-26,https://d3hf2qahezjxpx.cloudfront.net/attachments/exportedBinaries20260723_175229/069N3000010EH0WIAW/LTB-T-042981-25-HR.pdf,text,"[2150.0, 137.81, 48.0, 185.81, 2365.0, 2365.0, 2425.0, 2365.0, 2365.0, 250.0, 250.0, 2150.0, 2150.0, 137.81, 2425.0, 2400.0, 185.81, 137.81, 48.0]","[48.0, 48.0]",185.81,stated_total,It is ordered that:  1. The total amount the Landlords shall pay the Tenants is >>>$185.81<<<. This amount represents:   •  $137.81 for interest on the last month's rent dep,"found in operative 'It is ordered that' section; explicit stated-total phrasing (""...is \$X"")"
LTB-T-047373-25,T1,Order,2026-05-26,https://d3hf2qahezjxpx.cloudfront.net/attachments/exportedBinaries20260723_175229/069N3000010C8xQIAS/LTB-T-047373-25_HR.pdf,text,[],[],,,,no dollar amount found
LTB-T-053734-25,T1,Order,2026-02-24,https://d3hf2qahezjxpx.cloudfront.net/attachments/exportedBinaries20260723_175229/069N300000uRAavIAG/LTB-T-053734-25 & LTB-L-013813-26 - HR - Cert.pdf,text,"[5000.0, 500.0]",[],5000.0,stated_total,"it is ordered that:  1. The total amount the Landlords shall pay the Tenant is >>>$5,000.00<<<.     2. The Landlords shall pay to the Tenant the amount set out in paragraph 1","found in operative 'It is ordered that' section; explicit stated-total phrasing (""...is \$X"")"
LTB-T-052360-25,T1,Review Order,2026-05-14,"https://d3hf2qahezjxpx.cloudfront.net/attachments/exportedBinaries20260723_175229/069N300000zTT20IAG/LTB-T-072747-25-RV, LTB-T-052360-25-RV, and LTB-L-059882-25-RV - May 14 2026.pdf",text,"[300.0, 2113.5]",[],2113.5,ambiguous-max,"ast month’s rent deposit currently being held by the Landlord in  the amount of >>>$2,113.50<<< (e.g. if the Tenants leave May 15, June 15, July 15, or August  15, 2026, the L","found in operative 'It is ordered that' section; multiple candidate amounts, took max — manual review advised"
LTB-T-099738-25,T1,Order,2026-05-14,https://d3hf2qahezjxpx.cloudfront.net/attachments/exportedBinaries20260723_175229/069N300000zgliYIAQ/LTB-T-099738-25-HR.pdf,text,[6300.0],[],6300.0,other,"enant paid the first  month’s rent and the last month’s rent deposit, totalling >>>$6,300.00<<<. The Tenant contacted  the Landlord on October 2, 2025, requesting to terminate","no operative section found, or it had no dollar mentions at all; fell back to full-document search; single candidate amount, no strong keyword match"
LTB-T-070654-23,T1,Order,2026-01-28,https://d3hf2qahezjxpx.cloudfront.net/attachments/exportedBinaries20260723_175229/069N300000snZtdIAE/LTB-L-092168-23 et al-HR signed.pdf,text,"[30000.0, 2861.97, 250.0, 40000.0, 30000.0, 40000.0, 10000.0, 40000.0, 40000.0, 40000.0, 40000.0, 1250.0, 30000.0, 40000.0, 10000.0, 40000.0, 40000.0, 40000.0, 40000.0, 40000.0, 10000.0, 40000.0, 40000.0, 20000.0, 40000.0, 20000.0, 5000.0, 1668.95, 1193.02, 50000.0, 2861.97, 1250.0]",[],2861.97,ambiguous-max,"is ordered that:  1.  LTB-L-092168-23 is dismissed.  2.  The Landlord shall pay >>>$2,861.97<<< to the Tenant.  If the Landlord does not pay the Tenant  the full amount on or","found in operative 'It is ordered that' section; multiple candidate amounts, took max — manual review advised"
LTB-T-006085-26,T1,Order,2026-05-27,https://d3hf2qahezjxpx.cloudfront.net/attachments/exportedBinaries20260723_175229/069N3000010CCL4IAO/LTB-T-006085-26-T1-May 27 2026.pdf,text,"[48.0, 2600.0, 2600.0, 2400.0, 200.0, 48.0]","[48.0, 2600.0, 48.0]",2600.0,stated_total,"It is ordered on consent that:  1. The Landlord shall pay the Tenant is >>>$2,600.00<<<, provided the full amount is paid by June 30, 2026. This amount represents: • $","found in operative 'It is ordered that' section; explicit stated-total phrasing (""...is \$X"")"
LTB-T-012526-24,T1,Order,2026-02-04,https://d3hf2qahezjxpx.cloudfront.net/attachments/exportedBinaries20260723_175229/069N300000tPVCEIA4/LTB-L-001286-24 LTB-L-102724-24 LTB-T-012526-24 HR.pdf,text,[],[],,,,no dollar amount found
LTB-T-017932-26,T1,Order,2026-04-08,https://d3hf2qahezjxpx.cloudfront.net/attachments/exportedBinaries20260723_175229/069N300000x4U5pIAE/Consent Order LTB-T-017932-26-T1-2026-04-08.pdf,text,"[1100.0, 1100.0]",[],1100.0,stated_total,"or before April 7, 2026, the total amount the Landlord shall pay the Tenant is >>>$1,100.00<<<  for the last month's rent deposit.  2. If the Landlord does not pay the Tenant","found in operative 'It is ordered that' section; explicit stated-total phrasing (""...is \$X"")"
LTB-T-042416-23,T1,Order,2026-04-01,https://d3hf2qahezjxpx.cloudfront.net/attachments/exportedBinaries20260723_175229/069N300000wNVJUIA4/LTB-T-042416-23-HR.pdf,text,"[210.0, 2225.0, 2225.0, 2300.0, 26.7, 75.0, 2300.0, 75.0, 160.82, 53.0, 738.82, 525.0, 160.82, 53.0]","[160.82, 53.0, 53.0]",738.82,stated_total,It is ordered that:  1. The total amount the Landlord shall pay the Tenant is >>>$738.82<<<. This amount represents:   •  $525.00 for excess rent collected.  •  $160.82 fo,"found in operative 'It is ordered that' section; explicit stated-total phrasing (""...is \$X"")"
LTB-T-057375-25,T1,Order,2026-05-27,https://d3hf2qahezjxpx.cloudfront.net/attachments/exportedBinaries20260723_175229/069N30000107qhLIAQ/LTB-T-057375-25-HR.pdf,text,"[4748.0, 2460.0, 2800.0, 3100.0, 3000.0, 62.0, 2800.0, 3100.0, 3000.0, 3100.0, 3000.0, 2800.0, 53200.0, 2800.0, 3100.0, 27900.0, 3000.0, 30000.0, 57900.0, 4700.0, 57900.0, 53200.0, 4748.0, 4700.0, 48.0]","[4700.0, 48.0]",4748.0,stated_total,"It is ordered that:  1. The total amount the Landlord shall pay the Tenant is >>>$4,748.00<<<. This amount represents: • $4,700.00 for excess rent collected. • $48.00 for th","found in operative 'It is ordered that' section; explicit stated-total phrasing (""...is \$X"")"
LTB-T-082934-25,T1,Order,2026-05-19,https://d3hf2qahezjxpx.cloudfront.net/attachments/exportedBinaries20260723_175229/069N300000zeQISIA2/LTB-T-082934-25-HR.pdf,text,"[890.0, 10.0, 890.0, 880.0, 10.0, 10.0, 880.0, 10.0, 1008.0, 80.0, 880.0, 48.0]","[880.0, 48.0]",1008.0,stated_total,"It is ordered that:  1. The total amount the Landlord owes the Tenant is >>>$1,008.00<<<. This amount represents:   •  $80.00 for excess rent collected.  •  $880.00 for","found in operative 'It is ordered that' section; explicit stated-total phrasing (""...is \$X"")"
LTB-T-017932-26,T1,Review Order,2026-05-26,https://d3hf2qahezjxpx.cloudfront.net/attachments/exportedBinaries20260723_175229/069N3000010E2OEIA0/LTB-T-017932-26-RV.pdf,text,"[1100.0, 1100.0]",[],1100.0,stated_total,"or before April 7, 2026, the total amount the Landlord shall pay the Tenant is >>>$1,100.00<<<  for the last month's rent deposit.  2. If the Landlord does not pay the Tenant","found in operative 'It is ordered that' section; explicit stated-total phrasing (""...is \$X"")"
LTB-T-083819-25,T1,Order,2026-01-30,https://d3hf2qahezjxpx.cloudfront.net/attachments/exportedBinaries20260723_175229/069N300000sMmwfIAC/LTB-T-083819-25 - January 30 2026.pdf,text,[910.0],[],910.0,stated_total,"it is ordered that:  1.  The total amount the Landlord shall pay the Tenant is >>>$910.00<<< on or before February 15,  2026.  2. If the Landlord does not pay the Tenant th","found in operative 'It is ordered that' section; explicit stated-total phrasing (""...is \$X"")"
LTB-T-035990-25,T1,Review Order,2026-03-06,https://d3hf2qahezjxpx.cloudfront.net/attachments/exportedBinaries20260723_175229/069N300000v0sfXIAQ/LTB-T-035990-25-RV - March 6 2026.pdf,text,[],[],,,,no dollar amount found
LTB-T-004417-26,T1,Order,2026-05-26,https://d3hf2qahezjxpx.cloudfront.net/attachments/exportedBinaries20260723_175229/069N3000010XtWfIAK/LTB-T-004417-26-HR - May 26 2026.pdf,text,"[860.0, 300.0, 2400.0, 2400.0, 1948.0, 2400.0, 60.0, 860.0, 2400.0, 300.0, 60.0, 48.0, 1948.0]","[48.0, 1948.0]",860.0,stated_total,"It is ordered that:  1. The total amount the Landlord shall pay the Tenant is >>>$860.00<<<. This amount represents:   •  $2,400.00 for the last month's rent deposit.  •","found in operative 'It is ordered that' section; explicit stated-total phrasing (""...is \$X"")"
LTB-T-060184-25,T1,Review Order,2026-05-05,https://d3hf2qahezjxpx.cloudfront.net/attachments/exportedBinaries20260723_175229/069N300000yy8edIAA/LTB-T-060184-25-RV - May 5 2026.pdf,text,[2000.0],[],2000.0,remedy,"t satisfied and consequently, the Landlords  were ordered to pay to the Tenants >>>$2,000.00<<< in compensation owing.  3. The Landlords submit the compensation requirement wa","no operative section found, or it had no dollar mentions at all; fell back to full-document search; single candidate amount, no strong keyword match"
LTB-T-059748-25,T1,Order,2026-04-09,https://d3hf2qahezjxpx.cloudfront.net/attachments/exportedBinaries20260723_175229/069N300000x1ZoCIAU/LTB-T-059748-25.pdf,text,"[1800.0, 1800.0, 1800.0, 1800.0, 1800.0, 1800.0]",[],1800.0,stated_total,"It is ordered that:  1. The total amount the Landlord shall pay the Tenant is >>>$1,800.00<<<. This amount represents  the last month’s rent deposit which the Landlord has i","found in operative 'It is ordered that' section; explicit stated-total phrasing (""...is \$X"")"
LTB-T-053585-25,T1,Order,2026-02-25,https://d3hf2qahezjxpx.cloudfront.net/attachments/exportedBinaries20260723_175229/069N300000uQGp8IAG/LTB-T-053585-25-HR.pdf,text,"[65.0, 53.68, 55.22, 65.0, 53.68, 55.22, 65.0, 65.0, 3250.0, 78.14, 78.14, 48.0, 126.14, 78.14, 48.0]","[78.14, 48.0]",126.14,stated_total,It is ordered that:  1. The total amount the Landlords shall pay the Tenants is >>>$126.14<<<. This amount represents: • $78.14 for interest on the last month's rent deposit,"found in operative 'It is ordered that' section; explicit stated-total phrasing (""...is \$X"")"
LTB-T-070981-25,T1,Order,2026-03-23,https://d3hf2qahezjxpx.cloudfront.net/attachments/exportedBinaries20260723_175229/069N300000vtmUcIAI/LTB-T-070981-25-HRs.pdf,text,[],[],,,,no dollar amount found
LTB-T-064006-25,T1,Order,2026-01-07,https://d3hf2qahezjxpx.cloudfront.net/attachments/exportedBinaries20260723_175229/069N300000rRKovIAG/LTB-T-064006-25-HR.pdf,text,[],[],,,,no dollar amount found
LTB-T-060184-25,T1,Review Order,2026-05-11,https://d3hf2qahezjxpx.cloudfront.net/attachments/exportedBinaries20260723_175229/069N300000zbAa1IAE/LTB-T-060184-25-RV2 - May 11 2026.pdf,text,[2000.0],[],2000.0,remedy,"t satisfied and consequently, the Landlords  were ordered to pay to the Tenants >>>$2,000.00<<< in compensation owing.  3. The Landlords submit the compensation requirement wa","no operative section found, or it had no dollar mentions at all; fell back to full-document search; single candidate amount, no strong keyword match"
LTB-T-004380-26,T1,Order,2026-05-22,https://d3hf2qahezjxpx.cloudfront.net/attachments/exportedBinaries20260723_175229/069N3000010Bta9IAC/LTB-T-004380-26-HR.pdf,text,"[573.0, 573.0, 48.0]","[573.0, 48.0]",,,,operative section found but contained only fee/rate/boilerplate amounts — likely no lump sum ordered
LTB-T-033108-25,T1,Order,2026-01-29,https://d3hf2qahezjxpx.cloudfront.net/attachments/exportedBinaries20260723_175229/069N300000sjNBDIA2/LTB-T-033108-25-HR.pdf,text,"[1630.0, 1900.0]",[],1900.0,other,"d that the Landlord increased the rent for their rental unit  from $1,630.00 to >>>$1,900.00<<< on May 1, 2020, and required the Tenants to sign a new  lease reflecting this i","no operative section found, or it had no dollar mentions at all; fell back to full-document search; single candidate amount, no strong keyword match"
LTB-T-095088-25,T1,Order,2026-04-09,https://d3hf2qahezjxpx.cloudfront.net/attachments/exportedBinaries20260723_175229/069N300000xQh2XIAS/LTB-T-095088-25_T1_April-09-2026.pdf,text,[48.0],[],48.0,other,-095088-25      Order Page 2 of 2       2. The Landlord shall pay to the Tenant >>>$48.00<<< in full and final resolution of the Tenant’s T1  application.  3. The Landlord,"found in operative 'It is ordered that' section; single candidate amount, no strong keyword match"
LTB-T-060792-25,T1,Order,2026-01-19,https://d3hf2qahezjxpx.cloudfront.net/attachments/exportedBinaries20260723_175229/069N300000s5bshIAA/LTB-T-060792-25-HR.pdf,text,"[217.31, 217.31]",[],217.31,other,it is ordered that:  1. The Landlord shall pay to the Tenants >>>$217.31<<< which resolves all issues in the T1  application.   2. The Landlord shall pay t,"found in operative 'It is ordered that' section; single candidate amount, no strong keyword match"
LTB-T-057599-25,T1,Order,2026-05-01,https://d3hf2qahezjxpx.cloudfront.net/attachments/exportedBinaries20260723_175229/069N300000yb2OUIAY/LTB-T-057599-25-HR.pdf,text,"[1136.03, 3550.0, 1600.0, 1000.0, 600.0, 37100.0, 1600.0, 48.0, 281.37, 131.1, 51.5, 1600.0, 1000.0, 600.0, 1000.0, 281.37, 131.1, 51.5, 463.97, 2246.46, 1000.0, 136.03, 128.75, 48.0]","[1600.0, 48.0, 48.0]",2246.46,stated_total,"It is ordered that:  1. The total amount the Landlord shall pay the Tenant is >>>$2,246.46<<<. This amount represents:   •  $1,000.00 for the illegal damage deposit collecte","found in operative 'It is ordered that' section; explicit stated-total phrasing (""...is \$X"")"
LTB-T-100733-25,T1,Order,2026-01-21,https://d3hf2qahezjxpx.cloudfront.net/attachments/exportedBinaries20260723_175229/069N300000sAin6IAC/LTB-L-087906-25-HR and LTB-T-100733-25-HR Certified.pdf,text,"[1750.0, 175.0, 57.53, 1750.0, 1850.0, 1750.0, 5150.0, 186.0, 1400.0, 170.88, 200.0, 5336.0, 200.0, 5336.0, 200.0, 136.0]",[],200.0,other,"amount set out in paragraph 1 in accordance with  the following schedule:   •  >>>$200.00<<<, beginning February 20, 2026 to and including March 20, 2028.  •  $136.00, on A","found in operative 'It is ordered that' section; single candidate amount, no strong keyword match"
LTB-T-090083-25,T1,Review Order,2026-05-28,https://d3hf2qahezjxpx.cloudfront.net/attachments/exportedBinaries20260723_175229/069N3000010l08yIAA/LTB-T-090083-25-RV certified.pdf,text,"[500.0, 500.0]",[],500.0,ambiguous-max,ing.  Determinations:  1. The order under review directs the Landlord to return >>>$500.00<<< to the Tenants because  these funds were paid either as (a) a fee to secure the,"no operative section found, or it had no dollar mentions at all; fell back to full-document search; multiple candidate amounts, took max — manual review advised"
LTB-T-073320-25,T1,Order,2026-04-02,https://d3hf2qahezjxpx.cloudfront.net/attachments/exportedBinaries20260723_175229/069N300000whUr5IAE/LTB-T-073320-25-HR.pdf,text,[],[],,,,no dollar amount found
LTB-T-104050-25,T1,Order,2026-05-15,https://d3hf2qahezjxpx.cloudfront.net/attachments/exportedBinaries20260723_175229/069N300000zgRdQIAU/LTB-T-104050-25-HR.pdf,text,[],[],,,,no dollar amount found
LTB-T-083027-25,T1,Order,2026-04-16,https://d3hf2qahezjxpx.cloudfront.net/attachments/exportedBinaries20260723_175229/069N300000xjjFDIAY/LTB-T-083027-25-EX - April 16 2026.pdf,text,[],[],,,,no dollar amount found
LTB-T-001224-26,T1,Order,2026-05-12,https://d3hf2qahezjxpx.cloudfront.net/attachments/exportedBinaries20260723_175229/069N300000zBFbmIAG/LTB-T-001224-26-HR.pdf,text,[],[],,,,no dollar amount found
LTB-T-097337-25,T1,Order,2026-05-07,https://d3hf2qahezjxpx.cloudfront.net/attachments/exportedBinaries20260723_175229/069N300000z8DMoIAM/LTB-T-097337-25-HR.pdf,text,"[2048.0, 7400.0, 200.0, 1000.0, 6200.0, 200.0, 2100.0, 2000.0, 1000.0, 1000.0, 1000.0, 1000.0, 2048.0, 1000.0, 1000.0, 48.0]","[1000.0, 48.0]",2048.0,stated_total,"It is ordered that:  1. The total amount the Landlord shall pay the Tenants is >>>$2,048.00<<<. This amount represents:   •  $1,000.00 for the last month's rent deposit;   •","found in operative 'It is ordered that' section; explicit stated-total phrasing (""...is \$X"")"
LTB-T-098561-25,T1,Order,2026-04-27,https://d3hf2qahezjxpx.cloudfront.net/attachments/exportedBinaries20260723_175229/069N300000yShKPIA0/LTB-T-098561-25-HR.pdf,text,[],[],,,,no dollar amount found
LTB-T-089551-25,T1,Review Order,2026-05-15,https://d3hf2qahezjxpx.cloudfront.net/attachments/exportedBinaries20260723_175229/069N300000zsFVGIA2/LTB-T-089551-25-RV - May 15 2026.pdf,text,[3020.5],[],3020.5,remedy,". The order issued on April 13, 2026, orders the Landlord to pay to the Tenants >>>$3,020.50<<<,  which includes compensation equal to one months rent and the costs of filing","no operative section found, or it had no dollar mentions at all; fell back to full-document search; single candidate amount, no strong keyword match"
LTB-T-072930-25,T1,Order,2026-04-02,https://d3hf2qahezjxpx.cloudfront.net/attachments/exportedBinaries20260723_175229/069N300000x3PWGIA2/LTB-T-072930-25-HR - April 2 2026.doc.pdf,text,"[1040.0, 2080.0, 500.0, 1580.0]",[],2080.0,ambiguous-max,"rd collected the first month of rent and a deposit of  $1,040.00 for a total of >>>$2,080.00<<< (DOC-6309623) and provided the Tenant vacant  possession of the rental unit.","no operative section found, or it had no dollar mentions at all; fell back to full-document search; multiple candidate amounts, took max — manual review advised"
LTB-T-057299-25,T1,Order,2026-02-26,https://d3hf2qahezjxpx.cloudfront.net/attachments/exportedBinaries20260723_175229/069N300000uQ2fYIAS/LTB-T-057299-25-HR.pdf,text,"[700.0, 48.0, 748.0, 700.0, 48.0]","[48.0, 700.0, 48.0]",748.0,stated_total,It is ordered that:  1. The total amount the Landlord shall pay the Tenant is >>>$748.00<<<. This amount represents:   •  $700.00 for the last month's rent deposit.  •  $4,"found in operative 'It is ordered that' section; explicit stated-total phrasing (""...is \$X"")"
LTB-T-064524-25,T1,Order,2026-02-10,https://d3hf2qahezjxpx.cloudfront.net/attachments/exportedBinaries20260723_175229/069N300000tZHpXIAW/LTB-T-064524-25-HR.pdf,text,"[3200.0, 1600.0, 3200.0, 3200.0, 3248.0, 48.0, 3200.0]","[3248.0, 48.0, 3200.0]",,,,operative section found but contained only fee/rate/boilerplate amounts — likely no lump sum ordered
LTB-T-000311-26,T1,Order,2026-04-27,https://d3hf2qahezjxpx.cloudfront.net/attachments/exportedBinaries20260723_175229/069N300000yKmynIAC/LTB-T-000311-26-CO - April 27 2026.pdf,text,[1400.0],[],1400.0,other,"ent that:  1. On or before April 30, 2026, the Landlord shall pay to the Tenant >>>$1,400.00<<< via e transfer  or cheque to the Tenant’s new address.   2. If the Landlord doe","found in operative 'It is ordered that' section; single candidate amount, no strong keyword match"
LTB-T-103722-24,T1,Order,2026-03-09,https://d3hf2qahezjxpx.cloudfront.net/attachments/exportedBinaries20260723_175229/069N300000v9GcfIAE/LTB-T-103722-24-HR.pdf,text,[],[],,,,no dollar amount found
LTB-T-054640-25,T1,Order,2026-03-13,https://d3hf2qahezjxpx.cloudfront.net/attachments/exportedBinaries20260723_175229/069N300000v9ReWIAU/LTB-T-054640-25-HR.pdf,text,[],[],,,,no dollar amount found
LTB-T-050806-25,T1,Order,2026-02-04,https://d3hf2qahezjxpx.cloudfront.net/attachments/exportedBinaries20260723_175229/069N300000tK7lhIAC/LTB-T-050806-25.pdf,text,[],[],,,,no dollar amount found
LTB-T-088492-25,T1,Order,2026-05-27,https://d3hf2qahezjxpx.cloudfront.net/attachments/exportedBinaries20260723_175229/069N3000010j6IXIAY/LTB-T-088492-25-RV.pdf,text,[],[],,,,no dollar amount found
LTB-T-057778-25,T1,Order,2026-02-26,https://d3hf2qahezjxpx.cloudfront.net/attachments/exportedBinaries20260723_175229/069N300000uRg9OIAS/LTB-T-057778-25-HR.pdf,text,[1274.67],[],1274.67,other,"Tenant.   4. It was not disputed that the Landlord collected a rent deposit of >>>$1,274.67<<< and that the  Tenant vacated the rental unit on May 26, 2025. However, it was t","no operative section found, or it had no dollar mentions at all; fell back to full-document search; single candidate amount, no strong keyword match"
LTB-T-109560-25,T1,Order,2026-05-08,https://d3hf2qahezjxpx.cloudfront.net/attachments/exportedBinaries20260723_175229/069N300000zGO6WIAW/LTB-T-109560-25-HR.pdf,text,[750.0],[],750.0,claimed,the Tenant provided the  Landlord a last month’s rent deposit in the amount of >>>$750.00<<<.  3. The Tenant testified that he started a new job out of town and given the e,"no operative section found, or it had no dollar mentions at all; fell back to full-document search; only requested/testified amounts found, no confirmed award — verify manually; single candidate amount, no strong keyword match"
LTB-T-109531-25,T1,Order,2026-02-09,https://d3hf2qahezjxpx.cloudfront.net/attachments/exportedBinaries20260723_175229/069N300000td1nsIAA/LTB-T-109531-25.pdf,text,"[167.0, 2500.0]",[],2500.0,arrears,"otal amount the Landlord shall pay compensation to the Tenant in the amount of  >>>$2,500.00<<<.     2. The Landlord shall pay the Tenant the full amount owing on or before Fe","found in operative 'It is ordered that' section; single candidate amount, no strong keyword match"
LTB-T-095400-25,T1,Order,2026-04-17,https://d3hf2qahezjxpx.cloudfront.net/attachments/exportedBinaries20260723_175229/069N300000xswzYIAQ/LTB-T-095400-25-HR.pdf,text,"[848.0, 714.0, 200.0, 914.0, 800.0, 48.0, 200.0, 800.0, 200.0, 800.0, 800.0, 800.0, 848.0, 800.0, 48.0]","[800.0, 48.0, 800.0, 48.0]",848.0,stated_total,It is ordered that:  1. The total amount the Landlord shall pay the Tenant is >>>$848.00<<<. This amount represents:   •  $800.00 for the illegal charge collected.  •  $48,"found in operative 'It is ordered that' section; explicit stated-total phrasing (""...is \$X"")"
LTB-T-060526-25,T1,Order,2026-03-20,https://d3hf2qahezjxpx.cloudfront.net/attachments/exportedBinaries20260723_175229/069N300000uzDeeIAE/LTB-T-060526-25-HR.pdf,text,"[400.0, 200.0, 248.0, 400.0, 400.0, 400.0, 400.0, 400.0, 200.0, 200.0, 248.0, 200.0, 48.0]","[200.0, 48.0]",248.0,stated_total,It is ordered that:  1. The total amount the Landlord shall pay the Tenant is >>>$248.00<<<. This amount represents:   •  $200.00 for the illegal charge collected.  •  $48,"found in operative 'It is ordered that' section; explicit stated-total phrasing (""...is \$X"")"
LTB-T-070460-25,T1,Order,2026-03-20,https://d3hf2qahezjxpx.cloudfront.net/attachments/exportedBinaries20260723_175229/069N300000vtZ9DIAU/LTB-T-070460-25-HR s.pdf,text,[],[],,,,no dollar amount found
LTB-T-087873-25,T1,Order,2026-04-28,https://d3hf2qahezjxpx.cloudfront.net/attachments/exportedBinaries20260723_175229/069N300000yaHELIA2/LTB-T-087873-25-HR - April 28 2026.pdf,text,"[2986.25, 4000.0, 2000.0, 4000.0, 2000.0, 65.75, 986.25, 65.75, 2986.25, 986.25, 2000.0]",[],2986.25,stated_total,"It is ordered that:  1. The total amount the Landlord shall pay the Tenant is >>>$2,986.25<<<. This amount represents:   •  $986.25 for excess rent collected, and   •  $2,00","found in operative 'It is ordered that' section; explicit stated-total phrasing (""...is \$X"")"
LTB-T-086218-25,T1,Order,2026-05-07,https://d3hf2qahezjxpx.cloudfront.net/attachments/exportedBinaries20260723_175229/069N300000z4XvAIAU/LTB-T-086218-25-HR.pdf,text,[],[],,,,no dollar amount found
LTB-T-071239-25,T1,Order,2026-03-20,https://d3hf2qahezjxpx.cloudfront.net/attachments/exportedBinaries20260723_175229/069N300000vvFcbIAE/LTB-T-071239-25-HRs.pdf,text,"[200.0, 200.0, 248.0, 200.0, 48.0]","[200.0, 48.0]",248.0,stated_total,It is ordered that:  1. The total amount the Landlord shall pay the Tenant is >>>$248.00<<<. This amount represents:   •  $200.00 for the illegal charge collected.  •  $48,"found in operative 'It is ordered that' section; explicit stated-total phrasing (""...is \$X"")"
LTB-T-091905-25,T1,Order,2026-04-15,https://d3hf2qahezjxpx.cloudfront.net/attachments/exportedBinaries20260723_175229/069N300000xVycMIAS/LTB-T-091905-25-LTB-L-017200-26-CO - April 15 2026.pdf,text,[3022.5],[],3022.5,arrears,"nsent that:    1. On or before May 8, 2026, the Landlords shall pay the Tenants >>>$3,022.50<<<.  2. If the Landlords do not pay the Tenants the full amount owing by May 8, 20","found in operative 'It is ordered that' section; single candidate amount, no strong keyword match"
LTB-T-075185-25,T1,Order,2026-04-01,https://d3hf2qahezjxpx.cloudfront.net/attachments/exportedBinaries20260723_175229/069N300000whWRSIA2/LTB-T-075185-25-HR.pdf,text,[],[],,,,no dollar amount found
LTB-T-100179-25,T1,Order,2026-05-22,https://d3hf2qahezjxpx.cloudfront.net/attachments/exportedBinaries20260723_175229/069N300000zxMW3IAM/LTB-T-100179-25-HR - May 22 2026 cert.pdf,text,"[3880.08, 2110.66, 50.0, 2430.0, 2430.0, 50.0, 20025.0, 2430.0, 3880.08, 3832.08, 48.0, 646.68]","[3832.08, 48.0]",3880.08,stated_total,"rder Page 3 of 3       1. The total amount the Landlord shall pay the Tenant is >>>$3,880.08<<<. This amount represents:   •  $3,832.08 for excess rent collected.  •  $48.00 f","found in operative 'It is ordered that' section; explicit stated-total phrasing (""...is \$X"")"
LTB-T-039188-25,T1,Order,2026-01-08,https://d3hf2qahezjxpx.cloudfront.net/attachments/exportedBinaries20260723_175229/069N300000rseN3IAI/LTB-T-039188-25-HR_Certified.pdf,text,[],[],,,,no dollar amount found
LTB-T-065275-25,T1,Order,2026-01-28,https://d3hf2qahezjxpx.cloudfront.net/attachments/exportedBinaries20260723_175229/069N300000snuOdIAI/LTB-T-065275-25_HR.pdf,text,"[500.0, 500.0, 1000.0, 548.0, 500.0, 48.0]","[500.0, 48.0]",548.0,stated_total,It is ordered that:  1. The total amount the Landlord shall pay the Tenant is >>>$548.00<<<. This amount represents:   •  $500.00 for the key deposit collected.  •  $48.00,"found in operative 'It is ordered that' section; explicit stated-total phrasing (""...is \$X"")"
LTB-T-038819-25,T1,Order,2026-02-27,https://d3hf2qahezjxpx.cloudfront.net/attachments/exportedBinaries20260723_175229/069N300000uhNkOIAU/LTB-T-038819-25-HR.pdf,text,"[1500.0, 1518.0, 1518.0, 1750.0, 1750.0, 2200.0, 232.0, 450.0, 450.0, 4050.0, 49.5, 49.5, 49.5, 594.0, 48.0, 4644.0, 48.0, 4692.0, 4050.0]",[],4692.0,stated_total,"It is ordered that:  1. The total amount the Landlord shall pay the Tenant is >>>$4,692.00<<< which represents:   a. $4,050.00 for the excess rent collected.  b. $    594.00","found in operative 'It is ordered that' section; explicit stated-total phrasing (""...is \$X"")"
LTB-T-047421-25,T1,Order,2026-01-19,https://d3hf2qahezjxpx.cloudfront.net/attachments/exportedBinaries20260723_175229/069N300000s6SYoIAM/LTB-T-047421-25_HR.pdf,text,[],[],,,,no dollar amount found
LTB-T-061835-25,T1,Order,2026-01-14,https://d3hf2qahezjxpx.cloudfront.net/attachments/exportedBinaries20260723_175229/069N300000s5qN3IAI/LTB-T-061835-25-HR.pdf,text,"[1000.0, 48.0, 1048.0]",[48.0],1048.0,stated_total,"t is ordered that:  1. The total amount the Landlord shall pay to the Tenant is >>>$1,048.00<<< which resolves all  issues in the T1 application.    2. The Landlord shall pay","found in operative 'It is ordered that' section; explicit stated-total phrasing (""...is \$X"")"
LTB-T-065178-25,T1,Order,2026-02-12,https://d3hf2qahezjxpx.cloudfront.net/attachments/exportedBinaries20260723_175229/069N300000tkrT9IAI/LTB-T-065178-25-HR February 12 2026 cert.pdf,text,"[817.5, 850.0, 768.25, 768.25, 81.75, 817.5, 817.5, 136.25]",[],817.5,stated_total,It is ordered that:  1. The total amount the Landlord shall pay the Tenant is >>>$817.50<<<. This amount represents  excess rent collected.   2. The Landlord shall pay the,"found in operative 'It is ordered that' section; explicit stated-total phrasing (""...is \$X"")"
LTB-T-001986-26,T1,Order,2026-05-27,https://d3hf2qahezjxpx.cloudfront.net/attachments/exportedBinaries20260723_175229/069N3000010OpsDIAS/LTB-T-001986-26-Signed.pdf,text,"[239.0, 1943.65, 199.0, 191.0, 48.0, 239.0, 191.0, 48.0]","[191.0, 48.0]",239.0,stated_total,ordered that:  1. The total amount the Landlord's Agent shall pay the Tenant is >>>$239.00<<< This amount  represents:   •  $191.00 for excess rent collected.  •  $48.00 for,"found in operative 'It is ordered that' section; explicit stated-total phrasing (""...is \$X"")"
LTB-T-105967-25,T1,Order,2026-04-16,https://d3hf2qahezjxpx.cloudfront.net/attachments/exportedBinaries20260723_175229/069N300000xYSmMIAW/LTB-T-105967-25-HR - April 16 2026.pdf,text,"[565.0, 500.0, 65.0]",[],565.0,stated_total,it is ordered that:  1. The total amount the Landlords shall pay the Tenant is >>>$565.00<<<. The payment(s) shall be  made via e-transfer to btownlegalservices.ca on or be,"found in operative 'It is ordered that' section; explicit stated-total phrasing (""...is \$X"")"
LTB-T-053755-25,T1,Order,2026-01-19,https://d3hf2qahezjxpx.cloudfront.net/attachments/exportedBinaries20260723_175229/069N300000sKIg4IAG/LTB-T-053755-25-HR.pdf,text,[],[],,,,no dollar amount found
LTB-T-079519-25,T1,Order,2026-05-15,https://d3hf2qahezjxpx.cloudfront.net/attachments/exportedBinaries20260723_175229/069N300000zdS4cIAE/LTB-T-079519-25-HR.pdf,text,"[1000.0, 2000.0, 150.0, 2150.0, 525.92, 1000.0, 32.87, 32.87, 525.92, 573.92, 525.92, 48.0]",[48.0],573.92,stated_total,It is ordered that:  1. The total amount the Landlord shall pay the Tenant is >>>$573.92<<<. This amount represents:   •  $525.92 for the last month's rent deposit.     Fi,"found in operative 'It is ordered that' section; explicit stated-total phrasing (""...is \$X"")"
LTB-T-080446-25,T1,Order,2026-04-08,https://d3hf2qahezjxpx.cloudfront.net/attachments/exportedBinaries20260723_175229/069N300000wv2lKIAQ/LTB-T-080446-25-HR.pdf,text,[],[],,,,no dollar amount found
LTB-T-091872-25,T1,Order,2026-03-16,https://d3hf2qahezjxpx.cloudfront.net/attachments/exportedBinaries20260723_175229/069N300000vKxxoIAC/LTB-T-091872-25-HR - March 16 2026.pdf,text,"[2164.26, 2283.29, 119.03, 2218.36, 64.93, 389.58]",[],2283.29,ambiguous-max,"ter several months, the Tenants became aware that the Landlord was withdrawing  >>>$2,283.29<<< rent, which was an increase of $119.03 or 5.5%).  The Tenant denied receiving a","no operative section found, or it had no dollar mentions at all; fell back to full-document search; multiple candidate amounts, took max — manual review advised"
LTB-T-059400-25,T1,Order,2026-02-27,https://d3hf2qahezjxpx.cloudfront.net/attachments/exportedBinaries20260723_175229/069N300000uivQXIAY/LTB-T-059400-25-HR - February 27 2026.pdf,text,"[953.0, 900.0, 3400.0, 200.0, 900.0, 900.0, 953.0, 900.0, 53.0]","[900.0, 53.0]",953.0,stated_total,It is ordered that:  1. The total amount the Landlord shall pay the Tenant is >>>$953.00<<<. This amount represents:   •  $900.00 for the last month's rent deposit.  •  $5,"found in operative 'It is ordered that' section; explicit stated-total phrasing (""...is \$X"")"
LTB-T-085102-25,T1,Order,2026-05-20,https://d3hf2qahezjxpx.cloudfront.net/attachments/exportedBinaries20260723_175229/069N300000zj6XfIAI/LTB-T-085102-25-HR.pdf,text,[],[],,,,no dollar amount found
LTB-T-021290-26,T1,Order,2026-05-01,https://d3hf2qahezjxpx.cloudfront.net/attachments/exportedBinaries20260723_175229/069N300000yxulGIAQ/LTB-T-021290-26.pdf,text,[409.11],[],409.11,other,"r before May 4, 2026, the Landlord shall pay to the Tenants the full amount of  >>>$409.11<<< as full and final settlement of the Tenants’ T1 application.   2. If the Landlo","found in operative 'It is ordered that' section; single candidate amount, no strong keyword match"
LTB-T-096040-24,T1,Order,2026-02-06,https://d3hf2qahezjxpx.cloudfront.net/attachments/exportedBinaries20260723_175229/069N300000tD1upIAC/LTB-T-096040-24-cert.pdf,text,"[2200.0, 733.33, 2200.0, 2200.0, 250.0, 291.54, 733.33, 2200.0, 2200.0, 250.0, 291.54, 4703.0]",[4703.0],4703.0,other,"It is ordered that:    1. The Landlord shall pay the Tenants >>>$4,703.00<<<, which represents the return of rent, a rent  deposit, and a key deposit, and t","found in operative 'It is ordered that' section; single candidate amount, no strong keyword match"
LTB-T-064015-25,T1,Order,2026-01-14,https://d3hf2qahezjxpx.cloudfront.net/attachments/exportedBinaries20260723_175229/069N300000rzWSkIAM/LTB-T-064015-25-HR - January 14 2026.pdf,text,"[109.0, 260.0, 950.0, 109.0, 93.69, 950.0, 48.0]","[950.0, 48.0]",109.0,stated_total,"It is ordered that:  1. The total amount the Landlord, shall pay the Tenant is >>>$109<<<1.69 This amount represents:   •  $93.69 for excess rent collected.  •  $950.00","found in operative 'It is ordered that' section; explicit stated-total phrasing (""...is \$X"")"
LTB-T-101632-25,T1,Order,2026-05-04,https://d3hf2qahezjxpx.cloudfront.net/attachments/exportedBinaries20260723_175229/069N300000yzaDjIAI/LTB-T-101632-25.pdf,text,"[1100.0, 550.0, 550.0, 598.0, 550.0, 48.0]",[48.0],598.0,stated_total,It is ordered that:  1. The total amount the Landlord shall pay the Tenant is >>>$598.00<<<. This amount represents:   •  $550.00 for the unused portion of the last month',"found in operative 'It is ordered that' section; explicit stated-total phrasing (""...is \$X"")"
LTB-T-010949-26,T1,Order,2026-05-28,https://d3hf2qahezjxpx.cloudfront.net/attachments/exportedBinaries20260723_175229/069N3000010e2qbIAA/LTB-T-010949-26-Signed.pdf,text,"[1300.0, 53.0]","[1300.0, 53.0]",,,,only fee/rate/boilerplate amounts found
LTB-T-076297-25,T1,Order,2026-04-30,https://d3hf2qahezjxpx.cloudfront.net/attachments/exportedBinaries20260723_175229/069N300000ysgRAIAY/LTB-T-076297-25 HR.pdf,text,"[748.0, 2500.0, 2600.0, 2600.0, 100.0, 100.0, 700.0, 100.0, 5000.0, 5000.0, 748.0, 700.0, 48.0]","[700.0, 48.0]",748.0,stated_total,It is ordered that:  1. The total amount the Landlord shall pay the Tenant is >>>$748.00<<<. This amount represents:   •  $700.00 for excess rent collected.  •  $48.00 for,"found in operative 'It is ordered that' section; explicit stated-total phrasing (""...is \$X"")"
LTB-T-070198-25,T1,Order,2026-03-26,https://d3hf2qahezjxpx.cloudfront.net/attachments/exportedBinaries20260723_175229/069N300000w00DIIAY/LTB-T-070198-25-HR.pdf,text,[],[],,,,no dollar amount found
LTB-T-001899-26,T1,Order,2026-05-15,https://d3hf2qahezjxpx.cloudfront.net/attachments/exportedBinaries20260723_175229/069N300000zhWj7IAE/LTB-T-001899-26_Consent - May 15 2026  mp.pdf,text,[2100.0],[],2100.0,other,"May 27, 2026, the Landlord shall return the Last Month’s Rent deposit (LMR)  of >>>$2,100<<< to the Tenants.    2. This payment is to be by cheque and made available for th","found in operative 'It is ordered that' section; single candidate amount, no strong keyword match"
LTB-T-100964-25,T1,Order,2026-05-05,https://d3hf2qahezjxpx.cloudfront.net/attachments/exportedBinaries20260723_175229/069N300000yxgGrIAI/LTB-T-100964-25.pdf,text,[],[],,,,no dollar amount found
LTB-T-058223-25,T1,Order,2026-03-10,https://d3hf2qahezjxpx.cloudfront.net/attachments/exportedBinaries20260723_175229/069N300000vCIraIAG/LTB-T-058223-25-HR.pdf,text,"[1736.95, 3100.0, 700.0, 300.0, 1000.0, 101.92, 815.36, 700.0, 815.36, 3100.0, 101.92, 700.0, 300.0, 700.0, 1736.95, 700.0, 1000.0, 36.95]",[1000.0],1736.95,stated_total,"It is ordered that:  1. The total amount the Landlord shall pay the Tenant is >>>$1,736.95<<<. This amount represents:   •  $700.00 for excess rent collected.  •  $1,000.00","found in operative 'It is ordered that' section; explicit stated-total phrasing (""...is \$X"")"
LTB-T-073655-25,T1,Order,2026-04-08,https://d3hf2qahezjxpx.cloudfront.net/attachments/exportedBinaries20260723_175229/069N300000wzKZtIAM/LTB-T-073655-25_HR- Apr8-26-cert.pdf,text,[],[],,,,no dollar amount found
LTB-T-072457-25,T1,Order,2026-05-04,https://d3hf2qahezjxpx.cloudfront.net/attachments/exportedBinaries20260723_175229/069N300000ywtkoIAA/LTB-T-072457-25-ENG_.pdf,text,"[4623.35, 5000.0, 2000.0, 23000.0, 4000.0, 65.75, 2.0, 4536.75, 2000.0, 38.63, 48.0, 4623.35, 4536.75, 38.6, 48.0]",[48.0],4623.35,stated_total,"It is ordered that:  1. The total amount the Landlord shall pay the Tenant is >>>$4,623.35<<<. This amount represents:   •  $4,536.75 in excess rent collected.  •  $38.60 fo","found in operative 'It is ordered that' section; explicit stated-total phrasing (""...is \$X"")"
