file_number,category,doc_type,order_date,fsa,primary_amount,amount_type,monthly_rent,rent_pattern,months_of_rent_owed,hearing_date,hearing_sentence_found,landlord_attended,tenant_attended,landlord_represented,tenant_represented,explicit_non_attendance,extraction_method,notes
LTB-L-000042-26,L1,Order,2026-03-23,M1K,3729.48,arrears,1845.0,pattern_2,2.02,"March 10, 2026",True,True,True,True,True,False,text,found in operative 'It is ordered that' section; matched expected keyword for category
LTB-L-000050-26,L1,Order,2026-03-13,L1H,10459.25,arrears,1800.0,pattern_2,5.81,"March 10, 2026",True,True,False,False,,True,text,found in operative 'It is ordered that' section; matched expected keyword for category
LTB-L-000067-26,L1,Order,2026-03-12,M4R,5197.1,arrears,2200.0,pattern_1,2.36,"March 9, 2026",True,True,False,False,,True,text,found in operative 'It is ordered that' section; matched expected keyword for category
LTB-L-000082-26,L1,Amended Order,2026-03-27,N5P,6488.0,arrears,,,,"March 16, 2026",True,True,True,False,False,False,text,found in operative 'It is ordered that' section; matched expected keyword for category
LTB-L-000108-26,L1,Order,2026-03-19,M4X,2726.0,arrears,980.0,pattern_1,2.78,"March 11, 2026",True,True,False,True,,True,text,found in operative 'It is ordered that' section; matched expected keyword for category
LTB-L-000114-26,L1,Order,2026-03-17,L0R,25186.0,arrears,1950.0,pattern_2,12.92,"March 9, 2026",True,True,False,True,,True,text,found in operative 'It is ordered that' section; matched expected keyword for category
LTB-L-000132-25,L1,Review Order,2026-02-09,M9R,2686.0,arrears,,,,"June 12, 2025",True,False,True,,False,False,text,found in operative 'It is ordered that' section; matched expected keyword for category
LTB-L-000134-26,L1,Order,2026-03-24,K1K,13576.0,arrears,,,,"March 17, 2026",False,,,,,False,text,found in operative 'It is ordered that' section; matched expected keyword for category
LTB-L-000137-25,L1,Order,2026-03-04,L7A,6876.0,arrears,,,,"March 3, 2026",True,True,True,False,False,False,text,found in operative 'It is ordered that' section; matched expected keyword for category
LTB-L-000137-25,L1,Review Order,2026-05-13,L7A,6876.0,arrears,,,,"March 3, 2026",True,True,True,False,False,False,text,found in operative 'It is ordered that' section; matched expected keyword for category
LTB-L-000175-26,L1,Order,2026-03-18,K1J,2635.16,arrears,,,,,False,,,,,False,text,found in operative 'It is ordered that' section; matched expected keyword for category
LTB-L-000182-26,L1,Order,2026-03-16,P6B,998.0,arrears,,,,"March 10, 2026",True,True,True,True,False,False,text,found in operative 'It is ordered that' section; matched expected keyword for category
LTB-L-000194-26,L1,Order,2026-04-28,L4N,16231.33,arrears,2159.57,pattern_2,7.52,"March 16, 2026",True,True,True,True,False,False,text,found in operative 'It is ordered that' section; matched expected keyword for category
LTB-L-000209-26,L1,Order,2026-03-13,K9V,2638.0,arrears,,,,"March 10, 2026",True,True,True,True,True,False,text,found in operative 'It is ordered that' section; matched expected keyword for category
LTB-L-000247-26,L1,Order,2026-03-19,N3S,4637.0,arrears,,,,,False,,,,,False,text,found in operative 'It is ordered that' section; matched expected keyword for category
LTB-L-000285-26,L1,Order,2026-03-18,L8E,8691.92,arrears,,,,,False,,,,,False,text,found in operative 'It is ordered that' section; matched expected keyword for category
LTB-L-000303-26,L1,Order,2026-04-21,P2N,3986.0,arrears,1900.0,pattern_2,2.1,"March 11, 2026",True,True,True,True,False,False,text,found in operative 'It is ordered that' section; matched expected keyword for category
LTB-L-000306-26,L1,Order,2026-03-11,M2M,,,,,,"March 9, 2026",True,True,True,True,False,False,text,no dollar amount found
LTB-L-000312-26,L1,Order,2026-03-23,K1B,632.29,arrears,2075.62,pattern_2,0.3,"March 12, 2026",False,,,,,False,text,found in operative 'It is ordered that' section; matched expected keyword for category
LTB-L-000350-26,L1,Order,2026-03-27,K1E,734.3,arrears,2423.1,pattern_2,0.3,"March 12, 2026",True,True,True,False,False,False,text,found in operative 'It is ordered that' section; matched expected keyword for category
LTB-L-000404-26,L1,Order,2026-03-17,N2C,5432.8,arrears,2215.34,pattern_1,2.45,"March 12, 2026",True,True,False,True,,True,text,found in operative 'It is ordered that' section; matched expected keyword for category
LTB-L-000416-26,L1,Order,2026-03-18,L6L,6000.0,ambiguous-max,1750.0,pattern_2,3.43,"March 11, 2026",False,,,,,False,text,"found in operative 'It is ordered that' section; multiple candidate amounts, took max — manual review advised"
LTB-L-000469-26,L1,Order,2026-03-20,L4G,6904.8,arrears,2000.0,pattern_2,3.45,"March 12, 2026",False,,,,,False,text,found in operative 'It is ordered that' section; matched expected keyword for category
LTB-L-000470-26,L1,Order,2026-03-13,K9V,7208.63,arrears,2046.09,pattern_1,3.52,"March 10, 2026",True,True,False,False,,True,text,found in operative 'It is ordered that' section; matched expected keyword for category
LTB-L-000482-26,L1,Order,2026-03-16,M5A,7236.97,arrears,2200.0,pattern_1,3.29,"March 9, 2026",True,True,False,True,,True,text,found in operative 'It is ordered that' section; matched expected keyword for category
LTB-L-000486-26,L1,Order,2026-04-01,M4C,4822.93,arrears,2135.0,pattern_1,2.26,"March 23, 2026",True,True,False,True,,True,text,found in operative 'It is ordered that' section; matched expected keyword for category
LTB-L-000488-26,L1,Order,2026-03-26,M4C,9569.04,arrears,1885.0,pattern_1,5.08,"March 23, 2026",False,,,,,False,text,found in operative 'It is ordered that' section; matched expected keyword for category
LTB-L-000492-26,L1,Order,2026-03-30,P1P,1200.0,stated_total,1200.0,pattern_1,1.0,"March 10, 2026",False,,,,,False,text,"no operative section found, or it had no dollar mentions at all; fell back to full-document search; explicit stated-total phrasing (""...is \$X"")"
LTB-L-000493-26,L1,Order,2026-03-31,M3C,,,,,,"March 23, 2026",True,True,True,True,False,False,text,no dollar amount found
LTB-L-000521-26,L1,Order,2026-03-30,P0G,5000.0,arrears,,,,"March 16, 2026",True,True,True,False,False,False,text,found in operative 'It is ordered that' section; matched expected keyword for category
LTB-L-000597-26,L1,Order,2026-04-30,N0C,35786.0,arrears,2800.0,pattern_1,12.78,"March 10, 2026",True,True,False,True,,True,text,found in operative 'It is ordered that' section; matched expected keyword for category
LTB-L-000622-25,L1,Order,2026-05-19,N7T,17482.0,arrears,,,,"May 14, 2025",False,,,,,False,text,found in operative 'It is ordered that' section; matched expected keyword for category
LTB-L-000647-26,L1,Order,2026-03-12,N6A,1595.0,stated_total,1595.0,pattern_1,1.0,"March 9, 2026",True,True,True,True,False,False,text,"no operative section found, or it had no dollar mentions at all; fell back to full-document search; explicit stated-total phrasing (""...is \$X"")"
LTB-L-000670-26,L1,Order,2026-03-13,L2R,588.0,arrears,,,,"March 11, 2026",False,,,,,False,text,found in operative 'It is ordered that' section; matched expected keyword for category
LTB-L-000681-26,L1,Order,2026-03-02,M4Y,,,,,,"February 23, 2026",True,True,False,True,,True,text,no dollar amount found
LTB-L-000714-26,L1,Order,2026-03-10,M6R,10492.69,arrears,2593.11,pattern_1,4.05,"February 25, 2026",True,True,False,True,,True,text,found in operative 'It is ordered that' section; matched expected keyword for category
LTB-L-000722-26,L1,Order,2026-05-12,K1V,,,,,,,False,,,,,False,text,no dollar amount found
LTB-L-000722-26,L1,Order,2026-05-12,K1V,,,,,,,False,,,,,False,text,no dollar amount found
LTB-L-000743-26,L1,Order,2026-03-17,L8S,3691.2,arrears,885.74,pattern_1,4.17,"March 11, 2026",True,True,False,True,,True,text,found in operative 'It is ordered that' section; matched expected keyword for category
LTB-L-000748-26,L1,ExParte Order,2026-03-17,L7P,,,,,,,False,,,,,False,ocr,no dollar amount found
LTB-L-000752-26,L1,Order,2026-03-16,L3V,5019.75,arrears,1486.25,pattern_1,3.38,"March 11, 2026",True,True,True,True,False,False,text,found in operative 'It is ordered that' section; matched expected keyword for category
LTB-L-000760-26,L1,Order,2026-03-13,N2M,2882.01,arrears,1291.29,pattern_1,2.23,"March 11, 2026",False,,,,,False,text,found in operative 'It is ordered that' section; matched expected keyword for category
LTB-L-000798-25,L1,Order,2026-02-05,L3C,7336.6,arrears,1400.0,pattern_2,5.24,"December 22, 2025",True,True,False,False,,True,text,found in operative 'It is ordered that' section; matched expected keyword for category
LTB-L-000802-26,L1,Order,2026-03-23,M2N,,,,,,"March 16, 2026",True,True,True,True,False,False,text,no dollar amount found
LTB-L-000857-26,L1,Order,2026-03-26,L4S,2400.0,stated_total,2400.0,pattern_1,1.0,"March 12, 2026",False,,,,,False,text,"no operative section found, or it had no dollar mentions at all; fell back to full-document search; explicit stated-total phrasing (""...is \$X"")"
LTB-L-000860-26,L1,Order,2026-03-20,L4J,5707.73,arrears,2600.0,pattern_2,2.2,"March 11, 2026",True,True,True,False,False,False,text,found in operative 'It is ordered that' section; matched expected keyword for category
LTB-L-000870-26,L1,ExParte Order,2026-03-19,L8L,,,,,,,False,,,,,False,text,no dollar amount found
LTB-L-000889-26,L1,Amended Order,2026-05-12,M1E,856.0,arrears,,,,"March 17, 2026",False,,,,,False,text,found in operative 'It is ordered that' section; matched expected keyword for category
LTB-L-000898-26,L1,Order,2026-03-19,M8Y,9484.09,arrears,2300.0,pattern_2,4.12,"March 12, 2026",True,True,False,False,,True,text,found in operative 'It is ordered that' section; matched expected keyword for category
LTB-L-000907-26,L1,Order,2026-03-19,L1X,18786.0,arrears,3100.0,pattern_1,6.06,"March 11, 2026",True,True,True,False,False,False,text,found in operative 'It is ordered that' section; matched expected keyword for category
LTB-L-000908-26,L1,Order,2026-03-19,M2N,19868.0,arrears,2584.0,pattern_2,7.69,"March 11, 2026",True,True,True,True,False,False,text,found in operative 'It is ordered that' section; matched expected keyword for category
LTB-L-000914-26,L1,Order,2026-03-17,N5Z,,,,,,"March 11, 2026",False,,,,,True,text,no dollar amount found
LTB-L-000926-26,L1,ExParte Order,2026-03-03,N5W,1769.98,arrears,,,,,False,,,,,False,text,found in operative 'It is ordered that' section; matched expected keyword for category
LTB-L-000959-26,L1,ExParte Order,2026-02-23,M1J,,,,,,,False,,,,,False,text,no dollar amount found
LTB-L-001015-26,L1,Order,2026-03-18,P4N,5326.0,arrears,1350.0,pattern_1,3.95,"March 16, 2026",True,True,False,False,,True,text,found in operative 'It is ordered that' section; matched expected keyword for category
LTB-L-001018-26,L1,Order,2026-03-19,P2N,4047.99,arrears,1308.0,pattern_1,3.09,"March 12, 2026",False,,,,,False,text,found in operative 'It is ordered that' section; matched expected keyword for category
LTB-L-001027-26,L1,Order,2026-03-26,N7S,,,,,,"March 23, 2026",True,False,True,,False,True,text,no dollar amount found
LTB-L-001031-26,L1,Order,2026-03-18,K8A,10407.38,arrears,2100.0,pattern_1,4.96,"March 11, 2026",True,True,False,True,,True,text,found in operative 'It is ordered that' section; matched expected keyword for category
LTB-L-001043-26,L1,Order,2026-03-17,M1P,6656.25,arrears,2300.0,pattern_1,2.89,"March 11, 2026",True,True,True,True,False,False,text,found in operative 'It is ordered that' section; matched expected keyword for category
LTB-L-001068-26,L1,Order,2026-03-19,L6A,,,,,,"March 11, 2026",True,False,True,,False,True,text,no dollar amount found
LTB-L-001070-26,L1,Order,2026-03-27,L4T,,,,,,"March 19, 2026",False,,,,,False,text,operative section found but contained only fee/rate/boilerplate amounts — likely no lump sum ordered
LTB-L-001078-26,L1,ExParte Order,2026-03-19,K1G,,,,,,,False,,,,,False,text,no dollar amount found
LTB-L-001087-26,L1,Order,2026-04-10,N2G,4831.12,arrears,2007.28,pattern_1,2.41,,False,,,,,False,text,found in operative 'It is ordered that' section; matched expected keyword for category
LTB-L-001131-26,L1,Order,2026-03-23,M4Y,,,,,,"March 18, 2026",True,True,False,True,,True,text,no dollar amount found
LTB-L-001140-26,L1,Order,2026-03-13,L9C,,,,,,"March 11, 2026",False,,,,,False,text,operative section found but contained only fee/rate/boilerplate amounts — likely no lump sum ordered
LTB-L-001145-26,L1,Order,2026-03-18,N2P,2991.56,arrears,850.0,pattern_1,3.52,"March 11, 2026",True,False,False,,,True,text,found in operative 'It is ordered that' section; matched expected keyword for category
LTB-L-001146-26,L1,Order,2026-03-18,M9W,9405.27,arrears,,,,"March 11, 2026",False,,,,,False,text,found in operative 'It is ordered that' section; matched expected keyword for category
LTB-L-001153-26,L1,Order,2026-03-24,M5A,,,,,,"March 18, 2026",False,,,,,True,text,no dollar amount found
LTB-L-001162-26,L1,Order,2026-03-16,N3T,4786.0,arrears,2300.0,pattern_1,2.08,"March 12, 2026",True,True,False,True,,True,text,found in operative 'It is ordered that' section; matched expected keyword for category
LTB-L-001172-26,L1,Order,2026-03-30,M9N,2773.8,arrears,1557.56,pattern_1,1.78,"March 23, 2026",True,True,False,True,,True,text,found in operative 'It is ordered that' section; matched expected keyword for category
LTB-L-001190-26,L1,Order,2026-03-27,M4Y,4946.61,arrears,2499.0,pattern_1,1.98,"March 19, 2026",True,True,False,False,,True,text,found in operative 'It is ordered that' section; matched expected keyword for category
LTB-L-001193-26,L1,Order,2026-03-17,N2M,,,,,,"March 11, 2026",True,True,False,True,,True,text,no dollar amount found
LTB-L-001210-26,L1,Order,2026-03-20,N2M,3556.0,arrears,1308.03,pattern_1,2.72,"March 11, 2026",True,True,False,True,,True,text,found in operative 'It is ordered that' section; matched expected keyword for category
LTB-L-001234-26,L1,Order,2026-03-24,L8N,35963.13,arrears,1772.57,pattern_1,20.29,"March 17, 2026",True,True,False,False,,True,text,found in operative 'It is ordered that' section; matched expected keyword for category
LTB-L-001250-26,L1,Order,2026-03-20,N8T,12138.0,arrears,1232.0,pattern_1,9.85,"March 16, 2026",True,True,False,True,,True,text,found in operative 'It is ordered that' section; matched expected keyword for category
LTB-L-001263-26,L1,Order,2026-03-24,L8N,3466.38,arrears,938.46,pattern_1,3.69,"March 17, 2026",True,True,False,False,,True,text,found in operative 'It is ordered that' section; matched expected keyword for category
LTB-L-001280-26,L1,Order,2026-04-24,P3E,,,,,,"March 16, 2026",True,True,False,True,,True,text,no dollar amount found
LTB-L-001302-26,L1,Order,2026-03-18,N6H,4170.37,arrears,,,,"March 16, 2026",True,False,True,,False,False,text,found in operative 'It is ordered that' section; matched expected keyword for category
LTB-L-001308-26,L1,Order,2026-03-26,M8Y,3524.64,arrears,2092.02,pattern_2,1.68,"March 23, 2026",True,True,True,True,False,False,text,found in operative 'It is ordered that' section; matched expected keyword for category
LTB-L-001322-26,L1,Order,2026-05-20,P8N,,,,,,"May 13, 2026",True,True,True,False,False,False,text,no dollar amount found
LTB-L-001323-26,L1,ExParte Order,2026-03-19,K2C,,,,,,,False,,,,,False,text,no dollar amount found
LTB-L-001326-26,L1,ExParte Order,2026-02-10,M2N,,,,,,,False,,,,,False,text,no dollar amount found
LTB-L-001381-26,L1,Order,2026-03-30,L1J,5566.32,arrears,2024.2,pattern_2,2.75,"March 23, 2026",True,True,False,True,,True,text,found in operative 'It is ordered that' section; matched expected keyword for category
LTB-L-001408-26,L1,Order,2026-03-19,L1V,18900.0,arrears,,,,"March 11, 2026",False,,,,,False,text,"no operative section found, or it had no dollar mentions at all; fell back to full-document search; matched expected keyword for category"
LTB-L-001416-26,L1,Order,2026-03-25,N3R,6003.5,arrears,1578.5,pattern_1,3.8,"March 23, 2026",False,,,,,False,text,found in operative 'It is ordered that' section; matched expected keyword for category
LTB-L-001426-26,L1,Order,2026-04-01,M3C,5967.0,arrears,2283.0,pattern_1,2.61,"March 23, 2026",True,True,False,True,,True,text,found in operative 'It is ordered that' section; matched expected keyword for category
LTB-L-001428-26,L1,ExParte Order,2026-01-27,N6H,,,,,,,False,,,,,False,ocr,no dollar amount found
LTB-L-001444-26,L1,ExParte Order,2026-03-12,M9R,,,,,,,False,,,,,False,ocr,no dollar amount found
LTB-L-001456-26,L1,Order,2026-03-18,L5E,6486.0,arrears,,,,"March 11, 2026",True,True,True,False,False,False,text,found in operative 'It is ordered that' section; matched expected keyword for category
LTB-L-001462-26,L1,Order,2026-03-23,M2N,,,,,,"March 16, 2026",True,False,True,,False,True,text,no dollar amount found
LTB-L-001488-26,L1,Order,2026-04-02,K9J,4500.7,arrears,1651.94,pattern_1,2.72,"March 24, 2026",True,True,False,True,,True,text,found in operative 'It is ordered that' section; matched expected keyword for category
LTB-L-001518-26,L1,Order,2026-04-02,K1G,,,,,,"March 23, 2026",True,True,True,True,False,False,text,no dollar amount found
LTB-L-001518-26,L1,Order,2026-04-02,K1G,,,,,,"March 23, 2026",True,True,True,True,False,False,text,no dollar amount found
LTB-L-001532-26,L1,Order,2026-03-30,N3R,3565.7,arrears,1575.94,pattern_1,2.26,"March 12, 2026",True,True,True,True,False,False,text,found in operative 'It is ordered that' section; matched expected keyword for category
LTB-L-001546-26,L1,Order,2026-04-29,L1H,,,,,,"March 18, 2026",True,True,True,False,False,False,text,no dollar amount found
LTB-L-001566-26,L1,Order,2026-03-18,N3T,8986.0,arrears,3400.0,pattern_1,2.64,"March 12, 2026",True,True,False,False,,True,text,found in operative 'It is ordered that' section; matched expected keyword for category
LTB-L-001571-26,L1,Order,2026-03-23,N2B,4767.46,arrears,1724.64,pattern_1,2.76,"March 16, 2026",True,True,False,True,,True,text,found in operative 'It is ordered that' section; matched expected keyword for category
LTB-L-001609-26,L1,Order,2026-03-20,M4S,4708.49,arrears,1900.0,pattern_1,2.48,"March 12, 2026",False,,,,,False,text,found in operative 'It is ordered that' section; matched expected keyword for category
LTB-L-001619-26,L1,ExParte Order,2026-04-29,P9A,261.73,arrears,,,,,False,,,,,False,text,found in operative 'It is ordered that' section; matched expected keyword for category
LTB-L-001625-26,L1,Order,2026-03-18,M1S,2262.61,arrears,,,,"March 12, 2026",True,True,True,True,False,False,text,found in operative 'It is ordered that' section; matched expected keyword for category
LTB-L-001634-26,L1,Order,2026-03-24,P6C,8783.79,arrears,1332.49,pattern_1,6.59,"March 16, 2026",True,True,False,True,,True,text,found in operative 'It is ordered that' section; matched expected keyword for category
LTB-L-001643-26,L1,Order,2026-03-31,N2B,3389.85,arrears,1622.97,pattern_1,2.09,"March 25, 2026",True,True,False,True,,True,text,found in operative 'It is ordered that' section; matched expected keyword for category
LTB-L-001663-26,L1,Order,2026-04-21,N7S,21336.0,arrears,2350.0,pattern_1,9.08,"March 16, 2026",True,True,False,True,,True,text,found in operative 'It is ordered that' section; matched expected keyword for category
LTB-L-001665-26,L1,Order,2026-04-08,L6L,10160.98,arrears,2004.8,pattern_1,5.07,"March 12, 2026",True,True,False,True,,True,text,found in operative 'It is ordered that' section; matched expected keyword for category
LTB-L-001715-26,L1,Order,2026-04-01,L5N,5865.82,arrears,2695.75,pattern_2,2.18,"March 19, 2026",True,True,True,True,False,False,text,found in operative 'It is ordered that' section; matched expected keyword for category
LTB-L-001732-26,L1,Order,2026-03-31,M6K,15988.57,arrears,3520.0,pattern_1,4.54,"March 19, 2026",True,True,False,True,,True,text,found in operative 'It is ordered that' section; matched expected keyword for category
LTB-L-001736-26,L1,Order,2026-04-29,L8R,19920.0,arrears,3474.0,pattern_1,5.73,"April 13, 2026",True,True,False,True,,True,text,found in operative 'It is ordered that' section; matched expected keyword for category
LTB-L-001742-26,L1,Order,2026-04-08,L4M,,,,,,"March 18, 2026",False,,,,,False,text,no dollar amount found
LTB-L-001745-26,L1,ExParte Order,2026-03-18,L8P,,,,,,,False,,,,,False,ocr,no dollar amount found
LTB-L-001757-26,L1,Amended Order,2026-03-31,L9Z,16135.81,arrears,1409.66,pattern_1,11.45,"March 23, 2026",True,True,False,False,,True,text,found in operative 'It is ordered that' section; matched expected keyword for category
LTB-L-001763-26,L1,Order,2026-03-17,L2A,,,,,,"March 12, 2026",False,,,,,False,text,no dollar amount found
LTB-L-001776-26,L1,Order,2026-03-18,N1H,2629.2,arrears,1230.0,pattern_2,2.14,"March 16, 2026",True,True,False,True,,True,text,found in operative 'It is ordered that' section; matched expected keyword for category
LTB-L-001792-26,L1,Order,2026-03-23,N4K,4643.0,arrears,,,,"March 12, 2026",False,,,,,False,text,found in operative 'It is ordered that' section; matched expected keyword for category
LTB-L-001804-26,L1,Order,2026-03-18,L8J,12126.0,arrears,,,,"March 16, 2026",True,False,False,,,False,text,found in operative 'It is ordered that' section; matched expected keyword for category
LTB-L-001812-26,L1,ExParte Order,2026-03-25,L8V,,,,,,,False,,,,,False,text,no dollar amount found
LTB-L-001818-26,L1,Order,2026-04-09,K1S,6084.87,arrears,855.87,pattern_1,7.11,"March 12, 2026",True,True,False,True,,True,text,found in operative 'It is ordered that' section; matched expected keyword for category
LTB-L-001846-26,L1,Order,2026-03-25,M3A,4549.24,arrears,2460.67,pattern_1,1.85,"March 23, 2026",True,True,True,True,False,False,text,found in operative 'It is ordered that' section; matched expected keyword for category
LTB-L-001869-26,L1,Order,2026-03-20,N2M,18931.2,arrears,,,,"March 12, 2026",False,,,,,False,text,found in operative 'It is ordered that' section; matched expected keyword for category
LTB-L-001894-26,L1,ExParte Order,2026-03-20,M6H,,,,,,,False,,,,,False,ocr,no dollar amount found
LTB-L-001912-26,L1,ExParte Order,2026-03-16,M3L,,,,,,,False,,,,,False,ocr,no dollar amount found
LTB-L-001914-26,L1,ExParte Order,2026-03-16,M3L,,,,,,,False,,,,,False,ocr,no dollar amount found
LTB-L-001916-26,L1,ExParte Order,2026-03-11,M3L,,,,,,,False,,,,,False,ocr,no dollar amount found
LTB-L-001936-26,L1,Order,2026-04-01,M3C,603.0,arrears,,,,,False,,,,,False,text,found in operative 'It is ordered that' section; matched expected keyword for category
LTB-L-001948-26,L1,Order,2026-03-26,M3L,,,,,,"March 23, 2026",True,True,False,True,,True,text,no dollar amount found
LTB-L-001950-26,L1,Order,2026-03-27,M3L,5756.0,arrears,2500.0,pattern_1,2.3,"March 23, 2026",True,True,False,True,,True,text,found in operative 'It is ordered that' section; matched expected keyword for category
LTB-L-001961-26,L1,ExParte Order,2026-01-30,K8P,,,,,,,False,,,,,False,ocr,no dollar amount found
LTB-L-002004-26,L1,Order,2026-03-24,P5E,,,,,,"March 12, 2026",False,,,,,True,text,no dollar amount found
LTB-L-002031-26,L1,Order,2026-03-30,M1B,881.0,arrears,,,,"March 18, 2026",True,True,False,True,,True,text,found in operative 'It is ordered that' section; matched expected keyword for category
LTB-L-002053-26,L1,Order,2026-03-31,N2H,5980.63,arrears,,,,"March 19, 2026",False,,,,,False,text,found in operative 'It is ordered that' section; matched expected keyword for category
LTB-L-002061-26,L1,Review Order,2026-05-04,P7C,21326.0,arrears,,,,"April 8, 2026",True,False,False,,,False,text,found in operative 'It is ordered that' section; matched expected keyword for category
LTB-L-002074-26,L1,Order,2026-03-31,L4N,,,,,,"March 23, 2026",True,False,True,,False,True,text,no dollar amount found
LTB-L-002076-26,L1,Order,2026-03-25,M1B,583.0,arrears,,,,"March 19, 2026",True,True,True,True,False,False,text,found in operative 'It is ordered that' section; matched expected keyword for category
LTB-L-002079-26,L1,Order,2026-03-27,M4L,6470.0,arrears,,,,"March 16, 2026",True,True,True,True,False,False,text,found in operative 'It is ordered that' section; matched expected keyword for category
LTB-L-002080-26,L1,Order,2026-03-27,N6A,53.71,arrears,1522.12,pattern_2,0.04,"March 24, 2026",False,,,,,False,text,found in operative 'It is ordered that' section; matched expected keyword for category
LTB-L-002081-26,L1,Order,2026-04-07,K7L,3179.08,arrears,1679.54,pattern_1,1.89,"March 24, 2026",True,True,False,True,,True,text,found in operative 'It is ordered that' section; matched expected keyword for category
LTB-L-002109-26,L1,ExParte Order,2026-02-12,M3A,,,,,,,False,,,,,False,ocr,no dollar amount found
LTB-L-002111-26,L1,Order,2026-03-30,M1H,6762.06,arrears,2279.72,pattern_1,2.97,"March 19, 2026",True,True,False,True,,True,text,found in operative 'It is ordered that' section; matched expected keyword for category
LTB-L-002128-26,L1,ExParte Order,2026-02-12,L5J,,,,,,,False,,,,,False,ocr,no dollar amount found
LTB-L-002136-26,L1,Order,2026-03-18,N0P,200.0,ambiguous-max,1333.0,pattern_2,0.15,,False,,,,,False,text,"found in operative 'It is ordered that' section; multiple candidate amounts, took max — manual review advised"
LTB-L-002145-26,L1,Order,2026-03-25,L5A,9268.5,arrears,,,,"March 17, 2026",False,,,,,False,text,found in operative 'It is ordered that' section; matched expected keyword for category
LTB-L-002174-26,L1,Order,2026-03-24,M1R,7120.35,arrears,1776.87,pattern_1,4.01,"March 17, 2026",True,True,False,True,,True,text,found in operative 'It is ordered that' section; matched expected keyword for category
LTB-L-002175-26,L1,Order,2026-03-25,M1B,6278.0,arrears,,,,"March 24, 2026",False,,,,,False,text,found in operative 'It is ordered that' section; matched expected keyword for category
LTB-L-002179-26,L1,ExParte Order,2026-01-29,K6V,,,,,,,False,,,,,False,ocr,no dollar amount found
LTB-L-002201-26,L1,Order,2026-03-23,M4C,7974.69,arrears,1302.58,pattern_1,6.12,,False,,,,,False,text,found in operative 'It is ordered that' section; matched expected keyword for category
LTB-L-002204-26,L1,Order,2026-03-31,M6K,9333.0,arrears,2580.0,pattern_1,3.62,"March 18, 2026",True,True,False,True,,True,text,found in operative 'It is ordered that' section; matched expected keyword for category
LTB-L-002221-26,L1,ExParte Order,2026-03-11,M5G,,,,,,,False,,,,,False,text,no dollar amount found
LTB-L-002224-26,L1,Order,2026-05-12,M4C,3050.0,stated_total,,,,"March 24, 2026",False,,,,,False,text,"no operative section found, or it had no dollar mentions at all; fell back to full-document search; explicit stated-total phrasing (""...is \$X"")"
LTB-L-002234-26,L1,Order,2026-04-14,M5V,2955.72,arrears,1080.0,pattern_2,2.74,"March 24, 2026",True,True,True,True,False,False,text,found in operative 'It is ordered that' section; matched expected keyword for category
LTB-L-002236-26,L1,ExParte Order,2026-03-20,N6H,2226.2,arrears,,,,,False,,,,,False,text,found in operative 'It is ordered that' section; matched expected keyword for category
LTB-L-002251-26,L1,Order,2026-05-27,M1T,4841.86,arrears,1379.16,pattern_1,3.51,"March 17, 2026",True,True,True,True,False,False,text,found in operative 'It is ordered that' section; matched expected keyword for category
LTB-L-002282-26,L1,Order,2026-03-23,K0L,31986.0,arrears,2800.0,pattern_2,11.42,"March 16, 2026",True,True,True,False,False,False,text,found in operative 'It is ordered that' section; matched expected keyword for category
LTB-L-002293-26,L1,Order,2026-03-24,L6K,9829.2,arrears,1928.64,pattern_1,5.1,"March 19, 2026",True,True,False,True,,True,text,found in operative 'It is ordered that' section; matched expected keyword for category
LTB-L-002304-26,L1,Order,2026-03-24,K0L,11061.0,arrears,,,,,False,,,,,False,text,found in operative 'It is ordered that' section; matched expected keyword for category
LTB-L-002327-26,L1,Order,2026-04-09,L8P,5053.18,arrears,1730.0,pattern_1,2.92,"March 24, 2026",True,True,False,True,,True,text,found in operative 'It is ordered that' section; matched expected keyword for category
LTB-L-002336-26,L1,ExParte Order,2026-03-09,K9K,,,,,,,False,,,,,False,text,no dollar amount found
LTB-L-002348-26,L1,ExParte Order,2026-03-18,M8V,,,,,,,False,,,,,False,text,no dollar amount found
LTB-L-002387-26,L1,Order,2026-04-09,M4S,2758.45,arrears,2206.31,pattern_1,1.25,"March 31, 2026",True,True,False,True,,True,text,found in operative 'It is ordered that' section; matched expected keyword for category
LTB-L-002476-26,L1,Order,2026-04-01,L4X,8905.09,arrears,3098.85,pattern_1,2.87,"March 24, 2026",True,True,True,True,False,False,text,found in operative 'It is ordered that' section; matched expected keyword for category
LTB-L-002526-26,L1,Order,2026-03-25,N2M,10582.45,arrears,2326.49,pattern_1,4.55,"March 19, 2026",True,True,False,True,,True,text,found in operative 'It is ordered that' section; matched expected keyword for category
LTB-L-002530-26,L1,ExParte Order,2026-02-24,N2M,,,,,,,False,,,,,False,ocr,no dollar amount found
LTB-L-002611-26,L1,Order,2026-04-07,N2C,4788.88,arrears,1112.11,pattern_1,4.31,"March 18, 2026",True,True,False,True,,True,text,found in operative 'It is ordered that' section; matched expected keyword for category
LTB-L-002637-26,L1,Order,2026-04-02,M6K,4884.15,arrears,,,,"March 24, 2026",True,True,True,True,False,False,text,found in operative 'It is ordered that' section; matched expected keyword for category
LTB-L-002641-26,L1,Order,2026-04-27,K7V,10228.0,arrears,1021.0,pattern_1,10.02,"March 16, 2026",True,True,False,True,,True,text,found in operative 'It is ordered that' section; matched expected keyword for category
LTB-L-002658-26,L1,Order,2026-03-30,M6H,,,,,,"March 17, 2026",False,,,,,True,text,no dollar amount found
LTB-L-002675-26,L1,Order,2026-04-01,M4S,,,,,,"March 26, 2026",True,True,False,True,,True,text,no dollar amount found
LTB-L-002678-26,L1,Order,2026-04-02,M1V,,,,,,"March 25, 2026",True,True,False,True,,True,text,no dollar amount found
LTB-L-002691-26,L1,Order,2026-03-25,M1R,,,,,,"March 23, 2026",True,True,True,True,False,False,text,no dollar amount found
LTB-L-002702-26,L1,ExParte Order,2026-01-28,L8L,,,,,,,False,,,,,False,ocr,no dollar amount found
LTB-L-002708-26,L1,Order,2026-04-10,M4S,10757.0,arrears,2120.0,pattern_1,5.07,"March 30, 2026",True,True,True,True,False,False,text,found in operative 'It is ordered that' section; matched expected keyword for category
LTB-L-002734-26,L1,Order,2026-03-31,M4V,,,,,,"March 26, 2026",True,True,False,True,,True,text,no dollar amount found
LTB-L-002736-26,L1,Order,2026-03-25,M8V,14686.0,arrears,,,,"March 18, 2026",False,,,,,False,text,found in operative 'It is ordered that' section; matched expected keyword for category
LTB-L-002737-26,L1,ExParte Order,2026-03-12,M3N,,,,,,,False,,,,,False,ocr,no dollar amount found
LTB-L-002746-26,L1,Order,2026-04-01,M3N,3477.98,arrears,1562.15,pattern_1,2.23,,False,,,,,False,text,found in operative 'It is ordered that' section; matched expected keyword for category
LTB-L-002758-26,L1,Order,2026-03-26,K7K,4582.32,arrears,884.31,pattern_1,5.18,"March 19, 2026",True,True,False,True,,True,text,found in operative 'It is ordered that' section; matched expected keyword for category
LTB-L-002792-26,L1,Order,2026-03-30,K0G,,,,,,"March 17, 2026",False,,,,,True,text,no dollar amount found
LTB-L-002863-26,L1,Order,2026-03-31,L2G,190.0,arrears,1428.0,pattern_1,0.13,"March 17, 2026",True,True,False,False,,True,text,found in operative 'It is ordered that' section; matched expected keyword for category
LTB-L-002880-26,L1,Order,2026-03-20,M4B,10012.58,arrears,1300.0,pattern_1,7.7,"March 17, 2026",True,True,False,True,,True,text,found in operative 'It is ordered that' section; matched expected keyword for category
LTB-L-002894-26,L1,Order,2026-04-07,L1J,6836.49,arrears,1857.0,pattern_1,3.68,"March 18, 2026",True,True,False,True,,True,text,found in operative 'It is ordered that' section; matched expected keyword for category
LTB-L-002896-26,L1,Order,2026-03-25,P3C,7840.75,arrears,,,,"March 23, 2026",True,True,True,True,False,False,text,found in operative 'It is ordered that' section; matched expected keyword for category
LTB-L-002897-26,L1,Order,2026-03-26,L9T,18000.0,arrears,3000.0,pattern_2,6.0,"March 24, 2026",True,True,True,True,False,False,text,found in operative 'It is ordered that' section; matched expected keyword for category
LTB-L-002917-26,L1,Order,2026-03-26,M5E,17806.0,arrears,,,,,False,,,,,False,text,found in operative 'It is ordered that' section; matched expected keyword for category
LTB-L-002939-26,L1,ExParte Order,2026-03-03,M3M,,,,,,,False,,,,,False,ocr,no dollar amount found
LTB-L-002955-26,L1,Order,2026-03-25,M4P,7786.0,arrears,,,,"March 18, 2026",False,,,,,False,text,found in operative 'It is ordered that' section; matched expected keyword for category
LTB-L-003008-26,L1,Order,2026-04-02,K6A,,,,,,,False,,,,,False,text,no dollar amount found
LTB-L-003019-26,L1,Order,2026-03-20,P3C,4145.34,arrears,,,,"March 18, 2026",False,,,,,False,text,found in operative 'It is ordered that' section; matched expected keyword for category
LTB-L-003029-26,L1,Order,2026-03-27,L4L,8190.0,arrears,,,,"March 18, 2026",False,,,,,False,text,found in operative 'It is ordered that' section; matched expected keyword for category
LTB-L-003051-26,L1,Order,2026-03-23,M6K,1600.0,ambiguous-max,,,,"March 18, 2026",False,,,,,False,text,"found in operative 'It is ordered that' section; multiple candidate amounts, took max — manual review advised"
LTB-L-003054-26,L1,ExParte Order,2026-02-20,M3A,,,,,,,False,,,,,False,ocr,no dollar amount found
LTB-L-003061-26,L1,Order,2026-03-23,N8Y,1657.08,arrears,883.85,pattern_1,1.87,"March 18, 2026",True,True,True,False,False,True,text,found in operative 'It is ordered that' section; matched expected keyword for category
LTB-L-003078-26,L1,Order,2026-05-14,L2H,8571.11,arrears,1350.0,pattern_1,6.35,"May 7, 2026",True,True,True,True,False,False,text,found in operative 'It is ordered that' section; matched expected keyword for category
LTB-L-003085-26,L1,Order,2026-03-25,L9T,,,,,,"March 18, 2026",True,True,True,True,True,False,text,no dollar amount found
LTB-L-003087-26,L1,Order,2026-04-30,N4G,12686.0,arrears,2500.0,pattern_2,5.07,"March 18, 2026",True,True,True,True,False,False,text,found in operative 'It is ordered that' section; matched expected keyword for category
LTB-L-003099-26,L1,Order,2026-04-17,N6G,893.56,arrears,815.0,pattern_1,1.1,"April 13, 2026",False,,,,,False,text,found in operative 'It is ordered that' section; matched expected keyword for category
LTB-L-003109-26,L1,Order,2026-03-27,L8M,,,,,,"March 19, 2026",True,True,True,True,False,False,text,no dollar amount found
LTB-L-003134-26,L1,ExParte Order,2026-03-16,M4S,,,,,,,False,,,,,False,ocr,no dollar amount found
LTB-L-003165-26,L1,Order,2026-03-25,M1T,4623.69,arrears,1635.92,pattern_1,2.83,"March 19, 2026",True,True,False,True,,True,text,found in operative 'It is ordered that' section; matched expected keyword for category
LTB-L-003167-26,L1,Order,2026-04-02,L1A,3529.77,arrears,1669.05,pattern_2,2.11,"March 23, 2026",True,True,False,False,,True,text,found in operative 'It is ordered that' section; matched expected keyword for category
LTB-L-003172-26,L1,Order,2026-04-07,M9R,4182.75,arrears,1568.54,pattern_1,2.67,"March 26, 2026",True,True,False,True,,True,text,found in operative 'It is ordered that' section; matched expected keyword for category
LTB-L-003174-26,L1,Order,2026-03-24,P0T,,,,,,"March 18, 2026",True,True,False,True,,True,text,no dollar amount found
LTB-L-003179-26,L1,Order,2026-04-09,L6T,335.0,other,2092.77,pattern_2,0.16,"March 26, 2026",False,,,,,False,text,"found in operative 'It is ordered that' section; single candidate amount, no strong keyword match"
LTB-L-003186-26,L1,Order,2026-03-25,L5B,21786.0,arrears,2400.0,pattern_1,9.08,"March 19, 2026",True,True,False,True,,True,text,found in operative 'It is ordered that' section; matched expected keyword for category
LTB-L-003194-26,L1,Order,2026-03-31,M6J,1201.0,arrears,,,,"March 19, 2026",True,True,False,True,,True,text,found in operative 'It is ordered that' section; matched expected keyword for category
LTB-L-003198-26,L1,ExParte Order,2026-02-09,L4T,,,,,,,False,,,,,False,ocr,no dollar amount found
LTB-L-003209-26,L1,Order,2026-04-02,L7S,500.0,ambiguous-max,2621.12,pattern_2,0.19,"March 26, 2026",False,,,,,False,text,"found in operative 'It is ordered that' section; multiple candidate amounts, took max — manual review advised"
LTB-L-003229-26,L1,Order,2026-04-01,M4Y,,,,,,"March 30, 2026",True,True,False,True,,True,text,no dollar amount found
LTB-L-003233-26,L1,Order,2026-03-24,L4C,5476.0,arrears,988.0,pattern_1,5.54,"March 19, 2026",True,True,False,True,,True,text,found in operative 'It is ordered that' section; matched expected keyword for category
LTB-L-003241-26,L1,Order,2026-04-20,K1V,10709.4,arrears,1409.37,pattern_2,7.6,"April 7, 2026",True,True,True,True,False,False,text,found in operative 'It is ordered that' section; matched expected keyword for category
LTB-L-003248-26,L1,Order,2026-04-02,M3N,9200.7,arrears,2400.0,pattern_1,3.83,"March 23, 2026",True,True,False,False,,True,text,found in operative 'It is ordered that' section; matched expected keyword for category
LTB-L-003323-26,L1,Order,2026-03-31,L1P,4036.01,arrears,1521.89,pattern_1,2.65,"March 9, 2026",True,True,False,True,,True,text,found in operative 'It is ordered that' section; matched expected keyword for category
LTB-L-003347-26,L1,Order,2026-03-26,L8S,,,,,,,False,,,,,False,text,operative section found but contained only fee/rate/boilerplate amounts — likely no lump sum ordered
LTB-L-003388-26,L1,Order,2026-03-26,M9P,,,,,,"March 18, 2026",True,True,True,True,False,False,text,no dollar amount found
LTB-L-003396-26,L1,Order,2026-04-08,K1N,15237.0,arrears,1412.0,pattern_1,10.79,"March 31, 2026",True,True,False,True,,True,text,found in operative 'It is ordered that' section; matched expected keyword for category
LTB-L-003416-26,L1,Order,2026-04-08,K1N,,,,,,"March 18, 2026",False,,,,,True,text,no dollar amount found
LTB-L-003431-26,L1,Order,2026-04-07,K7K,10186.0,arrears,2500.0,pattern_2,4.07,"March 31, 2026",True,True,False,True,,True,text,found in operative 'It is ordered that' section; matched expected keyword for category
LTB-L-003439-26,L1,Order,2026-03-27,N6B,5886.0,arrears,950.0,pattern_1,6.2,"March 19, 2026",True,True,True,True,False,False,text,found in operative 'It is ordered that' section; matched expected keyword for category
LTB-L-003446-26,L1,ExParte Order,2026-03-13,N7T,,,,,,,False,,,,,False,text,no dollar amount found
LTB-L-003452-26,L1,Order,2026-03-30,M5R,,,,,,"March 26, 2026",True,True,True,True,False,False,text,no dollar amount found
LTB-L-003470-26,L1,Order,2026-03-27,L4C,,,,,,"March 23, 2026",True,True,False,True,,True,text,no dollar amount found
LTB-L-003474-26,L1,Order,2026-03-03,L2H,,,,,,"February 24, 2026",False,,,,,True,text,no dollar amount found
LTB-L-003495-26,L1,Order,2026-04-08,K2E,4099.31,arrears,1591.97,pattern_1,2.57,"March 18, 2026",True,True,False,True,,True,text,found in operative 'It is ordered that' section; matched expected keyword for category
LTB-L-003500-26,L1,Order,2026-04-10,L9H,8186.0,arrears,800.0,pattern_1,10.23,"March 31, 2026",True,True,True,True,False,False,text,found in operative 'It is ordered that' section; matched expected keyword for category
LTB-L-003503-26,L1,Order,2026-03-17,N2A,9251.03,arrears,,,,,False,,,,,False,text,found in operative 'It is ordered that' section; matched expected keyword for category
LTB-L-003514-26,L1,Order,2026-03-31,M4N,17497.25,arrears,2101.25,pattern_1,8.33,"March 24, 2026",True,True,True,True,False,False,text,found in operative 'It is ordered that' section; matched expected keyword for category
LTB-L-003530-26,L1,Order,2026-03-27,N5C,1371.02,arrears,,,,,False,,,,,False,text,found in operative 'It is ordered that' section; matched expected keyword for category
LTB-L-003555-26,L1,Order,2026-03-25,M6J,10827.0,arrears,1592.0,pattern_1,6.8,,False,,,,,False,text,found in operative 'It is ordered that' section; matched expected keyword for category
LTB-L-003561-26,L1,Order,2026-03-30,N0P,,,366.0,pattern_1,,"March 19, 2026",False,,,,,False,text,operative section found but contained only fee/rate/boilerplate amounts — likely no lump sum ordered
LTB-L-003563-26,L1,Amended Order,2026-05-22,L4M,3038.0,arrears,800.0,pattern_1,3.8,"March 18, 2026",True,True,True,True,False,False,text,found in operative 'It is ordered that' section; matched expected keyword for category
LTB-L-003572-26,L1,Order,2026-04-20,N6A,6056.59,arrears,915.0,pattern_1,6.62,"April 13, 2026",False,,,,,False,text,found in operative 'It is ordered that' section; matched expected keyword for category
LTB-L-003607-26,L1,Order,2026-04-02,M2J,8188.6,arrears,2229.15,pattern_1,3.67,"March 31, 2026",True,True,False,True,,True,text,found in operative 'It is ordered that' section; matched expected keyword for category
LTB-L-003628-26,L1,Order,2026-05-21,L1G,12500.0,arrears,,,,"March 18, 2026",False,,,,,False,text,"no operative section found, or it had no dollar mentions at all; fell back to full-document search; matched expected keyword for category"
LTB-L-003636-26,L1,Order,2026-04-08,L2H,,,,,,"March 31, 2026",False,,,,,True,text,no dollar amount found
LTB-L-003637-26,L1,Order,2026-03-26,M4X,8236.0,arrears,2170.0,pattern_1,3.8,"March 19, 2026",True,True,False,True,,True,text,found in operative 'It is ordered that' section; matched expected keyword for category
LTB-L-003645-26,L1,Order,2026-04-08,M1B,,,,,,"March 31, 2026",True,True,False,True,,True,text,no dollar amount found
LTB-L-003671-26,L1,Order,2026-04-13,M5P,8328.22,arrears,2726.78,pattern_1,3.05,"March 31, 2026",False,,,,,False,text,found in operative 'It is ordered that' section; matched expected keyword for category
LTB-L-003713-26,L1,Order,2026-04-21,M3A,26586.0,arrears,3300.0,pattern_1,8.06,"April 20, 2026",True,True,False,True,,True,text,found in operative 'It is ordered that' section; matched expected keyword for category
LTB-L-003737-26,L1,ExParte Order,2026-03-18,M6J,,,,,,,False,,,,,False,text,no dollar amount found
LTB-L-003760-26,L1,Order,2026-03-27,N1R,5303.11,arrears,,,,"March 23, 2026",True,False,True,,False,False,text,found in operative 'It is ordered that' section; matched expected keyword for category
LTB-L-003767-26,L1,Order,2026-04-09,K1N,,,,,,"March 24, 2026",True,True,False,True,,True,text,no dollar amount found
LTB-L-003788-26,L1,ExParte Order,2026-03-13,L8N,,,,,,,False,,,,,False,text,no dollar amount found
LTB-L-003796-26,L1,Order,2026-04-02,N5Z,7057.8,arrears,1872.0,pattern_1,3.77,"March 19, 2026",True,True,True,True,False,False,text,found in operative 'It is ordered that' section; matched expected keyword for category
LTB-L-003802-26,L1,Order,2026-03-30,L8T,,,,,,"March 24, 2026",True,False,False,,,True,text,no dollar amount found
LTB-L-003805-26,L1,ExParte Order,2026-03-18,M9C,,,,,,,False,,,,,False,text,no dollar amount found
LTB-L-003841-26,L1,Order,2026-04-13,M6K,2562.91,arrears,1380.96,pattern_1,1.86,"March 31, 2026",True,True,False,True,,True,text,found in operative 'It is ordered that' section; matched expected keyword for category
LTB-L-003850-25,L1,Review Order,2026-02-27,L1H,8960.0,arrears,2200.0,pattern_2,4.07,"February 17, 2026",True,False,False,,,True,text,found in operative 'It is ordered that' section; matched expected keyword for category
LTB-L-003860-26,L1,Order,2026-04-02,L8H,1575.93,stated_total,1575.93,pattern_2,1.0,"March 25, 2026",False,,,,,False,text,"no operative section found, or it had no dollar mentions at all; fell back to full-document search; explicit stated-total phrasing (""...is \$X"")"
LTB-L-003881-26,L1,ExParte Order,2026-03-23,M3N,,,,,,,False,,,,,False,ocr,no dollar amount found
LTB-L-003888-26,L1,Order,2026-04-02,M9W,2263.89,arrears,2031.99,pattern_1,1.11,"March 30, 2026",True,True,False,True,,True,text,found in operative 'It is ordered that' section; matched expected keyword for category
LTB-L-003925-26,L1,Order,2026-04-01,L8R,583.54,arrears,1625.0,pattern_2,0.36,"March 25, 2026",True,True,True,True,False,False,text,found in operative 'It is ordered that' section; matched expected keyword for category
LTB-L-003937-26,L1,Order,2026-04-09,L2H,6813.79,arrears,1350.0,pattern_1,5.05,"March 31, 2026",True,True,False,True,,True,text,found in operative 'It is ordered that' section; matched expected keyword for category
LTB-L-003969-26,L1,Order,2026-04-01,L8R,3280.59,arrears,1039.19,pattern_1,3.16,"March 26, 2026",False,,,,,False,text,found in operative 'It is ordered that' section; matched expected keyword for category
LTB-L-003975-26,L1,Order,2026-04-15,L8H,1084.0,arrears,899.0,pattern_1,1.21,"March 24, 2026",True,True,False,True,,True,text,found in operative 'It is ordered that' section; matched expected keyword for category
LTB-L-003982-26,L1,Order,2026-04-08,L2H,1006.0,arrears,,,,"March 31, 2026",True,True,True,True,False,False,text,found in operative 'It is ordered that' section; matched expected keyword for category
LTB-L-003988-26,L1,Order,2026-04-09,M3N,9161.0,arrears,3045.0,pattern_1,3.01,"March 30, 2026",True,True,False,True,,True,text,found in operative 'It is ordered that' section; matched expected keyword for category
LTB-L-003989-26,L1,ExParte Order,2026-03-23,M3N,,,,,,,False,,,,,False,ocr,no dollar amount found
LTB-L-004005-26,L1,Order,2026-04-01,K1N,1007.0,ambiguous-max,,,,"March 24, 2026",True,True,True,True,False,False,text,"found in operative 'It is ordered that' section; multiple candidate amounts, took max — manual review advised"
LTB-L-004011-26,L1,Order,2026-03-30,K9H,8186.0,arrears,1600.0,pattern_1,5.12,"March 24, 2026",True,True,True,True,False,False,text,found in operative 'It is ordered that' section; matched expected keyword for category
LTB-L-004047-26,L1,Order,2026-04-09,K9J,2186.0,arrears,,,,"April 7, 2026",False,,,,,False,text,found in operative 'It is ordered that' section; matched expected keyword for category
LTB-L-004053-26,L1,Order,2026-04-07,K2J,,,,,,"March 18, 2026",True,False,True,,False,True,text,no dollar amount found
LTB-L-004072-26,L1,ExParte Order,2026-03-20,L6T,,,,,,,False,,,,,False,ocr,no dollar amount found
LTB-L-004118-26,L1,Order,2026-03-26,M1S,15786.0,arrears,2450.0,pattern_1,6.44,"March 19, 2026",True,True,True,False,False,False,text,found in operative 'It is ordered that' section; matched expected keyword for category
LTB-L-004194-26,L1,Order,2026-03-31,L0L,3013.0,stated_total,3013.0,pattern_2,1.0,"March 19, 2026",True,True,True,True,False,False,text,"no operative section found, or it had no dollar mentions at all; fell back to full-document search; explicit stated-total phrasing (""...is \$X"")"
LTB-L-004221-26,L1,Order,2026-03-26,K7K,,,,,,"March 24, 2026",True,True,False,True,,True,text,no dollar amount found
LTB-L-004241-26,L1,Order,2026-03-30,N6H,6019.74,arrears,791.0,pattern_1,7.61,"March 23, 2026",True,True,False,True,,True,text,found in operative 'It is ordered that' section; matched expected keyword for category
LTB-L-004255-26,L1,ExParte Order,2026-03-16,N8S,1150.76,arrears,,,,,False,,,,,False,text,found in operative 'It is ordered that' section; matched expected keyword for category
LTB-L-004271-26,L1,Order,2026-04-07,M2R,8220.48,arrears,2029.49,pattern_1,4.05,"March 30, 2026",True,True,False,True,,True,text,found in operative 'It is ordered that' section; matched expected keyword for category
LTB-L-004277-26,L1,Order,2026-05-07,M5A,24816.08,arrears,,,,"May 4, 2026",True,True,True,False,False,False,text,found in operative 'It is ordered that' section; matched expected keyword for category
LTB-L-004303-26,L1,Order,2026-04-14,K1G,5910.2,arrears,1847.11,pattern_1,3.2,"March 31, 2026",True,True,True,True,False,False,text,found in operative 'It is ordered that' section; matched expected keyword for category
LTB-L-004309-26,L1,Order,2026-04-10,K8V,7286.0,arrears,2200.0,pattern_1,3.31,"March 31, 2026",True,True,False,True,,True,text,found in operative 'It is ordered that' section; matched expected keyword for category
LTB-L-004310-26,L1,Order,2026-03-27,L6K,7542.17,arrears,,,,"March 19, 2026",False,,,,,False,text,found in operative 'It is ordered that' section; matched expected keyword for category
LTB-L-004330-26,L1,Order,2026-04-10,M3C,10662.79,arrears,2153.78,pattern_1,4.95,"March 30, 2026",True,True,True,True,False,False,text,found in operative 'It is ordered that' section; matched expected keyword for category
LTB-L-004348-26,L1,Order,2026-04-09,K0A,5186.0,arrears,2500.0,pattern_1,2.07,"March 19, 2026",True,True,True,True,False,False,text,found in operative 'It is ordered that' section; matched expected keyword for category
LTB-L-004351-26,L1,Order,2026-03-30,L6K,9119.45,arrears,1984.09,pattern_1,4.6,"March 24, 2026",True,True,False,True,,True,text,found in operative 'It is ordered that' section; matched expected keyword for category
LTB-L-004415-26,L1,Order,2026-04-01,M4E,5416.0,arrears,,,,,False,,,,,False,text,found in operative 'It is ordered that' section; matched expected keyword for category
LTB-L-004421-26,L1,Order,2026-04-13,M9M,2179.14,arrears,1040.0,pattern_2,2.1,"March 24, 2026",True,True,False,True,,True,text,found in operative 'It is ordered that' section; matched expected keyword for category
LTB-L-004426-26,L1,Order,2026-03-25,P3A,,,,,,"March 19, 2026",False,,,,,True,text,no dollar amount found
LTB-L-004431-26,L1,Order,2026-03-30,N2T,754.0,arrears,,,,"March 19, 2026",True,True,True,True,False,False,text,found in operative 'It is ordered that' section; matched expected keyword for category
LTB-L-004450-26,L1,Order,2026-03-27,N5Y,4255.65,arrears,,,,,False,,,,,False,text,found in operative 'It is ordered that' section; matched expected keyword for category
LTB-L-004467-26,L1,Order,2026-04-02,M3M,28380.5,arrears,2464.96,pattern_1,11.51,"March 30, 2026",True,True,False,True,,True,text,found in operative 'It is ordered that' section; matched expected keyword for category
LTB-L-004469-26,L1,Review Order,2026-05-21,L6T,,,,,,,True,False,True,,False,False,text,no dollar amount found
LTB-L-004499-26,L1,Order,2026-05-01,L5C,,,,,,"February 12, 2026",True,True,True,False,False,False,text,no dollar amount found
LTB-L-004503-26,L1,Order,2026-03-31,M1R,,,,,,,True,True,True,True,False,False,text,no dollar amount found
LTB-L-004556-26,L1,Order,2026-04-08,M9V,5550.33,arrears,1793.93,pattern_1,3.09,"April 1, 2026",True,True,False,True,,True,text,found in operative 'It is ordered that' section; matched expected keyword for category
LTB-L-004566-26,L1,ExParte Order,2026-03-24,N2M,,,,,,,False,,,,,False,ocr,no dollar amount found
LTB-L-004589-26,L1,Order,2026-03-27,M6S,5800.22,arrears,,,,"March 19, 2026",False,,,,,False,text,found in operative 'It is ordered that' section; matched expected keyword for category
LTB-L-004607-26,L1,Order,2026-05-14,M9V,,,,,,"April 8, 2026",True,True,False,True,,True,text,no dollar amount found
LTB-L-004615-26,L1,Order,2026-04-15,M2J,4708.07,arrears,,,,"April 8, 2026",True,False,False,,,False,text,found in operative 'It is ordered that' section; matched expected keyword for category
LTB-L-004630-26,L1,Order,2026-04-17,M2R,,,,,,"April 7, 2026",True,True,False,True,,True,text,no dollar amount found
LTB-L-004636-26,L1,Order,2026-04-01,L1V,1000.0,ambiguous-max,,,,"March 24, 2026",True,True,True,True,False,False,text,"found in operative 'It is ordered that' section; multiple candidate amounts, took max — manual review advised"
LTB-L-004650-26,L1,Order,2026-04-17,L6W,15510.9,arrears,1106.82,pattern_1,14.01,"April 7, 2026",True,True,True,True,False,False,text,found in operative 'It is ordered that' section; matched expected keyword for category
LTB-L-004665-26,L1,ExParte Order,2026-03-13,M4B,,,,,,,False,,,,,False,ocr,no dollar amount found
LTB-L-004672-26,L1,Order,2026-03-30,L8L,500.0,ambiguous-max,,,,"March 24, 2026",False,,,,,False,text,"found in operative 'It is ordered that' section; multiple candidate amounts, took max — manual review advised"
LTB-L-004673-26,L1,Order,2026-04-14,M9R,7656.36,arrears,,,,"April 2, 2026",False,,,,,False,text,found in operative 'It is ordered that' section; matched expected keyword for category
LTB-L-004685-24,L1,Order,2026-04-01,N1A,7457.9,arrears,,,,,True,True,True,True,False,False,text,found in operative 'It is ordered that' section; matched expected keyword for category
LTB-L-004687-26,L1,ExParte Order,2026-01-30,L8L,2051.0,arrears,,,,,False,,,,,False,text,found in operative 'It is ordered that' section; matched expected keyword for category
LTB-L-004728-26,L1,Order,2026-03-19,L8H,6636.0,stated_total,,,,"March 9, 2026",False,,,,,False,text,"found in operative 'It is ordered that' section; explicit stated-total phrasing (""...is \$X"")"
LTB-L-004744-26,L1,Order,2026-03-31,P7B,8564.64,arrears,1869.15,pattern_1,4.58,"March 23, 2026",True,True,False,True,,True,text,found in operative 'It is ordered that' section; matched expected keyword for category
LTB-L-004754-26,L1,Order,2026-03-31,L4N,,,,,,"March 23, 2026",True,True,True,False,False,False,text,no dollar amount found
LTB-L-004761-26,L1,Order,2026-03-30,M1M,2486.0,arrears,2300.0,pattern_2,1.08,"March 23, 2026",True,True,True,False,False,False,text,found in operative 'It is ordered that' section; matched expected keyword for category
LTB-L-004782-26,L1,Order,2026-03-26,K2J,,,,,,"March 23, 2026",True,True,True,False,False,False,text,no dollar amount found
LTB-L-004785-26,L1,Order,2026-03-25,K9H,,,,,,"March 23, 2026",True,True,False,True,,True,text,no dollar amount found
LTB-L-004895-26,L1,Order,2026-04-01,P6C,,,,,,,False,,,,,False,text,operative section found but contained only fee/rate/boilerplate amounts — likely no lump sum ordered
LTB-L-004896-26,L1,Order,2026-04-01,L4K,,,,,,"March 24, 2026",False,,,,,True,text,no dollar amount found
LTB-L-004904-26,L1,ExParte Order,2026-02-05,N5Z,,,,,,,False,,,,,False,ocr,no dollar amount found
LTB-L-004908-26,L1,Order,2026-04-02,P6A,,,,,,"March 25, 2026",True,True,True,True,False,False,text,no dollar amount found
LTB-L-004916-24,L1,Order,2026-04-01,M6P,26311.79,arrears,1893.29,pattern_1,13.9,"February 18, 2026",True,True,True,False,False,False,text,found in operative 'It is ordered that' section; matched expected keyword for category
LTB-L-004933-26,L1,Order,2026-03-31,K8V,4136.0,arrears,1600.0,pattern_1,2.58,"March 24, 2026",True,True,True,False,False,False,text,found in operative 'It is ordered that' section; matched expected keyword for category
LTB-L-004968-26,L1,Order,2026-04-02,M4Y,,,,,,"March 24, 2026",True,True,False,True,,True,text,no dollar amount found
LTB-L-004995-26,L1,Amended Order,2026-03-30,L7A,32386.0,other,,,,"March 23, 2026",True,True,True,True,False,False,text,"found in operative 'It is ordered that' section; single candidate amount, no strong keyword match"
LTB-L-005002-26,L1,Order,2026-03-30,N5V,2303.67,arrears,914.0,pattern_2,2.52,"March 24, 2026",True,False,False,,,True,text,found in operative 'It is ordered that' section; matched expected keyword for category
LTB-L-005030-26,L1,Order,2026-03-27,L2V,9286.0,arrears,1300.0,pattern_1,7.14,"March 24, 2026",True,True,False,True,,True,text,found in operative 'It is ordered that' section; matched expected keyword for category
LTB-L-005033-26,L1,Order,2026-03-31,L6Y,365.0,other,202.0,pattern_2,1.81,"March 26, 2026",False,,,,,False,text,"found in operative 'It is ordered that' section; single candidate amount, no strong keyword match"
LTB-L-005034-26,L1,Order,2026-03-31,N6B,2036.0,arrears,,,,"March 23, 2026",False,,,,,False,text,found in operative 'It is ordered that' section; matched expected keyword for category
LTB-L-005051-26,L1,Order,2026-04-13,N0E,6249.59,arrears,2200.0,pattern_1,2.84,"March 23, 2026",True,True,True,False,False,False,text,found in operative 'It is ordered that' section; matched expected keyword for category
LTB-L-005054-26,L1,Order,2026-04-07,L6S,3286.0,arrears,,,,,False,,,,,False,text,found in operative 'It is ordered that' section; matched expected keyword for category
LTB-L-005073-26,L1,Order,2026-04-07,M4H,2362.55,arrears,1148.98,pattern_1,2.06,"April 2, 2026",True,True,False,True,,True,text,found in operative 'It is ordered that' section; matched expected keyword for category
LTB-L-005093-26,L1,Order,2026-04-14,M6M,6731.0,ambiguous-max,2731.62,pattern_2,2.46,"April 1, 2026",False,,,,,False,text,"found in operative 'It is ordered that' section; multiple candidate amounts, took max — manual review advised"
LTB-L-005124-26,L1,Order,2026-03-31,P6A,3712.73,arrears,953.03,pattern_1,3.9,"March 23, 2026",True,True,False,False,,True,text,found in operative 'It is ordered that' section; matched expected keyword for category
LTB-L-005133-26,L1,ExParte Order,2026-03-12,L8B,,,,,,,False,,,,,False,ocr,no dollar amount found
LTB-L-005140-26,L1,Order,2026-03-27,L2M,2563.93,arrears,,,,"March 25, 2026",False,,,,,False,text,found in operative 'It is ordered that' section; matched expected keyword for category
LTB-L-005143-26,L1,Order,2026-04-07,M6M,5509.95,arrears,2900.0,pattern_1,1.9,"March 26, 2026",True,True,True,False,False,False,text,found in operative 'It is ordered that' section; matched expected keyword for category
LTB-L-005160-26,L1,Order,2026-04-02,L8K,6155.91,arrears,,,,"March 31, 2026",True,True,True,True,False,False,text,found in operative 'It is ordered that' section; matched expected keyword for category
LTB-L-005171-26,L1,Order,2026-04-13,L4Y,2028.68,ambiguous-max,,,,"March 31, 2026",True,True,True,True,False,False,text,"found in operative 'It is ordered that' section; multiple candidate amounts, took max — manual review advised"
LTB-L-005177-26,L1,ExParte Order,2026-03-20,N1H,2249.0,arrears,,,,,False,,,,,False,text,found in operative 'It is ordered that' section; matched expected keyword for category
LTB-L-005178-26,L1,Order,2026-04-23,L4T,10697.34,arrears,2755.67,pattern_1,3.88,"March 31, 2026",True,True,True,True,False,False,text,found in operative 'It is ordered that' section; matched expected keyword for category
LTB-L-005183-26,L1,Order,2026-04-07,L5G,93.0,other,,,,,False,,,,,False,text,"found in operative 'It is ordered that' section; single candidate amount, no strong keyword match"
LTB-L-005194-26,L1,Order,2026-03-31,M9N,34594.44,arrears,1525.0,pattern_2,22.68,"March 24, 2026",True,True,False,True,,True,text,found in operative 'It is ordered that' section; matched expected keyword for category
LTB-L-005231-26,L1,Order,2026-03-30,L4S,,,,,,"March 26, 2026",True,False,True,,True,True,text,no dollar amount found
LTB-L-005248-26,L1,Order,2026-04-02,L6Y,1694.0,arrears,1459.0,pattern_1,1.16,"March 25, 2026",True,True,False,True,,True,text,found in operative 'It is ordered that' section; matched expected keyword for category
LTB-L-005253-26,L1,Order,2026-03-10,K0A,,,,,,,False,,,,,False,text,no dollar amount found
LTB-L-005286-26,L1,Order,2026-04-15,L5G,2342.64,arrears,1882.09,pattern_2,1.24,"March 30, 2026",False,,,,,False,text,found in operative 'It is ordered that' section; matched expected keyword for category
LTB-L-005326-26,L1,Order,2026-04-01,M6H,4925.0,arrears,,,,"March 26, 2026",False,,,,,False,text,found in operative 'It is ordered that' section; matched expected keyword for category
LTB-L-005354-26,L1,Order,2026-04-07,N3H,3550.46,arrears,700.0,pattern_1,5.07,"March 25, 2026",True,True,False,True,,True,text,found in operative 'It is ordered that' section; matched expected keyword for category
LTB-L-005366-26,L1,Order,2026-04-01,M6H,1826.0,arrears,680.0,pattern_2,2.69,"March 24, 2026",True,True,True,True,False,False,text,found in operative 'It is ordered that' section; matched expected keyword for category
LTB-L-005382-26,L1,ExParte Order,2026-03-16,M1H,,,,,,,False,,,,,False,text,no dollar amount found
LTB-L-005390-26,L1,Order,2026-04-10,M5A,1423.0,arrears,,,,,False,,,,,False,text,found in operative 'It is ordered that' section; matched expected keyword for category
LTB-L-005391-26,L1,Order,2026-03-30,K7M,5002.0,arrears,,,,"March 25, 2026",False,,,,,False,text,found in operative 'It is ordered that' section; matched expected keyword for category
LTB-L-005403-26,L1,Order,2026-04-14,L4Z,961.0,ambiguous-max,961.0,pattern_2,1.0,"April 1, 2026",False,,,,,False,text,"found in operative 'It is ordered that' section; multiple candidate amounts, took max — manual review advised"
LTB-L-005405-26,L1,Order,2026-04-08,M9N,6759.38,arrears,1350.68,pattern_1,5.0,"March 30, 2026",True,True,False,True,,True,text,found in operative 'It is ordered that' section; matched expected keyword for category
LTB-L-005488-26,L1,Order,2026-04-02,M9R,4964.2,arrears,1624.98,pattern_1,3.05,"March 31, 2026",True,True,False,True,,True,text,found in operative 'It is ordered that' section; matched expected keyword for category
LTB-L-005492-26,L1,ExParte Order,2026-03-20,L8G,,,,,,,False,,,,,False,ocr,no dollar amount found
LTB-L-005504-26,L1,ExParte Order,2026-03-10,N6J,,,,,,,False,,,,,False,ocr,no dollar amount found
LTB-L-005508-26,L1,ExParte Order,2026-03-19,L8K,,,,,,,False,,,,,False,ocr,no dollar amount found
LTB-L-005535-26,L1,Order,2026-04-22,M3N,1798.21,arrears,1639.71,pattern_1,1.1,"April 7, 2026",True,True,True,True,False,False,text,found in operative 'It is ordered that' section; matched expected keyword for category
LTB-L-005537-24,L1,Order,2026-03-04,K2T,20525.9,stated_total,2818.75,pattern_1,7.28,"April 10, 2025",True,True,True,True,False,False,text,"found in operative 'It is ordered that' section; explicit stated-total phrasing (""...is \$X"")"
LTB-L-005556-26,L1,Order,2026-04-01,M9A,4088.0,arrears,1951.0,pattern_1,2.1,"March 26, 2026",True,True,False,True,,True,text,found in operative 'It is ordered that' section; matched expected keyword for category
LTB-L-005560-26,L1,Order,2026-03-27,K6A,5551.0,arrears,,,,,False,,,,,False,text,found in operative 'It is ordered that' section; matched expected keyword for category
LTB-L-005609-26,L1,ExParte Order,2026-03-12,L2G,2025.85,arrears,,,,,False,,,,,False,text,found in operative 'It is ordered that' section; matched expected keyword for category
LTB-L-005615-26,L1,Order,2026-04-01,L1C,3836.0,arrears,,,,"March 26, 2026",False,,,,,False,text,found in operative 'It is ordered that' section; matched expected keyword for category
LTB-L-005623-26,L1,Order,2026-04-07,M6P,7086.0,stated_total,1725.0,pattern_1,4.11,"March 26, 2026",True,True,True,False,False,False,text,"found in operative 'It is ordered that' section; explicit stated-total phrasing (""...is \$X"")"
LTB-L-005625-26,L1,Order,2026-04-10,L1X,,,,,,,False,,,,,False,text,no dollar amount found
LTB-L-005636-26,L1,Order,2026-05-21,L1Z,5929.6,arrears,,,,"March 26, 2026",True,True,True,False,False,False,text,found in operative 'It is ordered that' section; matched expected keyword for category
LTB-L-005730-26,L1,Order,2026-04-07,L6Y,189.0,arrears,,,,"March 30, 2026",True,True,True,True,False,False,text,found in operative 'It is ordered that' section; matched expected keyword for category
LTB-L-005739-26,L1,Order,2026-03-27,K9H,1823.76,arrears,,,,,False,,,,,False,text,found in operative 'It is ordered that' section; matched expected keyword for category
LTB-L-005757-26,L1,Order,2026-04-08,M1R,1886.0,arrears,1600.0,pattern_1,1.18,"March 25, 2026",True,True,True,True,False,False,text,found in operative 'It is ordered that' section; matched expected keyword for category
LTB-L-005763-26,L1,Order,2026-04-21,N2C,1425.97,arrears,,,,,False,,,,,False,text,found in operative 'It is ordered that' section; matched expected keyword for category
LTB-L-005773-26,L1,Order,2026-04-08,L5L,,,,,,"April 1, 2026",True,True,False,True,,True,text,no dollar amount found
LTB-L-005780-26,L1,Order,2026-05-08,L6T,5476.73,arrears,1661.28,pattern_2,3.3,"April 29, 2026",True,True,False,True,,True,text,found in operative 'It is ordered that' section; matched expected keyword for category
LTB-L-005815-26,L1,ExParte Order,2026-03-13,M3K,,,,,,,False,,,,,False,text,no dollar amount found
LTB-L-005820-26,L1,Order,2026-04-02,K2P,7146.05,arrears,1450.0,pattern_1,4.93,"March 25, 2026",True,True,False,True,,True,text,found in operative 'It is ordered that' section; matched expected keyword for category
LTB-L-005821-26,L1,Order,2026-04-07,M1S,6310.08,arrears,2842.0,pattern_2,2.22,"March 30, 2026",True,True,False,True,,True,text,found in operative 'It is ordered that' section; matched expected keyword for category
LTB-L-005822-26,L1,Order,2026-04-08,L8N,,,,,,"March 31, 2026",True,True,False,True,,True,text,no dollar amount found
LTB-L-005828-26,L1,Order,2026-04-09,M2N,9986.0,arrears,2450.0,pattern_1,4.08,"March 31, 2026",True,True,False,False,,True,text,found in operative 'It is ordered that' section; matched expected keyword for category
LTB-L-005843-26,L1,Order,2026-03-31,M4X,185.98,arrears,,,,"March 26, 2026",False,,,,,False,text,found in operative 'It is ordered that' section; matched expected keyword for category
LTB-L-005850-26,L1,Order,2026-04-10,M1L,7765.35,arrears,1861.89,pattern_1,4.17,"March 31, 2026",True,True,False,True,,True,text,found in operative 'It is ordered that' section; matched expected keyword for category
LTB-L-005860-26,L1,Order,2026-05-01,L6Y,,,,,,"April 28, 2026",True,False,True,,False,True,text,no dollar amount found
LTB-L-005885-26,L1,Order,2026-04-01,L6S,7297.0,arrears,1281.0,pattern_1,5.7,"March 26, 2026",True,True,True,True,False,False,text,found in operative 'It is ordered that' section; matched expected keyword for category
LTB-L-005897-26,L1,ExParte Order,2026-02-05,L8M,3386.0,arrears,,,,,False,,,,,False,text,found in operative 'It is ordered that' section; matched expected keyword for category
LTB-L-005907-26,L1,ExParte Order,2026-03-11,L1H,,,,,,,False,,,,,False,text,no dollar amount found
LTB-L-005960-26,L1,ExParte Order,2026-03-25,M2N,,,,,,,False,,,,,False,text,no dollar amount found
LTB-L-005991-26,L1,Order,2026-04-13,K2V,1500.0,other,,,,"April 2, 2026",False,,,,,False,text,"found in operative 'It is ordered that' section; single candidate amount, no strong keyword match"
LTB-L-006001-26,L1,ExParte Order,2026-02-20,M9C,,,,,,,False,,,,,False,text,no dollar amount found
LTB-L-006006-26,L1,Order,2026-04-08,M6P,9397.61,arrears,1998.14,pattern_1,4.7,"April 2, 2026",True,True,True,True,False,False,text,found in operative 'It is ordered that' section; matched expected keyword for category
LTB-L-006012-26,L1,Order,2026-03-30,M6N,,,3200.0,pattern_2,,"March 26, 2026",False,,,,,False,text,operative section found but contained only fee/rate/boilerplate amounts — likely no lump sum ordered
LTB-L-006016-26,L1,Order,2026-04-01,L3R,4886.0,arrears,2375.0,pattern_1,2.06,"March 30, 2026",True,True,False,True,,True,text,found in operative 'It is ordered that' section; matched expected keyword for category
LTB-L-006021-26,L1,ExParte Order,2026-03-31,M4S,,,,,,,False,,,,,False,ocr,no dollar amount found
LTB-L-006051-26,L1,Order,2026-04-07,L1V,8368.32,arrears,1500.0,pattern_1,5.58,"March 26, 2026",True,True,True,False,False,False,text,found in operative 'It is ordered that' section; matched expected keyword for category
LTB-L-006062-26,L1,Order,2026-04-13,L1L,12583.07,arrears,3000.0,pattern_2,4.19,"March 31, 2026",True,True,False,True,,True,text,found in operative 'It is ordered that' section; matched expected keyword for category
LTB-L-006064-26,L1,ExParte Order,2026-04-02,M6M,,,,,,,False,,,,,False,text,no dollar amount found
LTB-L-006077-26,L1,ExParte Order,2026-04-02,M6M,,,,,,,False,,,,,False,text,no dollar amount found
LTB-L-006094-26,L1,Order,2026-03-31,L9C,4524.45,arrears,1446.15,pattern_1,3.13,"March 26, 2026",True,True,True,True,True,False,text,found in operative 'It is ordered that' section; matched expected keyword for category
LTB-L-006114-26,L1,Order,2026-04-23,M5G,954.2,ambiguous-max,2089.0,pattern_2,0.46,"March 30, 2026",True,True,True,True,False,False,text,"found in operative 'It is ordered that' section; multiple candidate amounts, took max — manual review advised"
LTB-L-006149-26,L1,Order,2026-04-01,N0M,200.0,ambiguous-max,885.0,pattern_2,0.23,"March 30, 2026",True,True,True,True,False,False,text,"found in operative 'It is ordered that' section; multiple candidate amounts, took max — manual review advised"
LTB-L-006169-26,L1,Order,2026-04-10,N6C,2094.9,arrears,1373.04,pattern_2,1.53,"March 30, 2026",True,True,False,True,,True,text,found in operative 'It is ordered that' section; matched expected keyword for category
LTB-L-006180-26,L1,Order,2026-04-10,L5L,1590.0,arrears,234.0,pattern_1,6.79,"April 8, 2026",True,True,False,True,,True,text,found in operative 'It is ordered that' section; matched expected keyword for category
LTB-L-006232-26,L1,Review Order,2026-05-11,M4Y,,,,,,,True,True,True,True,False,False,text,no dollar amount found
LTB-L-006248-26,L1,Order,2026-04-09,N2A,5258.15,arrears,2010.91,pattern_2,2.61,"March 30, 2026",False,,,,,False,text,found in operative 'It is ordered that' section; matched expected keyword for category
LTB-L-006252-26,L1,Order,2026-04-08,M6P,4283.0,arrears,1799.0,pattern_1,2.38,"April 2, 2026",True,True,True,True,False,False,text,found in operative 'It is ordered that' section; matched expected keyword for category
LTB-L-006258-26,L1,Order,2026-04-09,M3N,188.19,ambiguous-max,2773.55,pattern_2,0.07,"March 30, 2026",True,True,True,True,False,False,text,"found in operative 'It is ordered that' section; multiple candidate amounts, took max — manual review advised"
LTB-L-006276-26,L1,Order,2026-04-15,M6B,,,,,,"April 8, 2026",True,True,True,True,False,False,text,no dollar amount found
LTB-L-006304-26,L1,Order,2026-04-21,M4R,6269.15,arrears,2299.46,pattern_2,2.73,"April 8, 2026",True,True,True,True,False,False,text,found in operative 'It is ordered that' section; matched expected keyword for category
LTB-L-006331-26,L1,Order,2026-04-20,N5Y,6234.2,arrears,,,,"April 2, 2026",False,,,,,False,text,found in operative 'It is ordered that' section; matched expected keyword for category
LTB-L-006353-26,L1,Order,2026-05-19,N8Y,,,,,,"May 11, 2026",True,True,False,True,,True,text,no dollar amount found
LTB-L-006354-26,L1,Order,2026-04-14,K1H,,,3900.0,pattern_1,,,False,,,,,False,text,operative section found but contained only fee/rate/boilerplate amounts — likely no lump sum ordered
LTB-L-006356-26,L1,Order,2026-04-15,N7G,1785.84,arrears,412.0,pattern_1,4.33,"April 8, 2026",True,True,False,True,,True,text,found in operative 'It is ordered that' section; matched expected keyword for category
LTB-L-006374-26,L1,Order,2026-04-07,L6T,4601.88,arrears,1403.0,pattern_1,3.28,"March 30, 2026",True,True,False,True,,True,text,found in operative 'It is ordered that' section; matched expected keyword for category
LTB-L-006389-26,L1,Order,2026-04-10,N6J,2122.48,arrears,968.24,pattern_1,2.19,"March 30, 2026",True,True,False,True,,True,text,found in operative 'It is ordered that' section; matched expected keyword for category
LTB-L-006410-26,L1,Order,2026-04-17,L4T,2227.64,arrears,2260.01,pattern_1,0.99,"April 9, 2026",True,True,False,True,,True,text,found in operative 'It is ordered that' section; matched expected keyword for category
LTB-L-006414-26,L1,Order,2026-04-07,N3R,,,,,,"April 1, 2026",False,,,,,True,text,no dollar amount found
LTB-L-006420-26,L1,Order,2026-05-22,N3S,15186.0,arrears,2500.0,pattern_1,6.07,"March 30, 2026",True,True,True,True,False,False,text,found in operative 'It is ordered that' section; matched expected keyword for category
LTB-L-006439-26,L1,Order,2026-04-10,L3T,14736.0,arrears,2950.0,pattern_1,5.0,"March 30, 2026",True,True,False,True,,True,text,found in operative 'It is ordered that' section; matched expected keyword for category
LTB-L-006443-26,L1,Order,2026-04-21,M9M,900.0,arrears,,,,"March 31, 2026",True,True,False,True,,True,text,"no operative section found, or it had no dollar mentions at all; fell back to full-document search; matched expected keyword for category"
LTB-L-006474-26,L1,Order,2026-04-07,N6H,,,,,,"March 30, 2026",True,False,True,,False,True,text,no dollar amount found
LTB-L-006532-26,L1,ExParte Order,2026-03-30,M3N,,,,,,,False,,,,,False,ocr,no dollar amount found
LTB-L-006550-26,L1,ExParte Order,2026-02-25,M3N,,,,,,,False,,,,,False,ocr,no dollar amount found
LTB-L-006589-26,L1,ExParte Order,2026-03-06,N5P,,,,,,,False,,,,,False,text,no dollar amount found
LTB-L-006626-26,L1,Order,2026-04-15,L4C,3419.0,arrears,1620.0,pattern_1,2.11,"March 31, 2026",True,True,False,True,,True,text,found in operative 'It is ordered that' section; matched expected keyword for category
LTB-L-006631-26,L1,Order,2026-04-07,L8R,,,,,,,False,,,,,True,text,no dollar amount found
LTB-L-006633-26,L1,Order,2026-04-14,L5H,1314.0,arrears,,,,"March 30, 2026",False,,,,,False,text,found in operative 'It is ordered that' section; matched expected keyword for category
LTB-L-006634-26,L1,Order,2026-04-14,L5V,7706.0,arrears,3220.0,pattern_1,2.39,"April 9, 2026",True,True,True,False,False,False,text,found in operative 'It is ordered that' section; matched expected keyword for category
LTB-L-006666-26,L1,ExParte Order,2026-03-05,M9C,,,,,,,False,,,,,False,ocr,no dollar amount found
LTB-L-006701-26,L1,Order,2026-04-20,N6G,1116.15,arrears,,,,"April 2, 2026",False,,,,,False,text,found in operative 'It is ordered that' section; matched expected keyword for category
LTB-L-006749-26,L1,Order,2026-04-24,L3C,,,,,,"March 31, 2026",True,True,True,True,True,False,text,no dollar amount found
LTB-L-006785-26,L1,Order,2026-04-08,L6M,2852.6,arrears,2700.0,pattern_2,1.06,"March 31, 2026",True,True,False,True,,True,text,found in operative 'It is ordered that' section; matched expected keyword for category
LTB-L-006830-26,L1,Order,2026-04-17,L4Y,6286.12,arrears,,,,"April 14, 2026",True,True,True,True,False,True,text,found in operative 'It is ordered that' section; matched expected keyword for category
LTB-L-006844-26,L1,Order,2026-04-14,L2P,,,,,,"March 30, 2026",True,True,False,True,,False,text,no dollar amount found
LTB-L-006870-26,L1,Order,2026-04-02,L1E,,,,,,"March 31, 2026",True,True,True,False,False,False,text,no dollar amount found
LTB-L-006875-26,L1,Order,2026-04-08,P3C,,,,,,"March 31, 2026",True,True,True,False,False,False,text,no dollar amount found
LTB-L-006882-26,L1,Order,2026-04-13,N4K,2625.46,arrears,600.0,pattern_1,4.38,"April 2, 2026",True,True,False,True,,True,text,found in operative 'It is ordered that' section; matched expected keyword for category
LTB-L-006885-26,L1,Order,2026-04-08,L4K,4986.0,arrears,2400.0,pattern_2,2.08,"March 31, 2026",True,True,True,True,False,False,text,found in operative 'It is ordered that' section; matched expected keyword for category
LTB-L-006908-24,L1,Order,2026-02-26,L8N,,,,,,,False,,,,,False,text,no dollar amount found
LTB-L-006916-26,L1,Order,2026-04-08,N4K,,,,,,"March 31, 2026",False,,,,,True,text,no dollar amount found
LTB-L-006929-25,L1,Review Order,2026-02-05,L1J,,,,,,,True,False,True,,False,False,text,no dollar amount found
LTB-L-006946-26,L1,Order,2026-04-08,L3Z,9461.78,arrears,1939.9,pattern_1,4.88,"April 1, 2026",True,True,True,False,False,False,text,found in operative 'It is ordered that' section; matched expected keyword for category
LTB-L-007018-26,L1,Order,2026-04-09,L2N,,,,,,"March 30, 2026",True,True,False,True,,False,text,no dollar amount found
LTB-L-007057-26,L1,Order,2026-04-16,L1G,2970.36,arrears,1428.12,pattern_1,2.08,"April 9, 2026",True,True,False,True,,True,text,found in operative 'It is ordered that' section; matched expected keyword for category
LTB-L-007071-26,L1,Order,2026-04-07,M9V,,,,,,,True,True,False,True,,True,text,operative section found but contained only fee/rate/boilerplate amounts — likely no lump sum ordered
LTB-L-007152-26,L1,Order,2026-04-13,L4M,5238.5,arrears,2552.5,pattern_1,2.05,"April 8, 2026",False,,,,,False,text,found in operative 'It is ordered that' section; matched expected keyword for category
LTB-L-007173-26,L1,Order,2026-04-14,M4X,15126.0,arrears,1280.0,pattern_2,11.82,"April 2, 2026",True,True,True,False,False,False,text,found in operative 'It is ordered that' section; matched expected keyword for category
LTB-L-007185-26,L1,Order,2026-04-15,L4Y,3834.7,arrears,1949.35,pattern_2,1.97,"April 9, 2026",True,True,True,True,False,False,text,found in operative 'It is ordered that' section; matched expected keyword for category
LTB-L-007193-25,L1,Review Order,2026-02-03,L9W,,,,,,"January 26, 2026",True,True,False,False,,True,text,no dollar amount found
LTB-L-007212-26,L1,Order,2026-04-13,M4M,2266.33,arrears,366.0,pattern_1,6.19,"April 2, 2026",True,True,False,True,,True,text,found in operative 'It is ordered that' section; matched expected keyword for category
LTB-L-007247-26,L1,Order,2026-05-14,L6S,,,,,,"April 8, 2026",True,True,False,True,,True,text,no dollar amount found
LTB-L-007252-26,L1,Order,2026-04-08,N2K,1920.11,arrears,1569.45,pattern_1,1.22,"April 1, 2026",True,True,False,True,,True,text,found in operative 'It is ordered that' section; matched expected keyword for category
LTB-L-007258-26,L1,Order,2026-05-28,L6Y,4259.0,arrears,1315.0,pattern_1,3.24,"April 8, 2026",True,True,False,True,,True,text,found in operative 'It is ordered that' section; matched expected keyword for category
LTB-L-007259-26,L1,Order,2026-04-17,L9K,,,,,,"April 7, 2026",False,,,,,True,text,no dollar amount found
LTB-L-007280-26,L1,Order,2026-04-10,N9A,2404.31,arrears,1095.0,pattern_1,2.2,"April 1, 2026",True,True,True,True,False,False,text,found in operative 'It is ordered that' section; matched expected keyword for category
LTB-L-007292-26,L1,Order,2026-04-08,L6Y,,,,,,"April 2, 2026",True,True,True,False,False,False,text,no dollar amount found
LTB-L-007297-26,L1,Order,2026-04-02,N9A,3355.19,arrears,,,,"April 1, 2026",True,False,True,,False,False,text,found in operative 'It is ordered that' section; matched expected keyword for category
LTB-L-007316-26,L1,ExParte Order,2026-04-01,L8R,,,,,,,False,,,,,False,text,no dollar amount found
LTB-L-007317-26,L1,Order,2026-04-09,P2N,5439.34,arrears,1050.62,pattern_1,5.18,"April 1, 2026",True,True,False,True,,True,text,found in operative 'It is ordered that' section; matched expected keyword for category
LTB-L-007325-26,L1,Order,2026-04-15,N5W,2144.0,arrears,2000.0,pattern_2,1.07,"April 1, 2026",True,True,False,False,,True,text,found in operative 'It is ordered that' section; matched expected keyword for category
LTB-L-007328-26,L1,ExParte Order,2026-04-09,M4S,,,,,,,False,,,,,False,text,no dollar amount found
LTB-L-007337-26,L1,Order,2026-04-09,N4S,33919.05,arrears,2750.0,pattern_1,12.33,"April 1, 2026",True,True,False,True,,True,text,found in operative 'It is ordered that' section; matched expected keyword for category
LTB-L-007359-26,L1,Order,2026-05-29,M4C,7861.38,arrears,3011.58,pattern_1,2.61,"April 14, 2026",True,True,False,True,,True,text,found in operative 'It is ordered that' section; matched expected keyword for category
LTB-L-007367-26,L1,Order,2026-04-16,M3H,3206.59,arrears,1874.65,pattern_1,1.71,"April 1, 2026",True,True,True,True,False,False,text,found in operative 'It is ordered that' section; matched expected keyword for category
LTB-L-007415-26,L1,Order,2026-04-23,N9B,13276.0,arrears,2255.0,pattern_1,5.89,"April 7, 2026",True,True,True,False,False,True,text,found in operative 'It is ordered that' section; matched expected keyword for category
LTB-L-007456-26,L1,Order,2026-04-29,L7M,2146.0,arrears,,,,"April 13, 2026",True,True,True,True,False,False,text,found in operative 'It is ordered that' section; matched expected keyword for category
LTB-L-007460-26,L1,ExParte Order,2026-02-27,L1J,,,,,,,False,,,,,False,ocr,no dollar amount found
LTB-L-007498-26,L1,ExParte Order,2026-03-31,L8P,,,,,,,False,,,,,False,ocr,no dollar amount found
LTB-L-007501-26,L1,Amended Order,2026-04-30,P1B,2663.54,arrears,767.0,pattern_1,3.47,"April 7, 2026",True,True,False,True,,True,text,found in operative 'It is ordered that' section; matched expected keyword for category
LTB-L-007508-26,L1,Order,2026-04-16,N6H,4598.0,arrears,,,,"April 8, 2026",True,True,True,True,False,False,text,found in operative 'It is ordered that' section; matched expected keyword for category
LTB-L-007535-23,L1,Order,2026-01-07,L0K,30868.93,arrears,4150.0,pattern_2,7.44,"July 18, 2025",True,True,True,True,False,True,text,found in operative 'It is ordered that' section; matched expected keyword for category
LTB-L-007535-23,L1,Amended Order,2026-01-30,L0K,30868.93,arrears,4150.0,pattern_2,7.44,"July 18, 2025",True,True,True,True,False,True,text,found in operative 'It is ordered that' section; matched expected keyword for category
LTB-L-007576-26,L1,ExParte Order,2026-03-25,M5N,,,,,,,False,,,,,False,text,no dollar amount found
LTB-L-007578-26,L1,Order,2026-05-07,N8Y,4090.5,arrears,1300.0,pattern_1,3.15,"April 8, 2026",True,True,False,True,,True,text,found in operative 'It is ordered that' section; matched expected keyword for category
LTB-L-007582-26,L1,Order,2026-04-13,L5J,,,,,,"April 9, 2026",True,True,False,True,,True,text,no dollar amount found
LTB-L-007598-26,L1,Order,2026-04-16,L3V,4086.0,arrears,,,,"April 02, 2026",False,,,,,False,text,found in operative 'It is ordered that' section; matched expected keyword for category
LTB-L-007603-26,L1,ExParte Order,2026-03-18,L4T,,,,,,,False,,,,,False,text,no dollar amount found
LTB-L-007612-26,L1,Order,2026-04-13,L7R,5865.1,arrears,2162.23,pattern_1,2.71,"April 8, 2026",True,True,False,True,,True,text,found in operative 'It is ordered that' section; matched expected keyword for category
LTB-L-007628-26,L1,Order,2026-04-23,K0C,,,,,,"April 15, 2026",False,,,,,True,text,no dollar amount found
LTB-L-007638-26,L1,Order,2026-04-09,N7L,3006.97,arrears,,,,"April 1, 2026",False,,,,,False,text,found in operative 'It is ordered that' section; matched expected keyword for category
LTB-L-007641-26,L1,ExParte Order,2026-03-18,L4T,,,,,,,False,,,,,False,text,no dollar amount found
LTB-L-007645-26,L1,Order,2026-04-22,L8M,9796.45,arrears,1818.0,pattern_1,5.39,"April 15, 2026",True,True,False,True,,True,text,found in operative 'It is ordered that' section; matched expected keyword for category
LTB-L-007654-26,L1,Order,2026-04-21,M9C,,,,,,,True,True,True,True,False,True,text,operative section found but contained only fee/rate/boilerplate amounts — likely no lump sum ordered
LTB-L-007693-26,L1,Order,2026-04-14,M3H,3953.37,arrears,1830.0,pattern_1,2.16,"April 2, 2026",True,True,False,True,,True,text,found in operative 'It is ordered that' section; matched expected keyword for category
LTB-L-007699-26,L1,Order,2026-04-17,M3J,3996.0,arrears,,,,"April 8, 2026",False,,,,,False,text,found in operative 'It is ordered that' section; matched expected keyword for category
LTB-L-007704-26,L1,Order,2026-04-14,L9Z,,,,,,"April 8, 2026",True,True,True,True,False,False,text,no dollar amount found
LTB-L-007741-26,L1,Amended Order,2026-05-04,M5A,8986.0,arrears,2550.0,pattern_2,3.52,"April 7, 2026",True,True,False,False,,True,text,found in operative 'It is ordered that' section; matched expected keyword for category
LTB-L-007796-26,L1,Order,2026-04-22,K2H,,,,,,"April 15, 2026",True,True,False,True,,True,text,no dollar amount found
LTB-L-007798-26,L1,Order,2026-04-23,K2P,3916.12,arrears,,,,"April 16, 2026",False,,,,,False,text,found in operative 'It is ordered that' section; matched expected keyword for category
LTB-L-007815-26,L1,Order,2026-04-08,K2B,2080.0,arrears,,,,"April 2, 2026",False,,,,,False,text,found in operative 'It is ordered that' section; matched expected keyword for category
LTB-L-007825-26,L1,Order,2026-04-15,N8W,4186.0,arrears,1500.0,pattern_1,2.79,"April 9, 2026",True,True,False,True,,True,text,found in operative 'It is ordered that' section; matched expected keyword for category
LTB-L-007827-26,L1,Order,2026-04-16,P6C,4090.62,arrears,1200.0,pattern_1,3.41,"April 8, 2026",True,True,True,True,False,False,text,found in operative 'It is ordered that' section; matched expected keyword for category
LTB-L-007837-26,L1,Order,2026-04-30,L8N,6029.15,arrears,2146.01,pattern_2,2.81,"April 15, 2026",False,,,,,False,text,found in operative 'It is ordered that' section; matched expected keyword for category
LTB-L-007865-26,L1,Order,2026-04-15,L8N,2222.74,arrears,1109.31,pattern_1,2.0,"April 7, 2026",True,True,False,True,,True,text,found in operative 'It is ordered that' section; matched expected keyword for category
LTB-L-007877-26,L1,Order,2026-05-07,M5A,,,,,,"April 14, 2026",True,True,True,True,False,False,text,no dollar amount found
LTB-L-007881-26,L1,Order,2026-04-13,L2A,25761.0,arrears,775.0,pattern_1,33.24,"April 2, 2026",False,,,,,False,text,found in operative 'It is ordered that' section; matched expected keyword for category
LTB-L-007895-26,L1,Order,2026-04-29,L4N,11715.0,arrears,2131.5,pattern_1,5.5,"April 14, 2026",True,True,True,True,False,True,text,found in operative 'It is ordered that' section; matched expected keyword for category
LTB-L-007906-26,L1,Order,2026-05-27,L8K,,,,,,"April 8, 2026",True,True,False,False,,True,text,no dollar amount found
LTB-L-007917-26,L1,ExParte Order,2026-03-19,K7K,1000.0,stated_total,1000.0,pattern_3,1.0,,False,,,,,False,text,"no operative section found, or it had no dollar mentions at all; fell back to full-document search; explicit stated-total phrasing (""...is \$X"")"
LTB-L-007919-26,L1,Order,2026-04-17,L7S,2321.22,arrears,1580.22,pattern_1,1.47,"April 13, 2026",True,True,False,True,,True,text,found in operative 'It is ordered that' section; matched expected keyword for category
LTB-L-007928-26,L1,Order,2026-04-09,M3A,17196.83,arrears,1721.91,pattern_1,9.99,"April 2, 2026",True,False,False,,,True,text,found in operative 'It is ordered that' section; matched expected keyword for category
LTB-L-007963-26,L1,ExParte Order,2026-04-07,L6T,,,,,,,False,,,,,False,ocr,no dollar amount found
LTB-L-007967-26,L1,Order,2026-04-23,M9A,,,,,,"April 9, 2026",False,,,,,False,text,operative section found but contained only fee/rate/boilerplate amounts — likely no lump sum ordered
LTB-L-008022-26,L1,Order,2026-04-13,P2A,666.0,ambiguous-max,1046.0,pattern_2,0.64,"April 1, 2026",False,,,,,False,text,"found in operative 'It is ordered that' section; multiple candidate amounts, took max — manual review advised"
LTB-L-008025-26,L1,Order,2026-04-08,M4C,,,,,,"April 2, 2026",True,True,False,False,,True,text,no dollar amount found
LTB-L-008027-26,L1,Order,2026-04-10,M6H,2955.0,arrears,985.0,pattern_1,3.0,"April 8, 2026",True,True,True,True,False,False,text,found in operative 'It is ordered that' section; matched expected keyword for category
LTB-L-008049-26,L1,Amended Order,2026-05-20,N7L,10511.83,arrears,,,,"April 2, 2026",False,,,,,False,text,found in operative 'It is ordered that' section; matched expected keyword for category
LTB-L-008050-26,L1,Order,2026-04-24,M1P,642.39,arrears,1657.74,pattern_2,0.39,"April 15, 2026",True,True,False,True,,True,text,found in operative 'It is ordered that' section; matched expected keyword for category
LTB-L-008068-26,L1,Order,2026-04-23,P9A,2637.0,arrears,604.0,pattern_1,4.37,"April 7, 2026",True,True,False,False,,True,text,found in operative 'It is ordered that' section; matched expected keyword for category
LTB-L-008078-26,L1,Order,2026-04-16,M1P,4593.5,arrears,2203.75,pattern_1,2.08,"April 13, 2026",True,True,True,True,False,False,text,found in operative 'It is ordered that' section; matched expected keyword for category
LTB-L-008087-26,L1,ExParte Order,2026-04-10,M1P,,,,,,,False,,,,,False,text,no dollar amount found
LTB-L-008148-26,L1,Order,2026-04-30,P6A,7886.0,arrears,1100.0,pattern_1,7.17,"April 28, 2026",True,True,False,True,,True,text,found in operative 'It is ordered that' section; matched expected keyword for category
LTB-L-008181-26,L1,ExParte Order,2026-03-30,M3N,,,,,,,False,,,,,False,text,no dollar amount found
LTB-L-008184-26,L1,ExParte Order,2026-03-27,M3N,,,,,,,False,,,,,False,text,no dollar amount found
LTB-L-008204-26,L1,ExParte Order,2026-02-11,M9B,,,,,,,False,,,,,False,text,no dollar amount found
LTB-L-008210-26,L1,Order,2026-03-13,K2P,6276.0,arrears,1218.0,pattern_1,5.15,"February 24, 2026",True,True,False,True,,True,text,found in operative 'It is ordered that' section; matched expected keyword for category
LTB-L-008214-26,L1,ExParte Order,2026-03-04,N6H,,,,,,,False,,,,,False,ocr,no dollar amount found
LTB-L-008235-26,L1,Order,2026-04-09,L1J,5686.0,arrears,,,,"April 2, 2026",True,True,True,True,False,False,text,found in operative 'It is ordered that' section; matched expected keyword for category
LTB-L-008236-26,L1,Order,2026-04-29,L3C,12124.05,arrears,2089.05,pattern_2,5.8,"April 21, 2026",True,True,True,True,False,False,text,found in operative 'It is ordered that' section; matched expected keyword for category
LTB-L-008243-26,L1,Order,2026-04-14,L8H,1886.0,arrears,1700.0,pattern_1,1.11,"April 9, 2026",True,True,False,True,,True,text,found in operative 'It is ordered that' section; matched expected keyword for category
LTB-L-008269-26,L1,ExParte Order,2026-03-26,N3R,,,,,,,False,,,,,False,ocr,no dollar amount found
LTB-L-008288-26,L1,ExParte Order,2026-02-05,M3N,,,,,,,False,,,,,False,ocr,no dollar amount found
LTB-L-008305-26,L1,Order,2026-04-15,N3S,7797.19,arrears,,,,"April 7, 2026",True,True,True,True,False,False,text,found in operative 'It is ordered that' section; matched expected keyword for category
LTB-L-008317-26,L1,Order,2026-04-16,N6H,5489.22,arrears,,,,"April 13, 2026",False,,,,,False,text,found in operative 'It is ordered that' section; matched expected keyword for category
LTB-L-008350-26,L1,Order,2026-04-24,M3J,3709.14,arrears,1067.06,pattern_1,3.48,"April 14, 2026",True,True,False,True,,True,text,found in operative 'It is ordered that' section; matched expected keyword for category
LTB-L-008355-26,L1,Order,2026-04-22,K1Z,4531.0,arrears,1435.0,pattern_1,3.16,"April 16, 2026",True,True,False,True,,True,text,found in operative 'It is ordered that' section; matched expected keyword for category
LTB-L-008360-26,L1,ExParte Order,2026-04-09,M3J,,,,,,,False,,,,,False,text,no dollar amount found
LTB-L-008379-26,L1,ExParte Order,2026-03-13,M3J,,,,,,,False,,,,,False,text,no dollar amount found
LTB-L-008381-26,L1,Order,2026-04-13,L2V,60.0,ambiguous-max,,,,"April 8, 2026",True,True,True,True,False,False,text,"found in operative 'It is ordered that' section; multiple candidate amounts, took max — manual review advised"
LTB-L-008387-26,L1,Order,2026-04-09,N6J,8299.92,arrears,,,,"April 7, 2026",False,,,,,False,text,found in operative 'It is ordered that' section; matched expected keyword for category
LTB-L-008388-26,L1,Order,2026-05-28,M9N,4050.54,arrears,1288.0,pattern_1,3.14,"April 8, 2026",True,True,False,True,,True,text,found in operative 'It is ordered that' section; matched expected keyword for category
LTB-L-008393-26,L1,ExParte Order,2026-04-13,M4V,,,,,,,False,,,,,False,ocr,no dollar amount found
LTB-L-008411-26,L1,Order,2026-04-20,N6G,6786.0,arrears,1600.0,pattern_2,4.24,"April 2, 2026",False,,,,,False,text,found in operative 'It is ordered that' section; matched expected keyword for category
LTB-L-008422-26,L1,Order,2026-04-20,N6B,9649.3,arrears,1560.55,pattern_2,6.18,"April 14, 2026",False,,,,,False,text,found in operative 'It is ordered that' section; matched expected keyword for category
LTB-L-008430-26,L1,Order,2026-04-10,M6J,20745.43,arrears,3300.0,pattern_1,6.29,"April 7, 2026",True,False,False,,,True,text,found in operative 'It is ordered that' section; matched expected keyword for category
LTB-L-008435-26,L1,Order,2026-04-29,K8V,,,,,,"April 20, 2026",True,True,False,True,,True,text,no dollar amount found
LTB-L-008442-26,L1,Order,2026-04-09,L9S,30890.6,arrears,2400.0,pattern_1,12.87,"April 2, 2026",True,True,False,True,,True,text,found in operative 'It is ordered that' section; matched expected keyword for category
LTB-L-008448-26,L1,Order,2026-04-09,N3S,5470.0,arrears,,,,"April 7, 2026",False,,,,,False,text,found in operative 'It is ordered that' section; matched expected keyword for category
LTB-L-008466-26,L1,Order,2026-04-08,L8L,1551.29,arrears,1262.44,pattern_1,1.23,"April 2, 2026",True,True,False,True,,True,text,found in operative 'It is ordered that' section; matched expected keyword for category
LTB-L-008475-26,L1,Order,2026-04-22,M3J,,,,,,"April 16, 2026",True,True,True,True,False,False,text,operative section found but contained only fee/rate/boilerplate amounts — likely no lump sum ordered
LTB-L-008482-26,L1,Order,2026-04-13,L6K,14092.2,arrears,,,,"April 08, 2026",False,,,,,False,text,found in operative 'It is ordered that' section; matched expected keyword for category
LTB-L-008489-26,L1,Order,2026-04-10,L6X,8913.7,arrears,,,,,False,,,,,False,text,found in operative 'It is ordered that' section; matched expected keyword for category
LTB-L-008490-26,L1,Order,2026-04-17,K2H,19360.0,arrears,,,,"April 15, 2026",False,,,,,False,text,found in operative 'It is ordered that' section; matched expected keyword for category
LTB-L-008500-26,L1,Order,2026-04-17,M9A,7424.85,arrears,,,,"April 15, 2026",True,True,True,True,False,False,text,found in operative 'It is ordered that' section; matched expected keyword for category
LTB-L-008503-26,L1,Order,2026-04-21,M9A,28120.54,arrears,1513.09,pattern_1,18.58,"April 15, 2026",True,True,False,True,,True,text,found in operative 'It is ordered that' section; matched expected keyword for category
LTB-L-008509-26,L1,ExParte Order,2026-04-09,N2M,,,,,,,False,,,,,False,ocr,no dollar amount found
LTB-L-008511-26,L1,Order,2026-04-30,K1S,50.0,other,,,,"April 15, 2026",True,True,True,True,False,False,text,"no operative section found, or it had no dollar mentions at all; fell back to full-document search; single candidate amount, no strong keyword match"
LTB-L-008538-26,L1,Order,2026-04-23,K1Z,1656.87,arrears,1470.87,pattern_1,1.13,"April 16, 2026",True,True,False,True,,True,text,found in operative 'It is ordered that' section; matched expected keyword for category
LTB-L-008568-26,L1,Order,2026-04-23,L8N,,,,,,"April 20, 2026",True,True,False,True,,True,text,no dollar amount found
LTB-L-008599-26,L1,Order,2026-04-24,L8N,,,,,,"April 20, 2026",True,True,False,True,,True,text,no dollar amount found
LTB-L-008622-26,L1,Order,2026-05-25,L5A,19386.0,arrears,2400.0,pattern_1,8.08,"April 14, 2026",True,True,False,True,,True,text,found in operative 'It is ordered that' section; matched expected keyword for category
LTB-L-008629-26,L1,Order,2026-04-17,L6T,4913.37,arrears,1000.0,pattern_1,4.91,"April 7, 2026",True,True,False,False,,True,text,found in operative 'It is ordered that' section; matched expected keyword for category
LTB-L-008639-26,L1,Order,2026-04-17,L0S,8425.71,arrears,2500.0,pattern_1,3.37,"April 9, 2026",True,True,False,False,,True,text,found in operative 'It is ordered that' section; matched expected keyword for category
LTB-L-008648-26,L1,Order,2026-04-23,M6K,4217.33,arrears,,,,"April 15, 2026",False,,,,,False,text,found in operative 'It is ordered that' section; matched expected keyword for category
LTB-L-008651-26,L1,Order,2026-04-20,N8A,10019.28,arrears,1900.0,pattern_1,5.27,"April 16, 2026",True,True,False,True,,True,text,found in operative 'It is ordered that' section; matched expected keyword for category
LTB-L-008676-26,L1,Order,2026-04-15,M9M,1186.0,arrears,1000.0,pattern_1,1.19,"April 7, 2026",True,True,False,True,,True,text,found in operative 'It is ordered that' section; matched expected keyword for category
LTB-L-008691-26,L1,Order,2026-04-13,M9M,,,,,,,True,True,False,True,,True,text,operative section found but contained only fee/rate/boilerplate amounts — likely no lump sum ordered
LTB-L-008701-26,L1,Order,2026-04-13,P3E,,,,,,"April 7, 2026",False,,,,,True,text,no dollar amount found
LTB-L-008716-26,L1,ExParte Order,2026-02-20,M9N,,,,,,,False,,,,,False,ocr,no dollar amount found
LTB-L-008733-26,L1,Order,2026-04-21,L9Y,251.52,arrears,2000.0,pattern_2,0.13,"April 7, 2026",True,True,True,False,False,False,text,found in operative 'It is ordered that' section; matched expected keyword for category
LTB-L-008748-26,L1,Order,2026-04-16,K7L,5104.12,arrears,,,,"April 14, 2026",False,,,,,False,text,found in operative 'It is ordered that' section; matched expected keyword for category
LTB-L-008758-26,L1,Order,2026-04-16,N6C,,,,,,"April 7, 2026",True,True,False,True,,True,text,no dollar amount found
LTB-L-008769-26,L1,Order,2026-03-27,K1N,,,,,,,False,,,,,False,text,no dollar amount found
LTB-L-008826-26,L1,Order,2026-04-15,N5V,1500.0,arrears,1233.89,pattern_2,1.22,"April 7, 2026",False,,,,,False,text,found in operative 'It is ordered that' section; matched expected keyword for category
LTB-L-008848-26,L1,Order,2026-04-23,N5V,6136.0,arrears,,,,"April 14, 2026",False,,,,,False,text,found in operative 'It is ordered that' section; matched expected keyword for category
LTB-L-008872-26,L1,Order,2026-04-20,L8L,8345.0,arrears,1018.0,pattern_1,8.2,"April 13, 2026",True,True,False,True,,True,text,found in operative 'It is ordered that' section; matched expected keyword for category
LTB-L-008876-26,L1,Order,2026-04-29,M4C,,,,,,"April 23, 2026",True,True,False,True,,True,text,no dollar amount found
LTB-L-008879-26,L1,Order,2026-05-01,K8V,3608.12,arrears,1545.83,pattern_1,2.33,,False,,,,,False,text,found in operative 'It is ordered that' section; matched expected keyword for category
LTB-L-008887-26,L1,ExParte Order,2026-04-07,L5C,,,,,,,False,,,,,False,ocr,no dollar amount found
LTB-L-008895-26,L1,Order,2026-04-29,N2C,10248.88,arrears,1688.72,pattern_1,6.07,"April 23, 2026",True,True,False,True,,True,text,found in operative 'It is ordered that' section; matched expected keyword for category
LTB-L-008897-26,L1,ExParte Order,2026-02-20,M4C,,,,,,,False,,,,,False,ocr,no dollar amount found
LTB-L-008898-26,L1,ExParte Order,2026-04-16,M9N,,,,,,,False,,,,,False,text,no dollar amount found
LTB-L-008902-26,L1,Order,2026-04-20,L8P,9480.0,arrears,,,,"April 13, 2026",False,,,,,False,text,found in operative 'It is ordered that' section; matched expected keyword for category
LTB-L-008914-26,L1,Order,2026-05-05,M6B,,,,,,,True,True,True,True,False,False,text,operative section found but contained only fee/rate/boilerplate amounts — likely no lump sum ordered
LTB-L-008919-26,L1,Order,2026-04-24,M6B,6732.02,arrears,1923.01,pattern_1,3.5,"April 13, 2026",False,,,,,False,text,found in operative 'It is ordered that' section; matched expected keyword for category
LTB-L-008934-26,L1,Order,2026-04-21,N6C,,,,,,"April 15, 2026",True,True,False,True,,True,text,no dollar amount found
LTB-L-008948-26,L1,ExParte Order,2026-04-02,K1V,,,,,,,False,,,,,False,text,no dollar amount found
LTB-L-008952-26,L1,Order,2026-04-21,M5A,12158.0,arrears,771.0,pattern_1,15.77,"April 8, 2026",True,True,False,True,,True,text,found in operative 'It is ordered that' section; matched expected keyword for category
LTB-L-008954-26,L1,Order,2026-04-21,M9R,2701.27,arrears,1328.17,pattern_1,2.03,"April 15, 2026",True,True,False,True,,True,text,found in operative 'It is ordered that' section; matched expected keyword for category
LTB-L-008972-25,L1,Review Order,2026-01-12,M1K,27185.66,arrears,2287.3,pattern_1,11.89,"January 8, 2026",True,True,True,True,False,False,text,found in operative 'It is ordered that' section; matched expected keyword for category
LTB-L-008981-26,L1,ExParte Order,2026-04-14,M4X,,,,,,,False,,,,,False,ocr,no dollar amount found
LTB-L-008984-26,L1,Order,2026-04-21,K7M,2486.47,arrears,858.23,pattern_1,2.9,"April 7, 2026",True,True,False,True,,True,text,found in operative 'It is ordered that' section; matched expected keyword for category
LTB-L-008994-26,L1,Order,2026-04-14,M2R,4896.96,arrears,2295.0,pattern_1,2.13,"April 9, 2026",True,True,False,True,,True,text,found in operative 'It is ordered that' section; matched expected keyword for category
LTB-L-009007-26,L1,Order,2026-05-28,M3C,,,,,,"April 8, 2026",True,True,True,True,False,False,text,no dollar amount found
LTB-L-009016-26,L1,Order,2026-04-29,M5V,,,2105.26,pattern_2,,,True,True,True,True,False,False,text,operative section found but contained only fee/rate/boilerplate amounts — likely no lump sum ordered
LTB-L-009036-26,L1,ExParte Order,2026-04-02,L8R,,,,,,,False,,,,,False,ocr,no dollar amount found
LTB-L-009039-26,L1,ExParte Order,2026-04-13,M1J,,,,,,,False,,,,,False,text,no dollar amount found
LTB-L-009041-26,L1,Order,2026-04-13,L5R,5601.0,arrears,,,,,False,,,,,False,text,found in operative 'It is ordered that' section; matched expected keyword for category
LTB-L-009047-26,L1,Order,2026-04-23,M9P,14686.68,arrears,1740.25,pattern_1,8.44,"April 16, 2026",True,True,False,True,,True,text,found in operative 'It is ordered that' section; matched expected keyword for category
LTB-L-009066-26,L1,Order,2026-04-22,M9W,,,,,,"April 16, 2026",True,True,False,True,,True,text,no dollar amount found
LTB-L-009125-26,L1,Order,2026-02-25,M9V,6956.0,arrears,1330.0,pattern_2,5.23,,False,,,,,False,text,found in operative 'It is ordered that' section; matched expected keyword for category
LTB-L-009134-26,L1,Order,2026-04-21,N1E,5447.18,arrears,2573.5,pattern_2,2.12,"April 14, 2026",True,True,False,True,,True,text,found in operative 'It is ordered that' section; matched expected keyword for category
LTB-L-009141-26,L1,Order,2026-05-04,L4X,6316.32,arrears,,,,,False,,,,,False,text,found in operative 'It is ordered that' section; matched expected keyword for category
LTB-L-009144-26,L1,ExParte Order,2026-05-06,M4K,,,,,,"May 28, 2026",False,,,,,False,text,no dollar amount found
LTB-L-009172-26,L1,Order,2026-04-20,L7R,9495.72,arrears,2909.81,pattern_2,3.26,"April 14, 2026",True,True,False,True,,False,text,found in operative 'It is ordered that' section; matched expected keyword for category
LTB-L-009188-26,L1,Order,2026-04-16,L5J,,,,,,"April 8, 2026",False,,,,,False,text,operative section found but contained only fee/rate/boilerplate amounts — likely no lump sum ordered
LTB-L-009244-26,L1,Order,2026-05-26,K4A,14186.0,arrears,2800.0,pattern_1,5.07,"May 11, 2026",True,True,True,True,False,False,text,found in operative 'It is ordered that' section; matched expected keyword for category
LTB-L-009256-26,L1,ExParte Order,2026-03-27,L5K,,,,,,,False,,,,,False,ocr,no dollar amount found
LTB-L-009259-26,L1,ExParte Order,2026-03-20,L5K,,,,,,,False,,,,,False,ocr,no dollar amount found
LTB-L-009285-26,L1,Order,2026-05-27,M4H,434.44,stated_total,,,,"April 22, 2026",True,True,True,True,False,False,text,"no operative section found, or it had no dollar mentions at all; fell back to full-document search; explicit stated-total phrasing (""...is \$X"")"
LTB-L-009292-26,L1,Order,2026-04-13,K8V,700.0,arrears,1467.39,pattern_2,0.48,"April 8, 2026",True,True,True,False,False,False,text,found in operative 'It is ordered that' section; matched expected keyword for category
LTB-L-009329-26,L1,Order,2026-05-01,M4B,9698.24,arrears,,,,"April 22, 2026",False,,,,,False,text,found in operative 'It is ordered that' section; matched expected keyword for category
LTB-L-009337-26,L1,Order,2026-04-30,M9N,,,,,,"April 22, 2026",True,False,True,,False,False,text,no dollar amount found
LTB-L-009343-26,L1,Order,2026-04-14,L1G,2923.53,arrears,1199.0,pattern_1,2.44,"April 9, 2026",True,True,False,True,,True,text,found in operative 'It is ordered that' section; matched expected keyword for category
LTB-L-009346-26,L1,Order,2026-04-15,L1G,2291.69,arrears,1034.0,pattern_2,2.22,"April 8, 2026",False,,,,,False,text,found in operative 'It is ordered that' section; matched expected keyword for category
LTB-L-009362-26,L1,Order,2026-04-20,K1N,18127.0,arrears,1999.0,pattern_1,9.07,"April 9, 2026",True,True,False,True,,True,text,found in operative 'It is ordered that' section; matched expected keyword for category
LTB-L-009367-26,L1,Order,2026-04-16,L4A,,,,,,"April 7, 2026",True,True,True,True,False,False,text,no dollar amount found
LTB-L-009426-26,L1,Order,2026-04-15,L1G,,,,,,"April 14, 2026",True,True,True,False,False,False,text,operative section found but contained only fee/rate/boilerplate amounts — likely no lump sum ordered
LTB-L-009428-26,L1,Order,2026-04-16,M4C,95.4,other,,,,"April 14, 2026",False,,,,,False,text,"found in operative 'It is ordered that' section; single candidate amount, no strong keyword match"
LTB-L-009463-26,L1,ExParte Order,2026-04-07,K8P,,,,,,,False,,,,,False,text,no dollar amount found
LTB-L-009492-26,L1,Order,2026-04-27,M5T,4108.12,arrears,1000.0,pattern_2,4.11,"April 16, 2026",True,False,True,,False,False,text,found in operative 'It is ordered that' section; matched expected keyword for category
LTB-L-009498-26,L1,Order,2026-04-23,M5T,4836.0,arrears,775.0,pattern_1,6.24,"April 16, 2026",True,False,False,,,False,text,found in operative 'It is ordered that' section; matched expected keyword for category
LTB-L-009520-26,L1,Order,2026-04-17,P3C,17111.0,arrears,1150.0,pattern_1,14.88,"April 8, 2026",True,True,True,True,False,False,text,found in operative 'It is ordered that' section; matched expected keyword for category
LTB-L-009534-26,L1,Order,2026-04-21,L8G,21244.52,arrears,2750.0,pattern_2,7.73,"April 14, 2026",False,,,,,False,text,found in operative 'It is ordered that' section; matched expected keyword for category
LTB-L-009545-26,L1,Order,2026-04-22,N5W,3795.0,arrears,907.0,pattern_1,4.18,"April 8, 2026",True,True,False,False,,True,text,found in operative 'It is ordered that' section; matched expected keyword for category
LTB-L-009589-26,L1,Order,2026-04-17,M6G,10243.55,arrears,1090.0,pattern_2,9.4,"April 13, 2026",True,True,True,True,False,False,text,found in operative 'It is ordered that' section; matched expected keyword for category
LTB-L-009634-26,L1,Order,2026-04-14,K1L,4012.0,arrears,1106.0,pattern_1,3.63,"April 8, 2026",True,True,False,True,,True,text,found in operative 'It is ordered that' section; matched expected keyword for category
LTB-L-009666-26,L1,Order,2026-04-15,N0G,5936.0,arrears,1550.0,pattern_1,3.83,"April 8, 2026",True,True,False,True,,True,text,found in operative 'It is ordered that' section; matched expected keyword for category
LTB-L-009710-26,L1,Order,2026-05-29,P3B,15620.31,arrears,1726.76,pattern_1,9.05,"April 8, 2026",True,True,False,True,,True,text,found in operative 'It is ordered that' section; matched expected keyword for category
LTB-L-009726-26,L1,Order,2026-04-15,P7C,3418.88,arrears,1000.0,pattern_2,3.42,"April 8, 2026",True,True,True,True,True,False,text,found in operative 'It is ordered that' section; matched expected keyword for category
LTB-L-009734-26,L1,Order,2026-05-12,K8A,9201.0,arrears,1470.0,pattern_2,6.26,"April 28, 2026",True,True,False,True,,True,text,found in operative 'It is ordered that' section; matched expected keyword for category
LTB-L-009739-26,L1,Amended Order,2026-04-10,P2N,8586.0,arrears,1400.0,pattern_2,6.13,"April 8, 2026",True,True,True,True,False,False,text,found in operative 'It is ordered that' section; matched expected keyword for category
LTB-L-009764-26,L1,Order,2026-05-05,N6G,,,,,,,False,,,,,False,text,no dollar amount found
LTB-L-009769-26,L1,Order,2026-05-26,M8Y,28666.0,arrears,2530.0,pattern_1,11.33,"April 13, 2026",True,True,True,True,False,False,text,found in operative 'It is ordered that' section; matched expected keyword for category
LTB-L-009771-26,L1,Order,2026-04-20,P3C,7508.0,arrears,1372.0,pattern_1,5.47,"April 9, 2026",True,True,True,True,False,False,text,found in operative 'It is ordered that' section; matched expected keyword for category
LTB-L-009786-26,L1,Order,2026-04-15,L9M,18606.97,arrears,2800.0,pattern_1,6.65,"April 8, 2026",True,True,False,False,,True,text,found in operative 'It is ordered that' section; matched expected keyword for category
LTB-L-009787-26,L1,Order,2026-04-23,P3C,7079.0,arrears,1350.0,pattern_1,5.24,"April 9, 2026",True,True,True,True,False,False,text,found in operative 'It is ordered that' section; matched expected keyword for category
LTB-L-009808-26,L1,Order,2026-04-30,M9V,,,1589.42,pattern_1,,"April 23, 2026",True,True,False,True,,True,text,operative section found but contained only fee/rate/boilerplate amounts — likely no lump sum ordered
LTB-L-009833-26,L1,Order,2026-04-14,L6V,27568.52,arrears,2500.0,pattern_1,11.03,"April 8, 2026",True,True,True,True,False,False,text,found in operative 'It is ordered that' section; matched expected keyword for category
LTB-L-009851-26,L1,Order,2026-05-04,L6T,1273.22,arrears,,,,,False,,,,,False,text,found in operative 'It is ordered that' section; matched expected keyword for category
LTB-L-009853-26,L1,Order,2026-04-28,L6T,5021.94,arrears,2310.97,pattern_1,2.17,"April 23, 2026",True,True,False,True,,True,text,found in operative 'It is ordered that' section; matched expected keyword for category
LTB-L-009855-26,L1,Order,2026-04-29,L6T,9316.86,arrears,1801.64,pattern_1,5.17,"April 27, 2026",True,True,True,True,False,False,text,found in operative 'It is ordered that' section; matched expected keyword for category
LTB-L-009864-26,L1,Order,2026-04-14,L9E,,,,,,"April 8, 2026",False,,,,,True,text,no dollar amount found
LTB-L-009905-26,L1,Order,2026-04-15,M6E,882.0,ambiguous-max,,,,"April 8, 2026",True,True,True,False,False,False,text,"found in operative 'It is ordered that' section; multiple candidate amounts, took max — manual review advised"
LTB-L-009906-26,L1,Order,2026-04-22,L4A,,,,,,,False,,,,,False,text,operative section found but contained only fee/rate/boilerplate amounts — likely no lump sum ordered
LTB-L-009933-26,L1,Order,2026-05-19,L4P,12072.32,arrears,,,,"April 13, 2026",True,True,True,False,False,False,text,found in operative 'It is ordered that' section; matched expected keyword for category
LTB-L-010006-26,L1,ExParte Order,2026-03-25,K1G,,,,,,,False,,,,,False,text,no dollar amount found
LTB-L-010011-26,L1,Order,2026-04-20,L1H,,,,,,"April 13, 2026",True,True,True,False,False,False,text,no dollar amount found
LTB-L-010020-26,L1,ExParte Order,2026-04-23,K2H,1000.0,stated_total,1000.0,pattern_3,1.0,,False,,,,,False,text,"no operative section found, or it had no dollar mentions at all; fell back to full-document search; explicit stated-total phrasing (""...is \$X"")"
LTB-L-010032-26,L1,Order,2026-05-11,M9V,3498.87,arrears,2032.69,pattern_1,1.72,"April 15, 2026",True,True,False,True,,True,text,found in operative 'It is ordered that' section; matched expected keyword for category
LTB-L-010047-26,L1,Order,2026-04-02,M9V,1990.35,stated_total,,,,,False,,,,,False,text,"no operative section found, or it had no dollar mentions at all; fell back to full-document search; explicit stated-total phrasing (""...is \$X"")"
LTB-L-010052-26,L1,Order,2026-04-20,N6H,25803.02,arrears,1970.54,pattern_1,13.09,"April 9, 2026",True,True,True,True,False,False,text,found in operative 'It is ordered that' section; matched expected keyword for category
LTB-L-010055-26,L1,Order,2026-05-13,N2B,4509.86,arrears,,,,"April 13, 2026",True,True,True,True,False,False,text,found in operative 'It is ordered that' section; matched expected keyword for category
LTB-L-010107-26,L1,Order,2026-04-16,M5B,13950.0,stated_total,,,,"April 9, 2026",True,True,True,True,True,False,text,"no operative section found, or it had no dollar mentions at all; fell back to full-document search; explicit stated-total phrasing (""...is \$X"")"
LTB-L-010121-26,L1,Order,2026-05-04,M1K,2889.67,arrears,1405.92,pattern_1,2.06,"April 23, 2026",False,,,,,False,text,found in operative 'It is ordered that' section; matched expected keyword for category
LTB-L-010154-26,L1,Order,2026-04-21,L8M,10206.0,arrears,2500.0,pattern_1,4.08,,False,,,,,False,text,found in operative 'It is ordered that' section; matched expected keyword for category
LTB-L-010171-26,L1,Order,2026-04-20,N2C,2558.88,arrears,,,,"April 9, 2026",False,,,,,False,text,found in operative 'It is ordered that' section; matched expected keyword for category
LTB-L-010201-26,L1,Order,2026-04-27,N9A,7049.0,arrears,1371.0,pattern_1,5.14,"April 16, 2026",True,True,True,False,False,False,text,found in operative 'It is ordered that' section; matched expected keyword for category
LTB-L-010203-26,L1,ExParte Order,2026-03-26,L0K,6557.92,arrears,,,,,False,,,,,False,text,found in operative 'It is ordered that' section; matched expected keyword for category
LTB-L-010206-26,L1,Order,2026-04-22,L3M,12886.0,arrears,1800.0,pattern_1,7.16,,False,,,,,False,text,found in operative 'It is ordered that' section; matched expected keyword for category
LTB-L-010222-26,L1,ExParte Order,2026-04-13,M9V,,,,,,,False,,,,,False,text,no dollar amount found
LTB-L-010251-26,L1,Order,2026-05-04,P3L,23586.0,arrears,1400.0,pattern_1,16.85,"April 14, 2026",True,True,False,False,,True,text,found in operative 'It is ordered that' section; matched expected keyword for category
LTB-L-010253-26,L1,Order,2026-04-21,L1G,,,,,,"April 14, 2026",True,True,False,False,,False,text,operative section found but contained only fee/rate/boilerplate amounts — likely no lump sum ordered
LTB-L-010261-26,L1,Order,2026-04-20,M9N,3222.18,arrears,1291.03,pattern_1,2.5,"April 15, 2026",True,True,True,True,False,False,text,found in operative 'It is ordered that' section; matched expected keyword for category
LTB-L-010274-26,L1,Order,2026-04-21,N5W,,,,,,"April 13, 2026",True,True,False,True,,True,text,no dollar amount found
LTB-L-010276-26,L1,Order,2026-04-29,N4S,6886.0,arrears,1500.0,pattern_1,4.59,"April 13, 2026",False,,,,,True,text,found in operative 'It is ordered that' section; matched expected keyword for category
LTB-L-010283-26,L1,Order,2026-04-28,N3R,3073.52,arrears,,,,,False,,,,,False,text,found in operative 'It is ordered that' section; matched expected keyword for category
LTB-L-010297-26,L1,Order,2026-04-29,N6A,3775.78,arrears,,,,,False,,,,,False,text,found in operative 'It is ordered that' section; matched expected keyword for category
LTB-L-010298-26,L1,Order,2026-04-16,M5P,9181.0,arrears,,,,"April 14, 2026",False,,,,,False,text,found in operative 'It is ordered that' section; matched expected keyword for category
LTB-L-010334-26,L1,Order,2026-03-24,M6L,7007.83,arrears,2306.25,pattern_1,3.04,"March 17, 2026",False,,,,,False,text,found in operative 'It is ordered that' section; matched expected keyword for category
LTB-L-010349-26,L1,ExParte Order,2026-03-24,N6G,,,,,,,False,,,,,False,ocr,no dollar amount found
LTB-L-010353-26,L1,Order,2026-03-31,M9N,,,,,,"March 24, 2026",True,True,True,True,False,False,text,no dollar amount found
LTB-L-010399-26,L1,Order,2026-05-01,M3L,6724.84,arrears,1634.71,pattern_1,4.11,"April 16, 2026",False,,,,,False,text,found in operative 'It is ordered that' section; matched expected keyword for category
LTB-L-010447-26,L1,Order,2026-04-16,P1B,,,2200.0,pattern_2,,"April 9, 2026",True,True,False,False,,True,text,operative section found but contained only fee/rate/boilerplate amounts — likely no lump sum ordered
LTB-L-010448-26,L1,Order,2026-04-23,N2J,3947.0,arrears,,,,"April 20, 2026",False,,,,,False,text,found in operative 'It is ordered that' section; matched expected keyword for category
LTB-L-010479-26,L1,Amended Order,2026-05-29,K1J,21104.0,arrears,3291.0,pattern_1,6.41,"April 29, 2026",True,True,True,True,False,False,text,found in operative 'It is ordered that' section; matched expected keyword for category
LTB-L-010494-26,L1,Order,2026-04-21,P1A,1655.06,arrears,,,,"April 13, 2026",True,True,True,True,False,False,text,found in operative 'It is ordered that' section; matched expected keyword for category
LTB-L-010501-26,L1,ExParte Order,2026-04-14,K1V,,,,,,,False,,,,,False,ocr,no dollar amount found
LTB-L-010521-26,L1,Order,2026-04-07,N6H,219.15,ambiguous-max,1226.03,pattern_2,0.18,,False,,,,,False,text,"found in operative 'It is ordered that' section; multiple candidate amounts, took max — manual review advised"
LTB-L-010532-26,L1,Order,2026-04-27,L4X,2198.52,arrears,,,,"April 23, 2026",False,,,,,False,text,found in operative 'It is ordered that' section; matched expected keyword for category
LTB-L-010553-26,L1,ExParte Order,2026-03-20,N6H,,,,,,,False,,,,,False,text,no dollar amount found
LTB-L-010578-26,L1,ExParte Order,2026-04-09,M1J,,,,,,,False,,,,,False,text,no dollar amount found
LTB-L-010579-26,L1,Order,2026-05-01,L4P,8740.53,arrears,2750.0,pattern_1,3.18,"April 9, 2026",True,True,True,False,False,False,text,found in operative 'It is ordered that' section; matched expected keyword for category
LTB-L-010589-26,L1,ExParte Order,2026-03-25,K2P,1000.0,stated_total,1000.0,pattern_3,1.0,,False,,,,,False,text,"no operative section found, or it had no dollar mentions at all; fell back to full-document search; explicit stated-total phrasing (""...is \$X"")"
LTB-L-010611-26,L1,ExParte Order,2026-03-13,L6W,,,,,,,False,,,,,False,text,no dollar amount found
LTB-L-010613-26,L1,Order,2026-04-28,P9A,13652.0,arrears,1490.0,pattern_1,9.16,"April 21, 2026",True,True,False,True,,True,text,found in operative 'It is ordered that' section; matched expected keyword for category
LTB-L-010624-26,L1,ExParte Order,2026-02-27,K2P,,,,,,,False,,,,,False,text,no dollar amount found
LTB-L-010629-26,L1,ExParte Order,2026-03-27,M3H,1000.0,stated_total,1000.0,pattern_3,1.0,,False,,,,,False,text,"no operative section found, or it had no dollar mentions at all; fell back to full-document search; explicit stated-total phrasing (""...is \$X"")"
LTB-L-010633-26,L1,Order,2026-04-21,L6G,11654.6,arrears,2300.0,pattern_1,5.07,"April 13, 2026",True,True,False,False,,True,text,found in operative 'It is ordered that' section; matched expected keyword for category
LTB-L-010653-26,L1,Order,2026-04-21,L8P,8748.0,arrears,1495.0,pattern_1,5.85,"April 13, 2026",True,True,False,True,,True,text,found in operative 'It is ordered that' section; matched expected keyword for category
LTB-L-010697-26,L1,Order,2026-04-23,N2M,8244.97,arrears,1815.23,pattern_2,4.54,"April 15, 2026",True,True,True,True,False,False,text,found in operative 'It is ordered that' section; matched expected keyword for category
LTB-L-010774-26,L1,Order,2026-05-19,P0M,,,,,,"April 15, 2026",True,True,False,False,,True,text,no dollar amount found
LTB-L-010777-26,L1,Order,2026-04-23,L6S,9848.36,arrears,3318.39,pattern_1,2.97,"April 21, 2026",True,True,False,True,,True,text,found in operative 'It is ordered that' section; matched expected keyword for category
LTB-L-010790-26,L1,Order,2026-03-13,P7C,5151.71,arrears,1346.11,pattern_1,3.83,"March 11, 2026",True,False,False,,,True,text,found in operative 'It is ordered that' section; matched expected keyword for category
LTB-L-010793-26,L1,Order,2026-04-21,N6C,5512.0,arrears,,,,,False,,,,,False,text,"no operative section found, or it had no dollar mentions at all; fell back to full-document search; matched expected keyword for category"
LTB-L-010795-26,L1,Order,2026-04-22,N5V,,,,,,"April 16, 2026",True,True,True,True,False,False,text,no dollar amount found
LTB-L-010802-26,L1,Order,2026-04-27,M3A,,,,,,"April 23, 2026",True,True,True,True,False,False,text,no dollar amount found
LTB-L-010809-26,L1,Order,2026-04-24,N6C,1924.39,arrears,,,,"April 16, 2026",False,,,,,False,text,found in operative 'It is ordered that' section; matched expected keyword for category
LTB-L-010850-26,L1,Order,2026-04-24,L6H,8747.61,arrears,2500.0,pattern_2,3.5,"April 16, 2026",True,True,False,True,,True,text,found in operative 'It is ordered that' section; matched expected keyword for category
LTB-L-010869-26,L1,Order,2026-05-15,L4H,6917.55,arrears,1705.0,pattern_1,4.06,"April 13, 2026",True,True,False,False,,True,text,found in operative 'It is ordered that' section; matched expected keyword for category
LTB-L-010870-26,L1,Order,2026-04-17,P6A,9376.48,arrears,1500.0,pattern_1,6.25,"April 14, 2026",True,True,False,False,,True,text,found in operative 'It is ordered that' section; matched expected keyword for category
LTB-L-010889-26,L1,Order,2026-04-24,M3A,3545.88,arrears,,,,"April 16, 2026",True,True,True,True,False,False,text,found in operative 'It is ordered that' section; matched expected keyword for category
LTB-L-010896-26,L1,Order,2026-04-22,N5A,3390.0,arrears,,,,,False,,,,,False,text,"no operative section found, or it had no dollar mentions at all; fell back to full-document search; matched expected keyword for category"
LTB-L-010904-26,L1,Order,2026-04-28,N1R,2421.54,arrears,,,,"April 21, 2026",False,,,,,False,text,found in operative 'It is ordered that' section; matched expected keyword for category
LTB-L-010906-26,L1,Order,2026-05-13,M5R,5781.8,arrears,1907.16,pattern_1,3.03,"April 21, 2026",True,True,True,True,False,False,text,found in operative 'It is ordered that' section; matched expected keyword for category
LTB-L-010913-26,L1,ExParte Order,2026-02-27,N2M,,,,,,,False,,,,,False,text,no dollar amount found
LTB-L-010924-26,L1,ExParte Order,2026-05-04,L8W,,,,,,,False,,,,,False,ocr,no dollar amount found
LTB-L-010926-26,L1,Order,2026-04-22,P7E,7865.88,arrears,1398.86,pattern_1,5.62,"April 16, 2026",True,True,False,True,,True,text,found in operative 'It is ordered that' section; matched expected keyword for category
LTB-L-010933-26,L1,ExParte Order,2026-03-04,N3R,,,,,,,False,,,,,False,ocr,no dollar amount found
LTB-L-010961-26,L1,Order,2026-04-20,L8J,,,,,,"April 15, 2026",True,True,False,True,,True,text,no dollar amount found
LTB-L-010991-26,L1,Order,2026-04-20,N3T,283.35,ambiguous-max,,,,"April 16, 2025",True,True,True,True,False,False,text,"found in operative 'It is ordered that' section; multiple candidate amounts, took max — manual review advised"
LTB-L-010997-26,L1,Order,2026-02-26,L8W,738.17,arrears,,,,"February 17, 2026",False,,,,,False,text,found in operative 'It is ordered that' section; matched expected keyword for category
LTB-L-011009-26,L1,Order,2026-03-13,K1Z,7326.0,arrears,1400.0,pattern_1,5.23,,False,,,,,False,text,found in operative 'It is ordered that' section; matched expected keyword for category
LTB-L-011018-26,L1,Order,2026-04-16,N1R,,,,,,"April 14, 2026",False,,,,,True,text,no dollar amount found
LTB-L-011043-26,L1,Order,2026-04-28,L8L,,,,,,"April 21, 2026",True,True,False,True,,True,text,no dollar amount found
LTB-L-011048-26,L1,Order,2026-05-01,L4T,3096.68,arrears,1702.61,pattern_2,1.82,"April 22, 2026",True,True,True,True,False,False,text,found in operative 'It is ordered that' section; matched expected keyword for category
LTB-L-011065-26,L1,Order,2026-04-29,L8L,,,,,,"April 21, 2026",True,True,False,True,,True,text,no dollar amount found
LTB-L-011089-26,L1,Order,2026-04-17,L4N,,,,,,,False,,,,,True,text,no dollar amount found
LTB-L-011093-26,L1,Order,2026-05-05,L6L,26368.08,arrears,,,,"April 27, 2026",False,,,,,False,text,found in operative 'It is ordered that' section; matched expected keyword for category
LTB-L-011101-26,L1,Order,2026-04-20,M5B,4766.0,arrears,1020.0,pattern_1,4.67,"April 14, 2026",True,True,False,True,,True,text,found in operative 'It is ordered that' section; matched expected keyword for category
LTB-L-011106-26,L1,Order,2026-04-22,M9P,20399.7,ambiguous-max,3485.0,pattern_1,5.85,"April 14, 2026",True,True,True,True,False,True,text,"found in operative 'It is ordered that' section; multiple candidate amounts, took max — manual review advised"
LTB-L-011118-26,L1,Order,2026-05-07,N6B,10553.52,arrears,,,,"April 27, 2026",True,False,False,,,False,text,found in operative 'It is ordered that' section; matched expected keyword for category
LTB-L-011141-26,L1,Order,2026-04-20,M5B,1704.56,arrears,,,,"April 14, 2026",True,False,True,,False,False,text,found in operative 'It is ordered that' section; matched expected keyword for category
LTB-L-011144-26,L1,Order,2026-05-05,M2R,,,,,,"April 22, 2026",True,True,False,True,,True,text,no dollar amount found
LTB-L-011177-26,L1,Order,2026-04-30,L1J,6641.37,arrears,1834.84,pattern_1,3.62,"April 22, 2026",True,True,False,True,,True,text,found in operative 'It is ordered that' section; matched expected keyword for category
LTB-L-011190-26,L1,Order,2026-04-24,L1H,5619.51,arrears,2019.51,pattern_1,2.78,"April 23, 2026",True,True,True,True,False,False,text,found in operative 'It is ordered that' section; matched expected keyword for category
LTB-L-011192-26,L1,Order,2026-05-11,M4V,5879.25,arrears,1549.29,pattern_1,3.79,"April 22, 2026",True,True,False,True,,True,text,found in operative 'It is ordered that' section; matched expected keyword for category
LTB-L-011194-26,L1,Order,2026-04-21,N5V,,,,,,"April 14, 2026",True,True,False,True,,True,text,no dollar amount found
LTB-L-011208-26,L1,Order,2026-04-23,L2G,,,,,,"April 16, 2026",True,True,True,True,False,False,text,no dollar amount found
LTB-L-011216-26,L1,Order,2026-05-06,M3C,12691.81,arrears,2241.09,pattern_1,5.66,"April 22, 2026",True,True,True,True,False,False,text,found in operative 'It is ordered that' section; matched expected keyword for category
LTB-L-011242-26,L1,Order,2026-04-27,N8T,9610.0,arrears,589.0,pattern_1,16.32,"April 16, 2026",True,True,False,True,,True,text,found in operative 'It is ordered that' section; matched expected keyword for category
LTB-L-011243-26,L1,Amended Order,2026-05-26,M3C,3921.05,arrears,1979.09,pattern_1,1.98,"April 22, 2026",True,True,True,True,False,False,text,found in operative 'It is ordered that' section; matched expected keyword for category
LTB-L-011248-26,L1,Order,2026-04-16,N7T,5742.41,arrears,1621.2,pattern_1,3.54,"April 14, 2026",True,True,False,True,,True,text,found in operative 'It is ordered that' section; matched expected keyword for category
LTB-L-011257-26,L1,Order,2026-04-23,M1J,,,,,,"April 14, 2026",True,True,False,False,,True,text,no dollar amount found
LTB-L-011267-26,L1,Order,2026-05-21,L6G,16965.0,arrears,3747.0,pattern_2,4.53,"April 13, 2026",True,True,False,True,,False,text,found in operative 'It is ordered that' section; matched expected keyword for category
LTB-L-011275-26,L1,Order,2026-05-27,N1S,11502.01,arrears,3000.0,pattern_2,3.83,"May 19, 2026",True,True,False,True,,True,text,found in operative 'It is ordered that' section; matched expected keyword for category
LTB-L-011317-26,L1,Order,2026-04-30,M4S,,,,,,"April 23, 2026",True,True,True,True,False,False,text,no dollar amount found
LTB-L-011318-26,L1,Order,2026-03-26,M4V,5391.0,arrears,1735.0,pattern_1,3.11,"March 19, 2026",True,True,True,True,False,False,text,found in operative 'It is ordered that' section; matched expected keyword for category
LTB-L-011325-26,L1,ExParte Order,2026-04-13,M1N,,,,,,,False,,,,,False,text,no dollar amount found
LTB-L-011335-26,L1,Order,2026-04-29,L3T,2500.0,ambiguous-max,,,,"April 27, 2026",True,True,True,True,False,False,text,"found in operative 'It is ordered that' section; multiple candidate amounts, took max — manual review advised"
LTB-L-011380-26,L1,Order,2026-04-24,N6H,7056.0,arrears,1374.0,pattern_1,5.14,"April 22, 2026",True,False,False,,,True,text,found in operative 'It is ordered that' section; matched expected keyword for category
LTB-L-011383-26,L1,ExParte Order,2026-04-10,L2R,,,,,,,False,,,,,False,text,no dollar amount found
LTB-L-011394-26,L1,Order,2026-05-12,L8K,7341.61,arrears,2700.0,pattern_1,2.72,"April 15, 2026",True,True,False,False,,True,text,found in operative 'It is ordered that' section; matched expected keyword for category
LTB-L-011408-26,L1,Order,2026-04-30,N2E,6386.21,arrears,2390.0,pattern_1,2.67,"April 23, 2026",True,True,False,True,,True,text,found in operative 'It is ordered that' section; matched expected keyword for category
LTB-L-011413-26,L1,ExParte Order,2026-03-27,M6M,,,,,,,False,,,,,False,text,no dollar amount found
LTB-L-011418-26,L1,Order,2026-04-23,M6M,7532.44,arrears,,,,"April 16, 2026",False,,,,,False,text,found in operative 'It is ordered that' section; matched expected keyword for category
LTB-L-011428-26,L1,Order,2026-04-15,K4K,846.0,arrears,,,,"April 14, 2026",True,True,True,False,False,False,text,found in operative 'It is ordered that' section; matched expected keyword for category
LTB-L-011476-26,L1,Order,2026-05-13,N1R,6304.85,arrears,1990.95,pattern_1,3.17,"May 6, 2026",True,True,False,True,,True,text,found in operative 'It is ordered that' section; matched expected keyword for category
LTB-L-011490-26,L1,Order,2026-04-24,P6B,1327.0,arrears,907.0,pattern_1,1.46,"April 16, 2026",True,True,False,True,,True,text,found in operative 'It is ordered that' section; matched expected keyword for category
LTB-L-011497-26,L1,Order,2026-03-26,N6B,,,,,,"March 24, 2026",True,True,True,True,False,False,text,operative section found but contained only fee/rate/boilerplate amounts — likely no lump sum ordered
LTB-L-011501-26,L1,Order,2026-04-20,L3B,11786.0,arrears,1450.0,pattern_1,8.13,"April 14, 2026",True,True,False,True,,True,text,found in operative 'It is ordered that' section; matched expected keyword for category
LTB-L-011504-26,L1,Order,2026-03-31,N6B,,,,,,"March 24, 2026",True,True,False,True,,True,text,no dollar amount found
LTB-L-011519-26,L1,ExParte Order,2026-04-16,N8T,,,,,,,False,,,,,False,text,no dollar amount found
LTB-L-011524-26,L1,Order,2026-05-05,K9V,9657.06,arrears,1200.0,pattern_1,8.05,"April 27, 2026",True,True,False,True,,True,text,found in operative 'It is ordered that' section; matched expected keyword for category
LTB-L-011527-26,L1,Order,2026-04-23,L8H,7386.0,arrears,1200.0,pattern_1,6.16,"April 14, 2026",True,True,False,True,,True,text,found in operative 'It is ordered that' section; matched expected keyword for category
LTB-L-011572-26,L1,Order,2026-04-27,M9C,,,2566.87,pattern_2,,"April 20, 2026",False,,,,,False,text,operative section found but contained only fee/rate/boilerplate amounts — likely no lump sum ordered
LTB-L-011588-26,L1,ExParte Order,2026-04-21,N2B,,,,,,,False,,,,,False,ocr,no dollar amount found
LTB-L-011599-26,L1,Order,2026-04-24,M5V,11402.23,arrears,,,,"April 21, 2026",False,,,,,False,text,found in operative 'It is ordered that' section; matched expected keyword for category
LTB-L-011652-26,L1,Order,2026-04-27,M3J,4677.29,arrears,,,,,False,,,,,False,text,found in operative 'It is ordered that' section; matched expected keyword for category
LTB-L-011657-26,L1,Order,2026-04-30,L1N,,,,,,"April 22, 2026",True,True,True,True,False,False,text,no dollar amount found
LTB-L-011663-26,L1,Order,2026-05-05,N5W,7659.72,arrears,1884.32,pattern_1,4.06,"April 27, 2026",True,True,False,True,,True,text,found in operative 'It is ordered that' section; matched expected keyword for category
LTB-L-011683-26,L1,ExParte Order,2026-04-20,M3J,,,,,,,False,,,,,False,text,no dollar amount found
LTB-L-011687-26,L1,ExParte Order,2026-04-13,L6W,,,,,,,False,,,,,False,ocr,no dollar amount found
LTB-L-011732-26,L1,Order,2026-04-20,L8K,3512.84,arrears,,,,,False,,,,,False,text,found in operative 'It is ordered that' section; matched expected keyword for category
LTB-L-011796-26,L1,Order,2026-05-06,M1E,2100.97,arrears,1418.8,pattern_1,1.48,"April 29, 2026",True,True,False,True,,True,text,found in operative 'It is ordered that' section; matched expected keyword for category
LTB-L-011802-26,L1,Order,2026-05-04,M3J,2401.32,arrears,,,,"April 29, 2026",True,True,True,True,False,False,text,found in operative 'It is ordered that' section; matched expected keyword for category
LTB-L-011816-26,L1,Order,2026-04-22,L4M,2200.0,ambiguous-max,,,,"April 15, 2026",False,,,,,False,text,"found in operative 'It is ordered that' section; multiple candidate amounts, took max — manual review advised"
LTB-L-011830-26,L1,Order,2026-05-22,M2R,4680.69,arrears,,,,,False,,,,,False,text,found in operative 'It is ordered that' section; matched expected keyword for category
LTB-L-011846-26,L1,ExParte Order,2026-04-10,M9W,,,,,,,False,,,,,False,text,no dollar amount found
LTB-L-011856-26,L1,Order,2026-04-29,M4Y,2627.73,arrears,1148.45,pattern_1,2.29,"April 23, 2026",True,True,False,True,,True,text,found in operative 'It is ordered that' section; matched expected keyword for category
LTB-L-011895-26,L1,Order,2026-04-29,L5J,3798.36,arrears,1819.01,pattern_1,2.09,"April 23, 2026",True,True,False,True,,True,text,found in operative 'It is ordered that' section; matched expected keyword for category
LTB-L-011930-26,L1,Order,2026-04-24,N2P,38186.0,arrears,3800.0,pattern_1,10.05,"April 22, 2026",True,False,False,,,True,text,found in operative 'It is ordered that' section; matched expected keyword for category
LTB-L-011945-26,L1,ExParte Order,2026-04-16,M1N,1000.0,stated_total,1000.0,pattern_3,1.0,,False,,,,,False,text,"no operative section found, or it had no dollar mentions at all; fell back to full-document search; explicit stated-total phrasing (""...is \$X"")"
LTB-L-011969-26,L1,Order,2026-04-17,L1A,940.52,arrears,,,,"April 15, 2026",False,,,,,False,text,found in operative 'It is ordered that' section; matched expected keyword for category
LTB-L-011972-26,L1,Order,2026-04-21,L4K,21011.0,arrears,2450.0,pattern_1,8.58,"April 16, 2026",True,True,True,False,False,True,text,found in operative 'It is ordered that' section; matched expected keyword for category
LTB-L-011973-26,L1,Order,2026-05-12,N7S,4838.48,arrears,1520.96,pattern_2,3.18,"May 4, 2026",True,True,False,True,,True,text,found in operative 'It is ordered that' section; matched expected keyword for category
LTB-L-012030-26,L1,Order,2026-05-08,L6H,,,,,,"April 23, 2026",True,True,False,True,,True,text,no dollar amount found
LTB-L-012041-26,L1,ExParte Order,2026-04-15,M3N,,,,,,,False,,,,,False,ocr,no dollar amount found
LTB-L-012064-26,L1,Order,2026-05-05,K8N,5292.76,arrears,1852.47,pattern_1,2.86,"April 28, 2026",True,True,True,False,False,True,text,found in operative 'It is ordered that' section; matched expected keyword for category
LTB-L-012066-26,L1,Order,2026-04-22,M2R,,,,,,"April 16, 2026",True,True,False,True,,True,text,no dollar amount found
LTB-L-012075-26,L1,Order,2026-05-13,M3M,3790.04,arrears,,,,"April 30, 2026",False,,,,,False,text,found in operative 'It is ordered that' section; matched expected keyword for category
LTB-L-012083-26,L1,Order,2026-05-05,N1K,,,,,,"April 23, 2026",True,True,False,True,,True,text,no dollar amount found
LTB-L-012084-26,L1,Order,2026-05-05,M9R,1202.41,arrears,2199.0,pattern_2,0.55,"April 30, 2026",True,True,False,True,,True,text,found in operative 'It is ordered that' section; matched expected keyword for category
LTB-L-012097-26,L1,Amended Order,2026-04-30,M1B,645.0,ambiguous-max,2357.5,pattern_2,0.27,,False,,,,,False,text,"found in operative 'It is ordered that' section; multiple candidate amounts, took max — manual review advised"
LTB-L-012112-26,L1,Order,2026-05-01,L6A,16174.0,arrears,,,,"April 14, 2026",False,,,,,False,text,found in operative 'It is ordered that' section; matched expected keyword for category
LTB-L-012140-26,L1,Order,2026-04-24,M2R,2818.46,arrears,,,,,False,,,,,False,text,found in operative 'It is ordered that' section; matched expected keyword for category
LTB-L-012153-26,L1,Order,2026-04-21,P4N,11530.0,arrears,1500.0,pattern_1,7.69,"April 14, 2026",True,True,True,True,False,False,text,found in operative 'It is ordered that' section; matched expected keyword for category
LTB-L-012202-26,L1,Order,2026-05-04,K2M,20886.0,arrears,2300.0,pattern_1,9.08,"April 30, 2026",False,,,,,False,text,found in operative 'It is ordered that' section; matched expected keyword for category
LTB-L-012205-26,L1,Order,2026-04-29,N3R,15237.78,arrears,2164.54,pattern_1,7.04,,False,,,,,False,text,found in operative 'It is ordered that' section; matched expected keyword for category
LTB-L-012217-26,L1,Order,2026-04-23,L8L,2825.0,arrears,1691.0,pattern_2,1.67,"April 16, 2026",True,True,False,True,,True,text,found in operative 'It is ordered that' section; matched expected keyword for category
LTB-L-012225-26,L1,Order,2026-04-29,M6B,186.0,arrears,,,,"April 23, 2026",False,,,,,False,text,found in operative 'It is ordered that' section; matched expected keyword for category
LTB-L-012232-26,L1,Order,2026-05-04,K1G,,,,,,"April 29, 2026",True,True,False,True,,True,text,no dollar amount found
LTB-L-012236-26,L1,Order,2026-04-22,L1C,12136.0,arrears,1900.0,pattern_1,6.39,"April 16, 2026",False,,,,,False,text,found in operative 'It is ordered that' section; matched expected keyword for category
LTB-L-012270-26,L1,Order,2026-04-24,N9B,1973.0,arrears,,,,"April 16, 2026",True,False,True,,False,False,text,found in operative 'It is ordered that' section; matched expected keyword for category
LTB-L-012273-26,L1,Order,2026-04-28,P2N,3721.75,arrears,,,,"April 21, 2026",False,,,,,False,text,found in operative 'It is ordered that' section; matched expected keyword for category
LTB-L-012285-26,L1,Order,2026-04-29,L6S,8206.0,arrears,1127.5,pattern_1,7.28,"April 20, 2026",True,True,False,False,,True,text,found in operative 'It is ordered that' section; matched expected keyword for category
LTB-L-012314-26,L1,Order,2026-04-23,K1C,13150.2,arrears,,,,"April 21, 2026",False,,,,,False,text,found in operative 'It is ordered that' section; matched expected keyword for category
LTB-L-012316-26,L1,ExParte Order,2026-04-15,K1C,,,,,,,False,,,,,False,ocr,no dollar amount found
LTB-L-012388-26,L1,Order,2026-05-07,L7S,,,,,,"April 29, 2026",False,,,,,False,text,operative section found but contained only fee/rate/boilerplate amounts — likely no lump sum ordered
LTB-L-012397-26,L1,ExParte Order,2026-04-09,L8E,,,,,,,False,,,,,False,text,no dollar amount found
LTB-L-012409-26,L1,Order,2026-05-01,N2L,14391.57,arrears,2600.0,pattern_1,5.54,"April 15, 2026",True,True,False,True,,True,text,found in operative 'It is ordered that' section; matched expected keyword for category
LTB-L-012410-26,L1,Order,2026-05-01,L1N,2380.2,arrears,1108.65,pattern_1,2.15,"April 22, 2026",True,True,True,True,False,False,text,found in operative 'It is ordered that' section; matched expected keyword for category
LTB-L-012441-26,L1,Order,2026-04-20,M4X,12409.38,arrears,2450.0,pattern_1,5.07,"April 16, 2026",True,True,False,True,,True,text,found in operative 'It is ordered that' section; matched expected keyword for category
LTB-L-012444-26,L1,Order,2026-05-12,M3A,8722.1,arrears,3268.1,pattern_1,2.67,"April 30, 2026",True,True,True,True,False,False,text,found in operative 'It is ordered that' section; matched expected keyword for category
LTB-L-012465-26,L1,Order,2026-05-06,M2L,9327.08,arrears,3051.47,pattern_1,3.06,"April 30, 2026",False,,,,,False,text,found in operative 'It is ordered that' section; matched expected keyword for category
LTB-L-012472-26,L1,Order,2026-04-27,L4R,2682.13,arrears,,,,"April 20, 2026",False,,,,,False,text,found in operative 'It is ordered that' section; matched expected keyword for category
LTB-L-012476-26,L1,Order,2026-05-06,M2R,2807.93,arrears,2154.81,pattern_1,1.3,"April 30, 2026",True,True,False,True,,True,text,found in operative 'It is ordered that' section; matched expected keyword for category
LTB-L-012481-26,L1,Order,2026-04-27,K8V,6476.0,arrears,1185.0,pattern_1,5.46,"April 20, 2026",True,True,False,True,,True,text,found in operative 'It is ordered that' section; matched expected keyword for category
LTB-L-012549-26,L1,Order,2026-05-01,K2A,9291.84,arrears,1128.0,pattern_1,8.24,"April 23, 2026",True,True,False,True,,True,text,found in operative 'It is ordered that' section; matched expected keyword for category
LTB-L-012554-26,L1,Order,2026-05-05,K1Z,6196.0,arrears,,,,,False,,,,,False,text,found in operative 'It is ordered that' section; matched expected keyword for category
LTB-L-012565-26,L1,Order,2026-05-13,K2S,17309.81,arrears,2206.31,pattern_1,7.85,"April 28, 2026",True,True,False,True,,True,text,found in operative 'It is ordered that' section; matched expected keyword for category
LTB-L-012599-26,L1,ExParte Order,2026-04-20,M5P,,,,,,,False,,,,,False,text,no dollar amount found
LTB-L-012613-26,L1,Order,2026-04-28,N7M,,,,,,"April 20, 2026",True,True,False,True,,True,text,no dollar amount found
LTB-L-012652-26,L1,Order,2026-04-27,N9A,4436.0,arrears,1425.0,pattern_1,3.11,"April 22, 2026",True,True,False,True,,True,text,found in operative 'It is ordered that' section; matched expected keyword for category
LTB-L-012655-26,L1,Order,2026-05-06,M8Y,8384.0,arrears,827.0,pattern_1,10.14,"April 28, 2026",True,True,False,True,,True,text,found in operative 'It is ordered that' section; matched expected keyword for category
LTB-L-012660-26,L1,Order,2026-04-24,M8Y,3412.68,arrears,3000.0,pattern_2,1.14,"April 20, 2026",True,True,False,True,,True,text,found in operative 'It is ordered that' section; matched expected keyword for category
LTB-L-012697-26,L1,Order,2026-05-07,L6T,5458.7,arrears,1932.75,pattern_1,2.82,"April 30, 2026",True,True,False,True,,True,text,found in operative 'It is ordered that' section; matched expected keyword for category
LTB-L-012721-26,L1,Order,2026-05-04,L6T,,,2102.07,pattern_1,,"April 28, 2026",True,True,False,True,,True,text,operative section found but contained only fee/rate/boilerplate amounts — likely no lump sum ordered
LTB-L-012733-26,L1,Order,2026-05-05,L6T,4157.65,arrears,1994.33,pattern_1,2.08,"April 28, 2026",False,,,,,False,text,found in operative 'It is ordered that' section; matched expected keyword for category
LTB-L-012736-26,L1,ExParte Order,2026-04-24,M6J,,,,,,,False,,,,,False,ocr,no dollar amount found
LTB-L-012740-26,L1,Order,2026-05-01,N0A,,,1181.95,pattern_2,,,True,True,False,True,,True,text,operative section found but contained only fee/rate/boilerplate amounts — likely no lump sum ordered
LTB-L-012751-26,L1,Order,2026-05-11,M6K,13128.9,arrears,,,,"April 28, 2026",False,,,,,False,text,found in operative 'It is ordered that' section; matched expected keyword for category
LTB-L-012755-26,L1,Order,2026-04-22,K1Z,,,,,,"April 20, 2026",True,True,True,True,False,False,text,no dollar amount found
LTB-L-012757-26,L1,Order,2026-05-07,L1X,,,,,,"April 28, 2026",True,True,True,True,False,False,text,no dollar amount found
LTB-L-012758-26,L1,Order,2026-04-30,N1S,11207.0,arrears,,,,,False,,,,,False,text,found in operative 'It is ordered that' section; matched expected keyword for category
LTB-L-012776-26,L1,Order,2026-05-06,K9K,3000.0,stated_total,3000.0,pattern_1,1.0,"April 28, 2026",True,True,True,True,False,False,text,"no operative section found, or it had no dollar mentions at all; fell back to full-document search; explicit stated-total phrasing (""...is \$X"")"
LTB-L-012789-26,L1,Order,2026-05-01,M1K,5624.21,arrears,2099.3,pattern_1,2.68,"April 28, 2026",True,True,True,True,True,False,text,found in operative 'It is ordered that' section; matched expected keyword for category
LTB-L-012805-26,L1,ExParte Order,2026-03-18,M6K,,,,,,,False,,,,,False,text,no dollar amount found
LTB-L-012822-26,L1,Order,2026-05-11,M2J,4029.75,arrears,,,,"April 29, 2026",False,,,,,False,text,found in operative 'It is ordered that' section; matched expected keyword for category
LTB-L-012841-26,L1,Order,2026-05-11,M4R,11618.64,arrears,1770.18,pattern_1,6.56,"April 29, 2026",True,True,True,True,False,False,text,found in operative 'It is ordered that' section; matched expected keyword for category
LTB-L-012873-26,L1,Order,2026-05-26,M4N,50186.0,arrears,,,,"May 21, 2026",True,True,True,True,True,False,text,found in operative 'It is ordered that' section; matched expected keyword for category
LTB-L-012875-26,L1,Order,2026-04-29,M6L,18755.52,arrears,1349.0,pattern_1,13.9,"April 20, 2026",True,True,False,False,,True,text,found in operative 'It is ordered that' section; matched expected keyword for category
LTB-L-012912-26,L1,Order,2026-05-04,K1N,,,,,,,False,,,,,False,text,no dollar amount found
LTB-L-012940-26,L1,Order,2026-03-27,M2N,,,,,,"March 24, 2026",True,True,True,True,False,False,text,no dollar amount found
LTB-L-012958-26,L1,ExParte Order,2026-04-30,L8N,,,,,,,False,,,,,False,text,no dollar amount found
LTB-L-012981-26,L1,Order,2026-04-27,L2E,5283.98,arrears,1082.14,pattern_2,4.88,"April 20, 2026",True,True,True,True,False,False,text,found in operative 'It is ordered that' section; matched expected keyword for category
LTB-L-013051-26,L1,Order,2026-04-30,L6Y,1356.0,arrears,234.0,pattern_1,5.79,"April 29, 2026",True,True,True,True,False,False,text,found in operative 'It is ordered that' section; matched expected keyword for category
LTB-L-013056-26,L1,Order,2026-05-13,K1V,9155.13,arrears,1208.0,pattern_1,7.58,"May 6, 2026",True,True,False,True,,True,text,found in operative 'It is ordered that' section; matched expected keyword for category
LTB-L-013075-26,L1,ExParte Order,2026-04-23,L6W,,,,,,,False,,,,,False,ocr,no dollar amount found
LTB-L-013082-26,L1,Order,2026-04-27,N2A,5495.5,arrears,,,,"April 21, 2026",False,,,,,False,text,found in operative 'It is ordered that' section; matched expected keyword for category
LTB-L-013095-26,L1,Order,2026-05-06,M2R,14294.64,arrears,1550.0,pattern_2,9.22,"April 29, 2026",True,True,False,True,,True,text,found in operative 'It is ordered that' section; matched expected keyword for category
LTB-L-013136-26,L1,Order,2026-04-29,N4S,,,,,,"April 21, 2026",True,True,False,True,,True,text,no dollar amount found
LTB-L-013171-26,L1,Order,2026-04-27,N2L,7671.0,arrears,1497.0,pattern_1,5.12,"April 22, 2026",True,True,False,True,,True,text,found in operative 'It is ordered that' section; matched expected keyword for category
LTB-L-013203-26,L1,ExParte Order,2026-04-23,M1H,1000.0,stated_total,1000.0,pattern_3,1.0,,False,,,,,False,text,"no operative section found, or it had no dollar mentions at all; fell back to full-document search; explicit stated-total phrasing (""...is \$X"")"
LTB-L-013224-26,L1,Order,2026-05-05,L0E,362.0,ambiguous-max,3050.0,pattern_2,0.12,"April 23, 2026",False,,,,,False,text,"found in operative 'It is ordered that' section; multiple candidate amounts, took max — manual review advised"
LTB-L-013226-26,L1,Order,2026-05-06,N7M,1285.78,arrears,2000.0,pattern_2,0.64,"April 27, 2026",True,True,False,True,,True,text,found in operative 'It is ordered that' section; matched expected keyword for category
LTB-L-013263-26,L1,Order,2026-04-28,K2B,6682.84,arrears,1624.21,pattern_1,4.11,"April 22, 2026",True,True,False,True,,True,text,found in operative 'It is ordered that' section; matched expected keyword for category
LTB-L-013283-26,L1,Amended Order,2026-05-12,K1T,3290.0,arrears,,,,,False,,,,,False,text,found in operative 'It is ordered that' section; matched expected keyword for category
LTB-L-013306-26,L1,Order,2026-05-13,M1V,5621.0,arrears,1825.0,pattern_1,3.08,"May 6, 2026",True,True,False,True,,True,text,found in operative 'It is ordered that' section; matched expected keyword for category
LTB-L-013324-26,L1,Order,2026-04-28,P3B,2186.0,arrears,,,,"April 21, 2026",True,True,True,False,False,False,text,found in operative 'It is ordered that' section; matched expected keyword for category
LTB-L-013341-26,L1,Order,2026-04-27,L2R,150.0,other,1200.0,pattern_2,0.12,"April 20, 2026",False,,,,,False,text,"found in operative 'It is ordered that' section; single candidate amount, no strong keyword match"
LTB-L-013352-26,L1,Order,2026-04-27,N7L,3082.93,arrears,1768.64,pattern_1,1.74,"April 22, 2026",False,,,,,False,text,found in operative 'It is ordered that' section; matched expected keyword for category
LTB-L-013362-26,L1,Order,2026-04-27,L2R,7386.0,arrears,1200.0,pattern_1,6.16,"April 21, 2026",True,True,False,True,,True,text,found in operative 'It is ordered that' section; matched expected keyword for category
LTB-L-013374-26,L1,Order,2026-05-05,M1V,6742.0,arrears,1295.0,pattern_1,5.21,"April 29, 2026",True,True,False,True,,True,text,found in operative 'It is ordered that' section; matched expected keyword for category
LTB-L-013377-26,L1,Order,2026-04-30,L2R,6311.0,arrears,1200.0,pattern_1,5.26,"April 21, 2026",True,True,False,True,,True,text,found in operative 'It is ordered that' section; matched expected keyword for category
LTB-L-013387-26,L1,Order,2026-05-07,N8S,995.56,stated_total,,,,,False,,,,,False,text,"found in operative 'It is ordered that' section; explicit stated-total phrasing (""...is \$X"")"
LTB-L-013391-26,L1,ExParte Order,2026-02-27,N0G,887.0,arrears,,,,,False,,,,,False,text,found in operative 'It is ordered that' section; matched expected keyword for category
LTB-L-013403-26,L1,Order,2026-04-28,N8L,28486.0,arrears,2600.0,pattern_1,10.96,"April 22, 2026",True,False,False,,,True,text,found in operative 'It is ordered that' section; matched expected keyword for category
LTB-L-013404-26,L1,Order,2026-04-28,L2R,7986.0,arrears,1300.0,pattern_1,6.14,"April 20, 2026",True,True,False,True,,True,text,found in operative 'It is ordered that' section; matched expected keyword for category
LTB-L-013427-26,L1,Order,2026-05-13,L4R,4501.13,arrears,1168.34,pattern_1,3.85,"April 22, 2026",True,True,False,True,,True,text,found in operative 'It is ordered that' section; matched expected keyword for category
LTB-L-013428-26,L1,ExParte Order,2026-04-22,L6T,,,,,,,False,,,,,False,ocr,no dollar amount found
LTB-L-013434-26,L1,Order,2026-05-05,M9N,9733.5,arrears,1909.5,pattern_1,5.1,"April 28, 2026",False,,,,,False,text,found in operative 'It is ordered that' section; matched expected keyword for category
LTB-L-013473-26,L1,Order,2026-04-14,N9A,1839.64,arrears,469.66,pattern_1,3.92,"April 9, 2026",True,True,False,False,,True,text,found in operative 'It is ordered that' section; matched expected keyword for category
LTB-L-013510-26,L1,Order,2026-04-24,M4X,4196.0,arrears,900.0,pattern_1,4.66,"April 21, 2026",True,True,False,True,,True,text,found in operative 'It is ordered that' section; matched expected keyword for category
LTB-L-013518-26,L1,Order,2026-05-07,L6T,,,,,,"April 28, 2026",True,True,False,True,,True,text,no dollar amount found
LTB-L-013522-26,L1,ExParte Order,2026-04-13,M9C,,,,,,,False,,,,,False,text,no dollar amount found
LTB-L-013529-26,L1,Order,2026-04-24,P0N,,,,,,"April 20, 2026",True,True,False,True,,True,text,no dollar amount found
LTB-L-013533-26,L1,ExParte Order,2026-04-27,N0G,2173.0,arrears,,,,,False,,,,,False,text,found in operative 'It is ordered that' section; matched expected keyword for category
LTB-L-013536-26,L1,Order,2026-04-29,L6T,2851.62,arrears,2589.43,pattern_2,1.1,"April 27, 2026",True,True,False,True,,True,text,found in operative 'It is ordered that' section; matched expected keyword for category
LTB-L-013554-26,L1,ExParte Order,2026-04-01,L8L,,,,,,,False,,,,,False,ocr,no dollar amount found
LTB-L-013567-26,L1,Order,2026-04-30,M4V,11818.6,arrears,2186.64,pattern_1,5.4,"April 27, 2026",True,True,False,True,,True,text,found in operative 'It is ordered that' section; matched expected keyword for category
LTB-L-013570-26,L1,ExParte Order,2026-03-19,L6Y,1000.0,stated_total,1000.0,pattern_3,1.0,,False,,,,,False,ocr,"no operative section found, or it had no dollar mentions at all; fell back to full-document search; explicit stated-total phrasing (""...is \$X"")"
LTB-L-013576-26,L1,Order,2026-04-29,L8P,5711.88,arrears,,,,"April 23, 2026",False,,,,,False,text,found in operative 'It is ordered that' section; matched expected keyword for category
LTB-L-013578-26,L1,Order,2026-04-30,N6K,6544.2,arrears,2144.1,pattern_1,3.05,"April 23, 2026",True,True,False,True,,True,text,found in operative 'It is ordered that' section; matched expected keyword for category
LTB-L-013590-26,L1,ExParte Order,2026-03-23,M6K,,,,,,,False,,,,,False,text,no dollar amount found
LTB-L-013599-26,L1,Order,2026-05-01,M4X,4164.56,arrears,1200.0,pattern_1,3.47,"April 23, 2026",True,True,False,True,,True,text,found in operative 'It is ordered that' section; matched expected keyword for category
LTB-L-013600-26,L1,Order,2026-05-15,K1Z,2646.89,arrears,1816.83,pattern_1,1.46,"May 6, 2026",True,True,False,True,,True,text,found in operative 'It is ordered that' section; matched expected keyword for category
LTB-L-013644-26,L1,Order,2026-04-28,M4Y,6936.0,arrears,2250.0,pattern_1,3.08,"April 21, 2026",True,True,False,True,,True,text,found in operative 'It is ordered that' section; matched expected keyword for category
LTB-L-013713-26,L1,Order,2026-05-05,N6H,9801.0,arrears,600.0,pattern_2,16.34,"April 27, 2026",True,True,False,False,,True,text,found in operative 'It is ordered that' section; matched expected keyword for category
LTB-L-013720-26,L1,Order,2026-05-01,N2M,1444.0,ambiguous-max,,,,"April 23, 2026",True,True,True,True,False,False,text,"found in operative 'It is ordered that' section; multiple candidate amounts, took max — manual review advised"
LTB-L-013797-26,L1,Order,2026-05-07,M2J,12150.26,arrears,1714.22,pattern_1,7.09,"May 6, 2026",False,,,,,False,text,found in operative 'It is ordered that' section; matched expected keyword for category
LTB-L-013799-26,L1,Order,2026-05-29,P3C,22493.0,arrears,1075.0,pattern_1,20.92,"May 25, 2026",True,True,False,True,,True,text,found in operative 'It is ordered that' section; matched expected keyword for category
LTB-L-013810-26,L1,Order,2026-05-01,M4L,699.0,arrears,,,,"April 27, 2026",True,True,False,True,,True,text,found in operative 'It is ordered that' section; matched expected keyword for category
LTB-L-013811-26,L1,ExParte Order,2026-04-09,L8L,,,,,,,False,,,,,False,ocr,no dollar amount found
LTB-L-013861-26,L1,Order,2026-05-04,P6C,7159.51,arrears,1850.0,pattern_1,3.87,"April 27, 2026",True,True,False,False,,True,text,found in operative 'It is ordered that' section; matched expected keyword for category
LTB-L-013871-26,L1,Order,2026-04-20,L8P,9286.0,arrears,1300.0,pattern_1,7.14,"April 15, 2026",True,True,False,True,,True,text,found in operative 'It is ordered that' section; matched expected keyword for category
LTB-L-013896-26,L1,Order,2026-04-22,L6T,3373.44,arrears,1606.82,pattern_1,2.1,"April 16, 2026",True,True,False,True,,True,text,found in operative 'It is ordered that' section; matched expected keyword for category
LTB-L-013909-26,L1,Order,2026-03-13,N6J,4716.6,arrears,2348.3,pattern_1,2.01,,False,,,,,False,text,found in operative 'It is ordered that' section; matched expected keyword for category
LTB-L-013921-26,L1,Order,2026-05-04,N5V,3907.0,arrears,800.0,pattern_1,4.88,"April 27, 2026",True,True,False,True,,True,text,found in operative 'It is ordered that' section; matched expected keyword for category
LTB-L-013950-26,L1,Order,2026-05-15,M5R,15632.97,arrears,2561.47,pattern_1,6.1,"May 7, 2026",True,True,True,True,False,False,text,found in operative 'It is ordered that' section; matched expected keyword for category
LTB-L-013974-26,L1,Order,2026-05-12,L2M,8093.98,arrears,,,,"May 4, 2026",False,,,,,False,text,found in operative 'It is ordered that' section; matched expected keyword for category
LTB-L-013980-26,L1,Order,2026-04-24,L5A,,,,,,"April 23, 2026",False,,,,,True,text,no dollar amount found
LTB-L-013982-26,L1,Order,2026-05-11,M9N,,,,,,"May 4, 2026",True,True,False,True,,True,text,no dollar amount found
LTB-L-013984-26,L1,Order,2026-05-12,M4Y,6051.06,arrears,,,,"May 4, 2026",True,True,True,True,False,False,text,found in operative 'It is ordered that' section; matched expected keyword for category
LTB-L-013989-26,L1,Order,2026-04-24,K9A,5978.0,arrears,,,,"April 23, 2026",False,,,,,False,text,found in operative 'It is ordered that' section; matched expected keyword for category
LTB-L-014007-26,L1,Order,2026-05-07,M1J,14009.97,arrears,2582.1,pattern_1,5.43,"April 29, 2026",True,True,False,True,,True,text,found in operative 'It is ordered that' section; matched expected keyword for category
LTB-L-014022-26,L1,ExParte Order,2026-04-13,N9H,,,,,,,False,,,,,False,text,no dollar amount found
LTB-L-014036-26,L1,Order,2026-05-06,N2P,,,,,,,False,,,,,,,download failed: 503 Server Error: Service Unavailable for url: https://d3hf2qahezjxpx.cloudfront.net/attachments/exportedBinaries20260723_175229/069N300000yt0EXIAY/LTB-L-014036-26.pdf
LTB-L-014080-26,L1,Order,2026-05-08,L0S,50186.0,arrears,,,,,False,,,,,False,text,found in operative 'It is ordered that' section; matched expected keyword for category
LTB-L-014117-26,L1,Order,2026-05-14,K1T,1666.0,arrears,494.0,pattern_1,3.37,"May 5, 2026",True,True,False,True,,True,text,found in operative 'It is ordered that' section; matched expected keyword for category
LTB-L-014129-26,L1,Order,2026-05-12,K1G,485.0,arrears,,,,"April 27, 2026",True,True,False,True,,True,text,found in operative 'It is ordered that' section; matched expected keyword for category
LTB-L-014134-26,L1,Order,2026-04-29,K1G,,,,,,"April 27, 2026",True,True,False,True,,True,text,no dollar amount found
LTB-L-014140-26,L1,Order,2026-05-08,M6L,11474.05,arrears,2179.0,pattern_1,5.27,"April 30, 2026",True,True,True,True,False,False,text,found in operative 'It is ordered that' section; matched expected keyword for category
LTB-L-014142-26,L1,Order,2026-04-27,L9S,22066.32,arrears,2800.0,pattern_2,7.88,"April 23, 2026",True,True,False,False,,True,text,found in operative 'It is ordered that' section; matched expected keyword for category
LTB-L-014165-26,L1,Order,2026-04-29,L3C,,,,,,"April 23, 2026",False,,,,,True,text,no dollar amount found
LTB-L-014186-26,L1,Order,2026-04-29,K1G,,,,,,"April 22, 2026",True,True,False,True,,True,text,no dollar amount found
LTB-L-014201-26,L1,Order,2026-05-11,L7E,11450.0,arrears,,,,"April 29, 2026",True,True,True,True,False,False,text,found in operative 'It is ordered that' section; matched expected keyword for category
LTB-L-014247-26,L1,Order,2026-05-07,L2V,4718.05,arrears,1300.0,pattern_1,3.63,"April 29, 2026",True,True,False,False,,True,text,found in operative 'It is ordered that' section; matched expected keyword for category
LTB-L-014256-26,L1,Order,2026-04-29,L1J,,,,,,"April 23, 2026",True,True,True,True,False,False,text,no dollar amount found
LTB-L-014263-26,L1,ExParte Order,2026-03-27,L1J,2013.0,arrears,,,,,False,,,,,False,text,found in operative 'It is ordered that' section; matched expected keyword for category
LTB-L-014267-26,L1,Order,2026-05-07,L5V,,,,,,"April 23, 2026",True,False,True,,False,True,text,no dollar amount found
LTB-L-014299-26,L1,Order,2026-05-01,L4N,6984.64,arrears,2369.16,pattern_2,2.95,"April 23, 2026",True,True,False,False,,True,text,found in operative 'It is ordered that' section; matched expected keyword for category
LTB-L-014330-26,L1,Order,2026-05-01,L2H,16414.42,arrears,2200.0,pattern_1,7.46,,False,,,,,False,text,found in operative 'It is ordered that' section; matched expected keyword for category
LTB-L-014360-26,L1,Order,2026-05-08,K1Y,,,,,,"May 5, 2026",True,False,True,,False,True,text,no dollar amount found
LTB-L-014361-26,L1,Order,2026-04-27,P4R,2247.52,arrears,461.63,pattern_2,4.87,"April 16, 2026",True,True,True,True,False,False,text,found in operative 'It is ordered that' section; matched expected keyword for category
LTB-L-014369-26,L1,Order,2026-05-08,N4W,6899.3,arrears,1900.0,pattern_1,3.63,"April 27, 2026",True,True,True,True,False,False,text,found in operative 'It is ordered that' section; matched expected keyword for category
LTB-L-014373-26,L1,Order,2026-05-05,P1B,4839.13,arrears,1891.12,pattern_2,2.56,"April 27, 2026",True,True,False,False,,True,text,found in operative 'It is ordered that' section; matched expected keyword for category
LTB-L-014429-26,L1,Order,2026-05-01,M3H,250.0,ambiguous-max,,,,"April 27, 2026",True,True,True,True,False,False,text,"found in operative 'It is ordered that' section; multiple candidate amounts, took max — manual review advised"
LTB-L-014457-26,L1,Order,2026-05-21,L2R,3061.0,arrears,1525.0,pattern_1,2.01,"May 15, 2026",True,True,True,False,False,False,text,found in operative 'It is ordered that' section; matched expected keyword for category
LTB-L-014476-26,L1,ExParte Order,2026-04-15,M3C,,,,,,,False,,,,,False,text,no dollar amount found
LTB-L-014477-26,L1,ExParte Order,2026-04-13,L5A,,,,,,,False,,,,,False,ocr,no dollar amount found
LTB-L-014498-26,L1,Order,2026-04-30,L6Y,8166.0,arrears,1995.0,pattern_1,4.09,"April 28, 2026",True,True,False,True,,True,text,found in operative 'It is ordered that' section; matched expected keyword for category
LTB-L-014510-26,L1,ExParte Order,2026-04-24,M3C,,,,,,,False,,,,,False,text,no dollar amount found
LTB-L-014521-26,L1,Order,2026-05-04,N7A,,,,,,"April 27, 2026",False,,,,,True,text,no dollar amount found
LTB-L-014582-26,L1,Order,2026-05-04,N8T,,,,,,"April 30, 2026",True,True,False,True,,True,text,no dollar amount found
LTB-L-014602-26,L1,Order,2026-05-20,M2N,,,,,,"May 14, 2026",True,True,True,False,False,False,text,no dollar amount found
LTB-L-014613-26,L1,Order,2026-05-12,M4S,,,,,,"May 6, 2026",True,True,False,True,,True,text,no dollar amount found
LTB-L-014617-26,L1,Order,2026-04-30,L5A,5186.0,arrears,,,,"April 28, 2026",False,,,,,False,text,found in operative 'It is ordered that' section; matched expected keyword for category
LTB-L-014622-26,L1,Order,2026-05-20,L4W,2756.35,ambiguous-max,,,,"May 7, 2026",True,True,True,True,False,False,text,"found in operative 'It is ordered that' section; multiple candidate amounts, took max — manual review advised"
LTB-L-014648-26,L1,Order,2026-05-07,K1J,,,,,,"April 27, 2026",True,True,True,False,False,False,text,no dollar amount found
LTB-L-014682-25,L1,Order,2026-02-03,L6L,,,,,,"May 20, 2025",True,True,True,True,False,True,text,"found in operative 'It is ordered that' section; only opposite-direction amount(s) found (money flowing the other way, likely a combined hearing) — no correctly-directed amount found; largest opposite-direction figure was \$30,975.00, excluded"
LTB-L-014689-26,L1,Order,2026-05-01,M6P,186.0,arrears,,,,"April 27, 2026",False,,,,,False,text,found in operative 'It is ordered that' section; matched expected keyword for category
LTB-L-014712-26,L1,Order,2026-05-04,M1T,,,,,,"April 28, 2026",True,True,False,False,,True,text,no dollar amount found
LTB-L-014714-26,L1,Order,2026-04-14,N0G,422.5,stated_total,,,,,False,,,,,False,text,"no operative section found, or it had no dollar mentions at all; fell back to full-document search; explicit stated-total phrasing (""...is \$X"")"
LTB-L-014734-26,L1,Order,2026-05-05,L5A,3407.48,arrears,2650.0,pattern_2,1.29,"April 28, 2026",True,True,False,True,,True,text,found in operative 'It is ordered that' section; matched expected keyword for category
LTB-L-014760-26,L1,Order,2026-05-08,L1H,1800.0,stated_total,1800.0,pattern_2,1.0,"April 28, 2026",True,True,True,False,False,False,text,"no operative section found, or it had no dollar mentions at all; fell back to full-document search; explicit stated-total phrasing (""...is \$X"")"
LTB-L-014800-26,L1,Order,2026-05-08,L3V,,,,,,"May 4, 2026",True,True,False,True,,True,text,no dollar amount found
LTB-L-014808-26,L1,Order,2026-05-07,K9H,750.0,ambiguous-max,1946.12,pattern_2,0.39,"April 27, 2026",False,,,,,False,text,"found in operative 'It is ordered that' section; multiple candidate amounts, took max — manual review advised"
LTB-L-014816-26,L1,Order,2026-05-13,P3C,9057.16,arrears,1279.5,pattern_2,7.08,"May 5, 2026",True,True,True,True,False,False,text,found in operative 'It is ordered that' section; matched expected keyword for category
LTB-L-014842-26,L1,Order,2026-05-11,L9E,19946.19,ambiguous-max,3200.0,pattern_1,6.23,"April 29, 2026",False,,,,,False,text,"found in operative 'It is ordered that' section; multiple candidate amounts, took max — manual review advised"
LTB-L-014855-26,L1,Order,2026-05-13,K1G,1574.46,arrears,,,,"May 6, 2026",False,,,,,False,text,found in operative 'It is ordered that' section; matched expected keyword for category
LTB-L-014881-26,L1,Order,2026-05-11,L4W,1740.09,arrears,1790.03,pattern_1,0.97,"May 7, 2026",True,True,False,True,,True,text,found in operative 'It is ordered that' section; matched expected keyword for category
LTB-L-014899-26,L1,Order,2026-05-15,L4W,,,,,,"May 7, 2026",True,True,False,True,,True,text,no dollar amount found
LTB-L-014906-26,L1,Order,2026-05-13,M6M,2454.26,arrears,2337.63,pattern_1,1.05,"May 5, 2026",True,True,False,True,,True,text,found in operative 'It is ordered that' section; matched expected keyword for category
LTB-L-014916-26,L1,Order,2026-05-06,N5W,2700.0,arrears,,,,"April 27, 2026",True,True,True,False,False,False,text,found in operative 'It is ordered that' section; matched expected keyword for category
LTB-L-014920-26,L1,Order,2026-05-15,L4W,5992.86,arrears,,,,"May 7, 2026",True,True,True,True,False,False,text,found in operative 'It is ordered that' section; matched expected keyword for category
LTB-L-014922-26,L1,ExParte Order,2026-04-15,K2G,,,,,,,False,,,,,False,ocr,no dollar amount found
LTB-L-014943-26,L1,Order,2026-05-05,L4W,8933.11,arrears,2191.63,pattern_1,4.08,"April 29, 2026",True,True,True,True,False,False,text,found in operative 'It is ordered that' section; matched expected keyword for category
LTB-L-014946-26,L1,Order,2026-05-06,L2A,6105.63,arrears,983.0,pattern_1,6.21,"April 27, 2026",True,True,False,True,,True,text,found in operative 'It is ordered that' section; matched expected keyword for category
LTB-L-014953-26,L1,Order,2026-05-05,L3R,12778.33,arrears,2549.0,pattern_1,5.01,"April 29, 2026",True,True,False,True,,True,text,found in operative 'It is ordered that' section; matched expected keyword for category
LTB-L-014971-26,L1,ExParte Order,2026-05-04,K1G,,,,,,,False,,,,,False,text,no dollar amount found
LTB-L-014990-26,L1,Order,2026-05-08,L1G,7692.51,arrears,1075.0,pattern_1,7.16,"April 30, 2026",True,True,False,True,,True,text,found in operative 'It is ordered that' section; matched expected keyword for category
LTB-L-015013-26,L1,ExParte Order,2026-04-24,M4S,,,,,,,False,,,,,False,text,no dollar amount found
LTB-L-015041-26,L1,Order,2026-05-19,P7C,1450.11,arrears,1230.0,pattern_2,1.18,"April 28, 2026",True,True,True,False,False,False,text,found in operative 'It is ordered that' section; matched expected keyword for category
LTB-L-015045-26,L1,ExParte Order,2026-04-29,N7S,,,,,,,False,,,,,False,ocr,no dollar amount found
LTB-L-015046-26,L1,ExParte Order,2026-04-29,K9J,,,,,,,False,,,,,False,text,no dollar amount found
LTB-L-015053-26,L1,Order,2026-05-12,L2S,1536.25,arrears,1536.25,pattern_2,1.0,"May 7, 2026",True,True,False,True,,True,text,found in operative 'It is ordered that' section; matched expected keyword for category
LTB-L-015060-26,L1,Order,2026-05-08,L7J,8436.0,arrears,,,,"April 29, 2026",False,,,,,False,text,found in operative 'It is ordered that' section; matched expected keyword for category
LTB-L-015064-26,L1,Order,2026-05-05,L5M,260.0,arrears,,,,"April 28, 2026",True,True,True,True,False,False,text,found in operative 'It is ordered that' section; matched expected keyword for category
LTB-L-015074-26,L1,Order,2026-05-05,K6J,,,,,,"April 28, 2026",True,True,True,True,False,False,text,no dollar amount found
LTB-L-015075-26,L1,ExParte Order,2026-05-04,N6K,,,,,,,False,,,,,False,ocr,no dollar amount found
LTB-L-015080-26,L1,Order,2026-05-08,N9V,10792.17,arrears,1930.84,pattern_1,5.59,"May 4, 2026",True,True,True,True,False,False,text,found in operative 'It is ordered that' section; matched expected keyword for category
LTB-L-015086-26,L1,Order,2026-05-13,N6J,10993.53,arrears,2045.0,pattern_1,5.38,"May 5, 2026",True,True,False,True,,True,text,found in operative 'It is ordered that' section; matched expected keyword for category
LTB-L-015088-26,L1,Order,2026-04-30,M9N,2458.33,arrears,1511.7,pattern_1,1.63,"April 27, 2026",False,,,,,False,text,found in operative 'It is ordered that' section; matched expected keyword for category
LTB-L-015108-26,L1,Order,2026-04-23,K2T,8334.57,arrears,2348.3,pattern_1,3.55,"April 20, 2026",True,True,True,True,False,False,text,found in operative 'It is ordered that' section; matched expected keyword for category
LTB-L-015126-26,L1,Order,2026-05-06,L1H,16541.04,arrears,2750.0,pattern_1,6.01,"April 30, 2026",True,True,False,False,,True,text,found in operative 'It is ordered that' section; matched expected keyword for category
LTB-L-015135-26,L1,Order,2026-05-13,L5H,25631.12,arrears,5000.0,pattern_1,5.13,"May 6, 2026",True,True,False,True,,True,text,found in operative 'It is ordered that' section; matched expected keyword for category
LTB-L-015138-26,L1,Order,2026-05-14,N5Z,,,,,,"April 28, 2026",True,True,True,True,False,False,text,no dollar amount found
LTB-L-015248-26,L1,Order,2026-05-07,L1H,1606.68,arrears,1545.0,pattern_2,1.04,"April 28, 2026",True,True,False,False,,True,text,found in operative 'It is ordered that' section; matched expected keyword for category
LTB-L-015271-26,L1,Order,2026-05-11,M3L,662.07,arrears,,,,"May 6, 2026",False,,,,,False,text,found in operative 'It is ordered that' section; matched expected keyword for category
LTB-L-015289-26,L1,Order,2026-05-08,M6N,3375.9,arrears,1210.8,pattern_1,2.79,"May 5, 2026",True,True,False,True,,True,text,found in operative 'It is ordered that' section; matched expected keyword for category
LTB-L-015297-26,L1,Order,2026-05-07,K7K,4761.0,arrears,,,,"April 28, 2026",False,,,,,False,text,found in operative 'It is ordered that' section; matched expected keyword for category
LTB-L-015299-26,L1,Order,2026-05-15,M1L,,,,,,"May 12, 2026",True,True,True,True,False,False,text,no dollar amount found
LTB-L-015302-26,L1,Order,2026-05-11,M6M,,,,,,"May 5, 2026",True,True,False,True,,True,text,no dollar amount found
LTB-L-015314-26,L1,Order,2026-05-12,M9M,6443.39,arrears,1588.85,pattern_2,4.06,"May 7, 2026",False,,,,,False,text,found in operative 'It is ordered that' section; matched expected keyword for category
LTB-L-015332-26,L1,ExParte Order,2026-04-22,L4T,,,,,,,False,,,,,False,ocr,no dollar amount found
LTB-L-015336-26,L1,Order,2026-04-29,M5P,5004.9,arrears,963.78,pattern_1,5.19,"April 20, 2026",True,True,False,False,,True,text,found in operative 'It is ordered that' section; matched expected keyword for category
LTB-L-015364-26,L1,Order,2026-05-05,L2M,2329.93,arrears,,,,"April 29, 2026",False,,,,,False,text,found in operative 'It is ordered that' section; matched expected keyword for category
LTB-L-015394-26,L1,Order,2026-05-08,K2G,,,,,,,False,,,,,False,text,no dollar amount found
LTB-L-015402-26,L1,Order,2026-05-04,N6E,2901.1,arrears,1357.55,pattern_1,2.14,"April 28, 2026",True,True,False,False,,True,text,found in operative 'It is ordered that' section; matched expected keyword for category
LTB-L-015434-26,L1,Order,2026-04-29,M1B,17643.04,arrears,,,,"April 28, 2026",True,False,True,,False,False,text,found in operative 'It is ordered that' section; matched expected keyword for category
LTB-L-015451-26,L1,Order,2026-05-11,L9A,2986.0,arrears,1400.0,pattern_1,2.13,"April 29, 2026",False,,,,,False,text,found in operative 'It is ordered that' section; matched expected keyword for category
LTB-L-015492-26,L1,Order,2026-05-12,K1V,9716.0,arrears,,,,"May 11, 2026",False,,,,,False,text,found in operative 'It is ordered that' section; matched expected keyword for category
LTB-L-015579-26,L1,ExParte Order,2026-04-09,N5Y,,,,,,,False,,,,,False,text,no dollar amount found
LTB-L-015602-26,L1,Order,2026-05-20,M1L,500.0,ambiguous-max,1146.81,pattern_2,0.44,"May 13, 2026",False,,,,,False,text,"found in operative 'It is ordered that' section; multiple candidate amounts, took max — manual review advised"
LTB-L-015607-26,L1,Order,2026-05-07,N2L,4979.84,arrears,,,,"April 29, 2026",False,,,,,False,text,found in operative 'It is ordered that' section; matched expected keyword for category
LTB-L-015641-26,L1,Order,2026-04-27,M1N,3471.39,arrears,1716.72,pattern_1,2.02,,False,,,,,False,text,found in operative 'It is ordered that' section; matched expected keyword for category
LTB-L-015645-26,L1,Order,2026-05-06,K7A,246.0,arrears,,,,"April 30, 2026",True,True,False,True,,True,text,found in operative 'It is ordered that' section; matched expected keyword for category
LTB-L-015656-26,L1,Order,2026-05-13,M2J,,,,,,"April 28, 2026",True,True,True,True,False,False,text,no dollar amount found
LTB-L-015691-26,L1,Order,2026-05-18,L0C,13686.0,arrears,1800.0,pattern_1,7.6,"April 28, 2026",True,False,False,,,True,text,found in operative 'It is ordered that' section; matched expected keyword for category
LTB-L-015692-26,L1,ExParte Order,2026-03-24,K1R,,,,,,,False,,,,,False,ocr,no dollar amount found
LTB-L-015695-26,L1,Order,2026-05-13,K8N,1199.67,arrears,1199.67,pattern_1,1.0,"May 7, 2026",True,True,False,True,,True,text,found in operative 'It is ordered that' section; matched expected keyword for category
LTB-L-015703-26,L1,Order,2026-05-12,L5G,4767.17,arrears,2158.29,pattern_1,2.21,"May 4, 2026",True,True,False,True,,True,text,found in operative 'It is ordered that' section; matched expected keyword for category
LTB-L-015726-26,L1,Order,2026-05-13,M4B,109.31,arrears,1815.0,pattern_2,0.06,"May 6, 2026",True,True,False,True,,True,text,found in operative 'It is ordered that' section; matched expected keyword for category
LTB-L-015745-26,L1,Order,2026-05-06,P3A,2184.0,arrears,,,,"April 30, 2026",False,,,,,False,text,found in operative 'It is ordered that' section; matched expected keyword for category
LTB-L-015747-26,L1,Order,2026-05-14,N7M,11536.0,arrears,2300.0,pattern_1,5.02,"May 5, 2026",True,True,True,True,False,True,text,found in operative 'It is ordered that' section; matched expected keyword for category
LTB-L-015784-26,L1,Order,2026-05-12,K8N,1533.0,arrears,321.0,pattern_1,4.78,"May 5, 2026",True,True,False,True,,True,text,found in operative 'It is ordered that' section; matched expected keyword for category
LTB-L-015788-26,L1,Order,2026-05-14,M3M,8508.9,arrears,1664.58,pattern_1,5.11,"May 12, 2026",True,True,True,True,False,False,text,found in operative 'It is ordered that' section; matched expected keyword for category
LTB-L-015798-26,L1,Order,2026-05-14,M3N,,,,,,"May 6, 2026",True,True,False,True,,True,text,no dollar amount found
LTB-L-015800-26,L1,Order,2026-05-08,K9V,,,,,,"May 6, 2026",False,,,,,False,text,no dollar amount found
LTB-L-015805-26,L1,Order,2026-05-19,M5R,,,,,,"May 13, 2026",True,True,False,True,,True,text,no dollar amount found
LTB-L-015832-26,L1,Order,2026-05-11,N5W,4098.39,arrears,807.61,pattern_1,5.07,"May 4, 2026",True,True,False,True,,True,text,found in operative 'It is ordered that' section; matched expected keyword for category
LTB-L-015863-26,L1,ExParte Order,2026-05-01,M9M,,,,,,,False,,,,,False,text,no dollar amount found
LTB-L-015869-26,L1,ExParte Order,2026-05-01,M9M,,,,,,,False,,,,,False,text,no dollar amount found
LTB-L-015870-26,L1,Order,2026-05-15,L4P,14186.0,arrears,3500.0,pattern_1,4.05,"April 30, 2026",True,True,False,True,,True,text,found in operative 'It is ordered that' section; matched expected keyword for category
LTB-L-015875-26,L1,Order,2026-05-06,K2P,6634.0,arrears,,,,"May 5, 2026",False,,,,,False,text,found in operative 'It is ordered that' section; matched expected keyword for category
LTB-L-015938-26,L1,Order,2026-05-07,N6G,5586.0,ambiguous-max,2700.0,pattern_2,2.07,"May 4, 2026",False,,,,,False,text,"found in operative 'It is ordered that' section; multiple candidate amounts, took max — manual review advised"
LTB-L-015945-26,L1,Order,2026-05-25,K0B,,,,,,,False,,,,,False,text,no dollar amount found
LTB-L-015950-26,L1,Order,2026-05-15,M9A,3179.53,arrears,1501.95,pattern_1,2.12,"April 30, 2026",True,True,False,False,,True,text,found in operative 'It is ordered that' section; matched expected keyword for category
LTB-L-015961-26,L1,Order,2026-05-11,N8X,9961.52,arrears,1083.02,pattern_1,9.2,"May 4, 2026",True,True,False,False,,True,text,found in operative 'It is ordered that' section; matched expected keyword for category
LTB-L-015983-26,L1,Order,2026-05-19,N6L,16674.82,arrears,2600.0,pattern_1,6.41,"May 11, 2026",True,True,False,False,,True,text,found in operative 'It is ordered that' section; matched expected keyword for category
LTB-L-015999-26,L1,Order,2026-05-08,M1H,,,,,,"May 4, 2026",True,True,False,True,,True,text,no dollar amount found
LTB-L-016021-26,L1,Order,2026-05-19,L4R,11667.47,arrears,2500.0,pattern_1,4.67,"May 4, 2026",True,True,True,True,False,True,text,found in operative 'It is ordered that' section; matched expected keyword for category
LTB-L-016054-26,L1,Order,2026-05-12,L9Z,11809.95,arrears,1975.1,pattern_1,5.98,"April 30, 2026",True,True,True,False,False,False,text,found in operative 'It is ordered that' section; matched expected keyword for category
LTB-L-016064-26,L1,Order,2026-05-26,L3C,5000.0,arrears,,,,"May 14, 2026",False,,,,,False,text,found in operative 'It is ordered that' section; matched expected keyword for category
LTB-L-016070-26,L1,Order,2026-05-08,N0H,,,,,,"April 30, 2026",False,,,,,True,text,no dollar amount found
LTB-L-016075-25,L1,Order,2026-04-08,K2C,330.96,other,,,,"April 2, 2026",True,True,True,True,False,False,text,"no operative section found, or it had no dollar mentions at all; fell back to full-document search; single candidate amount, no strong keyword match"
LTB-L-016089-26,L1,Order,2026-04-10,N9G,,,,,,"March 30, 2026",True,False,True,,False,True,text,no dollar amount found
LTB-L-016091-26,L1,Order,2026-05-11,K2J,2351.92,arrears,2550.0,pattern_2,0.92,"May 4, 2026",True,True,False,False,,True,text,found in operative 'It is ordered that' section; matched expected keyword for category
LTB-L-016121-26,L1,Order,2026-05-11,K9K,4424.78,arrears,3500.0,pattern_2,1.26,"May 4, 2026",True,True,False,False,,True,text,found in operative 'It is ordered that' section; matched expected keyword for category
LTB-L-016167-26,L1,Order,2026-05-28,K1N,,,,,,"May 12, 2026",False,,,,,True,text,no dollar amount found
LTB-L-016187-26,L1,Order,2026-05-14,L1N,,,,,,"April 30, 2026",True,True,True,True,False,False,text,no dollar amount found
LTB-L-016247-26,L1,Order,2026-05-14,M6J,10484.61,arrears,1471.23,pattern_1,7.13,,False,,,,,False,text,found in operative 'It is ordered that' section; matched expected keyword for category
LTB-L-016264-26,L1,Order,2026-05-12,L2H,,,,,,"May 4, 2026",True,True,False,True,,False,text,no dollar amount found
LTB-L-016269-26,L1,Order,2026-05-15,M9V,5172.38,arrears,3194.07,pattern_1,1.62,,False,,,,,False,text,found in operative 'It is ordered that' section; matched expected keyword for category
LTB-L-016287-26,L1,Order,2026-05-21,K9V,3351.95,arrears,1002.55,pattern_1,3.34,"May 13, 2026",True,True,False,False,,True,text,found in operative 'It is ordered that' section; matched expected keyword for category
LTB-L-016309-26,L1,Order,2026-05-08,N2L,4681.58,arrears,2200.0,pattern_1,2.13,"May 5, 2026",False,,,,,False,text,found in operative 'It is ordered that' section; matched expected keyword for category
LTB-L-016318-26,L1,Order,2026-05-07,L8P,10136.0,arrears,2390.0,pattern_1,4.24,"April 30, 2026",True,False,False,,,True,text,found in operative 'It is ordered that' section; matched expected keyword for category
LTB-L-016324-26,L1,ExParte Order,2026-03-09,M3N,3877.24,arrears,,,,,False,,,,,False,text,found in operative 'It is ordered that' section; matched expected keyword for category
LTB-L-016325-26,L1,Order,2026-05-20,K1H,8384.87,arrears,1224.0,pattern_2,6.85,,True,True,True,True,False,False,text,found in operative 'It is ordered that' section; matched expected keyword for category
LTB-L-016332-26,L1,Order,2026-05-11,N0H,,,,,,"April 30, 2026",True,True,True,True,False,False,text,no dollar amount found
LTB-L-016334-26,L1,Order,2026-05-12,P3L,2995.12,arrears,702.28,pattern_1,4.26,"April 30, 2026",True,True,False,True,,True,text,found in operative 'It is ordered that' section; matched expected keyword for category
LTB-L-016337-26,L1,Order,2026-05-28,L8L,9686.0,arrears,1900.0,pattern_1,5.1,"May 12, 2026",True,True,True,True,False,False,text,found in operative 'It is ordered that' section; matched expected keyword for category
LTB-L-016343-26,L1,Order,2026-05-19,N0N,418.0,ambiguous-max,,,,"May 14, 2026",True,True,True,True,False,False,text,"found in operative 'It is ordered that' section; multiple candidate amounts, took max — manual review advised"
LTB-L-016355-26,L1,Order,2026-05-06,L6H,3773.0,arrears,1204.0,pattern_1,3.13,"April 30, 2026",True,True,False,True,,True,text,found in operative 'It is ordered that' section; matched expected keyword for category
LTB-L-016383-26,L1,Order,2026-05-05,M9V,6165.0,arrears,,,,"April 30, 2026",False,,,,,False,text,found in operative 'It is ordered that' section; matched expected keyword for category
LTB-L-016420-26,L1,ExParte Order,2026-05-06,M9M,,,,,,,False,,,,,False,text,no dollar amount found
LTB-L-016464-26,L1,Order,2026-05-12,L4M,4069.0,arrears,2200.0,pattern_1,1.85,"May 4, 2026",True,True,False,True,,True,text,found in operative 'It is ordered that' section; matched expected keyword for category
LTB-L-016474-26,L1,Order,2026-05-19,M4X,22174.6,arrears,1743.0,pattern_1,12.72,"May 12, 2026",True,True,False,True,,True,text,found in operative 'It is ordered that' section; matched expected keyword for category
LTB-L-016484-26,L1,Order,2026-05-12,L6K,10458.04,arrears,1267.93,pattern_1,8.25,"May 5, 2026",True,True,False,True,,True,text,found in operative 'It is ordered that' section; matched expected keyword for category
LTB-L-016496-26,L1,Order,2026-05-27,M9M,8526.0,arrears,2085.0,pattern_1,4.09,"May 11, 2026",True,True,False,True,,True,text,found in operative 'It is ordered that' section; matched expected keyword for category
LTB-L-016521-26,L1,Order,2026-05-25,L7N,15186.61,arrears,1877.67,pattern_1,8.09,"May 5, 2026",True,True,False,True,,True,text,found in operative 'It is ordered that' section; matched expected keyword for category
LTB-L-016528-26,L1,Order,2026-05-14,L3B,786.0,arrears,1350.0,pattern_2,0.58,,True,True,True,True,True,False,text,found in operative 'It is ordered that' section; matched expected keyword for category
LTB-L-016529-26,L1,Order,2026-05-22,K1G,,,,,,"May 19, 2026",False,,,,,True,text,no dollar amount found
LTB-L-016559-26,L1,Order,2026-05-14,L2R,4161.9,arrears,824.1,pattern_1,5.05,"May 6, 2026",True,True,True,True,False,False,text,found in operative 'It is ordered that' section; matched expected keyword for category
LTB-L-016571-26,L1,Order,2026-05-11,K0A,8681.23,arrears,2850.0,pattern_1,3.05,"May 4, 2026",True,True,False,True,,True,text,found in operative 'It is ordered that' section; matched expected keyword for category
LTB-L-016600-26,L1,ExParte Order,2026-04-14,K2B,,,,,,,False,,,,,False,ocr,no dollar amount found
LTB-L-016605-26,L1,Order,2026-05-13,M3L,1305.2,arrears,1814.17,pattern_1,0.72,"May 12, 2026",True,True,False,True,,True,text,found in operative 'It is ordered that' section; matched expected keyword for category
LTB-L-016611-26,L1,Order,2026-05-11,N5V,9842.32,arrears,,,,"May 7, 2026",False,,,,,False,text,found in operative 'It is ordered that' section; matched expected keyword for category
LTB-L-016613-26,L1,Order,2026-05-26,L6Y,,,,,,"May 12, 2026",True,True,True,True,False,False,text,no dollar amount found
LTB-L-016628-26,L1,Order,2026-05-14,L5N,17349.4,arrears,1700.0,pattern_1,10.21,"May 6, 2026",True,True,False,True,,True,text,found in operative 'It is ordered that' section; matched expected keyword for category
LTB-L-016656-26,L1,Order,2026-05-20,K1G,,,,,,"May 13, 2026",True,True,False,True,,True,text,no dollar amount found
LTB-L-016664-26,L1,Order,2026-05-12,K8N,9491.0,arrears,1850.0,pattern_1,5.13,"April 30, 2026",True,True,False,True,,True,text,found in operative 'It is ordered that' section; matched expected keyword for category
LTB-L-016674-26,L1,Order,2026-05-12,N6E,10445.84,arrears,1735.52,pattern_2,6.02,"May 6, 2026",True,True,False,True,,True,text,found in operative 'It is ordered that' section; matched expected keyword for category
LTB-L-016689-26,L1,Order,2026-05-08,L3C,6211.0,arrears,,,,"May 4, 2026",True,False,True,,False,False,text,found in operative 'It is ordered that' section; matched expected keyword for category
LTB-L-016700-26,L1,Order,2026-05-15,N8T,9778.0,arrears,1232.0,pattern_1,7.94,"May 5, 2026",True,True,False,True,,True,text,found in operative 'It is ordered that' section; matched expected keyword for category
LTB-L-016705-26,L1,Order,2026-05-13,N6C,,,,,,"May 6, 2026",True,True,False,True,,True,text,no dollar amount found
LTB-L-016710-26,L1,Order,2026-05-22,L5V,16419.07,arrears,3575.0,pattern_1,4.59,"May 19, 2026",True,True,False,True,,True,text,found in operative 'It is ordered that' section; matched expected keyword for category
LTB-L-016727-26,L1,Order,2026-05-21,L6K,592.07,arrears,,,,"May 13, 2026",False,,,,,False,text,found in operative 'It is ordered that' section; matched expected keyword for category
LTB-L-016736-26,L1,Order,2026-05-20,L0G,10893.5,arrears,2830.0,pattern_1,3.85,"May 11, 2026",True,True,False,False,,True,text,found in operative 'It is ordered that' section; matched expected keyword for category
LTB-L-016738-26,L1,Order,2026-05-14,L9K,14257.07,arrears,4500.0,pattern_1,3.17,"May 5, 2026",True,True,False,True,,True,text,found in operative 'It is ordered that' section; matched expected keyword for category
LTB-L-016750-26,L1,Order,2026-05-15,N8T,,,,,,"May 6, 2026",True,False,True,,False,False,text,no dollar amount found
LTB-L-016751-26,L1,Order,2026-05-19,L5E,4720.62,arrears,,,,"May 13, 2026",True,True,True,True,False,False,text,found in operative 'It is ordered that' section; matched expected keyword for category
LTB-L-016797-26,L1,Order,2026-05-07,K8A,,,,,,"May 4, 2026",False,,,,,True,text,no dollar amount found
LTB-L-016798-26,L1,Order,2026-05-21,L9A,1000.0,ambiguous-max,,,,"May 14, 2026",True,True,True,True,False,False,text,"found in operative 'It is ordered that' section; multiple candidate amounts, took max — manual review advised"
LTB-L-016837-26,L1,Order,2026-05-07,N7S,6862.96,arrears,3350.0,pattern_1,2.05,"May 4, 2026",True,True,False,True,,True,text,found in operative 'It is ordered that' section; matched expected keyword for category
LTB-L-016842-26,L1,Order,2026-05-11,K2E,,,,,,"May 5, 2026",False,,,,,True,text,no dollar amount found
LTB-L-016851-26,L1,Order,2026-05-11,L4X,3339.21,arrears,1634.71,pattern_1,2.04,"May 4, 2026",True,True,False,True,,True,text,found in operative 'It is ordered that' section; matched expected keyword for category
LTB-L-016855-26,L1,Order,2026-05-13,L4K,2891.39,arrears,2750.0,pattern_1,1.05,"May 6, 2026",True,False,False,,,True,text,found in operative 'It is ordered that' section; matched expected keyword for category
LTB-L-016862-26,L1,Order,2026-05-11,P6A,2568.0,arrears,1050.0,pattern_1,2.45,"May 4, 2026",True,True,False,True,,True,text,found in operative 'It is ordered that' section; matched expected keyword for category
LTB-L-016868-26,L1,Order,2026-05-21,M5R,,,,,,"May 14, 2026",True,True,False,True,,True,text,no dollar amount found
LTB-L-016872-26,L1,Order,2026-05-11,K4A,6624.96,arrears,2023.0,pattern_1,3.27,"May 4, 2026",True,True,False,True,,True,text,found in operative 'It is ordered that' section; matched expected keyword for category
LTB-L-016882-26,L1,Order,2026-05-25,N1R,1444.0,arrears,,,,,False,,,,,False,text,found in operative 'It is ordered that' section; matched expected keyword for category
LTB-L-016912-26,L1,Order,2026-05-25,K7N,1000.0,ambiguous-max,,,,"May 19, 2026",False,,,,,False,text,"found in operative 'It is ordered that' section; multiple candidate amounts, took max — manual review advised"
LTB-L-016924-26,L1,Order,2026-04-28,K2B,3314.4,arrears,1502.32,pattern_1,2.21,"April 20, 2026",True,True,False,True,,True,text,found in operative 'It is ordered that' section; matched expected keyword for category
LTB-L-016928-26,L1,Order,2026-05-14,L6Y,5737.28,arrears,1400.0,pattern_1,4.1,"May 4, 2026",True,True,False,True,,True,text,found in operative 'It is ordered that' section; matched expected keyword for category
LTB-L-016929-26,L1,Order,2026-05-08,K6J,2437.68,arrears,545.0,pattern_1,4.47,"May 4, 2026",True,True,False,True,,True,text,found in operative 'It is ordered that' section; matched expected keyword for category
LTB-L-017023-26,L1,Order,2026-05-25,K1G,8630.0,arrears,1208.0,pattern_1,7.14,"May 11, 2026",True,True,False,True,,True,text,found in operative 'It is ordered that' section; matched expected keyword for category
LTB-L-017028-26,L1,Order,2026-05-14,K1V,,,,,,"May 11, 2026",True,True,False,True,,True,text,no dollar amount found
LTB-L-017107-26,L1,Order,2026-05-07,N3T,1140.13,arrears,,,,"May 4, 2026",True,True,True,True,False,False,text,found in operative 'It is ordered that' section; matched expected keyword for category
LTB-L-017130-26,L1,Order,2026-05-08,L2H,3364.04,arrears,2690.0,pattern_1,1.25,"May 4, 2026",True,True,False,True,,True,text,found in operative 'It is ordered that' section; matched expected keyword for category
LTB-L-017138-26,L1,Order,2026-05-14,M1S,3097.38,arrears,1639.77,pattern_1,1.89,"May 5, 2026",True,True,False,True,,True,text,found in operative 'It is ordered that' section; matched expected keyword for category
LTB-L-017138-26,L1,ExParte Order,2026-05-25,M1S,3097.38,arrears,1639.77,pattern_1,1.89,"May 5, 2026",True,True,False,True,,True,text,found in operative 'It is ordered that' section; matched expected keyword for category
LTB-L-017147-26,L1,Order,2026-05-14,M1S,,,,,,"May 5, 2026",True,True,False,True,,True,text,no dollar amount found
LTB-L-017158-26,L1,Order,2026-05-14,P3E,6106.84,arrears,1300.0,pattern_1,4.7,"May 6, 2026",True,True,False,True,,True,text,found in operative 'It is ordered that' section; matched expected keyword for category
LTB-L-017160-26,L1,Order,2026-05-07,M2N,,,1408.83,pattern_1,,,False,,,,,False,text,operative section found but contained only fee/rate/boilerplate amounts — likely no lump sum ordered
LTB-L-017167-26,L1,Order,2026-05-21,N3R,6626.18,arrears,1838.59,pattern_1,3.6,"May 5, 2026",True,True,False,True,,True,text,found in operative 'It is ordered that' section; matched expected keyword for category
LTB-L-017169-26,L1,Order,2026-05-13,M1W,7303.28,arrears,3100.0,pattern_2,2.36,"May 5, 2026",True,True,False,True,,True,text,found in operative 'It is ordered that' section; matched expected keyword for category
LTB-L-017182-26,L1,Order,2026-05-11,M6L,2656.29,arrears,,,,"May 5, 2026",True,True,True,True,False,False,text,found in operative 'It is ordered that' section; matched expected keyword for category
LTB-L-017188-26,L1,Order,2026-05-21,M1P,2932.87,arrears,1553.11,pattern_1,1.89,"May 13, 2026",True,True,False,True,,True,text,found in operative 'It is ordered that' section; matched expected keyword for category
LTB-L-017191-26,L1,Order,2026-05-19,N6A,218.51,arrears,1041.78,pattern_2,0.21,"May 7, 2026",True,True,False,False,,True,text,found in operative 'It is ordered that' section; matched expected keyword for category
LTB-L-017203-26,L1,Order,2026-05-12,L1H,4638.99,arrears,,,,"May 5, 2026",False,,,,,False,text,found in operative 'It is ordered that' section; matched expected keyword for category
LTB-L-017210-26,L1,Order,2026-05-15,M1W,1691.43,arrears,1505.39,pattern_1,1.12,"May 11, 2026",True,True,False,True,,True,text,found in operative 'It is ordered that' section; matched expected keyword for category
LTB-L-017226-26,L1,Order,2026-05-13,K1K,,,,,,,False,,,,,False,text,no dollar amount found
LTB-L-017234-26,L1,Order,2026-04-21,K1G,,,,,,,False,,,,,False,text,no dollar amount found
LTB-L-017242-26,L1,Order,2026-05-25,M1T,2865.94,arrears,1432.97,pattern_2,2.0,"May 11, 2026",False,,,,,False,text,found in operative 'It is ordered that' section; matched expected keyword for category
LTB-L-017286-26,L1,Order,2026-05-13,L3B,,,,,,"May 5, 2026",True,True,False,True,,True,text,no dollar amount found
LTB-L-017296-26,L1,Order,2026-05-27,K4K,14436.0,arrears,2850.0,pattern_1,5.07,"May 5, 2026",True,True,False,True,,True,text,found in operative 'It is ordered that' section; matched expected keyword for category
LTB-L-017297-26,L1,ExParte Order,2026-04-09,N6B,,,,,,,False,,,,,False,text,no dollar amount found
LTB-L-017298-25,L1,Order,2026-02-19,L4P,,,,,,"February 3, 2026",False,,,,,True,text,no dollar amount found
LTB-L-017307-26,L1,Order,2026-05-13,M9N,300.0,other,1162.0,pattern_2,0.26,"May 5, 2026",False,,,,,False,text,"found in operative 'It is ordered that' section; single candidate amount, no strong keyword match"
LTB-L-017358-26,L1,Order,2026-05-14,L7L,8734.88,arrears,,,,"May 7, 2026",True,True,True,True,False,False,text,found in operative 'It is ordered that' section; matched expected keyword for category
LTB-L-017393-26,L1,Order,2026-05-20,M2R,8130.46,arrears,,,,"May 19, 2026",True,False,True,,False,False,text,found in operative 'It is ordered that' section; matched expected keyword for category
LTB-L-017411-26,L1,Order,2026-05-11,L0N,4496.8,arrears,2000.0,pattern_1,2.25,"May 5, 2026",True,True,False,True,,True,text,found in operative 'It is ordered that' section; matched expected keyword for category
LTB-L-017420-26,L1,Order,2026-05-15,L7P,6321.0,arrears,,,,"May 13, 2026",False,,,,,False,text,found in operative 'It is ordered that' section; matched expected keyword for category
LTB-L-017469-26,L1,Order,2026-05-29,N2Z,200.0,ambiguous-max,2350.0,pattern_2,0.09,,False,,,,,True,text,"found in operative 'It is ordered that' section; multiple candidate amounts, took max — manual review advised"
LTB-L-017527-26,L1,Order,2026-05-14,L6P,4824.0,arrears,2200.0,pattern_2,2.19,"May 5, 2026",True,True,False,False,,True,text,found in operative 'It is ordered that' section; matched expected keyword for category
LTB-L-017537-26,L1,ExParte Order,2026-03-27,M3N,,,,,,,False,,,,,False,ocr,no dollar amount found
LTB-L-017539-26,L1,ExParte Order,2026-05-04,M3N,,,,,,,False,,,,,False,ocr,no dollar amount found
LTB-L-017541-26,L1,ExParte Order,2026-03-27,M3N,,,,,,,False,,,,,False,ocr,no dollar amount found
LTB-L-017544-26,L1,Order,2026-05-19,M3N,2843.47,arrears,2635.89,pattern_1,1.08,,False,,,,,True,text,found in operative 'It is ordered that' section; matched expected keyword for category
LTB-L-017551-26,L1,Order,2026-05-25,K2B,1590.0,arrears,234.0,pattern_1,6.79,"May 11, 2026",True,True,False,True,,True,text,found in operative 'It is ordered that' section; matched expected keyword for category
LTB-L-017559-26,L1,ExParte Order,2026-05-11,N2M,2971.1,arrears,,,,,False,,,,,False,text,found in operative 'It is ordered that' section; matched expected keyword for category
LTB-L-017607-26,L1,Order,2026-05-13,N5Z,,,,,,"May 5, 2026",False,,,,,True,text,no dollar amount found
LTB-L-017660-26,L1,Order,2026-05-15,M9R,431.0,arrears,,,,"May 13, 2026",True,True,True,True,False,False,text,found in operative 'It is ordered that' section; matched expected keyword for category
LTB-L-017665-26,L1,ExParte Order,2026-04-17,M4P,,,,,,,False,,,,,False,ocr,no dollar amount found
LTB-L-017685-26,L1,Order,2026-05-20,N3T,10404.0,arrears,,,,"May 14, 2026",False,,,,,False,text,found in operative 'It is ordered that' section; matched expected keyword for category
LTB-L-017693-26,L1,ExParte Order,2026-04-22,M4Y,,,,,,,False,,,,,False,text,no dollar amount found
LTB-L-017696-26,L1,Order,2026-05-20,M9C,2248.09,arrears,1506.09,pattern_1,1.49,"May 13, 2026",False,,,,,False,text,found in operative 'It is ordered that' section; matched expected keyword for category
LTB-L-017701-26,L1,Order,2026-05-11,L3T,11600.0,arrears,2900.0,pattern_1,4.0,"May 5, 2026",True,True,False,True,,True,text,found in operative 'It is ordered that' section; matched expected keyword for category
LTB-L-017712-26,L1,Order,2026-03-23,K1J,12169.04,arrears,2100.0,pattern_1,5.79,,False,,,,,False,text,found in operative 'It is ordered that' section; matched expected keyword for category
LTB-L-017751-26,L1,Order,2026-05-11,P3B,200.0,ambiguous-max,2375.0,pattern_2,0.08,"May 6, 2026",True,True,True,True,False,False,text,"found in operative 'It is ordered that' section; multiple candidate amounts, took max — manual review advised"
LTB-L-017763-26,L1,Order,2026-05-12,K8N,,,,,,,False,,,,,,,download failed: 403 Client Error: Forbidden for url: https://d3hf2qahezjxpx.cloudfront.net/attachments/exportedBinaries20260723_175229/069N300000zQ3QYIA0/LTB-L-017763-26_L1N4_ConsentOrder_StndOrderWTimeExtenMnthEnd+June302026TT_Certified.pdf
LTB-L-017773-26,L1,Order,2026-04-14,L4Y,799.77,arrears,,,,"April 7, 2026",False,,,,,False,text,found in operative 'It is ordered that' section; matched expected keyword for category
LTB-L-017774-26,L1,Order,2026-05-25,N7G,836.0,arrears,,,,"May 20, 2026",True,True,True,True,False,False,text,found in operative 'It is ordered that' section; matched expected keyword for category
LTB-L-017789-26,L1,Order,2026-05-15,M5B,3602.0,arrears,265.0,pattern_2,13.59,"May 6, 2026",True,True,False,True,,True,text,found in operative 'It is ordered that' section; matched expected keyword for category
LTB-L-017799-26,L1,Order,2026-05-22,N3S,21411.94,arrears,1650.0,pattern_1,12.98,"May 14, 2026",True,True,False,True,,True,text,found in operative 'It is ordered that' section; matched expected keyword for category
LTB-L-017813-26,L1,Order,2026-05-19,N5V,12551.54,arrears,3400.0,pattern_1,3.69,"May 12, 2026",True,False,False,,,True,text,found in operative 'It is ordered that' section; matched expected keyword for category
LTB-L-017821-26,L1,Order,2026-05-19,M5G,6608.0,arrears,,,,"May 5, 2026",False,,,,,False,text,found in operative 'It is ordered that' section; matched expected keyword for category
LTB-L-017824-26,L1,Order,2026-05-05,L4Y,2393.34,arrears,,,,"April 30, 2026",False,,,,,False,text,found in operative 'It is ordered that' section; matched expected keyword for category
LTB-L-017826-26,L1,Order,2026-05-20,L5B,,,,,,"May 12, 2026",True,True,True,True,False,False,text,no dollar amount found
LTB-L-017827-26,L1,Order,2026-05-07,N1G,1278.0,arrears,,,,"May 5, 2026",False,,,,,False,text,found in operative 'It is ordered that' section; matched expected keyword for category
LTB-L-017830-26,L1,Order,2026-05-29,M5B,5661.62,arrears,1375.52,pattern_2,4.12,"May 14, 2026",False,,,,,False,text,found in operative 'It is ordered that' section; matched expected keyword for category
LTB-L-017837-26,L1,Order,2026-05-28,N3R,491.0,arrears,1875.0,pattern_2,0.26,"May 19, 2026",True,True,False,True,,True,text,found in operative 'It is ordered that' section; matched expected keyword for category
LTB-L-017872-26,L1,Order,2026-05-11,N7L,10607.72,arrears,1127.5,pattern_1,9.41,"May 6, 2026",True,True,False,True,,True,text,found in operative 'It is ordered that' section; matched expected keyword for category
LTB-L-017875-26,L1,Order,2026-05-13,L9A,350.0,ambiguous-max,1037.1,pattern_2,0.34,,False,,,,,False,text,"found in operative 'It is ordered that' section; multiple candidate amounts, took max — manual review advised"
LTB-L-017925-26,L1,ExParte Order,2026-03-25,M4Y,,,,,,,False,,,,,False,text,no dollar amount found
LTB-L-017954-26,L1,Order,2026-05-19,P7E,5388.74,arrears,,,,"May 12, 2026",True,True,False,True,,False,text,found in operative 'It is ordered that' section; matched expected keyword for category
LTB-L-017963-26,L1,Order,2026-05-12,N6J,,,,,,"May 6, 2026",True,True,False,True,,True,text,no dollar amount found
LTB-L-017972-26,L1,Order,2026-05-15,K2J,6960.03,arrears,1895.0,pattern_2,3.67,"May 6, 2026",True,True,False,True,,True,text,found in operative 'It is ordered that' section; matched expected keyword for category
LTB-L-018024-26,L1,Order,2026-05-26,L4W,3796.36,arrears,,,,,False,,,,,False,text,found in operative 'It is ordered that' section; matched expected keyword for category
LTB-L-018053-26,L1,Order,2026-05-12,L6Y,14000.0,arrears,,,,"May 5, 2026",False,,,,,False,text,found in operative 'It is ordered that' section; matched expected keyword for category
LTB-L-018078-26,L1,ExParte Order,2026-04-09,N5Z,,,,,,,False,,,,,False,ocr,no dollar amount found
LTB-L-018110-26,L1,ExParte Order,2026-04-15,M9N,,,,,,,False,,,,,False,ocr,no dollar amount found
LTB-L-018128-26,L1,Order,2026-05-28,L1J,2955.3,arrears,,,,"May 25, 2026",True,False,True,,False,False,text,found in operative 'It is ordered that' section; matched expected keyword for category
LTB-L-018134-26,L1,ExParte Order,2026-04-28,K2B,,,,,,,False,,,,,False,text,no dollar amount found
LTB-L-018139-26,L1,Order,2026-05-29,N3T,,,,,,"May 20, 2026",True,True,False,True,,True,text,no dollar amount found
LTB-L-018152-26,L1,Order,2026-05-11,K1G,350.0,arrears,,,,"May 6, 2026",False,,,,,False,text,found in operative 'It is ordered that' section; matched expected keyword for category
LTB-L-018209-26,L1,Order,2026-05-22,L9Y,18290.03,arrears,1900.0,pattern_1,9.63,"May 13, 2026",True,True,False,True,,True,text,found in operative 'It is ordered that' section; matched expected keyword for category
LTB-L-018237-26,L1,Order,2026-05-12,M9R,1721.02,stated_total,1721.02,pattern_2,1.0,"May 11, 2026",True,True,False,True,,True,text,"no operative section found, or it had no dollar mentions at all; fell back to full-document search; explicit stated-total phrasing (""...is \$X"")"
LTB-L-018255-26,L1,Order,2026-05-13,K0L,289.0,arrears,,,,"May 06, 2026",False,,,,,False,text,found in operative 'It is ordered that' section; matched expected keyword for category
LTB-L-018262-26,L1,Order,2026-04-08,M6S,,,,,,"March 26, 2026",True,True,False,True,,False,text,no dollar amount found
LTB-L-018271-26,L1,ExParte Order,2026-05-07,M9V,,,,,,,False,,,,,False,text,no dollar amount found
LTB-L-018281-26,L1,ExParte Order,2026-05-05,M8V,,,,,,,False,,,,,False,ocr,no dollar amount found
LTB-L-018286-26,L1,Order,2026-05-27,N3H,2823.0,arrears,879.0,pattern_1,3.21,"May 14, 2026",False,,,,,False,text,found in operative 'It is ordered that' section; matched expected keyword for category
LTB-L-018322-26,L1,Order,2026-05-11,N2M,72.54,arrears,,,,"May 7, 2026",False,,,,,False,text,found in operative 'It is ordered that' section; matched expected keyword for category
LTB-L-018331-26,L1,Order,2026-05-19,N5W,2128.87,other,791.0,pattern_1,2.69,"May 11, 2026",True,True,False,True,,True,text,"found in operative 'It is ordered that' section; single candidate amount, no strong keyword match"
LTB-L-018343-26,L1,Order,2026-05-19,M4V,5715.33,arrears,2316.5,pattern_1,2.47,"May 12, 2026",True,True,False,True,,True,text,found in operative 'It is ordered that' section; matched expected keyword for category
LTB-L-018346-26,L1,Order,2026-04-29,M9C,400.28,arrears,,,,,False,,,,,False,text,found in operative 'It is ordered that' section; matched expected keyword for category
LTB-L-018359-26,L1,Order,2026-05-29,M4V,3376.24,arrears,,,,"May 12, 2026",False,,,,,False,text,found in operative 'It is ordered that' section; matched expected keyword for category
LTB-L-018372-26,L1,Order,2026-05-25,M4S,252.0,other,948.0,pattern_2,0.27,"May 20, 2026",False,,,,,False,text,"found in operative 'It is ordered that' section; single candidate amount, no strong keyword match"
LTB-L-018377-26,L1,Order,2026-05-14,L4P,47939.0,arrears,688.0,pattern_2,69.68,"May 11, 2026",True,True,True,True,False,False,text,found in operative 'It is ordered that' section; matched expected keyword for category
LTB-L-018392-26,L1,ExParte Order,2026-03-23,K2B,,,,,,,False,,,,,False,text,no dollar amount found
LTB-L-018394-26,L1,Order,2026-04-21,L4T,,,,,,"April 15, 2026",False,,,,,False,text,operative section found but contained only fee/rate/boilerplate amounts — likely no lump sum ordered
LTB-L-018416-26,L1,ExParte Order,2026-04-28,M3N,,,,,,,False,,,,,False,text,no dollar amount found
LTB-L-018425-26,L1,Order,2026-05-13,M4N,10384.77,arrears,1950.0,pattern_1,5.33,"May 7, 2026",False,,,,,True,text,found in operative 'It is ordered that' section; matched expected keyword for category
LTB-L-018429-26,L1,Order,2026-05-22,N9V,13111.12,arrears,2600.0,pattern_2,5.04,"May 14, 2026",True,True,False,False,,True,text,found in operative 'It is ordered that' section; matched expected keyword for category
LTB-L-018448-26,L1,ExParte Order,2026-05-19,L5N,,,,,,,False,,,,,False,ocr,no dollar amount found
LTB-L-018450-26,L1,Order,2026-05-29,M3N,8969.04,arrears,2003.95,pattern_1,4.48,"May 14, 2026",True,True,False,True,,True,text,found in operative 'It is ordered that' section; matched expected keyword for category
LTB-L-018459-26,L1,Order,2026-05-29,M3M,4001.31,arrears,1869.15,pattern_1,2.14,"May 19, 2026",True,True,False,True,,True,text,found in operative 'It is ordered that' section; matched expected keyword for category
LTB-L-018487-26,L1,Order,2026-05-21,L1S,14286.0,arrears,2500.0,pattern_1,5.71,"May 7, 2026",True,True,True,False,False,False,text,found in operative 'It is ordered that' section; matched expected keyword for category
LTB-L-018536-25,L1,Order,2026-05-06,M1K,9353.61,arrears,,,,"April 16, 2026",True,True,True,False,False,False,text,found in operative 'It is ordered that' section; matched expected keyword for category
LTB-L-018548-26,L1,Order,2026-05-14,L9M,1850.0,stated_total,1850.0,pattern_1,1.0,"May 7, 2026",True,True,True,True,False,False,text,"found in operative 'It is ordered that' section; explicit stated-total phrasing (""...is \$X"")"
LTB-L-018610-26,L1,Order,2026-05-15,L8L,10294.77,arrears,1495.0,pattern_1,6.89,"May 11, 2026",True,True,False,True,,True,text,found in operative 'It is ordered that' section; matched expected keyword for category
LTB-L-018612-26,L1,Order,2026-05-20,N7L,,,,,,"May 11, 2026",True,False,True,,False,True,text,no dollar amount found
LTB-L-018623-26,L1,Order,2026-05-12,N5Z,200.0,ambiguous-max,,,,"May 7, 2026",True,True,True,False,False,False,text,"found in operative 'It is ordered that' section; multiple candidate amounts, took max — manual review advised"
LTB-L-018630-26,L1,Amended Order,2026-05-29,,5371.23,arrears,1550.0,pattern_1,3.47,"May 11, 2026",True,True,False,True,,True,text,found in operative 'It is ordered that' section; matched expected keyword for category
LTB-L-018630-26,L1,Order,2026-05-15,,5371.23,arrears,1550.0,pattern_1,3.47,"May 11, 2026",True,True,False,True,,True,text,found in operative 'It is ordered that' section; matched expected keyword for category
LTB-L-018690-26,L1,Order,2026-05-22,L4Y,1724.8,ambiguous-max,,,,"May 14, 2026",True,True,True,True,False,False,text,"found in operative 'It is ordered that' section; multiple candidate amounts, took max — manual review advised"
LTB-L-018765-26,L1,Order,2026-05-13,N6E,5699.75,arrears,2399.35,pattern_1,2.38,"May 7, 2026",True,True,False,False,,True,text,found in operative 'It is ordered that' section; matched expected keyword for category
LTB-L-018767-26,L1,Order,2026-05-06,L4R,5899.36,arrears,922.5,pattern_1,6.39,"April 9, 2026",True,True,True,False,False,False,text,found in operative 'It is ordered that' section; matched expected keyword for category
LTB-L-018797-26,L1,ExParte Order,2026-05-01,L1G,,,,,,,False,,,,,False,text,no dollar amount found
LTB-L-018798-26,L1,ExParte Order,2026-04-09,P0M,,,,,,,False,,,,,False,ocr,no dollar amount found
LTB-L-018818-26,L1,Order,2026-05-28,L7T,11067.59,arrears,1586.2,pattern_1,6.98,"May 21, 2026",False,,,,,False,text,found in operative 'It is ordered that' section; matched expected keyword for category
LTB-L-018826-26,L1,Order,2026-05-20,N9B,11853.82,arrears,2101.25,pattern_1,5.64,"May 11, 2026",True,True,False,True,,True,text,found in operative 'It is ordered that' section; matched expected keyword for category
LTB-L-018827-26,L1,Order,2026-05-21,M2M,13386.0,arrears,2200.0,pattern_1,6.08,"May 14, 2026",True,True,False,True,,True,text,found in operative 'It is ordered that' section; matched expected keyword for category
LTB-L-018854-26,L1,Order,2026-05-26,L8P,9486.0,arrears,1550.0,pattern_1,6.12,"May 21, 2026",True,True,False,True,,True,text,found in operative 'It is ordered that' section; matched expected keyword for category
LTB-L-018888-26,L1,Order,2026-05-21,L7T,,,,,,"May 19, 2026",False,,,,,False,text,no dollar amount found
LTB-L-018921-26,L1,Order,2026-05-19,M1W,2578.74,arrears,2283.64,pattern_1,1.13,"May 14, 2026",True,True,True,True,True,False,text,found in operative 'It is ordered that' section; matched expected keyword for category
LTB-L-018928-26,L1,Order,2026-05-21,N1H,,,,,,"May 19, 2026",False,,,,,False,text,no dollar amount found
LTB-L-018937-26,L1,Order,2026-05-21,L6T,4491.43,arrears,1449.79,pattern_1,3.1,"May 14, 2026",False,,,,,False,text,found in operative 'It is ordered that' section; matched expected keyword for category
LTB-L-019029-26,L1,Order,2026-05-01,L4N,6862.08,arrears,3510.33,pattern_1,1.95,"April 29, 2026",True,True,True,True,False,False,text,found in operative 'It is ordered that' section; matched expected keyword for category
LTB-L-019062-26,L1,Order,2026-05-19,L4M,5446.73,arrears,2200.0,pattern_1,2.48,"May 13, 2026",True,True,False,True,,True,text,found in operative 'It is ordered that' section; matched expected keyword for category
LTB-L-019076-26,L1,Order,2026-05-20,N2M,4142.48,arrears,,,,"May 12, 2026",True,True,True,True,False,False,text,found in operative 'It is ordered that' section; matched expected keyword for category
LTB-L-019087-26,L1,Order,2026-05-27,N3H,1115.64,ambiguous-max,,,,"May 11, 2026",True,True,True,True,True,False,text,"no operative section found, or it had no dollar mentions at all; fell back to full-document search; multiple candidate amounts, took max — manual review advised"
LTB-L-019090-26,L1,Order,2026-05-22,L6T,5033.29,arrears,1852.94,pattern_1,2.72,"May 20, 2026",False,,,,,False,text,found in operative 'It is ordered that' section; matched expected keyword for category
LTB-L-019092-26,L1,Order,2026-04-27,K2B,527.15,ambiguous-max,1267.61,pattern_2,0.42,"April 20, 2026",False,,,,,False,text,"found in operative 'It is ordered that' section; multiple candidate amounts, took max — manual review advised"
LTB-L-019104-26,L1,Order,2026-04-28,L7A,3186.0,arrears,,,,"May 11, 2026",False,,,,,False,text,found in operative 'It is ordered that' section; matched expected keyword for category
LTB-L-019115-26,L1,Order,2026-05-27,M3M,6977.64,arrears,1873.74,pattern_1,3.72,"May 20, 2026",False,,,,,False,text,found in operative 'It is ordered that' section; matched expected keyword for category
LTB-L-019116-26,L1,Order,2026-05-20,L2E,,,,,,"May 12, 2026",False,,,,,True,text,no dollar amount found
LTB-L-019128-26,L1,Order,2026-05-14,N2R,3688.8,arrears,2000.0,pattern_2,1.84,,False,,,,,False,text,found in operative 'It is ordered that' section; matched expected keyword for category
LTB-L-019129-26,L1,Order,2026-05-15,M6K,,,,,,"May 11, 2026",True,True,False,False,,True,text,no dollar amount found
LTB-L-019131-26,L1,Order,2026-05-19,L7A,7485.49,arrears,2300.0,pattern_1,3.25,"May 12, 2026",True,True,True,True,False,False,text,found in operative 'It is ordered that' section; matched expected keyword for category
LTB-L-019161-26,L1,ExParte Order,2026-05-06,M6R,1000.0,stated_total,1000.0,pattern_3,1.0,,False,,,,,False,text,"no operative section found, or it had no dollar mentions at all; fell back to full-document search; explicit stated-total phrasing (""...is \$X"")"
LTB-L-019170-26,L1,Order,2026-05-22,M5B,11186.0,arrears,2200.0,pattern_1,5.08,"May 11, 2026",True,True,False,False,,True,text,found in operative 'It is ordered that' section; matched expected keyword for category
LTB-L-019234-26,L1,ExParte Order,2026-04-09,N6J,,,,,,,False,,,,,False,text,no dollar amount found
LTB-L-019246-26,L1,Order,2026-05-20,K1L,1863.48,arrears,1614.37,pattern_1,1.15,"May 14, 2026",True,True,False,True,,True,text,found in operative 'It is ordered that' section; matched expected keyword for category
LTB-L-019265-26,L1,Order,2026-05-20,N6C,2930.0,arrears,1345.0,pattern_2,2.18,"May 11, 2026",True,True,False,False,,True,text,found in operative 'It is ordered that' section; matched expected keyword for category
LTB-L-019271-26,L1,Order,2026-05-25,P7C,2008.0,arrears,911.0,pattern_1,2.2,"May 11, 2026",True,True,False,True,,True,text,found in operative 'It is ordered that' section; matched expected keyword for category
LTB-L-019277-26,L1,Order,2026-05-21,P7E,7614.39,arrears,1430.17,pattern_1,5.32,"May 12, 2026",True,True,False,True,,True,text,found in operative 'It is ordered that' section; matched expected keyword for category
LTB-L-019287-26,L1,Order,2026-05-14,N5Z,5477.92,arrears,,,,"May 11, 2026",False,,,,,False,text,found in operative 'It is ordered that' section; matched expected keyword for category
LTB-L-019341-26,L1,ExParte Order,2026-04-28,L4X,,,,,,,False,,,,,False,text,no dollar amount found
LTB-L-019384-26,L1,Order,2026-05-20,K1Y,6118.71,arrears,1798.18,pattern_1,3.4,"May 12, 2026",True,True,False,False,,True,text,found in operative 'It is ordered that' section; matched expected keyword for category
LTB-L-019411-26,L1,Order,2026-05-19,N2G,7169.59,arrears,1750.0,pattern_1,4.1,"May 12, 2026",True,True,True,True,False,False,text,found in operative 'It is ordered that' section; matched expected keyword for category
LTB-L-019432-26,L1,Order,2026-05-20,N8S,,,,,,,True,True,False,True,,True,text,operative section found but contained only fee/rate/boilerplate amounts — likely no lump sum ordered
LTB-L-019445-26,L1,Order,2026-05-20,L6S,5545.9,arrears,2050.0,pattern_1,2.71,"May 13, 2026",True,True,False,False,,True,text,found in operative 'It is ordered that' section; matched expected keyword for category
LTB-L-019489-26,L1,Order,2026-05-29,M3L,1864.84,stated_total,,,,"May 25, 2026",False,,,,,False,text,"no operative section found, or it had no dollar mentions at all; fell back to full-document search; explicit stated-total phrasing (""...is \$X"")"
LTB-L-019491-26,L1,Order,2026-05-19,M1S,8308.64,arrears,2311.38,pattern_1,3.59,"May 12, 2026",True,True,False,False,,True,text,found in operative 'It is ordered that' section; matched expected keyword for category
LTB-L-019519-26,L1,Order,2026-05-22,M8V,7406.0,arrears,1795.0,pattern_1,4.13,"May 13, 2026",True,True,False,True,,True,text,found in operative 'It is ordered that' section; matched expected keyword for category
LTB-L-019550-26,L1,Order,2026-05-29,L4T,,,,,,"May 21, 2026",True,True,True,True,False,False,text,no dollar amount found
LTB-L-019552-26,L1,Order,2026-05-20,N8N,1326.2,arrears,2520.0,pattern_1,0.53,"May 12, 2026",True,True,False,True,,True,text,found in operative 'It is ordered that' section; matched expected keyword for category
LTB-L-019579-25,L1,Order,2026-05-29,M8Y,3024.3,arrears,,,,,True,True,True,True,True,False,text,found in operative 'It is ordered that' section; matched expected keyword for category
LTB-L-019589-26,L1,Order,2026-05-29,M8W,21186.0,arrears,3500.0,pattern_1,6.05,"May 5, 2026",True,True,True,False,False,True,text,found in operative 'It is ordered that' section; matched expected keyword for category
LTB-L-019591-26,L1,Order,2026-03-30,L3T,1270.0,arrears,,,,,False,,,,,False,text,found in operative 'It is ordered that' section; matched expected keyword for category
LTB-L-019604-26,L1,Order,2026-05-26,N4S,,,,,,"May 21, 2026",False,,,,,True,text,no dollar amount found
LTB-L-019616-26,L1,Order,2026-05-06,M1P,7879.4,arrears,2670.68,pattern_1,2.95,"April 27, 2026",True,True,False,True,,True,text,found in operative 'It is ordered that' section; matched expected keyword for category
LTB-L-019681-26,L1,Order,2026-05-19,L4M,4286.0,arrears,,,,"May 12, 2026",False,,,,,False,text,found in operative 'It is ordered that' section; matched expected keyword for category
LTB-L-019705-26,L1,Order,2026-04-01,K0A,37696.38,arrears,2550.0,pattern_1,14.78,"March 24, 2026",True,True,False,False,,True,text,found in operative 'It is ordered that' section; matched expected keyword for category
LTB-L-019733-26,L1,Order,2026-05-26,L0E,7586.0,arrears,800.0,pattern_1,9.48,"May 13, 2026",True,True,True,False,False,False,text,found in operative 'It is ordered that' section; matched expected keyword for category
LTB-L-019737-26,L1,Order,2026-05-07,M5V,26386.0,arrears,7400.0,pattern_1,3.57,"May 5, 2026",True,True,False,False,,True,text,found in operative 'It is ordered that' section; matched expected keyword for category
LTB-L-019741-26,L1,Order,2026-05-25,K1S,408.0,arrears,236.0,pattern_2,1.73,"May 21, 2026",False,,,,,False,text,found in operative 'It is ordered that' section; matched expected keyword for category
LTB-L-019749-26,L1,Order,2026-05-29,K1R,6261.0,arrears,,,,"May 12, 2026",False,,,,,False,text,found in operative 'It is ordered that' section; matched expected keyword for category
LTB-L-019763-26,L1,Order,2026-05-26,L8P,478.5,ambiguous-max,1949.01,pattern_2,0.25,"May 14, 2026",False,,,,,False,text,"found in operative 'It is ordered that' section; multiple candidate amounts, took max — manual review advised"
LTB-L-019774-26,L1,Order,2026-05-19,L9V,9506.73,arrears,1279.61,pattern_1,7.43,"May 13, 2026",True,True,False,False,,True,text,found in operative 'It is ordered that' section; matched expected keyword for category
LTB-L-019823-26,L1,Order,2026-05-19,N3Y,1262.0,arrears,,,,"May 13, 2026",False,,,,,False,text,found in operative 'It is ordered that' section; matched expected keyword for category
LTB-L-019834-26,L1,Order,2026-05-26,N2C,3752.56,arrears,,,,"May 14, 2026",True,True,True,True,False,False,text,found in operative 'It is ordered that' section; matched expected keyword for category
LTB-L-019835-26,L1,ExParte Order,2026-04-23,N2N,,,,,,,False,,,,,False,text,no dollar amount found
LTB-L-019838-26,L1,Order,2026-05-21,M4A,1000.0,ambiguous-max,,,,"May 14, 2026",True,True,True,True,False,False,text,"found in operative 'It is ordered that' section; multiple candidate amounts, took max — manual review advised"
LTB-L-019891-26,L1,ExParte Order,2026-05-05,M3A,,,,,,,False,,,,,False,text,no dollar amount found
LTB-L-019895-26,L1,ExParte Order,2026-03-19,M3A,,,,,,,False,,,,,False,ocr,no dollar amount found
LTB-L-019904-26,L1,ExParte Order,2026-05-04,L1J,,,,,,,False,,,,,False,text,no dollar amount found
LTB-L-019913-26,L1,ExParte Order,2026-04-01,L1J,1000.0,stated_total,1000.0,pattern_3,1.0,,False,,,,,False,text,"no operative section found, or it had no dollar mentions at all; fell back to full-document search; explicit stated-total phrasing (""...is \$X"")"
LTB-L-019925-26,L1,Order,2026-05-27,L1G,1000.0,ambiguous-max,2035.29,pattern_1,0.49,"May 19, 2026",True,True,True,True,False,True,text,"found in operative 'It is ordered that' section; multiple candidate amounts, took max — manual review advised"
LTB-L-019931-26,L1,Order,2026-05-25,N2P,2497.04,arrears,860.0,pattern_2,2.9,"May 13, 2026",True,True,False,True,,True,text,found in operative 'It is ordered that' section; matched expected keyword for category
LTB-L-019935-26,L1,Order,2026-05-27,L1H,10131.0,arrears,2395.0,pattern_1,4.23,"May 20, 2026",True,True,False,False,,True,text,found in operative 'It is ordered that' section; matched expected keyword for category
LTB-L-019986-26,L1,Order,2026-05-27,N8X,,,,,,,True,True,False,True,,True,text,operative section found but contained only fee/rate/boilerplate amounts — likely no lump sum ordered
LTB-L-020001-26,L1,Order,2026-05-25,M3J,5527.54,arrears,,,,,False,,,,,False,text,found in operative 'It is ordered that' section; matched expected keyword for category
LTB-L-020018-26,L1,ExParte Order,2026-05-07,M3J,,,,,,,False,,,,,False,text,no dollar amount found
LTB-L-020083-26,L1,Order,2026-05-26,M3C,4407.55,arrears,1405.31,pattern_1,3.14,"May 20, 2026",True,True,False,True,,True,text,found in operative 'It is ordered that' section; matched expected keyword for category
LTB-L-020115-26,L1,ExParte Order,2026-04-16,M6B,1000.0,stated_total,1000.0,pattern_3,1.0,,False,,,,,False,text,"no operative section found, or it had no dollar mentions at all; fell back to full-document search; explicit stated-total phrasing (""...is \$X"")"
LTB-L-020118-26,L1,Order,2026-05-28,M6H,9557.77,arrears,2000.0,pattern_1,4.78,"May 19, 2026",True,True,False,True,,True,text,found in operative 'It is ordered that' section; matched expected keyword for category
LTB-L-020131-26,L1,ExParte Order,2026-03-30,M6A,,,,,,,False,,,,,False,ocr,no dollar amount found
LTB-L-020133-26,L1,Order,2026-05-26,N8X,3186.0,arrears,600.0,pattern_1,5.31,"May 14, 2026",True,True,False,False,,True,text,found in operative 'It is ordered that' section; matched expected keyword for category
LTB-L-020168-26,L1,ExParte Order,2026-05-05,L6T,,,,,,,False,,,,,False,ocr,no dollar amount found
LTB-L-020201-26,L1,ExParte Order,2026-04-28,L8E,,,,,,,False,,,,,False,text,no dollar amount found
LTB-L-020203-26,L1,Order,2026-05-19,N2M,2061.0,arrears,1775.0,pattern_1,1.16,"May 13, 2026",True,True,False,True,,True,text,found in operative 'It is ordered that' section; matched expected keyword for category
LTB-L-020217-26,L1,Order,2026-05-21,P4N,4401.0,arrears,1200.0,pattern_1,3.67,"May 13, 2026",True,True,True,False,False,False,text,found in operative 'It is ordered that' section; matched expected keyword for category
LTB-L-020252-26,L1,ExParte Order,2026-04-24,M4C,,,,,,,False,,,,,False,text,no dollar amount found
LTB-L-020261-26,L1,Order,2026-05-25,L8E,4823.66,arrears,2315.47,pattern_1,2.08,"May 14, 2026",True,True,True,True,False,False,text,found in operative 'It is ordered that' section; matched expected keyword for category
LTB-L-020277-26,L1,Order,2026-05-28,K1N,5096.0,arrears,,,,"May 21, 2026",True,True,False,True,,True,text,found in operative 'It is ordered that' section; matched expected keyword for category
LTB-L-020286-26,L1,Order,2026-05-06,K1K,1766.01,arrears,,,,"April 29, 2026",False,,,,,False,text,"no operative section found, or it had no dollar mentions at all; fell back to full-document search; matched expected keyword for category"
LTB-L-020289-26,L1,ExParte Order,2026-03-26,L8N,,,,,,,False,,,,,False,ocr,no dollar amount found
LTB-L-020293-26,L1,Order,2026-05-26,M3L,2827.78,arrears,1351.92,pattern_1,2.09,"May 21, 2026",True,True,False,True,,True,text,found in operative 'It is ordered that' section; matched expected keyword for category
LTB-L-020312-26,L1,Order,2026-05-20,M5R,,,,,,"May 13, 2026",False,,,,,True,text,no dollar amount found
LTB-L-020320-26,L1,Order,2026-05-29,L4X,1988.0,arrears,,,,"May 21, 2026",True,True,True,False,False,False,text,found in operative 'It is ordered that' section; matched expected keyword for category
LTB-L-020324-26,L1,Order,2026-05-26,L1G,16986.0,arrears,2800.0,pattern_1,6.07,"May 25, 2026",False,,,,,False,text,found in operative 'It is ordered that' section; matched expected keyword for category
LTB-L-020339-26,L1,Order,2026-05-29,M4V,13661.0,arrears,3015.0,pattern_1,4.53,"May 19, 2026",True,True,True,True,False,False,text,found in operative 'It is ordered that' section; matched expected keyword for category
LTB-L-020375-26,L1,Order,2026-05-27,M3N,9866.27,arrears,2146.23,pattern_1,4.6,"May 21, 2026",True,True,False,True,,True,text,found in operative 'It is ordered that' section; matched expected keyword for category
LTB-L-020410-26,L1,Order,2026-05-29,M4C,6201.0,arrears,1503.75,pattern_1,4.12,"May 19, 2026",True,True,False,True,,True,text,found in operative 'It is ordered that' section; matched expected keyword for category
LTB-L-020427-26,L1,Order,2026-05-28,P1B,,,,,,"May 19, 2026",True,True,False,False,,True,text,no dollar amount found
LTB-L-020442-26,L1,Order,2026-05-25,M1K,6176.97,arrears,2048.71,pattern_1,3.02,"May 21, 2026",True,True,False,True,,True,text,found in operative 'It is ordered that' section; matched expected keyword for category
LTB-L-020457-26,L1,ExParte Order,2026-05-01,N2E,,,,,,,False,,,,,False,text,no dollar amount found
LTB-L-020479-26,L1,Order,2026-05-29,L6Y,12530.4,arrears,2057.4,pattern_1,6.09,"May 26, 2026",False,,,,,False,text,found in operative 'It is ordered that' section; matched expected keyword for category
LTB-L-020493-26,L1,Order,2026-05-19,K7L,2174.26,arrears,934.58,pattern_1,2.33,"May 14, 2026",True,True,False,True,,True,text,found in operative 'It is ordered that' section; matched expected keyword for category
LTB-L-020533-26,L1,Order,2026-05-19,L2R,14860.4,arrears,,,,"May 14, 2026",True,True,True,True,False,False,text,found in operative 'It is ordered that' section; matched expected keyword for category
LTB-L-020570-26,L1,Order,2026-05-29,M1T,10704.7,arrears,2503.74,pattern_1,4.28,"May 27, 2026",True,True,False,True,,True,text,found in operative 'It is ordered that' section; matched expected keyword for category
LTB-L-020616-26,L1,ExParte Order,2026-05-11,M2R,1000.0,stated_total,1000.0,pattern_3,1.0,,False,,,,,False,text,"no operative section found, or it had no dollar mentions at all; fell back to full-document search; explicit stated-total phrasing (""...is \$X"")"
LTB-L-020618-26,L1,ExParte Order,2026-03-30,M5T,,,,,,,False,,,,,False,ocr,no dollar amount found
LTB-L-020620-26,L1,ExParte Order,2026-04-10,M2R,1000.0,stated_total,1000.0,pattern_3,1.0,,False,,,,,False,text,"no operative section found, or it had no dollar mentions at all; fell back to full-document search; explicit stated-total phrasing (""...is \$X"")"
LTB-L-020621-26,L1,Order,2026-05-25,L5R,40161.0,arrears,3075.0,pattern_1,13.06,"May 14, 2026",True,True,False,False,,True,text,found in operative 'It is ordered that' section; matched expected keyword for category
LTB-L-020653-26,L1,Order,2026-05-26,L5K,6799.25,arrears,2322.65,pattern_1,2.93,"May 25, 2026",False,,,,,False,text,found in operative 'It is ordered that' section; matched expected keyword for category
LTB-L-020657-26,L1,Order,2026-05-28,M3A,10101.26,arrears,1999.5,pattern_1,5.05,,False,,,,,False,text,found in operative 'It is ordered that' section; matched expected keyword for category
LTB-L-020663-26,L1,ExParte Order,2026-05-01,L5J,,,,,,,False,,,,,False,text,no dollar amount found
LTB-L-020668-26,L1,ExParte Order,2026-03-27,K8P,,,,,,,False,,,,,False,ocr,no dollar amount found
LTB-L-020703-26,L1,Order,2026-05-26,N4T,,,,,,"May 21, 2026",True,True,False,True,,True,text,no dollar amount found
LTB-L-020720-26,L1,Order,2026-05-29,P3C,2628.0,arrears,,,,,False,,,,,False,text,found in operative 'It is ordered that' section; matched expected keyword for category
LTB-L-020723-26,L1,ExParte Order,2026-05-13,N5Y,,,,,,,False,,,,,False,text,no dollar amount found
LTB-L-020743-26,L1,Order,2026-05-26,N5Y,2177.82,arrears,995.91,pattern_1,2.19,"May 20, 2026",True,True,False,True,,True,text,found in operative 'It is ordered that' section; matched expected keyword for category
LTB-L-020802-26,L1,ExParte Order,2026-04-09,N6H,,,,,,,False,,,,,False,ocr,no dollar amount found
LTB-L-020803-26,L1,Order,2026-04-28,M4S,1300.0,arrears,2296.0,pattern_2,0.57,"April 20, 2026",False,,,,,False,text,found in operative 'It is ordered that' section; matched expected keyword for category
LTB-L-020814-26,L1,Order,2026-04-28,M6C,,,,,,"April 20, 2026",True,True,True,True,False,False,text,no dollar amount found
LTB-L-020832-26,L1,ExParte Order,2026-04-23,L8P,,,,,,,False,,,,,False,text,no dollar amount found
LTB-L-020869-26,L1,ExParte Order,2026-05-13,M5N,,,,,,,False,,,,,False,ocr,no dollar amount found
LTB-L-020891-26,L1,ExParte Order,2026-05-27,M3H,,,,,,,False,,,,,False,ocr,no dollar amount found
LTB-L-020911-26,L1,Order,2026-05-25,L2R,12260.83,arrears,801.55,pattern_1,15.3,"May 14, 2026",True,True,False,True,,True,text,found in operative 'It is ordered that' section; matched expected keyword for category
LTB-L-020925-26,L1,Order,2026-05-27,L8R,6876.0,arrears,3170.0,pattern_1,2.17,"May 14, 2026",True,True,False,True,,True,text,found in operative 'It is ordered that' section; matched expected keyword for category
LTB-L-020929-26,L1,ExParte Order,2026-05-12,M4G,,,,,,,False,,,,,False,ocr,no dollar amount found
LTB-L-020957-26,L1,ExParte Order,2026-04-09,L8K,,,,,,,False,,,,,False,ocr,no dollar amount found
LTB-L-020959-26,L1,ExParte Order,2026-03-13,L8K,,,,,,,False,,,,,False,ocr,no dollar amount found
LTB-L-020977-26,L1,Order,2026-05-21,M8V,2952.0,stated_total,,,,,False,,,,,False,text,"no operative section found, or it had no dollar mentions at all; fell back to full-document search; explicit stated-total phrasing (""...is \$X"")"
LTB-L-020992-22,L1,Review Order,2026-02-09,K7M,,,,,,"January 21, 2026",True,True,True,True,False,False,text,only fee/rate/boilerplate amounts found
LTB-L-021096-26,L1,Order,2026-05-27,L1G,13721.92,arrears,2750.0,pattern_1,4.99,"May 19, 2026",True,True,True,True,False,False,text,found in operative 'It is ordered that' section; matched expected keyword for category
LTB-L-021104-26,L1,Order,2026-05-26,L6T,6892.35,arrears,,,,"May 21, 2026",True,True,True,True,False,False,text,found in operative 'It is ordered that' section; matched expected keyword for category
LTB-L-021109-26,L1,Order,2026-05-22,M9V,4491.0,arrears,1435.0,pattern_1,3.13,"May 13, 2026",True,True,False,True,,True,text,found in operative 'It is ordered that' section; matched expected keyword for category
LTB-L-021119-26,L1,ExParte Order,2026-04-29,M2R,,,,,,,False,,,,,False,text,no dollar amount found
LTB-L-021124-26,L1,Order,2026-05-05,M1J,,,,,,"April 29, 2026",True,True,True,True,False,True,text,no dollar amount found
LTB-L-021127-26,L1,Order,2026-05-28,M3M,3727.06,arrears,1770.53,pattern_1,2.11,"May 21, 2026",False,,,,,False,text,found in operative 'It is ordered that' section; matched expected keyword for category
LTB-L-021129-26,L1,Order,2026-05-29,M3M,7416.6,arrears,,,,"May 25, 2026",False,,,,,False,text,"no operative section found, or it had no dollar mentions at all; fell back to full-document search; matched expected keyword for category"
LTB-L-021136-26,L1,Order,2026-05-27,M2H,24054.0,arrears,3978.0,pattern_1,6.05,"May 19, 2026",True,True,False,False,,True,text,found in operative 'It is ordered that' section; matched expected keyword for category
LTB-L-021154-25,L1,Order,2026-02-10,L8V,,,,,,"February 5, 2026",True,True,True,True,False,False,text,no dollar amount found
LTB-L-021180-26,L1,Order,2026-05-29,L6H,17786.12,arrears,3517.48,pattern_1,5.06,"May 26, 2026",True,True,False,True,,True,text,found in operative 'It is ordered that' section; matched expected keyword for category
LTB-L-021206-26,L1,Order,2026-04-29,N5A,11599.9,arrears,,,,"April 24, 2026",False,,,,,False,text,found in operative 'It is ordered that' section; matched expected keyword for category
LTB-L-021274-26,L1,Order,2026-05-26,P1B,7686.0,arrears,1500.0,pattern_1,5.12,"May 21, 2026",True,True,False,True,,True,text,found in operative 'It is ordered that' section; matched expected keyword for category
LTB-L-021336-26,L1,Order,2026-05-27,M3L,186.0,other,,,,,False,,,,,False,text,"found in operative 'It is ordered that' section; single candidate amount, no strong keyword match"
LTB-L-021344-26,L1,Order,2026-05-26,M9M,5386.0,arrears,1040.0,pattern_1,5.18,"May 19, 2026",True,True,True,True,False,False,text,found in operative 'It is ordered that' section; matched expected keyword for category
LTB-L-021442-26,L1,Order,2026-05-04,N0G,4513.71,arrears,,,,"April 29, 2026",True,True,True,True,False,False,text,found in operative 'It is ordered that' section; matched expected keyword for category
LTB-L-021467-26,L1,Order,2026-05-28,L1H,8101.71,arrears,3400.0,pattern_1,2.38,"May 20, 2026",True,True,False,False,,True,text,found in operative 'It is ordered that' section; matched expected keyword for category
LTB-L-021560-26,L1,Order,2026-05-08,K2P,3834.75,arrears,1071.75,pattern_1,3.58,"May 4, 2026",True,True,False,True,,True,text,found in operative 'It is ordered that' section; matched expected keyword for category
LTB-L-021564-26,L1,Order,2026-05-26,L9Y,6557.0,arrears,1589.0,pattern_1,4.13,"May 19, 2026",True,True,False,False,,True,text,found in operative 'It is ordered that' section; matched expected keyword for category
LTB-L-021569-26,L1,Order,2026-05-22,L8H,24386.0,arrears,2200.0,pattern_1,11.08,,False,,,,,False,text,found in operative 'It is ordered that' section; matched expected keyword for category
LTB-L-021594-26,L1,Order,2026-05-26,L4J,12365.8,arrears,4037.0,pattern_2,3.06,"May 20, 2026",True,True,False,True,,True,text,found in operative 'It is ordered that' section; matched expected keyword for category
LTB-L-021606-26,L1,Order,2026-05-13,L1P,3470.95,arrears,,,,"May 11, 2026",False,,,,,False,text,found in operative 'It is ordered that' section; matched expected keyword for category
LTB-L-021630-26,L1,ExParte Order,2026-03-17,L8H,2151.0,arrears,,,,,False,,,,,False,text,found in operative 'It is ordered that' section; matched expected keyword for category
LTB-L-021645-26,L1,Order,2026-05-20,N2L,12355.94,arrears,1600.0,pattern_1,7.72,"May 19, 2026",False,,,,,False,text,found in operative 'It is ordered that' section; matched expected keyword for category
LTB-L-021648-26,L1,Order,2026-05-28,K1C,6183.67,arrears,,,,"May 26, 2026",True,True,True,True,False,False,text,found in operative 'It is ordered that' section; matched expected keyword for category
LTB-L-021660-26,L1,Order,2026-05-29,P6C,,,,,,"May 20, 2026",False,,,,,True,text,no dollar amount found
LTB-L-021670-26,L1,ExParte Order,2026-04-29,M2J,,,,,,,False,,,,,False,text,no dollar amount found
LTB-L-021679-26,L1,Order,2026-05-29,M3H,2150.15,arrears,992.83,pattern_1,2.17,"May 20, 2026",True,True,False,False,,True,text,found in operative 'It is ordered that' section; matched expected keyword for category
LTB-L-021687-26,L1,Order,2026-05-28,P3L,1572.67,arrears,702.28,pattern_1,2.24,"May 19, 2026",True,True,False,True,,True,text,found in operative 'It is ordered that' section; matched expected keyword for category
LTB-L-021696-26,L1,Order,2026-05-13,M1J,2277.95,arrears,2098.39,pattern_1,1.09,"May 7, 2026",True,True,False,True,,True,text,found in operative 'It is ordered that' section; matched expected keyword for category
LTB-L-021740-26,L1,Order,2026-05-29,P6A,,,,,,"May 19, 2026",False,,,,,True,text,no dollar amount found
LTB-L-021858-26,L1,ExParte Order,2026-03-26,L6S,,,,,,,False,,,,,False,ocr,no dollar amount found
LTB-L-021865-26,L1,Order,2026-05-27,M1E,12145.0,arrears,1732.0,pattern_1,7.01,"May 21, 2026",True,True,False,True,,True,text,found in operative 'It is ordered that' section; matched expected keyword for category
LTB-L-021872-26,L1,Order,2026-05-29,L6B,7500.0,arrears,,,,"May 28, 2026",True,False,True,,False,False,text,found in operative 'It is ordered that' section; matched expected keyword for category
LTB-L-021876-26,L1,Order,2026-05-27,L8P,600.0,ambiguous-max,1177.33,pattern_2,0.51,"May 20, 2026",False,,,,,False,text,"found in operative 'It is ordered that' section; multiple candidate amounts, took max — manual review advised"
LTB-L-021918-26,L1,Order,2026-05-28,M4H,3242.0,arrears,,,,,False,,,,,False,text,found in operative 'It is ordered that' section; matched expected keyword for category
LTB-L-021919-26,L1,Order,2026-05-22,N1R,3817.11,arrears,2206.89,pattern_2,1.73,"May 19, 2026",True,True,True,True,False,False,text,found in operative 'It is ordered that' section; matched expected keyword for category
LTB-L-021943-26,L1,Order,2026-05-20,L8L,2211.0,arrears,,,,"May 19, 2026",False,,,,,False,text,found in operative 'It is ordered that' section; matched expected keyword for category
LTB-L-021981-26,L1,ExParte Order,2026-05-22,N3T,,,,,,,False,,,,,False,ocr,no dollar amount found
LTB-L-021986-26,L1,Order,2026-05-27,N5H,21621.0,arrears,2500.0,pattern_1,8.65,"May 20, 2026",True,True,False,False,,True,text,found in operative 'It is ordered that' section; matched expected keyword for category
LTB-L-022001-26,L1,Order,2026-05-25,L9N,,,,,,"May 21, 2026",False,,,,,True,text,no dollar amount found
LTB-L-022019-26,L1,ExParte Order,2026-05-13,K1N,,,,,,,False,,,,,False,text,no dollar amount found
LTB-L-022023-26,L1,Order,2026-05-26,L8M,2732.62,arrears,1390.0,pattern_2,1.97,"May 20, 2026",True,True,False,False,,True,text,found in operative 'It is ordered that' section; matched expected keyword for category
LTB-L-022237-26,L1,Order,2026-05-28,L4C,1831.44,arrears,,,,,False,,,,,False,text,found in operative 'It is ordered that' section; matched expected keyword for category
LTB-L-022245-26,L1,Order,2026-05-27,K1Z,4257.0,arrears,2033.0,pattern_1,2.09,"May 21, 2026",True,True,False,True,,True,text,found in operative 'It is ordered that' section; matched expected keyword for category
LTB-L-022264-26,L1,Order,2026-05-26,M1T,3085.52,arrears,1527.06,pattern_1,2.02,"May 20, 2026",True,True,True,True,False,False,text,found in operative 'It is ordered that' section; matched expected keyword for category
LTB-L-022270-26,L1,Order,2026-05-22,L8K,,,,,,"May 20, 2026",False,,,,,True,text,no dollar amount found
LTB-L-022327-26,L1,Order,2026-05-14,L4K,23186.0,arrears,,,,,False,,,,,False,text,found in operative 'It is ordered that' section; matched expected keyword for category
LTB-L-022340-26,L1,Order,2026-05-29,L3M,25386.0,arrears,2500.0,pattern_1,10.15,"May 20, 2026",True,True,False,True,,True,text,found in operative 'It is ordered that' section; matched expected keyword for category
LTB-L-022365-26,L1,Order,2026-04-15,L3Y,2504.0,arrears,,,,,False,,,,,False,text,found in operative 'It is ordered that' section; matched expected keyword for category
LTB-L-022404-26,L1,Order,2026-05-26,M5P,14850.78,arrears,2206.86,pattern_1,6.73,"May 20, 2026",True,True,False,True,,True,text,found in operative 'It is ordered that' section; matched expected keyword for category
LTB-L-022417-26,L1,Order,2026-05-28,P0L,,,,,,"May 21, 2026",True,False,False,,,True,text,no dollar amount found
LTB-L-022419-26,L1,Order,2026-05-29,P1B,,,,,,"May 20, 2026",False,,,,,True,text,no dollar amount found
LTB-L-022420-26,L1,ExParte Order,2026-05-07,M1J,,,,,,,False,,,,,False,text,no dollar amount found
LTB-L-022555-26,L1,ExParte Order,2026-05-12,K1G,,,,,,,False,,,,,False,ocr,no dollar amount found
LTB-L-022605-26,L1,ExParte Order,2026-04-15,L8N,,,,,,,False,,,,,False,text,no dollar amount found
LTB-L-022690-26,L1,Order,2026-05-22,N0M,2409.18,arrears,1800.0,pattern_2,1.34,"May 20, 2026",True,True,False,True,,True,text,found in operative 'It is ordered that' section; matched expected keyword for category
LTB-L-022736-25,L1,Review Order,2026-01-07,K1G,,,,,,"December 18, 2025",True,True,True,True,False,False,text,no dollar amount found
LTB-L-022754-26,L1,ExParte Order,2026-03-19,L8H,,,,,,,False,,,,,False,ocr,no dollar amount found
LTB-L-022804-26,L1,Order,2026-05-26,L4N,8686.0,arrears,1700.0,pattern_1,5.11,"May 20, 2026",True,True,False,False,,True,text,found in operative 'It is ordered that' section; matched expected keyword for category
LTB-L-022895-26,L1,Order,2026-05-26,M4S,784.0,arrears,,,,"May 20, 2026",True,True,True,True,False,False,text,found in operative 'It is ordered that' section; matched expected keyword for category
LTB-L-022922-26,L1,Order,2026-05-20,K9V,4910.47,arrears,1800.0,pattern_1,2.73,,False,,,,,False,text,found in operative 'It is ordered that' section; matched expected keyword for category
LTB-L-022970-26,L1,Order,2026-05-08,L8V,12201.0,arrears,,,,"May 4, 2026",True,True,True,False,False,False,text,found in operative 'It is ordered that' section; matched expected keyword for category
LTB-L-023031-25,L1,Order,2026-04-27,M6E,,,,,,"April 23, 2026",False,,,,,True,text,no dollar amount found
LTB-L-023075-26,L1,ExParte Order,2026-05-15,M5P,,,,,,,False,,,,,False,text,no dollar amount found
LTB-L-023104-26,L1,Order,2026-05-26,M9V,300.0,ambiguous-max,,,,,False,,,,,False,text,"found in operative 'It is ordered that' section; multiple candidate amounts, took max — manual review advised"
LTB-L-023240-26,L1,Order,2026-05-29,K1N,,,,,,"May 28, 2026",True,True,False,True,,True,text,no dollar amount found
LTB-L-023480-26,L1,Order,2026-05-29,M6K,862.0,arrears,,,,"May 21, 2026",False,,,,,False,text,found in operative 'It is ordered that' section; matched expected keyword for category
LTB-L-023490-26,L1,Order,2026-05-29,L2N,8186.0,arrears,1600.0,pattern_1,5.12,"May 21, 2026",True,True,False,True,,True,text,found in operative 'It is ordered that' section; matched expected keyword for category
LTB-L-023507-26,L1,Order,2026-05-13,K2B,,,,,,,False,,,,,False,text,no dollar amount found
LTB-L-023516-26,L1,Order,2026-05-27,L4W,8493.18,arrears,1844.98,pattern_2,4.6,"May 26, 2026",True,True,True,True,False,False,text,found in operative 'It is ordered that' section; matched expected keyword for category
LTB-L-023590-26,L1,Order,2026-05-29,L9C,436.0,ambiguous-max,1106.0,pattern_2,0.39,"May 21, 2026",False,,,,,False,text,"found in operative 'It is ordered that' section; multiple candidate amounts, took max — manual review advised"
LTB-L-023601-26,L1,ExParte Order,2026-05-28,K6V,,,,,,,False,,,,,False,text,no dollar amount found
LTB-L-023613-26,L1,Order,2026-05-26,N6C,4301.04,arrears,,,,,False,,,,,False,text,found in operative 'It is ordered that' section; matched expected keyword for category
LTB-L-023614-26,L1,ExParte Order,2026-05-27,M1G,,,,,,,False,,,,,False,text,no dollar amount found
LTB-L-023650-26,L1,Order,2026-05-28,K7M,6293.49,arrears,,,,"May 26, 2026",True,False,True,,False,False,text,found in operative 'It is ordered that' section; matched expected keyword for category
LTB-L-023749-26,L1,Order,2026-05-29,L1V,26186.0,arrears,5000.0,pattern_1,5.24,"May 25, 2026",True,True,False,True,,True,text,found in operative 'It is ordered that' section; matched expected keyword for category
LTB-L-023863-26,L1,Order,2026-04-23,M1B,5772.0,arrears,1800.0,pattern_1,3.21,"April 20, 2026",False,,,,,False,text,found in operative 'It is ordered that' section; matched expected keyword for category
LTB-L-024246-26,L1,ExParte Order,2026-04-30,L8P,,,,,,,False,,,,,False,ocr,no dollar amount found
LTB-L-024290-26,L1,ExParte Order,2026-04-22,K2B,,,,,,,False,,,,,False,text,no dollar amount found
LTB-L-024308-26,L1,Order,2026-05-07,M3L,58.0,arrears,,,,"April 22, 2026",True,True,True,True,False,False,text,found in operative 'It is ordered that' section; matched expected keyword for category
LTB-L-024389-26,L1,Order,2026-05-29,N2A,5597.61,arrears,,,,"May 27, 2026",False,,,,,False,text,found in operative 'It is ordered that' section; matched expected keyword for category
LTB-L-024409-26,L1,Order,2026-05-01,K2B,5119.37,arrears,1502.24,pattern_1,3.41,"April 29, 2026",True,True,True,True,False,False,text,found in operative 'It is ordered that' section; matched expected keyword for category
LTB-L-024464-26,L1,ExParte Order,2026-05-26,M4Y,,,,,,,False,,,,,False,text,no dollar amount found
LTB-L-024550-25,L1,Order,2026-01-16,N1H,4821.68,arrears,800.0,pattern_2,6.03,,True,True,False,False,,True,text,found in operative 'It is ordered that' section; matched expected keyword for category
LTB-L-024621-26,L1,Order,2026-05-11,M5C,6945.19,arrears,2100.0,pattern_1,3.31,"May 5, 2026",True,True,False,False,,True,text,found in operative 'It is ordered that' section; matched expected keyword for category
LTB-L-024668-26,L1,ExParte Order,2026-04-24,N5Z,,,,,,,False,,,,,False,text,no dollar amount found
LTB-L-024706-26,L1,Order,2026-05-29,N5Y,3086.0,arrears,,,,"May 28, 2026",True,False,True,,False,False,text,found in operative 'It is ordered that' section; matched expected keyword for category
LTB-L-024715-26,L1,ExParte Order,2026-05-20,M4G,5948.15,arrears,,,,,False,,,,,False,text,found in operative 'It is ordered that' section; matched expected keyword for category
LTB-L-025088-26,L1,ExParte Order,2026-05-07,M4H,,,,,,,False,,,,,False,text,no dollar amount found
LTB-L-025459-26,L1,ExParte Order,2026-04-30,M2H,,,,,,,False,,,,,False,ocr,no dollar amount found
LTB-L-025710-26,L1,ExParte Order,2026-03-27,L8S,,,,,,,False,,,,,False,text,no dollar amount found
LTB-L-025785-26,L1,ExParte Order,2026-04-28,P3A,,,,,,,False,,,,,False,ocr,no dollar amount found
LTB-L-026325-26,L1,ExParte Order,2026-05-01,L6S,,,,,,,False,,,,,False,ocr,no dollar amount found
LTB-L-026331-26,L1,ExParte Order,2026-05-05,K2E,5214.49,arrears,,,,,False,,,,,False,text,found in operative 'It is ordered that' section; matched expected keyword for category
LTB-L-026472-26,L1,Order,2026-04-27,L5J,14701.0,arrears,3580.0,pattern_1,4.11,"April 20, 2026",True,True,True,False,False,False,text,found in operative 'It is ordered that' section; matched expected keyword for category
LTB-L-026538-26,L1,Order,2026-04-02,N2R,1168.0,arrears,,,,,False,,,,,False,text,found in operative 'It is ordered that' section; matched expected keyword for category
LTB-L-026614-26,L1,ExParte Order,2026-04-22,N6K,,,,,,,False,,,,,False,text,no dollar amount found
LTB-L-026763-26,L1,ExParte Order,2026-05-26,N3R,,,,,,,False,,,,,False,ocr,no dollar amount found
LTB-L-026833-26,L1,ExParte Order,2026-05-29,M6M,,,,,,,False,,,,,False,text,no dollar amount found
LTB-L-026983-26,L1,ExParte Order,2026-04-24,M1P,,,,,,,False,,,,,False,text,no dollar amount found
LTB-L-027027-26,L1,ExParte Order,2026-05-26,M9M,,,,,,,False,,,,,False,text,no dollar amount found
LTB-L-027114-26,L1,ExParte Order,2026-04-22,M3N,,,,,,,False,,,,,False,text,no dollar amount found
LTB-L-027198-26,L1,Order,2026-04-16,M5A,8736.0,arrears,,,,,False,,,,,False,text,found in operative 'It is ordered that' section; matched expected keyword for category
LTB-L-027233-26,L1,ExParte Order,2026-05-26,L8R,,,,,,,False,,,,,False,ocr,no dollar amount found
LTB-L-027478-26,L1,Order,2026-05-28,K0K,,,,,,,True,True,False,True,,True,text,operative section found but contained only fee/rate/boilerplate amounts — likely no lump sum ordered
LTB-L-027811-25,L1,Review Order,2026-01-19,K1T,,,,,,"January 12, 2026",True,True,True,True,False,True,text,no dollar amount found
LTB-L-027951-26,L1,ExParte Order,2026-05-01,L9Z,,,,,,,False,,,,,False,ocr,no dollar amount found
LTB-L-028179-26,L1,ExParte Order,2026-05-07,L4X,,,,,,,False,,,,,False,text,no dollar amount found
LTB-L-028224-26,L1,ExParte Order,2026-04-09,L5K,,,,,,,False,,,,,False,ocr,no dollar amount found
LTB-L-028355-26,L1,ExParte Order,2026-05-06,N2E,,,,,,,False,,,,,False,text,no dollar amount found
LTB-L-028450-26,L1,ExParte Order,2026-05-05,L8P,,,,,,,False,,,,,False,ocr,no dollar amount found
LTB-L-028469-26,L1,ExParte Order,2026-05-22,M3H,,,,,,,False,,,,,False,text,no dollar amount found
LTB-L-028504-26,L1,ExParte Order,2026-05-05,L9H,,,,,,,False,,,,,False,ocr,no dollar amount found
LTB-L-028538-26,L1,ExParte Order,2026-05-05,M3J,5052.2,arrears,,,,,False,,,,,False,text,found in operative 'It is ordered that' section; matched expected keyword for category
LTB-L-028687-26,L1,ExParte Order,2026-05-05,L8E,,,,,,,False,,,,,False,text,no dollar amount found
LTB-L-028715-26,L1,ExParte Order,2026-05-20,M9M,2346.66,arrears,,,,,False,,,,,False,text,found in operative 'It is ordered that' section; matched expected keyword for category
LTB-L-028801-26,L1,ExParte Order,2026-05-29,M1N,,,,,,,False,,,,,False,text,no dollar amount found
LTB-L-029219-26,L1,ExParte Order,2026-05-22,M9C,,,,,,,False,,,,,False,ocr,no dollar amount found
LTB-L-029276-22,L1,Order,2026-04-16,M2K,23724.83,arrears,2350.0,pattern_2,10.1,"March 12, 2024",True,True,True,True,False,True,text,found in operative 'It is ordered that' section; matched expected keyword for category
LTB-L-029297-26,L1,ExParte Order,2026-05-29,L3Z,4815.0,arrears,,,,,False,,,,,False,text,found in operative 'It is ordered that' section; matched expected keyword for category
LTB-L-029327-25,L1,Review Order,2026-03-10,N7L,5366.8,arrears,1408.16,pattern_1,3.81,,True,True,True,True,False,False,text,found in operative 'It is ordered that' section; matched expected keyword for category
LTB-L-029350-25,L1,Order,2026-05-08,N6J,15760.3,arrears,,,,"October 27, 2025",True,True,False,True,,False,text,found in operative 'It is ordered that' section; matched expected keyword for category
LTB-L-029718-25,L1,Review Order,2026-02-26,K1M,2138.0,stated_total,1275.0,pattern_2,1.68,"February 13, 2026",False,,,,,False,text,"found in operative 'It is ordered that' section; explicit stated-total phrasing (""...is \$X"")"
LTB-L-030175-26,L1,ExParte Order,2026-04-27,L6S,,,,,,,False,,,,,False,text,no dollar amount found
LTB-L-030203-26,L1,ExParte Order,2026-05-29,M3C,,,,,,,False,,,,,False,text,no dollar amount found
LTB-L-030216-26,L1,ExParte Order,2026-05-04,M6A,1000.0,stated_total,1000.0,pattern_3,1.0,,False,,,,,False,text,"no operative section found, or it had no dollar mentions at all; fell back to full-document search; explicit stated-total phrasing (""...is \$X"")"
LTB-L-030335-26,L1,ExParte Order,2026-05-04,M4V,,,,,,,False,,,,,False,ocr,no dollar amount found
LTB-L-030426-26,L1,ExParte Order,2026-04-17,L1J,,,,,,,False,,,,,False,ocr,no dollar amount found
LTB-L-030476-26,L1,ExParte Order,2026-05-05,M2R,,,,,,,False,,,,,False,text,no dollar amount found
LTB-L-030486-26,L1,ExParte Order,2026-05-29,M2R,,,,,,,False,,,,,False,text,no dollar amount found
LTB-L-030792-26,L1,ExParte Order,2026-05-22,K1Y,,,,,,,False,,,,,False,text,no dollar amount found
LTB-L-030928-25,L1,Review Order,2026-01-08,L6T,,,,,,"October 20, 2025",True,True,True,True,False,False,text,no dollar amount found
LTB-L-030988-24,L1,Review Order,2026-04-09,L0S,,,,,,,False,,,,,False,text,no dollar amount found
LTB-L-031027-25,L1,Order,2026-01-15,M9N,18018.04,arrears,,,,,False,,,,,False,text,found in operative 'It is ordered that' section; matched expected keyword for category
LTB-L-031158-26,L1,ExParte Order,2026-04-28,M9B,,,,,,,False,,,,,False,text,no dollar amount found
LTB-L-031217-26,L1,ExParte Order,2026-05-08,M9C,1000.0,stated_total,1000.0,pattern_3,1.0,,False,,,,,False,text,"no operative section found, or it had no dollar mentions at all; fell back to full-document search; explicit stated-total phrasing (""...is \$X"")"
LTB-L-031233-26,L1,ExParte Order,2026-05-19,M6A,1000.0,stated_total,1000.0,pattern_3,1.0,,False,,,,,False,text,"no operative section found, or it had no dollar mentions at all; fell back to full-document search; explicit stated-total phrasing (""...is \$X"")"
LTB-L-031264-24,L1,Amended Order,2026-01-07,P7A,275.0,other,2000.0,pattern_3,0.14,,True,False,False,,,False,text,"found in operative 'It is ordered that' section; single candidate amount, no strong keyword match"
LTB-L-031401-26,L1,ExParte Order,2026-05-28,L8L,,,,,,,False,,,,,False,ocr,no dollar amount found
LTB-L-031512-24,L1,Order,2026-01-19,K1C,10140.01,arrears,2700.0,pattern_2,3.76,"January 13, 2026",True,True,False,True,,True,text,found in operative 'It is ordered that' section; matched expected keyword for category
LTB-L-031639-26,L1,ExParte Order,2026-05-26,M3A,1000.0,stated_total,1000.0,pattern_3,1.0,,False,,,,,False,text,"no operative section found, or it had no dollar mentions at all; fell back to full-document search; explicit stated-total phrasing (""...is \$X"")"
LTB-L-031654-26,L1,ExParte Order,2026-05-06,M3A,,,,,,,False,,,,,False,ocr,no dollar amount found
LTB-L-032435-26,L1,ExParte Order,2026-04-22,M6N,,,,,,,False,,,,,False,ocr,no dollar amount found
LTB-L-032467-26,L1,Order,2026-05-28,L5K,9228.0,arrears,,,,"May 22, 2026",False,,,,,True,text,found in operative 'It is ordered that' section; matched expected keyword for category
LTB-L-032569-26,L1,ExParte Order,2026-05-29,M4W,,,,,,,False,,,,,False,text,no dollar amount found
LTB-L-032759-26,L1,Order,2026-05-22,N1R,721.0,arrears,,,,"May 20, 2026",False,,,,,False,text,found in operative 'It is ordered that' section; matched expected keyword for category
LTB-L-033147-26,L1,ExParte Order,2026-05-19,L9A,,,,,,,False,,,,,False,ocr,no dollar amount found
LTB-L-033303-25,L1,Order,2026-01-20,L5A,,,,,,"January 14, 2026",True,True,True,True,False,False,text,no dollar amount found
LTB-L-033540-26,L1,ExParte Order,2026-04-30,N8S,,,,,,,False,,,,,False,text,no dollar amount found
LTB-L-033664-26,L1,Order,2026-04-30,N4K,,,,,,,False,,,,,False,text,no dollar amount found
LTB-L-033667-26,L1,ExParte Order,2026-05-08,N5P,,,,,,,False,,,,,False,ocr,no dollar amount found
LTB-L-034232-26,L1,ExParte Order,2026-05-29,M3N,,,,,,,False,,,,,False,ocr,no dollar amount found
LTB-L-034303-25,L1,Order,2026-01-06,N9A,5286.0,arrears,1300.0,pattern_1,4.07,"July 17, 2025",True,True,True,True,False,False,text,found in operative 'It is ordered that' section; matched expected keyword for category
LTB-L-034394-26,L1,Order,2026-05-19,M4R,32294.06,arrears,7900.0,pattern_1,4.09,"May 12, 2026",True,True,True,True,True,False,text,found in operative 'It is ordered that' section; matched expected keyword for category
LTB-L-035133-25,L1,Order,2026-04-20,M4S,32701.94,other,,,,,False,,,,,False,text,"no operative section found, or it had no dollar mentions at all; fell back to full-document search; single candidate amount, no strong keyword match"
LTB-L-035188-26,L1,ExParte Order,2026-05-29,L5R,822.0,arrears,,,,,False,,,,,False,text,found in operative 'It is ordered that' section; matched expected keyword for category
LTB-L-035892-23,L1,Order,2026-05-01,L1Z,1937.5,arrears,,,,,True,True,True,True,False,False,text,"no operative section found, or it had no dollar mentions at all; fell back to full-document search; matched expected keyword for category"
LTB-L-036320-25,L1,Order,2026-05-01,N5A,,,,,,"April 16, 2026",True,True,True,True,True,False,text,no dollar amount found
LTB-L-036950-26,L1,ExParte Order,2026-05-22,L4N,,,,,,,False,,,,,False,text,no dollar amount found
LTB-L-037291-26,L1,ExParte Order,2026-05-14,M9N,,,,,,,False,,,,,False,text,no dollar amount found
LTB-L-037329-26,L1,ExParte Order,2026-05-14,M9N,,,,,,,False,,,,,False,text,no dollar amount found
LTB-L-037412-24,L1,Order,2026-03-31,K1N,,,,,,,False,,,,,False,text,no dollar amount found
LTB-L-037722-26,L1,ExParte Order,2026-05-11,L8W,2780.74,arrears,,,,,False,,,,,False,text,found in operative 'It is ordered that' section; matched expected keyword for category
LTB-L-037726-26,L1,ExParte Order,2026-05-15,L6X,,,,,,,False,,,,,False,text,no dollar amount found
LTB-L-038203-25,L1,Review Order,2026-03-18,M9W,300.0,other,,,,,False,,,,,False,text,"no operative section found, or it had no dollar mentions at all; fell back to full-document search; single candidate amount, no strong keyword match"
LTB-L-040279-26,L1,ExParte Order,2026-05-29,L8L,,,,,,,False,,,,,False,ocr,no dollar amount found
LTB-L-040350-25,L1,Order,2026-05-01,L4T,2416.5,arrears,2151.34,pattern_1,1.12,"April 16, 2026",True,True,True,True,False,True,text,found in operative 'It is ordered that' section; matched expected keyword for category
LTB-L-040587-26,L1,ExParte Order,2026-05-29,L3T,,,,,,,False,,,,,False,text,no dollar amount found
LTB-L-040906-25,L1,Order,2026-01-07,L2G,10252.07,arrears,1795.0,pattern_2,5.71,"December 9, 2025",True,True,False,False,,True,text,found in operative 'It is ordered that' section; matched expected keyword for category
LTB-L-041481-25,L1,Amended Order,2026-05-25,N5Z,989.0,stated_total,989.0,pattern_1,1.0,"April 16, 2026",True,True,False,True,,True,text,"found in operative 'It is ordered that' section; explicit stated-total phrasing (""...is \$X"")"
LTB-L-043376-25,L1,Review Order,2026-02-11,N4S,,,,,,,False,,,,,False,text,no dollar amount found
LTB-L-043715-25,L1,Review Order,2026-01-14,N1S,,,,,,"January 7, 2026",True,True,True,False,False,False,text,no dollar amount found
LTB-L-043853-25,L1,Review Order,2026-04-07,M9N,,,,,,"March 4, 2026",True,False,True,,False,False,text,no dollar amount found
LTB-L-044464-25,L1,Order,2026-01-06,L2G,14897.24,arrears,1150.0,pattern_1,12.95,"December 4, 2025",True,True,False,False,,True,text,found in operative 'It is ordered that' section; matched expected keyword for category
LTB-L-044675-25,L1,Amended Order,2026-05-13,M4H,6936.92,arrears,,,,"September 2, 2025",True,True,True,True,False,False,text,found in operative 'It is ordered that' section; matched expected keyword for category
LTB-L-045187-25,L1,Order,2026-02-26,L8K,28580.28,arrears,2703.06,pattern_1,10.57,"February 18, 2026",True,True,True,True,False,False,text,found in operative 'It is ordered that' section; matched expected keyword for category
LTB-L-045896-25,L1,Order,2026-02-11,K2S,,,,,,"February 2, 2026",True,True,True,True,False,False,text,no dollar amount found
LTB-L-046584-25,L1,Order,2026-01-13,M4Y,11996.53,arrears,1331.0,pattern_1,9.01,"November 19, 2025",True,True,True,True,False,False,text,found in operative 'It is ordered that' section; matched expected keyword for category
LTB-L-047317-25,L1,Review Order,2026-01-29,N8A,,,,,,"December 3, 2025",True,True,True,False,False,True,text,no dollar amount found
LTB-L-047439-25,L1,Order,2026-02-13,M1L,16889.24,arrears,1743.45,pattern_2,9.69,"February 5, 2026",True,True,True,True,True,True,text,found in operative 'It is ordered that' section; matched expected keyword for category
LTB-L-047949-25,L1,Order,2026-03-05,M4Y,31036.0,arrears,2600.0,pattern_1,11.94,"February 25, 2026",False,,,,,False,text,found in operative 'It is ordered that' section; matched expected keyword for category
LTB-L-048031-25,L1,Review Order,2026-03-30,K0C,325.8,other,,,,"March 25, 2026",True,True,True,True,True,False,text,"found in operative 'It is ordered that' section; single candidate amount, no strong keyword match"
LTB-L-048378-25,L1,Order,2026-01-22,L1G,8937.0,arrears,1081.0,pattern_1,8.27,,True,True,True,True,False,False,text,found in operative 'It is ordered that' section; matched expected keyword for category
LTB-L-050284-25,L1,Review Order,2026-01-27,M5N,,,,,,"January 20, 2026",True,False,True,,False,False,text,no dollar amount found
LTB-L-050614-24,L1,Order,2026-04-14,L3R,20431.72,arrears,1742.5,pattern_1,11.73,"April 9, 2026",True,False,True,,False,False,text,found in operative 'It is ordered that' section; matched expected keyword for category
LTB-L-050665-25,L1,ExParte Order,2026-01-20,M3M,,,,,,,False,,,,,False,ocr,no dollar amount found
LTB-L-051605-22,L1,Order,2026-03-13,L8H,,,,,,,False,,,,,False,text,no dollar amount found
LTB-L-051701-25,L1,Review Order,2026-03-02,K0K,360.0,arrears,,,,"February 27, 2026",False,,,,,False,text,found in operative 'It is ordered that' section; matched expected keyword for category
LTB-L-051813-24,L1,Order,2026-03-17,N5Y,617.83,arrears,325.0,pattern_1,1.9,"January 16, 2025",True,False,True,,False,False,text,found in operative 'It is ordered that' section; matched expected keyword for category
LTB-L-053304-25,L1,Order,2026-02-03,K1R,1270.82,arrears,,,,"January 29, 2026",True,True,False,True,,True,text,found in operative 'It is ordered that' section; matched expected keyword for category
LTB-L-054146-25,L1,Review Order,2026-05-13,M6H,10698.86,arrears,2099.0,pattern_2,5.1,,True,True,True,True,False,False,text,found in operative 'It is ordered that' section; matched expected keyword for category
LTB-L-055680-25,L1,Order,2026-01-09,M3H,9734.76,arrears,2250.0,pattern_2,4.33,"December 4, 2025",True,True,False,True,,True,text,found in operative 'It is ordered that' section; matched expected keyword for category
LTB-L-055770-25,L1,Order,2026-01-30,N5Y,6536.0,arrears,,,,"January 14, 2026",True,True,True,False,False,False,text,found in operative 'It is ordered that' section; matched expected keyword for category
LTB-L-056766-25,L1,Order,2026-01-07,M6L,330.0,ambiguous-max,,,,"December 23, 2025",True,False,True,,True,False,text,"found in operative 'It is ordered that' section; multiple candidate amounts, took max — manual review advised"
LTB-L-056873-24,L1,Review Order,2026-02-10,L4G,,,,,,"November 19, 2025",True,False,False,,,True,text,no dollar amount found
LTB-L-057228-25,L1,Order,2026-05-21,N8Y,,,1429.0,pattern_1,,"February 25, 2026",True,True,True,True,False,False,text,operative section found but contained only fee/rate/boilerplate amounts — likely no lump sum ordered
LTB-L-057708-25,L1,Order,2026-01-08,M4L,,,1486.25,pattern_1,,"December 4, 2025",True,True,True,True,True,False,text,operative section found but contained only fee/rate/boilerplate amounts — likely no lump sum ordered
LTB-L-057828-25,L1,Order,2026-03-19,M2J,10438.49,arrears,1235.44,pattern_1,8.45,"March 11, 2026",True,True,True,True,False,False,text,found in operative 'It is ordered that' section; matched expected keyword for category
LTB-L-058266-25,L1,Order,2026-02-18,M2K,,,,,,"February 12, 2026",True,True,True,True,False,False,text,no dollar amount found
LTB-L-059165-25,L1,Order,2026-01-14,M2N,,,,,,"January 6, 2026",True,True,True,True,False,False,text,no dollar amount found
LTB-L-059257-25,L1,Review Order,2026-02-12,M1G,,,,,,"November 19, 2025",True,False,False,,,False,text,no dollar amount found
LTB-L-059484-25,L1,Review Order,2026-02-10,L6H,30000.0,arrears,,,,"November 19, 2025",True,False,False,,,True,text,"no operative section found, or it had no dollar mentions at all; fell back to full-document search; matched expected keyword for category"
LTB-L-059570-25,L1,Amended Order,2026-02-06,L6X,16603.8,arrears,1700.0,pattern_1,9.77,"October 20, 2025",True,True,True,True,False,False,text,found in operative 'It is ordered that' section; matched expected keyword for category
LTB-L-059707-25,L1,Order,2026-01-29,N2J,5770.68,arrears,,,,"September 22, 2025",False,,,,,False,text,found in operative 'It is ordered that' section; matched expected keyword for category
LTB-L-059839-25,L1,Order,2026-04-24,K0M,,,1800.0,pattern_1,,,False,,,,,False,text,operative section found but contained only fee/rate/boilerplate amounts — likely no lump sum ordered
LTB-L-059982-25,L1,Amended Order,2026-01-21,L5C,10650.0,arrears,2650.0,pattern_1,4.02,"September 23, 2025",True,True,False,False,,True,text,found in operative 'It is ordered that' section; matched expected keyword for category
LTB-L-060379-25,L1,Order,2026-01-16,M1J,20259.11,arrears,1838.4,pattern_1,11.02,"January 6, 2026",True,True,True,True,False,False,text,found in operative 'It is ordered that' section; matched expected keyword for category
LTB-L-060407-25,L1,Review Order,2026-05-21,L3T,28583.74,arrears,2069.53,pattern_1,13.81,"November 19, 2025",True,True,True,True,True,False,text,found in operative 'It is ordered that' section; matched expected keyword for category
LTB-L-061612-25,L1,Order,2026-05-29,L1V,,,,,,"May 25, 2026",True,True,True,False,False,False,text,no dollar amount found
LTB-L-061873-25,L1,Order,2026-02-03,M5B,4405.24,arrears,2388.0,pattern_2,1.84,"January 22, 2026",True,True,False,True,,True,text,found in operative 'It is ordered that' section; matched expected keyword for category
LTB-L-062344-25,L1,Review Order,2026-01-27,N3C,3190.5,ambiguous-max,,,,"January 22, 2026",True,True,True,True,False,False,text,"found in operative 'It is ordered that' section; multiple candidate amounts, took max — manual review advised"
LTB-L-062627-25,L1,Order,2026-05-01,M6K,16396.45,arrears,1517.0,pattern_1,10.81,"January 12, 2026",True,True,True,True,True,False,text,found in operative 'It is ordered that' section; matched expected keyword for category
LTB-L-063811-25,L1,Order,2026-04-07,M1E,10255.11,arrears,1382.21,pattern_1,7.42,"March 12, 2026",True,True,True,True,True,False,text,found in operative 'It is ordered that' section; matched expected keyword for category
LTB-L-064039-25,L1,Order,2026-01-09,L1H,8871.74,arrears,1553.58,pattern_1,5.71,"November 13, 2025",True,True,True,True,False,False,text,found in operative 'It is ordered that' section; matched expected keyword for category
LTB-L-064083-24,L1,Order,2026-04-27,L6B,9011.76,arrears,,,,"October 10, 2024",True,False,False,,,False,text,found in operative 'It is ordered that' section; matched expected keyword for category
LTB-L-064268-25,L1,Review Order,2026-03-02,L5M,,,,,,"February 19, 2026",True,True,False,True,,True,text,no dollar amount found
LTB-L-064372-25,L1,Order,2026-01-05,L7C,25555.12,arrears,,,,"December 17, 2025",True,True,True,True,True,False,text,found in operative 'It is ordered that' section; matched expected keyword for category
LTB-L-064781-25,L1,Review Order,2026-01-16,L4C,,,,,,,True,False,True,,False,False,text,no dollar amount found
LTB-L-065063-25,L1,Review Order,2026-03-24,N5W,,,,,,"March 11, 2026",True,False,True,,False,True,text,no dollar amount found
LTB-L-065114-25,L1,ExParte Order,2026-03-31,P7E,,,,,,,False,,,,,False,text,no dollar amount found
LTB-L-065344-25,L1,Order,2026-01-20,L8R,,,,,,"January 19, 2026",True,True,True,True,True,False,text,no dollar amount found
LTB-L-065351-25,L1,Review Order,2026-02-23,K7G,1221.27,arrears,,,,"February 17, 2026",True,False,False,,,False,text,found in operative 'It is ordered that' section; matched expected keyword for category
LTB-L-065696-25,L1,Review Order,2026-03-11,N2T,13421.99,ambiguous-max,,,,"January 28, 2026",True,True,True,True,True,False,text,"no operative section found, or it had no dollar mentions at all; fell back to full-document search; multiple candidate amounts, took max — manual review advised"
LTB-L-066037-25,L1,Review Order,2026-02-12,M2R,,,,,,"October 23, 2025",True,True,True,True,True,False,text,no dollar amount found
LTB-L-066129-25,L1,Order,2026-03-06,L1V,8061.0,arrears,3069.0,pattern_2,2.63,"February 23, 2026",True,True,True,True,False,False,text,found in operative 'It is ordered that' section; matched expected keyword for category
LTB-L-066443-25,L1,Review Order,2026-04-09,M5A,,,,,,,False,,,,,False,text,no dollar amount found
LTB-L-066501-25,L1,Order,2026-04-20,N1R,15823.83,arrears,2400.0,pattern_2,6.59,"April 14, 2026",True,False,False,,,True,text,found in operative 'It is ordered that' section; matched expected keyword for category
LTB-L-066986-25,L1,Review Order,2026-05-27,M5A,7371.0,arrears,,,,"May 25, 2026",True,True,True,True,False,False,text,found in operative 'It is ordered that' section; matched expected keyword for category
LTB-L-067610-25,L1,Review Order,2026-04-17,P0T,,,,,,"April 9, 2026",True,False,False,,,False,text,no dollar amount found
LTB-L-067748-24,L1,Order,2026-03-05,P3A,3895.94,arrears,1059.46,pattern_2,3.68,"February 2, 2026",True,True,True,True,False,False,text,found in operative 'It is ordered that' section; matched expected keyword for category
LTB-L-067999-25,L1,Order,2026-02-13,M6P,50186.0,arrears,2562.5,pattern_1,19.58,"January 29, 2026",True,True,True,True,False,False,text,found in operative 'It is ordered that' section; matched expected keyword for category
LTB-L-068007-25,L1,Order,2026-03-26,M1L,100.0,ambiguous-max,,,,"October 20, 2025",True,True,False,True,,True,text,"found in operative 'It is ordered that' section; multiple candidate amounts, took max — manual review advised"
LTB-L-068332-25,L1,Amended Order,2026-02-02,L6M,17920.2,arrears,,,,"December 18, 2025",True,True,True,True,False,False,text,found in operative 'It is ordered that' section; matched expected keyword for category
LTB-L-068332-25,L1,Review Order,2026-01-05,L6M,17920.2,arrears,,,,"December 18, 2025",True,True,True,True,False,False,text,found in operative 'It is ordered that' section; matched expected keyword for category
LTB-L-068705-25,L1,Order,2026-04-29,L2V,18089.94,arrears,,,,"October 27, 2025",True,True,True,True,False,False,text,found in operative 'It is ordered that' section; matched expected keyword for category
LTB-L-068730-25,L1,Order,2026-03-06,M6E,3764.66,arrears,715.0,pattern_2,5.27,"February 25, 2026",True,True,False,True,,False,text,found in operative 'It is ordered that' section; matched expected keyword for category
LTB-L-068944-25,L1,Order,2026-02-17,K0E,16849.0,arrears,1975.0,pattern_1,8.53,"January 7, 2026",True,True,True,False,False,False,text,found in operative 'It is ordered that' section; matched expected keyword for category
LTB-L-068985-25,L1,Order,2026-02-02,N9A,6876.0,arrears,1230.0,pattern_1,5.59,"January 22, 2026",True,True,True,False,True,False,text,found in operative 'It is ordered that' section; matched expected keyword for category
LTB-L-069134-25,L1,Review Order,2026-02-02,K0A,,,,,,,False,,,,,False,text,no dollar amount found
LTB-L-069357-25,L1,Order,2026-01-29,K1R,24138.45,arrears,,,,"January 22, 2026",True,True,True,True,False,False,text,found in operative 'It is ordered that' section; matched expected keyword for category
LTB-L-069412-25,L1,Order,2026-02-17,L8H,5436.0,arrears,1350.0,pattern_1,4.03,"January 26, 2026",True,True,False,True,,True,text,found in operative 'It is ordered that' section; matched expected keyword for category
LTB-L-069574-24,L1,Order,2026-05-19,K2P,2243.48,arrears,1571.23,pattern_1,1.43,"October 7, 2025",True,True,True,True,False,False,text,found in operative 'It is ordered that' section; matched expected keyword for category
LTB-L-069889-25,L1,Order,2026-01-21,N6H,,,,,,,False,,,,,False,text,no dollar amount found
LTB-L-070170-25,L1,Review Order,2026-04-21,M1P,,,,,,,False,,,,,False,text,no dollar amount found
LTB-L-070338-25,L1,Review Order,2026-01-08,L9B,,,,,,"December 23, 2025",True,True,True,True,True,True,text,no dollar amount found
LTB-L-070348-25,L1,Order,2026-01-29,L8L,3991.0,arrears,1281.0,pattern_1,3.12,"January 26, 2026",True,True,False,True,,True,text,found in operative 'It is ordered that' section; matched expected keyword for category
LTB-L-070786-25,L1,Order,2026-03-11,M1H,5597.58,other,,,,"March 9, 2026",True,False,True,,False,False,text,"no operative section found, or it had no dollar mentions at all; fell back to full-document search; single candidate amount, no strong keyword match"
LTB-L-070802-25,L1,Order,2026-01-05,N9B,2612.8,arrears,809.5,pattern_2,3.23,"November 5, 2025",True,True,True,True,False,False,text,found in operative 'It is ordered that' section; matched expected keyword for category
LTB-L-070985-25,L1,Order,2026-04-08,P4N,9037.0,arrears,,,,"March 31, 2026",False,,,,,False,text,found in operative 'It is ordered that' section; matched expected keyword for category
LTB-L-071068-25,L1,Review Order,2026-01-22,N3W,,,,,,"January 15, 2026",True,True,False,True,,True,text,no dollar amount found
LTB-L-071326-25,L1,Review Order,2026-01-14,L3C,,,,,,"January 6, 2026",True,True,False,False,,False,text,no dollar amount found
LTB-L-071701-25,L1,Order,2026-01-19,N3S,10948.5,arrears,,,,"January 14, 2026",True,False,True,,False,False,text,found in operative 'It is ordered that' section; matched expected keyword for category
LTB-L-071768-25,L1,Order,2026-05-04,L0A,,,,,,,False,,,,,False,text,no dollar amount found
LTB-L-071793-25,L1,Order,2026-04-14,L4J,4527.44,arrears,2500.0,pattern_2,1.81,"April 9, 2026",True,True,False,True,,True,text,found in operative 'It is ordered that' section; matched expected keyword for category
LTB-L-071800-25,L1,ExParte Order,2026-04-28,L6T,6858.25,other,,,,,False,,,,,False,text,"no operative section found, or it had no dollar mentions at all; fell back to full-document search; single candidate amount, no strong keyword match"
LTB-L-072158-25,L1,Review Order,2026-05-07,M3H,,,,,,"April 7, 2026",True,False,True,,False,False,text,no dollar amount found
LTB-L-072357-25,L1,Review Order,2026-01-08,L4M,,,,,,"December 23, 2025",True,True,True,True,True,True,text,no dollar amount found
LTB-L-072464-25,L1,Order,2026-03-03,L5L,,,,,,"February 26, 2026",True,True,False,False,,True,text,no dollar amount found
LTB-L-072565-25,L1,Order,2026-05-11,N3T,1903.28,arrears,1750.0,pattern_2,1.09,"February 12, 2026",True,True,True,True,False,False,text,found in operative 'It is ordered that' section; matched expected keyword for category
LTB-L-072905-25,L1,Order,2026-01-07,K7K,3015.57,arrears,1122.96,pattern_1,2.69,"November 5, 2025",True,True,True,True,True,False,text,found in operative 'It is ordered that' section; matched expected keyword for category
LTB-L-072967-25,L1,Order,2026-03-05,M2J,,,,,,"January 14, 2026",True,False,True,,False,False,text,no dollar amount found
LTB-L-073089-25,L1,Order,2026-01-09,L2G,3186.64,arrears,958.4,pattern_2,3.32,"November 5, 2025",True,True,False,True,,True,text,found in operative 'It is ordered that' section; matched expected keyword for category
LTB-L-073192-25,L1,Review Order,2026-01-19,L7M,,,,,,"January 14, 2026",True,True,True,False,False,True,text,no dollar amount found
LTB-L-073404-25,L1,Order,2026-01-27,M1M,25400.0,arrears,2300.0,pattern_1,11.04,"December 9, 2025",True,True,True,True,False,False,text,found in operative 'It is ordered that' section; matched expected keyword for category
LTB-L-073413-25,L1,Order,2026-03-31,M8V,10069.4,ambiguous-max,,,,"March 23, 2026",True,True,True,True,False,False,text,"found in operative 'It is ordered that' section; multiple candidate amounts, took max — manual review advised"
LTB-L-073514-25,L1,Review Order,2026-01-30,M5E,,,,,,,False,,,,,True,text,no dollar amount found
LTB-L-074005-25,L1,Order,2026-01-28,M5T,23052.4,arrears,4288.2,pattern_1,5.38,"January 26, 2026",True,True,True,False,False,False,text,found in operative 'It is ordered that' section; matched expected keyword for category
LTB-L-074092-25,L1,Amended Order,2026-03-09,M9C,3602.62,arrears,3295.24,pattern_2,1.09,"November 13, 2025",True,True,True,True,False,False,text,found in operative 'It is ordered that' section; matched expected keyword for category
LTB-L-074335-25,L1,Order,2026-01-14,L1J,6595.2,arrears,2244.4,pattern_1,2.94,"November 19, 2025",True,True,True,True,False,False,text,found in operative 'It is ordered that' section; matched expected keyword for category
LTB-L-074369-25,L1,Order,2026-05-15,M3J,22398.89,arrears,2230.88,pattern_1,10.04,"May 6, 2026",True,True,False,True,,False,text,found in operative 'It is ordered that' section; matched expected keyword for category
LTB-L-074599-25,L1,Review Order,2026-01-30,M4S,44.47,ambiguous-max,,,,"January 27, 2026",True,True,True,True,False,False,text,"no operative section found, or it had no dollar mentions at all; fell back to full-document search; multiple candidate amounts, took max — manual review advised"
LTB-L-074662-25,L1,Order,2026-02-23,L7A,25169.38,arrears,3300.0,pattern_1,7.63,"February 17, 2026",True,True,True,True,False,False,text,found in operative 'It is ordered that' section; matched expected keyword for category
LTB-L-074953-25,L1,Review Order,2026-01-06,M3N,,,,,,,False,,,,,False,text,no dollar amount found
LTB-L-075026-25,L1,Order,2026-01-21,P6C,12186.0,arrears,1000.0,pattern_2,12.19,"November 13, 2025",True,True,True,False,False,False,text,found in operative 'It is ordered that' section; matched expected keyword for category
LTB-L-075190-25,L1,Review Order,2026-04-17,K1N,,,,,,"April 8, 2026",True,True,True,True,False,False,text,no dollar amount found
LTB-L-075241-25,L1,Order,2026-03-09,L3V,,,,,,"February 17, 2026",True,True,True,False,False,False,text,no dollar amount found
LTB-L-075329-23,L1,Order,2026-04-10,M6L,,,,,,"April 1, 2026",True,True,True,True,True,False,text,no dollar amount found
LTB-L-075383-25,L1,Order,2026-03-31,M1S,,,,,,"March 30, 2026",True,True,True,True,False,False,text,no dollar amount found
LTB-L-075422-25,L1,Order,2026-02-23,L8E,15091.0,arrears,,,,"February 17, 2026",True,True,True,False,False,False,text,found in operative 'It is ordered that' section; matched expected keyword for category
LTB-L-075497-25,L1,Order,2026-01-08,K8P,13277.68,arrears,2162.24,pattern_1,6.14,"November 13, 2025",True,True,True,True,False,False,text,found in operative 'It is ordered that' section; matched expected keyword for category
LTB-L-075591-25,L1,Order,2026-02-23,L6X,6503.64,arrears,1500.0,pattern_2,4.34,"February 17, 2026",True,True,False,False,,False,text,found in operative 'It is ordered that' section; matched expected keyword for category
LTB-L-075730-25,L1,Order,2026-01-23,L1X,62239.1,arrears,6205.31,pattern_1,10.03,"January 7, 2026",True,True,True,True,False,False,text,found in operative 'It is ordered that' section; matched expected keyword for category
LTB-L-076000-25,L1,Order,2026-01-16,L8K,22371.02,arrears,900.0,pattern_1,24.86,"November 18, 2025",True,True,True,True,False,False,text,found in operative 'It is ordered that' section; matched expected keyword for category
LTB-L-076102-25,L1,Order,2026-03-23,L1S,9094.01,arrears,1485.0,pattern_2,6.12,"February 18, 2026",True,True,True,True,False,False,text,found in operative 'It is ordered that' section; matched expected keyword for category
LTB-L-076167-25,L1,Review Order,2026-05-21,M9N,12606.43,arrears,1499.22,pattern_1,8.41,"March 18, 2026",True,True,True,True,False,True,text,found in operative 'It is ordered that' section; matched expected keyword for category
LTB-L-076450-25,L1,Order,2026-03-27,M4G,,,,,,"March 26, 2026",True,True,True,True,False,False,text,no dollar amount found
LTB-L-076460-25,L1,Order,2026-01-23,M4Y,10686.0,other,,,,"January 19, 2026",True,False,True,,False,True,text,"no operative section found, or it had no dollar mentions at all; fell back to full-document search; single candidate amount, no strong keyword match"
LTB-L-076536-25,L1,Order,2026-02-04,K1T,,,,,,"January 27, 2026",True,False,True,,False,True,text,no dollar amount found
LTB-L-076639-25,L1,Order,2026-01-23,K2G,5205.0,other,,,,"January 20, 2026",True,True,True,True,False,False,text,"found in operative 'It is ordered that' section; single candidate amount, no strong keyword match"
LTB-L-076732-25,L1,Order,2026-01-12,L4M,3823.75,arrears,1400.0,pattern_1,2.73,"November 19, 2025",True,True,True,True,False,False,text,found in operative 'It is ordered that' section; matched expected keyword for category
LTB-L-076811-25,L1,Order,2026-02-09,L7R,4397.22,arrears,1319.39,pattern_2,3.33,,False,,,,,False,text,found in operative 'It is ordered that' section; matched expected keyword for category
LTB-L-077030-25,L1,Review Order,2026-02-13,M3M,,,,,,"February 9, 2026",True,False,False,,,False,text,no dollar amount found
LTB-L-077299-25,L1,Order,2026-01-09,M4V,10527.5,arrears,2174.16,pattern_1,4.84,"December 4, 2025",True,True,False,True,,True,text,found in operative 'It is ordered that' section; matched expected keyword for category
LTB-L-077307-25,L1,Amended Order,2026-02-05,N5A,11453.0,arrears,,,,"December 8, 2025",False,,,,,False,text,found in operative 'It is ordered that' section; matched expected keyword for category
LTB-L-077487-25,L1,Order,2026-01-22,L4C,10801.0,arrears,,,,"January 12, 2026",False,,,,,False,text,found in operative 'It is ordered that' section; matched expected keyword for category
LTB-L-077594-25,L1,Review Order,2026-02-03,N8T,,,,,,"January 29, 2026",False,,,,,False,text,no dollar amount found
LTB-L-077664-25,L1,Order,2026-01-07,L5A,5497.14,arrears,1770.38,pattern_1,3.11,"December 9, 2025",True,True,False,True,,True,text,found in operative 'It is ordered that' section; matched expected keyword for category
LTB-L-077766-25,L1,Order,2026-01-05,N2M,9510.0,arrears,1679.0,pattern_1,5.66,"November 25, 2025",True,True,True,True,False,False,text,found in operative 'It is ordered that' section; matched expected keyword for category
LTB-L-077790-25,L1,Order,2026-03-06,K0B,6625.12,arrears,1000.0,pattern_2,6.63,"March 5, 2026",True,True,False,False,,True,text,found in operative 'It is ordered that' section; matched expected keyword for category
LTB-L-077843-25,L1,Order,2026-01-13,L2E,9324.72,arrears,1600.0,pattern_1,5.83,"December 8, 2025",True,True,False,True,,True,text,found in operative 'It is ordered that' section; matched expected keyword for category
LTB-L-078095-25,L1,Order,2026-02-04,L5A,6818.64,arrears,1733.53,pattern_1,3.93,"November 24, 2025",True,True,True,True,False,False,text,found in operative 'It is ordered that' section; matched expected keyword for category
LTB-L-078129-25,L1,Amended Order,2026-03-03,N8Y,325.0,other,,,,"February 9, 2026",True,False,True,,False,False,text,"found in operative 'It is ordered that' section; single candidate amount, no strong keyword match"
LTB-L-078133-25,L1,Order,2026-01-06,L3Y,7181.56,arrears,1829.58,pattern_1,3.93,"December 10, 2025",True,True,False,True,,True,text,found in operative 'It is ordered that' section; matched expected keyword for category
LTB-L-078187-25,L1,Order,2026-01-05,L6C,31386.0,arrears,2400.0,pattern_1,13.08,"November 25, 2025",True,True,True,True,False,False,text,found in operative 'It is ordered that' section; matched expected keyword for category
LTB-L-078276-25,L1,Review Order,2026-01-14,L9H,,,,,,"January 6, 2026",True,True,False,False,,True,text,no dollar amount found
LTB-L-078279-25,L1,Order,2026-01-09,M9M,,,,,,"December 9, 2025",False,,,,,True,text,no dollar amount found
LTB-L-078305-25,L1,Amended Order,2026-01-14,N3T,9186.0,arrears,1500.0,pattern_1,6.12,"December 9, 2025",True,True,False,True,,True,text,found in operative 'It is ordered that' section; matched expected keyword for category
LTB-L-078354-25,L1,Order,2026-01-27,M2R,7911.0,arrears,1495.0,pattern_1,5.29,"January 19, 2026",True,True,False,False,,True,text,found in operative 'It is ordered that' section; matched expected keyword for category
LTB-L-078513-25,L1,Order,2026-01-06,N5X,4140.18,arrears,1384.03,pattern_1,2.99,"December 10, 2025",True,True,False,True,,True,text,found in operative 'It is ordered that' section; matched expected keyword for category
LTB-L-078541-25,L1,Review Order,2026-03-30,K1Y,9785.0,arrears,,,,"March 23, 2026",True,True,True,True,False,False,text,found in operative 'It is ordered that' section; matched expected keyword for category
LTB-L-078588-25,L1,Order,2026-04-23,M9M,4771.73,arrears,900.0,pattern_2,5.3,"February 13, 2026",True,True,True,True,False,False,text,found in operative 'It is ordered that' section; matched expected keyword for category
LTB-L-078664-25,L1,Order,2026-01-06,M3A,12271.6,arrears,,,,"December 10, 2025",False,,,,,False,text,found in operative 'It is ordered that' section; matched expected keyword for category
LTB-L-078665-25,L1,Order,2026-01-07,N8T,,,,,,"December 4, 2025",True,True,False,True,,True,text,no dollar amount found
LTB-L-078730-25,L1,Review Order,2026-03-10,L2M,,,,,,,False,,,,,False,text,no dollar amount found
LTB-L-078770-25,L1,Order,2026-05-15,K7M,1395.46,arrears,1220.57,pattern_1,1.14,"May 7, 2026",False,,,,,False,text,found in operative 'It is ordered that' section; matched expected keyword for category
LTB-L-078782-25,L1,Review Order,2026-02-09,M2J,12527.41,arrears,1790.62,pattern_1,7.0,"December 9, 2025",True,True,False,True,,True,text,found in operative 'It is ordered that' section; matched expected keyword for category
LTB-L-078821-25,L1,Order,2026-01-05,M3N,217.8,arrears,1370.48,pattern_2,0.16,,False,,,,,False,text,found in operative 'It is ordered that' section; matched expected keyword for category
LTB-L-078955-25,L1,Order,2026-01-07,M4Y,14948.29,arrears,2763.31,pattern_1,5.41,"December 10, 2025",True,True,False,True,,True,text,found in operative 'It is ordered that' section; matched expected keyword for category
LTB-L-078990-25,L1,Order,2026-02-20,L8M,15486.0,arrears,800.0,pattern_1,19.36,"February 12, 2026",True,True,False,True,,True,text,found in operative 'It is ordered that' section; matched expected keyword for category
LTB-L-079040-25,L1,Order,2026-03-06,K2B,567.37,arrears,,,,"February 26, 2026",True,True,True,True,False,False,text,found in operative 'It is ordered that' section; matched expected keyword for category
LTB-L-079048-25,L1,Order,2026-01-22,L9G,750.0,ambiguous-max,1250.0,pattern_1,0.6,"January 7, 2026",True,True,True,True,False,False,text,"found in operative 'It is ordered that' section; multiple candidate amounts, took max — manual review advised"
LTB-L-079169-25,L1,Order,2026-01-09,L6M,,,,,,"December 22, 2025",True,True,True,False,False,False,text,no dollar amount found
LTB-L-079178-25,L1,Order,2026-04-23,K6H,,,,,,"April 20, 2026",False,,,,,True,text,no dollar amount found
LTB-L-079202-25,L1,Review Order,2026-02-09,N5A,,,,,,"February 5, 2026",True,True,True,True,True,False,text,no dollar amount found
LTB-L-079256-25,L1,Order,2026-01-07,M9M,9642.31,arrears,2500.0,pattern_1,3.86,"December 4, 2025",True,True,False,True,,True,text,found in operative 'It is ordered that' section; matched expected keyword for category
LTB-L-079277-25,L1,Order,2026-01-08,L1G,1233.14,stated_total,1233.14,pattern_1,1.0,"December 9, 2025",True,True,True,True,False,False,text,"no operative section found, or it had no dollar mentions at all; fell back to full-document search; explicit stated-total phrasing (""...is \$X"")"
LTB-L-079283-25,L1,Order,2026-03-03,M6M,19781.56,arrears,2500.0,pattern_1,7.91,"February 26, 2026",True,True,False,False,,True,text,found in operative 'It is ordered that' section; matched expected keyword for category
LTB-L-079293-25,L1,Amended Order,2026-01-13,L8E,389.0,arrears,,,,"December 2, 2025",True,True,True,True,False,False,text,found in operative 'It is ordered that' section; matched expected keyword for category
LTB-L-079357-25,L1,Review Order,2026-02-26,L1G,,,,,,"December 9, 2025",True,False,True,,True,False,text,no dollar amount found
LTB-L-079357-25,L1,Order,2026-01-06,L1G,,,,,,"December 9, 2025",True,False,True,,True,False,text,no dollar amount found
LTB-L-079442-25,L1,Review Order,2026-03-18,M4Y,,,,,,"December 9, 2025",False,,,,,True,text,no dollar amount found
LTB-L-079471-25,L1,Order,2026-03-09,L1K,17750.46,arrears,2700.0,pattern_1,6.57,"February 26, 2026",True,False,True,,False,False,text,found in operative 'It is ordered that' section; matched expected keyword for category
LTB-L-079505-25,L1,Order,2026-03-11,N2R,24628.17,arrears,3000.0,pattern_1,8.21,"March 3, 2026",True,True,True,True,False,False,text,found in operative 'It is ordered that' section; matched expected keyword for category
LTB-L-079605-25,L1,Review Order,2026-02-25,M1G,,,,,,"December 3, 2025",True,True,False,True,,True,text,no dollar amount found
LTB-L-079647-25,L1,Review Order,2026-02-12,L3W,,,,,,"February 10, 2026",True,True,True,True,False,False,text,no dollar amount found
LTB-L-079647-25,L1,Order,2026-01-05,L3W,,,,,,"February 10, 2026",True,True,True,True,False,False,text,no dollar amount found
LTB-L-079778-25,L1,Order,2026-01-08,L9T,6366.91,arrears,3003.25,pattern_1,2.12,"December 4, 2025",True,True,False,True,,True,text,found in operative 'It is ordered that' section; matched expected keyword for category
LTB-L-080003-25,L1,Order,2026-01-06,M9N,2287.96,arrears,,,,"December 16, 2025",False,,,,,False,text,found in operative 'It is ordered that' section; matched expected keyword for category
LTB-L-080086-25,L1,Order,2026-01-07,K7K,2299.3,arrears,1009.15,pattern_1,2.28,"December 17, 2025",False,,,,,False,text,found in operative 'It is ordered that' section; matched expected keyword for category
LTB-L-080162-25,L1,Order,2026-01-05,L6Y,5790.8,arrears,1063.0,pattern_1,5.45,"December 8, 2025",True,True,False,True,,True,text,found in operative 'It is ordered that' section; matched expected keyword for category
LTB-L-080293-25,L1,Amended Order,2026-01-16,M8W,5062.1,arrears,,,,"December 3, 2025",False,,,,,False,text,found in operative 'It is ordered that' section; matched expected keyword for category
LTB-L-080339-25,L1,Review Order,2026-02-06,L0S,11636.98,arrears,1800.0,pattern_1,6.46,"January 28, 2026",True,True,True,True,False,False,text,found in operative 'It is ordered that' section; matched expected keyword for category
LTB-L-080396-25,L1,Order,2026-01-07,M1K,10088.88,arrears,,,,"December 17, 2025",True,True,True,True,False,False,text,found in operative 'It is ordered that' section; matched expected keyword for category
LTB-L-080401-25,L1,Review Order,2026-02-02,N6K,,,,,,"January 29, 2026",True,False,True,,False,True,text,no dollar amount found
LTB-L-080493-25,L1,Review Order,2026-01-12,M5T,,,,,,,True,False,True,,False,False,text,no dollar amount found
LTB-L-080498-25,L1,Order,2026-01-08,M1J,3412.06,arrears,1456.88,pattern_2,2.34,,True,True,True,True,False,False,text,found in operative 'It is ordered that' section; matched expected keyword for category
LTB-L-080596-25,L1,Review Order,2026-01-14,N6H,,,,,,"January 7, 2026",True,True,True,False,False,False,text,no dollar amount found
LTB-L-080626-25,L1,Order,2026-01-07,M9N,757.55,arrears,,,,,False,,,,,False,text,found in operative 'It is ordered that' section; matched expected keyword for category
LTB-L-080628-25,L1,Review Order,2026-01-15,L8M,10000.0,arrears,,,,"January 7, 2026",True,True,True,False,False,True,text,"no operative section found, or it had no dollar mentions at all; fell back to full-document search; matched expected keyword for category"
LTB-L-080632-25,L1,Review Order,2026-02-02,M2M,,,,,,"January 28, 2026",True,True,True,True,False,False,text,no dollar amount found
LTB-L-080711-25,L1,Order,2026-03-12,L4Y,2471.0,arrears,2350.0,pattern_1,1.05,"March 5, 2026",True,False,False,,,True,text,found in operative 'It is ordered that' section; matched expected keyword for category
LTB-L-080718-25,L1,Review Order,2026-01-06,M1S,,,,,,,False,,,,,True,text,no dollar amount found
LTB-L-080723-25,L1,Order,2026-05-05,N4K,14069.58,arrears,1941.88,pattern_2,7.25,"April 30, 2026",True,True,False,True,,True,text,found in operative 'It is ordered that' section; matched expected keyword for category
LTB-L-080749-25,L1,Order,2026-01-09,N7L,2109.91,arrears,902.38,pattern_1,2.34,"December 4, 2025",True,True,False,True,,True,text,found in operative 'It is ordered that' section; matched expected keyword for category
LTB-L-080768-25,L1,Order,2026-02-05,P4N,12886.0,arrears,900.0,pattern_1,14.32,"January 15, 2026",True,True,True,True,False,False,text,found in operative 'It is ordered that' section; matched expected keyword for category
LTB-L-080772-25,L1,Order,2026-01-05,N7L,4996.2,arrears,1465.32,pattern_1,3.41,"December 4, 2025",True,True,False,True,,True,text,found in operative 'It is ordered that' section; matched expected keyword for category
LTB-L-080795-25,L1,Order,2026-01-07,M6H,299.95,arrears,2818.75,pattern_2,0.11,"December 8, 2025",True,True,True,True,False,False,text,found in operative 'It is ordered that' section; matched expected keyword for category
LTB-L-080846-25,L1,Order,2026-01-07,L4R,,,1841.09,pattern_1,,"December 10, 2025",False,,,,,False,text,operative section found but contained only fee/rate/boilerplate amounts — likely no lump sum ordered
LTB-L-080865-25,L1,Review Order,2026-02-05,N4K,,,,,,,False,,,,,False,text,no dollar amount found
LTB-L-080869-25,L1,Order,2026-04-17,L6P,23400.0,arrears,1800.0,pattern_1,13.0,"April 13, 2026",True,True,False,False,,True,text,found in operative 'It is ordered that' section; matched expected keyword for category
LTB-L-080871-25,L1,Order,2026-02-05,L1C,43385.57,arrears,3200.0,pattern_1,13.56,"December 8, 2025",True,False,True,,False,False,text,found in operative 'It is ordered that' section; matched expected keyword for category
LTB-L-080873-25,L1,Order,2026-01-06,M9W,6071.23,arrears,1884.55,pattern_1,3.22,"December 4, 2025",True,True,True,True,False,False,text,found in operative 'It is ordered that' section; matched expected keyword for category
LTB-L-080909-25,L1,Review Order,2026-02-27,K1S,,,,,,"February 25, 2026",True,True,False,True,,True,text,no dollar amount found
LTB-L-080909-25,L1,Order,2026-01-05,K1S,,,,,,"February 25, 2026",True,True,False,True,,True,text,no dollar amount found
LTB-L-080981-25,L1,Review Order,2026-03-16,M9A,,,,,,"February 11, 2026",True,True,False,True,,True,text,no dollar amount found
LTB-L-080984-25,L1,Order,2026-01-22,M1R,5629.8,arrears,1360.95,pattern_1,4.14,"December 16, 2025",True,True,True,True,False,True,text,found in operative 'It is ordered that' section; matched expected keyword for category
LTB-L-081062-25,L1,Order,2026-01-05,L0E,10486.0,arrears,3150.0,pattern_1,3.33,"December 8, 2025",True,True,False,True,,True,text,found in operative 'It is ordered that' section; matched expected keyword for category
LTB-L-081085-25,L1,Order,2026-01-07,M9N,2126.16,arrears,1270.76,pattern_1,1.67,"December 22, 2025",True,True,False,True,,True,text,found in operative 'It is ordered that' section; matched expected keyword for category
LTB-L-081120-25,L1,Order,2026-01-09,M1R,4502.25,arrears,1014.6,pattern_1,4.44,"December 8, 2025",True,True,True,True,False,False,text,found in operative 'It is ordered that' section; matched expected keyword for category
LTB-L-081125-25,L1,Order,2026-01-07,L5G,1970.11,arrears,1624.27,pattern_1,1.21,"December 18, 2025",False,,,,,False,text,found in operative 'It is ordered that' section; matched expected keyword for category
LTB-L-081147-25,L1,Order,2026-01-08,M2R,,,,,,"December 18, 2025",True,True,True,True,False,False,text,no dollar amount found
LTB-L-081161-25,L1,Order,2026-01-05,M5A,9184.96,arrears,2381.57,pattern_2,3.86,"December 18, 2025",True,True,True,True,False,False,text,found in operative 'It is ordered that' section; matched expected keyword for category
LTB-L-081169-25,L1,Order,2026-01-09,M5A,3697.0,arrears,1727.5,pattern_1,2.14,"December 17, 2025",True,True,False,True,,True,text,found in operative 'It is ordered that' section; matched expected keyword for category
LTB-L-081202-25,L1,Order,2026-01-07,L4M,6995.79,arrears,3000.0,pattern_1,2.33,"December 9, 2025",True,False,False,,,True,text,found in operative 'It is ordered that' section; matched expected keyword for category
LTB-L-081263-25,L1,Review Order,2026-01-27,L0R,12461.4,arrears,2045.9,pattern_1,6.09,"January 22, 2026",True,True,True,False,False,False,text,found in operative 'It is ordered that' section; matched expected keyword for category
LTB-L-081270-25,L1,Order,2026-01-09,K1G,3983.84,arrears,1738.24,pattern_1,2.29,"December 8, 2025",True,True,False,True,,True,text,found in operative 'It is ordered that' section; matched expected keyword for category
LTB-L-081302-25,L1,Order,2026-02-23,M4B,17736.0,arrears,2700.0,pattern_1,6.57,"January 14, 2026",True,True,True,True,False,False,text,found in operative 'It is ordered that' section; matched expected keyword for category
LTB-L-081329-25,L1,Review Order,2026-04-10,M9N,,,,,,"March 23, 2026",False,,,,,True,text,no dollar amount found
LTB-L-081341-25,L1,Order,2026-02-02,L8W,,,,,,,True,True,True,False,False,False,text,operative section found but contained only fee/rate/boilerplate amounts — likely no lump sum ordered
LTB-L-081356-25,L1,Order,2026-01-07,M2J,15943.31,arrears,1961.7,pattern_1,8.13,"December 16, 2025",True,True,False,True,,True,text,found in operative 'It is ordered that' section; matched expected keyword for category
LTB-L-081399-25,L1,Order,2026-01-09,L1K,17707.9,arrears,3840.0,pattern_1,4.61,"December 10, 2025",True,True,True,False,False,False,text,found in operative 'It is ordered that' section; matched expected keyword for category
LTB-L-081410-25,L1,Order,2026-01-09,K0A,946.0,arrears,236.0,pattern_1,4.01,"December 22, 2025",True,True,False,True,,True,text,found in operative 'It is ordered that' section; matched expected keyword for category
LTB-L-081448-25,L1,Order,2026-03-12,P7B,8052.15,arrears,1029.0,pattern_1,7.83,"March 5, 2026",True,True,False,True,,True,text,found in operative 'It is ordered that' section; matched expected keyword for category
LTB-L-081461-25,L1,Order,2026-01-05,L1J,22172.3,arrears,3000.0,pattern_1,7.39,"December 10, 2025",True,True,False,True,,True,text,found in operative 'It is ordered that' section; matched expected keyword for category
LTB-L-081528-25,L1,Order,2026-01-08,N1R,186.0,arrears,,,,,False,,,,,False,text,found in operative 'It is ordered that' section; matched expected keyword for category
LTB-L-081554-25,L1,Order,2026-05-19,P7E,5862.91,arrears,1428.23,pattern_1,4.11,"May 11, 2026",True,True,False,True,,True,text,found in operative 'It is ordered that' section; matched expected keyword for category
LTB-L-081563-25,L1,Order,2026-05-26,N3H,,,,,,"May 11, 2026",False,,,,,True,text,no dollar amount found
LTB-L-081597-25,L1,Order,2026-01-08,K0H,7186.0,arrears,3000.0,pattern_1,2.4,"December 22, 2025",True,True,True,True,False,False,text,found in operative 'It is ordered that' section; matched expected keyword for category
LTB-L-081611-25,L1,Order,2026-01-05,L6T,4383.52,arrears,1663.14,pattern_1,2.64,"December 22, 2025",True,True,False,True,,True,text,found in operative 'It is ordered that' section; matched expected keyword for category
LTB-L-081626-25,L1,Order,2026-01-07,N9A,6378.2,arrears,457.0,pattern_1,13.96,"December 10, 2025",True,True,False,True,,True,text,found in operative 'It is ordered that' section; matched expected keyword for category
LTB-L-081626-25,L1,Review Order,2026-03-11,N9A,6378.2,arrears,457.0,pattern_1,13.96,"December 10, 2025",True,True,False,True,,True,text,found in operative 'It is ordered that' section; matched expected keyword for category
LTB-L-081684-24,L1,Order,2026-01-27,K6H,7129.07,arrears,1607.45,pattern_2,4.44,"January 22, 2026",True,True,True,True,False,False,text,found in operative 'It is ordered that' section; matched expected keyword for category
LTB-L-081716-25,L1,Order,2026-01-07,L5B,4053.09,arrears,2125.55,pattern_1,1.91,"December 9, 2025",True,True,False,True,,True,text,found in operative 'It is ordered that' section; matched expected keyword for category
LTB-L-081722-25,L1,Order,2026-01-05,L5B,,,,,,"December 9, 2025",True,True,True,True,True,False,text,no dollar amount found
LTB-L-081736-25,L1,Order,2026-01-07,L6T,2272.23,stated_total,,,,,False,,,,,False,text,"no operative section found, or it had no dollar mentions at all; fell back to full-document search; explicit stated-total phrasing (""...is \$X"")"
LTB-L-081737-25,L1,Order,2026-01-08,L6T,7644.3,arrears,1550.7,pattern_1,4.93,"December 22, 2025",True,True,False,True,,True,text,found in operative 'It is ordered that' section; matched expected keyword for category
LTB-L-081738-25,L1,Order,2026-01-08,L6T,,,,,,"December 22, 2025",True,True,True,True,False,False,text,no dollar amount found
LTB-L-081759-25,L1,Order,2026-03-05,P0T,,,,,,,False,,,,,False,text,no dollar amount found
LTB-L-081770-25,L1,Order,2026-02-13,P0T,,,,,,"February 9, 2026",True,True,False,True,,True,text,no dollar amount found
LTB-L-081774-25,L1,Order,2026-03-17,N8W,7675.68,arrears,2400.0,pattern_1,3.2,"January 7, 2026",True,True,False,False,,True,text,found in operative 'It is ordered that' section; matched expected keyword for category
LTB-L-081912-25,L1,Order,2026-01-12,M6K,13234.0,arrears,1749.0,pattern_1,7.57,"January 6, 2026",True,True,False,True,,True,text,found in operative 'It is ordered that' section; matched expected keyword for category
LTB-L-081916-25,L1,Order,2026-01-07,M3A,3067.52,arrears,1440.78,pattern_1,2.13,"December 18, 2025",True,True,False,True,,True,text,found in operative 'It is ordered that' section; matched expected keyword for category
LTB-L-081926-25,L1,Order,2026-03-06,K1Y,15127.0,arrears,1238.0,pattern_1,12.22,"February 24, 2026",True,True,False,True,,True,text,found in operative 'It is ordered that' section; matched expected keyword for category
LTB-L-081926-25,L1,Order,2026-03-06,K1Y,15127.0,arrears,1238.0,pattern_1,12.22,"February 24, 2026",True,True,False,True,,True,text,found in operative 'It is ordered that' section; matched expected keyword for category
LTB-L-081939-25,L1,Order,2026-02-13,M3J,,,,,,"February 9, 2026",False,,,,,True,text,no dollar amount found
LTB-L-081963-25,L1,Order,2026-01-06,L4G,3586.0,arrears,,,,"December 11, 2025",False,,,,,False,text,found in operative 'It is ordered that' section; matched expected keyword for category
LTB-L-081967-25,L1,Order,2026-01-08,M1T,2502.47,arrears,2261.33,pattern_1,1.11,"December 18, 2025",True,True,False,True,,True,text,found in operative 'It is ordered that' section; matched expected keyword for category
LTB-L-081968-25,L1,Order,2026-01-08,K6V,3838.3,arrears,1792.72,pattern_2,2.14,"December 22, 2025",True,True,False,True,,True,text,found in operative 'It is ordered that' section; matched expected keyword for category
LTB-L-081973-25,L1,Order,2026-01-15,M3J,2683.91,arrears,1839.5,pattern_1,1.46,,False,,,,,False,text,found in operative 'It is ordered that' section; matched expected keyword for category
LTB-L-081998-25,L1,Order,2026-01-15,M3J,4875.72,arrears,1705.08,pattern_1,2.86,,False,,,,,False,text,found in operative 'It is ordered that' section; matched expected keyword for category
LTB-L-082002-25,L1,Order,2026-01-05,M3C,1456.2,arrears,1269.6,pattern_1,1.15,,False,,,,,False,text,found in operative 'It is ordered that' section; matched expected keyword for category
LTB-L-082014-25,L1,Order,2026-01-15,M3J,6111.95,arrears,1160.85,pattern_1,5.27,,False,,,,,False,text,found in operative 'It is ordered that' section; matched expected keyword for category
LTB-L-082040-25,L1,Order,2026-01-09,M2J,7358.07,arrears,,,,,False,,,,,False,text,"no operative section found, or it had no dollar mentions at all; fell back to full-document search; matched expected keyword for category"
LTB-L-082184-25,L1,Order,2026-01-13,M9A,10829.06,arrears,1488.79,pattern_1,7.27,"January 5, 2026",True,True,False,True,,True,text,found in operative 'It is ordered that' section; matched expected keyword for category
LTB-L-082192-25,L1,Order,2026-01-05,N2L,1970.92,arrears,1815.0,pattern_2,1.09,"December 17, 2025",True,True,False,True,,True,text,found in operative 'It is ordered that' section; matched expected keyword for category
LTB-L-082207-25,L1,Order,2026-02-19,M1P,10863.61,arrears,1835.93,pattern_1,5.92,"February 12, 2026",True,True,False,True,,False,text,found in operative 'It is ordered that' section; matched expected keyword for category
LTB-L-082210-25,L1,Order,2026-01-09,M3M,8478.88,arrears,1476.82,pattern_1,5.74,,False,,,,,False,text,found in operative 'It is ordered that' section; matched expected keyword for category
LTB-L-082245-25,L1,Order,2026-01-07,M1W,6245.74,arrears,2798.25,pattern_2,2.23,"December 15, 2025",True,True,False,True,,True,text,found in operative 'It is ordered that' section; matched expected keyword for category
LTB-L-082260-25,L1,Order,2026-01-16,L4R,11490.6,arrears,2400.0,pattern_1,4.79,,False,,,,,False,text,found in operative 'It is ordered that' section; matched expected keyword for category
LTB-L-082273-25,L1,Order,2026-01-13,M4K,202.58,arrears,2043.38,pattern_2,0.1,"January 6, 2026",True,True,False,True,,True,text,found in operative 'It is ordered that' section; matched expected keyword for category
LTB-L-082342-25,L1,Order,2026-01-05,L1G,5776.23,arrears,1302.31,pattern_1,4.44,"December 22, 2025",True,True,False,True,,True,text,found in operative 'It is ordered that' section; matched expected keyword for category
LTB-L-082390-25,L1,Order,2026-01-09,K9J,4890.47,arrears,1561.49,pattern_1,3.13,"December 22, 2025",True,True,False,True,,True,text,found in operative 'It is ordered that' section; matched expected keyword for category
LTB-L-082398-25,L1,Order,2026-01-08,M1L,,,,,,"December 22, 2025",True,True,False,True,,True,text,no dollar amount found
LTB-L-082462-25,L1,Order,2026-01-12,L7L,806.0,arrears,,,,"December 22, 2025",False,,,,,False,text,found in operative 'It is ordered that' section; matched expected keyword for category
LTB-L-082505-25,L1,Order,2026-01-07,M4Y,24367.66,arrears,1930.75,pattern_1,12.62,"December 22, 2025",True,True,False,True,,True,text,found in operative 'It is ordered that' section; matched expected keyword for category
LTB-L-082506-25,L1,Order,2026-01-07,M4Y,9773.73,arrears,1471.23,pattern_1,6.64,,False,,,,,False,text,found in operative 'It is ordered that' section; matched expected keyword for category
LTB-L-082531-23,L1,Order,2026-03-23,M4Y,7700.0,arrears,,,,,True,True,True,False,False,False,text,found in operative 'It is ordered that' section; matched expected keyword for category
LTB-L-082601-25,L1,Order,2026-03-16,M6H,38361.0,arrears,,,,"March 5, 2026",False,,,,,False,text,found in operative 'It is ordered that' section; matched expected keyword for category
LTB-L-082617-25,L1,Order,2026-01-08,M1K,6849.76,arrears,,,,"December 22, 2025",False,,,,,False,text,found in operative 'It is ordered that' section; matched expected keyword for category
LTB-L-082626-25,L1,Order,2026-01-07,K1G,12378.4,arrears,1466.0,pattern_1,8.44,"December 22, 2025",True,True,False,True,,True,text,found in operative 'It is ordered that' section; matched expected keyword for category
LTB-L-082687-25,L1,Order,2026-01-08,L4M,6030.15,arrears,800.0,pattern_1,7.54,"December 10, 2025",True,True,False,True,,True,text,found in operative 'It is ordered that' section; matched expected keyword for category
LTB-L-082712-25,L1,Order,2026-04-27,L6A,50886.0,arrears,5300.0,pattern_1,9.6,"April 16, 2026",True,True,False,True,,True,text,found in operative 'It is ordered that' section; matched expected keyword for category
LTB-L-082912-25,L1,Order,2026-01-05,K1K,6284.96,arrears,1000.0,pattern_1,6.28,"December 17, 2025",True,True,False,True,,True,text,found in operative 'It is ordered that' section; matched expected keyword for category
LTB-L-082943-25,L1,Order,2026-01-13,M3A,28309.52,arrears,2306.25,pattern_1,12.28,"January 8, 2026",True,True,False,True,,True,text,found in operative 'It is ordered that' section; matched expected keyword for category
LTB-L-082963-25,L1,Amended Order,2026-01-13,K1R,3451.0,arrears,,,,"December 16, 2025",False,,,,,False,text,found in operative 'It is ordered that' section; matched expected keyword for category
LTB-L-082976-25,L1,Order,2026-01-07,P2A,1836.52,arrears,640.0,pattern_2,2.87,"December 15, 2025",True,True,False,True,,True,text,found in operative 'It is ordered that' section; matched expected keyword for category
LTB-L-082990-25,L1,Order,2026-01-23,K2A,,,,,,"January 19, 2026",True,True,False,True,,True,text,no dollar amount found
LTB-L-083030-25,L1,Order,2026-01-09,M3N,3386.96,arrears,,,,"December 18, 2025",False,,,,,False,text,found in operative 'It is ordered that' section; matched expected keyword for category
LTB-L-083055-25,L1,Order,2026-01-07,N3T,7736.0,arrears,,,,"December 18, 2025",False,,,,,False,text,found in operative 'It is ordered that' section; matched expected keyword for category
LTB-L-083069-25,L1,Order,2026-01-09,L1R,1113.0,arrears,333.0,pattern_1,3.34,"December 17, 2025",True,True,False,True,,True,text,found in operative 'It is ordered that' section; matched expected keyword for category
LTB-L-083075-25,L1,Order,2026-01-07,L3V,6594.18,arrears,2500.0,pattern_1,2.64,"December 22, 2025",True,True,True,True,False,False,text,found in operative 'It is ordered that' section; matched expected keyword for category
LTB-L-083199-25,L1,Order,2026-01-16,K1R,8106.76,arrears,600.0,pattern_1,13.51,"January 7, 2026",True,True,False,False,,True,text,found in operative 'It is ordered that' section; matched expected keyword for category
LTB-L-083201-25,L1,Order,2026-01-05,M2J,4037.89,arrears,1399.5,pattern_1,2.89,"December 18, 2025",True,True,True,True,True,False,text,found in operative 'It is ordered that' section; matched expected keyword for category
LTB-L-083215-25,L1,Order,2026-01-07,L4T,,,,,,"December 17, 2025",True,True,False,False,,True,text,no dollar amount found
LTB-L-083230-25,L1,Order,2026-01-20,N7W,,,,,,,False,,,,,False,text,no dollar amount found
LTB-L-083238-25,L1,Order,2026-05-07,K9J,12786.0,arrears,1300.0,pattern_1,9.84,"April 30, 2026",True,True,False,True,,True,text,found in operative 'It is ordered that' section; matched expected keyword for category
LTB-L-083246-25,L1,ExParte Order,2026-01-28,L5G,9311.0,other,,,,,False,,,,,False,text,"no operative section found, or it had no dollar mentions at all; fell back to full-document search; single candidate amount, no strong keyword match"
LTB-L-083272-25,L1,Order,2026-01-19,K2K,1978.79,arrears,1589.24,pattern_1,1.25,"January 12, 2026",True,True,True,True,False,False,text,found in operative 'It is ordered that' section; matched expected keyword for category
LTB-L-083314-25,L1,Order,2026-01-20,M3L,922.94,arrears,1295.1,pattern_2,0.71,"January 7, 2026",False,,,,,False,text,found in operative 'It is ordered that' section; matched expected keyword for category
LTB-L-083347-25,L1,Order,2026-01-15,M1J,199.68,arrears,1562.1,pattern_1,0.13,"January 8, 2026",True,True,False,True,,True,text,found in operative 'It is ordered that' section; matched expected keyword for category
LTB-L-083379-25,L1,Order,2026-01-09,K1Z,3026.23,arrears,,,,"December 16, 2025",False,,,,,False,text,found in operative 'It is ordered that' section; matched expected keyword for category
LTB-L-083387-25,L1,Order,2026-01-15,L6W,,,,,,"January 6, 2026",True,True,True,True,False,False,text,no dollar amount found
LTB-L-083397-25,L1,Order,2026-01-15,L8K,,,,,,"January 6, 2026",True,False,True,,False,False,text,no dollar amount found
LTB-L-083465-25,L1,Order,2026-01-07,K1Z,379.31,arrears,1721.93,pattern_2,0.22,,True,True,True,True,False,False,text,found in operative 'It is ordered that' section; matched expected keyword for category
LTB-L-083471-25,L1,ExParte Order,2026-01-06,M9V,,,,,,,False,,,,,False,text,no dollar amount found
LTB-L-083473-25,L1,Order,2026-01-13,M6L,12547.56,arrears,,,,"January 7, 2026",True,True,True,True,False,False,text,found in operative 'It is ordered that' section; matched expected keyword for category
LTB-L-083482-25,L1,Order,2026-01-12,M4B,,,,,,"January 8, 2026",True,True,False,True,,True,text,no dollar amount found
LTB-L-083487-25,L1,Order,2026-01-07,K2C,1181.0,arrears,,,,,False,,,,,False,text,found in operative 'It is ordered that' section; matched expected keyword for category
LTB-L-083512-25,L1,Order,2026-01-12,M5B,5259.0,arrears,,,,,False,,,,,False,text,found in operative 'It is ordered that' section; matched expected keyword for category
LTB-L-083514-25,L1,Order,2026-01-13,K0L,1041.0,arrears,,,,"January 6, 2026",False,,,,,False,text,found in operative 'It is ordered that' section; matched expected keyword for category
LTB-L-083577-25,L1,Order,2026-01-14,M4G,39691.0,arrears,4385.0,pattern_1,9.05,"January 5, 2026",True,True,True,True,False,False,text,found in operative 'It is ordered that' section; matched expected keyword for category
LTB-L-083617-25,L1,Order,2026-01-30,M8Y,,,,,,,False,,,,,False,text,no dollar amount found
LTB-L-083657-25,L1,Order,2026-01-08,M9P,6180.21,arrears,1980.21,pattern_1,3.12,"December 17, 2025",True,True,False,True,,True,text,found in operative 'It is ordered that' section; matched expected keyword for category
LTB-L-083658-25,L1,Order,2026-01-08,M9P,1052.56,arrears,,,,"December 17, 2025",False,,,,,False,text,found in operative 'It is ordered that' section; matched expected keyword for category
LTB-L-083679-25,L1,Order,2026-01-09,M4V,,,,,,"December 22, 2025",True,True,False,True,,True,text,no dollar amount found
LTB-L-083685-25,L1,Order,2026-01-07,L1G,3057.71,arrears,1896.25,pattern_1,1.61,"December 16, 2025",False,,,,,False,text,found in operative 'It is ordered that' section; matched expected keyword for category
LTB-L-083702-25,L1,Order,2026-01-06,N1R,4131.0,arrears,1315.0,pattern_1,3.14,"December 17, 2025",False,,,,,False,text,found in operative 'It is ordered that' section; matched expected keyword for category
LTB-L-083712-25,L1,Order,2026-01-12,M2R,10118.0,arrears,2706.0,pattern_1,3.74,"January 5, 2026",True,True,False,True,,True,text,found in operative 'It is ordered that' section; matched expected keyword for category
LTB-L-083719-25,L1,Order,2026-01-09,N3R,5956.55,arrears,1852.64,pattern_1,3.22,"January 5, 2026",True,True,False,True,,True,text,found in operative 'It is ordered that' section; matched expected keyword for category
LTB-L-083738-25,L1,Order,2026-01-15,M6A,1686.3,other,1500.3,pattern_1,1.12,,False,,,,,False,text,"found in operative 'It is ordered that' section; single candidate amount, no strong keyword match"
LTB-L-083750-25,L1,Order,2026-01-09,M5V,,,,,,,True,True,False,True,,True,text,operative section found but contained only fee/rate/boilerplate amounts — likely no lump sum ordered
LTB-L-083757-25,L1,Order,2026-01-08,M3A,6856.55,arrears,1684.11,pattern_1,4.07,"December 22, 2025",True,True,False,True,,True,text,found in operative 'It is ordered that' section; matched expected keyword for category
LTB-L-083784-25,L1,Order,2026-01-13,M6H,7088.45,arrears,1720.49,pattern_1,4.12,,True,True,True,True,False,False,text,found in operative 'It is ordered that' section; matched expected keyword for category
LTB-L-083862-25,L1,Order,2026-01-12,L1H,5789.02,arrears,1749.0,pattern_1,3.31,"January 7, 2026",True,True,False,True,,True,text,found in operative 'It is ordered that' section; matched expected keyword for category
LTB-L-083880-25,L1,Order,2026-01-23,L1J,4960.81,arrears,1581.64,pattern_1,3.14,"January 7, 2026",True,True,True,True,False,False,text,found in operative 'It is ordered that' section; matched expected keyword for category
LTB-L-083900-25,L1,Order,2026-01-16,M3C,6338.0,arrears,1678.59,pattern_1,3.78,"January 8, 2026",False,,,,,False,text,found in operative 'It is ordered that' section; matched expected keyword for category
LTB-L-083906-25,L1,Order,2026-01-14,M3C,1341.95,arrears,1405.31,pattern_1,0.95,"January 8, 2026",False,,,,,False,text,found in operative 'It is ordered that' section; matched expected keyword for category
LTB-L-083924-25,L1,Order,2026-01-06,K2A,,,,,,"December 18, 2025",True,True,True,True,False,False,text,no dollar amount found
LTB-L-083930-25,L1,Order,2026-01-09,N5C,28261.64,arrears,3200.0,pattern_1,8.83,"December 16, 2025",False,,,,,False,text,found in operative 'It is ordered that' section; matched expected keyword for category
LTB-L-083964-25,L1,Order,2026-01-13,M3C,,,,,,"January 8, 2026",True,True,False,True,,True,text,no dollar amount found
LTB-L-083968-25,L1,ExParte Order,2026-03-30,K1V,1000.0,stated_total,1000.0,pattern_3,1.0,,False,,,,,False,text,"no operative section found, or it had no dollar mentions at all; fell back to full-document search; explicit stated-total phrasing (""...is \$X"")"
LTB-L-083970-25,L1,Review Order,2026-03-05,L6M,21739.0,arrears,,,,"January 29, 2026",True,True,True,False,False,False,text,found in operative 'It is ordered that' section; matched expected keyword for category
LTB-L-083987-25,L1,Order,2026-01-15,M3N,2690.94,arrears,,,,"January 8, 2026",True,True,True,True,False,False,text,found in operative 'It is ordered that' section; matched expected keyword for category
LTB-L-084001-25,L1,Order,2026-01-05,L5M,,,,,,"December 17, 2025",False,,,,,False,text,no dollar amount found
LTB-L-084003-25,L1,Order,2026-01-20,K9J,8074.6,arrears,1997.72,pattern_1,4.04,"January 12, 2026",True,True,False,True,,True,text,found in operative 'It is ordered that' section; matched expected keyword for category
LTB-L-084072-25,L1,Order,2026-03-09,L0L,2500.0,stated_total,,,,"December 17, 2025",True,True,True,True,True,False,text,"no operative section found, or it had no dollar mentions at all; fell back to full-document search; explicit stated-total phrasing (""...is \$X"")"
LTB-L-084092-25,L1,Order,2026-01-22,N6J,778.92,arrears,,,,"January 31, 2026",True,False,True,,False,False,text,found in operative 'It is ordered that' section; matched expected keyword for category
LTB-L-084162-25,L1,Order,2026-01-05,N3H,,,,,,"December 18, 2025",True,True,False,True,,True,text,no dollar amount found
LTB-L-084170-25,L1,ExParte Order,2026-01-02,M6L,,,,,,,False,,,,,False,text,no dollar amount found
LTB-L-084172-25,L1,Order,2026-01-12,K1E,9932.6,arrears,,,,"January 6, 2026",True,True,True,True,False,False,text,found in operative 'It is ordered that' section; matched expected keyword for category
LTB-L-084173-25,L1,Order,2026-01-20,M2K,1293.6,arrears,1337.6,pattern_1,0.97,"January 8, 2026",True,True,False,True,,True,text,found in operative 'It is ordered that' section; matched expected keyword for category
LTB-L-084174-25,L1,Order,2026-01-13,M2K,2196.73,arrears,,,,"January 8, 2026",False,,,,,False,text,found in operative 'It is ordered that' section; matched expected keyword for category
LTB-L-084189-25,L1,Order,2026-01-09,N7T,100.0,other,,,,"December 18, 2025",True,True,False,True,,True,text,"no operative section found, or it had no dollar mentions at all; fell back to full-document search; single candidate amount, no strong keyword match"
LTB-L-084232-25,L1,Order,2026-01-12,M3A,7060.81,arrears,1872.85,pattern_1,3.77,"January 7, 2026",True,True,True,True,False,True,text,found in operative 'It is ordered that' section; matched expected keyword for category
LTB-L-084263-25,L1,Amended Order,2026-01-06,N3H,108.0,stated_total,1089.07,pattern_2,0.1,,False,,,,,False,text,"no operative section found, or it had no dollar mentions at all; fell back to full-document search; explicit stated-total phrasing (""...is \$X"")"
LTB-L-084279-25,L1,Order,2026-01-16,M1B,2769.62,arrears,2600.0,pattern_2,1.07,"January 8, 2026",True,True,False,True,,True,text,found in operative 'It is ordered that' section; matched expected keyword for category
LTB-L-084285-25,L1,Order,2026-01-07,N9C,7235.73,arrears,1300.0,pattern_1,5.57,"December 18, 2025",True,True,False,True,,True,text,found in operative 'It is ordered that' section; matched expected keyword for category
LTB-L-084287-25,L1,Order,2026-01-15,L5G,8011.6,arrears,2397.15,pattern_1,3.34,"January 8, 2026",True,True,False,True,,True,text,found in operative 'It is ordered that' section; matched expected keyword for category
LTB-L-084310-25,L1,Order,2026-05-01,M2R,116.69,arrears,,,,,True,True,False,True,,False,text,found in operative 'It is ordered that' section; matched expected keyword for category
LTB-L-084330-25,L1,Order,2026-01-16,M3N,7011.0,arrears,2100.0,pattern_1,3.34,"January 6, 2026",True,True,False,True,,True,text,found in operative 'It is ordered that' section; matched expected keyword for category
LTB-L-084380-25,L1,Order,2026-01-09,K1T,2810.23,arrears,1297.99,pattern_1,2.17,"December 22, 2025",True,True,False,True,,True,text,found in operative 'It is ordered that' section; matched expected keyword for category
LTB-L-084395-25,L1,Order,2026-01-14,N2M,5046.62,arrears,,,,"January 6, 2026",True,True,True,True,False,False,text,found in operative 'It is ordered that' section; matched expected keyword for category
LTB-L-084444-25,L1,Order,2026-01-27,M3N,4080.61,arrears,,,,,False,,,,,False,text,found in operative 'It is ordered that' section; matched expected keyword for category
LTB-L-084480-25,L1,Order,2026-04-17,N2E,16865.43,arrears,1592.83,pattern_1,10.59,"April 13, 2026",True,True,True,True,False,False,text,found in operative 'It is ordered that' section; matched expected keyword for category
LTB-L-084510-25,L1,Order,2026-01-09,M4Y,3519.26,arrears,1504.28,pattern_1,2.34,"December 8, 2025",True,True,False,True,,True,text,found in operative 'It is ordered that' section; matched expected keyword for category
LTB-L-084513-25,L1,Order,2026-01-27,N2E,11912.25,arrears,1991.16,pattern_1,5.98,"January 21, 2026",True,True,True,True,False,False,text,found in operative 'It is ordered that' section; matched expected keyword for category
LTB-L-084531-25,L1,Order,2026-01-19,L4M,5212.64,arrears,,,,"January 12, 2026",True,True,True,True,False,False,text,found in operative 'It is ordered that' section; matched expected keyword for category
LTB-L-084559-25,L1,Order,2026-01-09,L3X,5186.0,arrears,2200.0,pattern_1,2.36,"December 18, 2025",True,True,False,True,,True,text,found in operative 'It is ordered that' section; matched expected keyword for category
LTB-L-084612-25,L1,Order,2026-01-05,N1K,10400.5,arrears,1732.25,pattern_1,6.0,"December 22, 2025",True,True,False,True,,True,text,found in operative 'It is ordered that' section; matched expected keyword for category
LTB-L-084625-25,L1,Order,2026-01-07,K1T,167.0,arrears,1468.29,pattern_2,0.11,,False,,,,,False,text,found in operative 'It is ordered that' section; matched expected keyword for category
LTB-L-084645-25,L1,Order,2026-01-07,P3E,,,,,,"December 18, 2025",True,True,False,False,,True,text,no dollar amount found
LTB-L-084653-25,L1,Order,2026-01-27,M6S,42600.0,arrears,3200.0,pattern_1,13.31,"January 12, 2026",True,True,True,True,True,False,text,found in operative 'It is ordered that' section; matched expected keyword for category
LTB-L-084658-25,L1,Order,2026-01-08,M1R,3384.41,arrears,1233.91,pattern_1,2.74,"December 22, 2025",True,True,False,True,,True,text,found in operative 'It is ordered that' section; matched expected keyword for category
LTB-L-084672-25,L1,Order,2026-01-12,P0J,7561.0,arrears,1400.0,pattern_1,5.4,"January 6, 2026",True,True,True,True,False,False,text,found in operative 'It is ordered that' section; matched expected keyword for category
LTB-L-084690-25,L1,Order,2026-01-09,N5Z,6835.92,arrears,1410.0,pattern_1,4.85,"December 22, 2025",True,True,False,True,,True,text,found in operative 'It is ordered that' section; matched expected keyword for category
LTB-L-084700-25,L1,Order,2026-04-10,L3V,5806.64,arrears,813.44,pattern_1,7.14,"March 2, 2026",True,True,True,True,False,False,text,found in operative 'It is ordered that' section; matched expected keyword for category
LTB-L-084744-25,L1,Order,2026-01-13,L4Y,10995.55,arrears,,,,,False,,,,,False,text,found in operative 'It is ordered that' section; matched expected keyword for category
LTB-L-084764-25,L1,Order,2026-01-13,M3M,1758.81,stated_total,1758.81,pattern_2,1.0,"January 7, 2026",False,,,,,False,text,"no operative section found, or it had no dollar mentions at all; fell back to full-document search; explicit stated-total phrasing (""...is \$X"")"
LTB-L-084767-25,L1,Order,2026-01-15,L5R,699.0,arrears,,,,"January 8, 2026",False,,,,,False,text,found in operative 'It is ordered that' section; matched expected keyword for category
LTB-L-084877-25,L1,Order,2026-01-08,P4N,1095.0,stated_total,1095.0,pattern_2,1.0,"December 22, 2025",True,True,True,True,True,True,text,"no operative section found, or it had no dollar mentions at all; fell back to full-document search; explicit stated-total phrasing (""...is \$X"")"
LTB-L-084878-25,L1,ExParte Order,2026-01-19,L7R,,,,,,,False,,,,,False,text,no dollar amount found
LTB-L-084885-25,L1,Order,2026-01-07,M2R,1909.03,arrears,,,,"December 22, 2025",False,,,,,False,text,found in operative 'It is ordered that' section; matched expected keyword for category
LTB-L-084895-25,L1,Order,2026-01-14,K2C,125.0,other,,,,"January 8, 2026",False,,,,,False,text,"found in operative 'It is ordered that' section; single candidate amount, no strong keyword match"
LTB-L-084942-25,L1,Order,2026-01-05,P0A,11037.8,arrears,2600.0,pattern_2,4.25,"December 22, 2025",True,True,False,True,,True,text,found in operative 'It is ordered that' section; matched expected keyword for category
LTB-L-084951-25,L1,Order,2026-01-26,N1H,9658.62,arrears,,,,"January 21, 2026",False,,,,,False,text,found in operative 'It is ordered that' section; matched expected keyword for category
LTB-L-084955-25,L1,Order,2026-02-04,N5X,,,,,,"January 8, 2026",True,True,True,True,False,False,text,no dollar amount found
LTB-L-084959-25,L1,Order,2026-01-30,L5N,,,,,,,False,,,,,False,text,only fee/rate/boilerplate amounts found
LTB-L-084985-25,L1,Order,2026-02-04,L5N,5353.5,arrears,2406.25,pattern_1,2.22,"January 22, 2026",True,True,False,True,,True,text,found in operative 'It is ordered that' section; matched expected keyword for category
LTB-L-084992-25,L1,Review Order,2026-05-15,K6A,,,,,,"April 30, 2026",True,False,True,,False,True,text,no dollar amount found
LTB-L-085007-25,L1,Order,2026-01-15,M4G,17807.22,arrears,1580.14,pattern_1,11.27,"January 5, 2026",True,True,False,True,,True,text,found in operative 'It is ordered that' section; matched expected keyword for category
LTB-L-085025-25,L1,Order,2026-01-07,P7C,6506.0,arrears,1400.0,pattern_1,4.65,"December 22, 2025",True,True,False,False,,True,text,found in operative 'It is ordered that' section; matched expected keyword for category
LTB-L-085038-25,L1,Order,2026-01-15,N3T,2712.0,arrears,,,,"January 8, 2026",False,,,,,False,text,found in operative 'It is ordered that' section; matched expected keyword for category
LTB-L-085054-25,L1,Order,2026-01-13,P0M,4432.0,arrears,1081.0,pattern_2,4.1,,True,True,True,True,False,False,text,found in operative 'It is ordered that' section; matched expected keyword for category
LTB-L-085120-25,L1,Order,2026-01-23,L9S,21941.47,arrears,2600.0,pattern_1,8.44,,True,True,True,True,False,False,text,found in operative 'It is ordered that' section; matched expected keyword for category
LTB-L-085127-25,L1,Order,2026-04-23,K2A,500.0,ambiguous-max,,,,,False,,,,,False,text,"found in operative 'It is ordered that' section; multiple candidate amounts, took max — manual review advised"
LTB-L-085149-25,L1,Order,2026-01-15,M1J,6520.03,arrears,1943.65,pattern_1,3.35,"January 12, 2026",True,True,False,True,,True,text,found in operative 'It is ordered that' section; matched expected keyword for category
LTB-L-085157-25,L1,Order,2026-01-08,L6W,,,,,,"January 5, 2026",True,True,True,True,False,False,text,no dollar amount found
LTB-L-085178-25,L1,Order,2026-01-22,K1Z,4352.0,arrears,1275.0,pattern_1,3.41,"January 13, 2026",True,True,False,True,,True,text,found in operative 'It is ordered that' section; matched expected keyword for category
LTB-L-085189-25,L1,Order,2026-01-23,K1Z,10156.0,arrears,938.0,pattern_1,10.83,"January 14, 2026",True,True,False,True,,True,text,found in operative 'It is ordered that' section; matched expected keyword for category
LTB-L-085201-25,L1,Order,2026-04-02,K4K,,,,,,,False,,,,,False,text,no dollar amount found
LTB-L-085203-25,L1,Order,2026-01-20,M6M,851.84,ambiguous-max,,,,"January 13, 2026",False,,,,,False,text,"found in operative 'It is ordered that' section; multiple candidate amounts, took max — manual review advised"
LTB-L-085211-25,L1,Order,2026-01-05,M6J,7875.47,arrears,2200.0,pattern_2,3.58,"December 22, 2025",True,True,False,True,,True,text,found in operative 'It is ordered that' section; matched expected keyword for category
LTB-L-085224-25,L1,Review Order,2026-03-24,L7A,,,,,,"March 11, 2026",True,True,False,True,,True,text,no dollar amount found
LTB-L-085309-25,L1,Order,2026-01-23,N4K,3123.52,arrears,981.98,pattern_2,3.18,"January 8, 2026",True,True,False,True,,True,text,found in operative 'It is ordered that' section; matched expected keyword for category
LTB-L-085313-25,L1,Order,2026-01-13,M6M,200.0,arrears,,,,"January 7, 2026",True,True,True,True,True,False,text,found in operative 'It is ordered that' section; matched expected keyword for category
LTB-L-085332-25,L1,Order,2026-01-06,M2K,5542.2,arrears,2300.0,pattern_2,2.41,"December 22, 2025",True,True,False,True,,True,text,found in operative 'It is ordered that' section; matched expected keyword for category
LTB-L-085349-25,L1,Order,2026-01-16,L8M,,,,,,"January 6, 2026",True,True,False,True,,True,text,no dollar amount found
LTB-L-085355-25,L1,Order,2026-01-07,N8A,1919.53,arrears,1733.53,pattern_2,1.11,"January 5, 2026",False,,,,,False,text,found in operative 'It is ordered that' section; matched expected keyword for category
LTB-L-085383-25,L1,Order,2026-01-13,M4R,5986.89,arrears,1535.61,pattern_1,3.9,"January 5, 2026",True,True,False,True,,True,text,found in operative 'It is ordered that' section; matched expected keyword for category
LTB-L-085401-25,L1,Order,2026-01-05,L8M,22340.1,arrears,1537.5,pattern_1,14.53,"December 22, 2025",False,,,,,False,text,found in operative 'It is ordered that' section; matched expected keyword for category
LTB-L-085461-25,L1,Order,2026-01-12,K8H,2100.0,stated_total,,,,,False,,,,,False,text,"no operative section found, or it had no dollar mentions at all; fell back to full-document search; explicit stated-total phrasing (""...is \$X"")"
LTB-L-085474-25,L1,Order,2026-01-15,K8V,4583.0,arrears,1320.0,pattern_1,3.47,,False,,,,,False,text,found in operative 'It is ordered that' section; matched expected keyword for category
LTB-L-085488-25,L1,Order,2026-01-22,M8V,2476.67,arrears,,,,"January 12, 2026",True,True,True,True,False,False,text,found in operative 'It is ordered that' section; matched expected keyword for category
LTB-L-085510-25,L1,Order,2026-01-16,N9A,,,,,,"January 5, 2026",True,True,False,True,,True,text,no dollar amount found
LTB-L-085515-25,L1,Order,2026-01-14,M5R,1166.24,other,,,,"January 8, 2026",False,,,,,False,text,"found in operative 'It is ordered that' section; single candidate amount, no strong keyword match"
LTB-L-085590-25,L1,Order,2026-01-23,M1L,8406.6,arrears,1699.0,pattern_1,4.95,"January 15, 2026",True,True,False,True,,True,text,found in operative 'It is ordered that' section; matched expected keyword for category
LTB-L-085596-25,L1,Order,2026-04-15,N5P,7186.0,arrears,,,,"April 13, 2026",False,,,,,False,text,found in operative 'It is ordered that' section; matched expected keyword for category
LTB-L-085598-25,L1,Order,2026-01-15,M1E,6761.32,arrears,1963.0,pattern_1,3.44,"January 7, 2026",True,True,False,True,,True,text,found in operative 'It is ordered that' section; matched expected keyword for category
LTB-L-085599-25,L1,Review Order,2026-03-20,L9Y,,,,,,"March 11, 2026",True,True,False,True,,True,text,no dollar amount found
LTB-L-085611-25,L1,ExParte Order,2026-01-07,K1K,,,,,,,False,,,,,False,text,no dollar amount found
LTB-L-085650-25,L1,Order,2026-01-16,M5B,10642.16,arrears,2100.0,pattern_2,5.07,,False,,,,,False,text,found in operative 'It is ordered that' section; matched expected keyword for category
LTB-L-085664-25,L1,Order,2026-02-03,L3C,3436.0,arrears,650.0,pattern_1,5.29,"January 7, 2026",True,True,True,False,False,False,text,found in operative 'It is ordered that' section; matched expected keyword for category
LTB-L-085671-25,L1,Order,2026-01-12,M6H,,,,,,"January 6, 2026",True,True,True,False,False,False,text,no dollar amount found
LTB-L-085753-25,L1,Order,2026-01-13,M9R,11550.0,arrears,,,,"January 6, 2026",False,,,,,False,text,found in operative 'It is ordered that' section; matched expected keyword for category
LTB-L-085756-25,L1,Order,2026-01-28,M1P,4668.53,arrears,1429.78,pattern_1,3.27,"January 7, 2026",True,True,True,True,False,False,text,found in operative 'It is ordered that' section; matched expected keyword for category
LTB-L-085774-25,L1,Order,2026-01-13,P1B,4236.0,arrears,974.0,pattern_1,4.35,"January 5, 2026",True,True,False,False,,True,text,found in operative 'It is ordered that' section; matched expected keyword for category
LTB-L-085776-25,L1,ExParte Order,2026-01-13,M1V,,,,,,,False,,,,,False,text,no dollar amount found
LTB-L-085790-25,L1,Order,2026-01-20,K1Z,7131.3,arrears,1495.0,pattern_2,4.77,"January 7, 2026",True,True,False,True,,True,text,found in operative 'It is ordered that' section; matched expected keyword for category
LTB-L-085791-25,L1,ExParte Order,2026-01-08,N2H,,,,,,,False,,,,,False,ocr,no dollar amount found
LTB-L-085806-25,L1,Order,2026-01-14,L3C,7782.58,arrears,2500.0,pattern_2,3.11,"January 6, 2026",True,True,False,False,,True,text,found in operative 'It is ordered that' section; matched expected keyword for category
LTB-L-085809-25,L1,Order,2026-01-16,M1G,1200.0,ambiguous-max,,,,"January 6, 2026",True,True,True,True,True,False,text,"found in operative 'It is ordered that' section; multiple candidate amounts, took max — manual review advised"
LTB-L-085826-25,L1,Order,2026-01-14,M4A,,,,,,"January 6, 2026",True,True,False,True,,True,text,no dollar amount found
LTB-L-085827-25,L1,Order,2026-01-22,M6M,4373.5,arrears,1731.3,pattern_1,2.53,"January 6, 2026",True,True,False,True,,True,text,found in operative 'It is ordered that' section; matched expected keyword for category
LTB-L-085828-25,L1,Order,2026-01-15,M6M,1000.0,ambiguous-max,,,,"January 6, 2026",True,True,True,True,False,False,text,"found in operative 'It is ordered that' section; multiple candidate amounts, took max — manual review advised"
LTB-L-085832-25,L1,Order,2026-01-19,L6W,11814.63,arrears,2013.71,pattern_1,5.87,"January 6, 2026",True,True,False,True,,False,text,found in operative 'It is ordered that' section; matched expected keyword for category
LTB-L-085847-25,L1,Order,2026-01-08,P3C,10814.4,arrears,1500.0,pattern_1,7.21,"January 5, 2026",False,,,,,False,text,found in operative 'It is ordered that' section; matched expected keyword for category
LTB-L-085857-25,L1,ExParte Order,2026-01-12,M9V,,,,,,,False,,,,,False,text,no dollar amount found
LTB-L-085862-25,L1,Order,2026-01-19,N2K,6389.0,arrears,,,,"January 14, 2026",True,False,True,,False,False,text,found in operative 'It is ordered that' section; matched expected keyword for category
LTB-L-085869-25,L1,Order,2026-01-30,N5A,9279.0,arrears,,,,,False,,,,,False,text,found in operative 'It is ordered that' section; matched expected keyword for category
LTB-L-085886-25,L1,Order,2026-01-14,L7N,,,,,,"January 7, 2026",True,True,True,True,False,False,text,no dollar amount found
LTB-L-085902-25,L1,Review Order,2026-03-02,L8W,7600.0,arrears,,,,"February 17, 2026",True,False,True,,False,True,text,"no operative section found, or it had no dollar mentions at all; fell back to full-document search; matched expected keyword for category"
LTB-L-085902-25,L1,Order,2026-01-12,L8W,7600.0,arrears,,,,"February 17, 2026",True,False,True,,False,True,text,"no operative section found, or it had no dollar mentions at all; fell back to full-document search; matched expected keyword for category"
LTB-L-085903-25,L1,Order,2026-01-20,K1Z,11306.0,arrears,,,,,False,,,,,False,text,found in operative 'It is ordered that' section; matched expected keyword for category
LTB-L-085914-25,L1,Order,2026-01-13,N5W,3226.0,arrears,1925.0,pattern_2,1.68,"January 5, 2026",True,True,False,True,,True,text,found in operative 'It is ordered that' section; matched expected keyword for category
LTB-L-085917-25,L1,Order,2026-01-22,M4B,7013.92,arrears,1415.52,pattern_1,4.96,"January 15, 2026",True,True,True,True,False,False,text,found in operative 'It is ordered that' section; matched expected keyword for category
LTB-L-085930-25,L1,Review Order,2026-03-20,M2J,,,,,,"March 12, 2026",True,True,True,True,True,False,text,no dollar amount found
LTB-L-085938-25,L1,Order,2026-01-22,M9P,15954.94,arrears,2678.03,pattern_1,5.96,"January 15, 2026",True,True,False,True,,True,text,found in operative 'It is ordered that' section; matched expected keyword for category
LTB-L-085943-25,L1,Order,2026-01-13,M3A,,,,,,"January 6, 2026",True,True,True,True,False,False,text,no dollar amount found
LTB-L-085961-25,L1,Order,2026-01-19,L6W,582.92,arrears,,,,"January 13, 2026",False,,,,,False,text,found in operative 'It is ordered that' section; matched expected keyword for category
LTB-L-085973-25,L1,Order,2026-01-20,M6J,5719.5,arrears,1860.0,pattern_2,3.08,"January 12, 2026",True,True,False,True,,True,text,found in operative 'It is ordered that' section; matched expected keyword for category
LTB-L-085987-25,L1,Order,2026-01-15,L4X,22341.97,arrears,2032.47,pattern_1,10.99,"January 12, 2026",True,True,True,True,False,False,text,found in operative 'It is ordered that' section; matched expected keyword for category
LTB-L-085988-25,L1,Order,2026-01-15,M5A,314.0,arrears,836.74,pattern_2,0.38,"January 12, 2026",True,True,True,True,False,False,text,found in operative 'It is ordered that' section; matched expected keyword for category
LTB-L-086009-25,L1,Order,2026-01-23,M2J,3742.0,arrears,1828.0,pattern_1,2.05,"January 8, 2026",True,True,False,True,,True,text,found in operative 'It is ordered that' section; matched expected keyword for category
LTB-L-086044-25,L1,ExParte Order,2026-01-05,N6H,,,,,,,False,,,,,False,ocr,no dollar amount found
LTB-L-086066-25,L1,Order,2026-01-14,K2J,20986.0,arrears,2600.0,pattern_2,8.07,"January 6, 2026",True,True,False,True,,True,text,found in operative 'It is ordered that' section; matched expected keyword for category
LTB-L-086112-25,L1,Order,2026-01-12,M3H,9568.37,arrears,2200.0,pattern_1,4.35,"January 5, 2026",True,True,False,False,,True,text,found in operative 'It is ordered that' section; matched expected keyword for category
LTB-L-086221-25,L1,Order,2026-01-12,M5V,33659.95,arrears,4100.0,pattern_1,8.21,"January 5, 2026",True,True,False,True,,True,text,found in operative 'It is ordered that' section; matched expected keyword for category
LTB-L-086240-25,L1,Order,2026-01-23,N2J,454.0,arrears,,,,"January 12, 2026",True,True,True,True,False,False,text,found in operative 'It is ordered that' section; matched expected keyword for category
LTB-L-086251-25,L1,Order,2026-01-12,L6T,3130.54,arrears,,,,,False,,,,,False,text,found in operative 'It is ordered that' section; matched expected keyword for category
LTB-L-086275-25,L1,Amended Order,2026-02-11,M5T,11036.0,arrears,2300.0,pattern_1,4.8,"January 7, 2026",True,True,False,True,,True,text,found in operative 'It is ordered that' section; matched expected keyword for category
LTB-L-086336-25,L1,Order,2026-01-14,M5V,,,,,,"January 6, 2026",True,False,True,,False,True,text,no dollar amount found
LTB-L-086370-25,L1,Order,2026-01-30,N2E,12686.0,arrears,,,,"January 14, 2026",True,True,True,True,False,False,text,found in operative 'It is ordered that' section; matched expected keyword for category
LTB-L-086385-25,L1,Order,2026-03-11,N6G,8306.73,arrears,2400.0,pattern_2,3.46,"March 5, 2026",True,True,True,False,False,False,text,found in operative 'It is ordered that' section; matched expected keyword for category
LTB-L-086390-25,L1,Order,2026-04-07,K0M,3810.83,arrears,900.0,pattern_2,4.23,"March 27, 2026",True,True,True,False,False,False,text,found in operative 'It is ordered that' section; matched expected keyword for category
LTB-L-086403-25,L1,Order,2026-01-13,L1W,5562.74,arrears,1878.21,pattern_1,2.96,"January 6, 2026",False,,,,,False,text,found in operative 'It is ordered that' section; matched expected keyword for category
LTB-L-086425-25,L1,Order,2026-01-14,L5M,22989.0,arrears,1800.0,pattern_1,12.77,"January 5, 2026",True,True,False,True,,False,text,found in operative 'It is ordered that' section; matched expected keyword for category
LTB-L-086454-25,L1,Order,2026-01-13,N9J,5768.07,arrears,,,,"January 6, 2026",True,True,True,True,False,False,text,found in operative 'It is ordered that' section; matched expected keyword for category
LTB-L-086456-25,L1,Order,2026-01-14,M1B,1788.99,arrears,594.0,pattern_1,3.01,"January 7, 2026",True,True,False,True,,True,text,found in operative 'It is ordered that' section; matched expected keyword for category
LTB-L-086458-25,L1,Amended Order,2026-01-27,L6P,29556.0,arrears,2440.0,pattern_1,12.11,"January 6, 2026",True,True,True,True,False,False,text,found in operative 'It is ordered that' section; matched expected keyword for category
LTB-L-086458-25,L1,ExParte Order,2026-03-31,L6P,29556.0,arrears,2440.0,pattern_1,12.11,"January 6, 2026",True,True,True,True,False,False,text,found in operative 'It is ordered that' section; matched expected keyword for category
LTB-L-086459-25,L1,Order,2026-01-16,N9C,4386.44,arrears,1000.85,pattern_1,4.38,"January 8, 2026",True,True,False,True,,True,text,found in operative 'It is ordered that' section; matched expected keyword for category
LTB-L-086478-25,L1,Amended Order,2026-01-22,K7R,,,,,,"January 6, 2026",True,True,True,False,False,False,text,operative section found but contained only fee/rate/boilerplate amounts — likely no lump sum ordered
LTB-L-086499-25,L1,Order,2026-01-23,L2R,6870.0,arrears,850.0,pattern_1,8.08,,False,,,,,False,text,found in operative 'It is ordered that' section; matched expected keyword for category
LTB-L-086500-25,L1,Order,2026-02-06,K9J,4203.42,arrears,3150.0,pattern_2,1.33,"January 8, 2026",True,True,False,True,,True,text,found in operative 'It is ordered that' section; matched expected keyword for category
LTB-L-086515-25,L1,Order,2026-01-14,L3K,1891.39,arrears,1645.0,pattern_1,1.15,"January 5, 2026",True,True,False,True,,True,text,found in operative 'It is ordered that' section; matched expected keyword for category
LTB-L-086521-25,L1,Order,2026-05-19,N6J,1236.0,arrears,1075.0,pattern_2,1.15,"May 7, 2026",True,True,True,False,False,False,text,found in operative 'It is ordered that' section; matched expected keyword for category
LTB-L-086538-25,L1,Order,2026-04-16,N9J,3732.34,arrears,,,,"January 6, 2026",True,True,True,True,False,False,text,found in operative 'It is ordered that' section; matched expected keyword for category
LTB-L-086573-25,L1,Review Order,2026-05-26,L7A,15705.8,arrears,,,,"May 21, 2026",True,True,True,False,False,False,text,found in operative 'It is ordered that' section; matched expected keyword for category
LTB-L-086626-25,L1,Order,2026-04-08,K1Z,,,,,,"January 19, 2026",True,True,False,True,,True,text,no dollar amount found
LTB-L-086672-25,L1,Order,2026-01-05,M5A,1626.79,arrears,,,,"December 22, 2025",False,,,,,False,text,found in operative 'It is ordered that' section; matched expected keyword for category
LTB-L-086684-25,L1,Order,2026-01-13,P3C,,,,,,"January 6, 2026",True,True,True,False,False,False,text,no dollar amount found
LTB-L-086727-25,L1,Order,2026-01-15,K1R,20686.0,arrears,1800.0,pattern_1,11.49,"January 8, 2026",True,True,True,False,False,False,text,found in operative 'It is ordered that' section; matched expected keyword for category
LTB-L-086754-25,L1,Order,2026-01-13,P3A,15733.0,arrears,681.0,pattern_1,23.1,"January 6, 2026",True,True,False,True,,True,text,found in operative 'It is ordered that' section; matched expected keyword for category
LTB-L-086760-25,L1,Order,2026-01-09,N6J,3773.03,arrears,,,,"January 6, 2026",False,,,,,False,text,found in operative 'It is ordered that' section; matched expected keyword for category
LTB-L-086799-25,L1,Order,2026-01-23,N8T,10647.0,arrears,976.0,pattern_1,10.91,"January 14, 2026",True,True,True,True,False,False,text,found in operative 'It is ordered that' section; matched expected keyword for category
LTB-L-086803-25,L1,Amended Order,2026-02-03,L9R,3040.0,arrears,1770.0,pattern_1,1.72,"January 20, 2026",False,,,,,False,text,found in operative 'It is ordered that' section; matched expected keyword for category
LTB-L-086812-25,L1,Order,2026-01-15,K1N,7754.59,stated_total,,,,"January 6, 2026",True,False,True,,False,False,text,"found in operative 'It is ordered that' section; explicit stated-total phrasing (""...is \$X"")"
LTB-L-086815-25,L1,Order,2026-01-28,M6M,7090.47,arrears,1943.65,pattern_2,3.65,,True,True,True,True,True,False,text,found in operative 'It is ordered that' section; matched expected keyword for category
LTB-L-086818-25,L1,Order,2026-01-15,M6E,16986.0,arrears,,,,"January 6, 2026",False,,,,,False,text,found in operative 'It is ordered that' section; matched expected keyword for category
LTB-L-086822-25,L1,Order,2026-01-26,M6M,16070.0,arrears,2042.0,pattern_1,7.87,"January 7, 2026",True,True,True,True,False,False,text,found in operative 'It is ordered that' section; matched expected keyword for category
LTB-L-086848-25,L1,Order,2026-01-08,N2C,639.0,stated_total,,,,,False,,,,,False,text,"no operative section found, or it had no dollar mentions at all; fell back to full-document search; explicit stated-total phrasing (""...is \$X"")"
LTB-L-086864-25,L1,Order,2026-01-13,L4M,8013.9,arrears,1980.0,pattern_1,4.05,"January 6, 2026",True,True,False,True,,True,text,found in operative 'It is ordered that' section; matched expected keyword for category
LTB-L-086874-25,L1,Order,2026-01-20,M8V,5645.5,arrears,,,,"January 13, 2026",False,,,,,False,text,found in operative 'It is ordered that' section; matched expected keyword for category
LTB-L-086922-25,L1,Order,2026-03-02,M2M,8972.52,arrears,3000.0,pattern_2,2.99,"January 6, 2026",True,False,True,,False,False,text,found in operative 'It is ordered that' section; matched expected keyword for category
LTB-L-086942-25,L1,Order,2026-02-02,N6A,3789.03,arrears,1023.97,pattern_1,3.7,"January 22, 2026",True,True,False,True,,True,text,found in operative 'It is ordered that' section; matched expected keyword for category
LTB-L-086971-25,L1,Order,2026-04-27,L5E,8370.43,arrears,1063.0,pattern_1,7.87,"April 22, 2026",True,True,True,True,False,False,text,found in operative 'It is ordered that' section; matched expected keyword for category
LTB-L-086982-25,L1,Order,2026-01-12,P2N,,,,,,"January 7, 2026",True,True,False,False,,True,text,no dollar amount found
LTB-L-086991-25,L1,Order,2026-01-12,N0N,45761.33,arrears,2500.0,pattern_1,18.3,"January 7, 2026",True,True,False,True,,True,text,found in operative 'It is ordered that' section; matched expected keyword for category
LTB-L-086993-25,L1,Order,2026-01-20,L0C,12501.6,arrears,1200.0,pattern_1,10.42,"January 8, 2026",True,True,True,True,False,False,text,found in operative 'It is ordered that' section; matched expected keyword for category
LTB-L-087025-25,L1,Order,2026-01-21,L3C,,,,,,"January 12, 2026",False,,,,,False,text,operative section found but contained only fee/rate/boilerplate amounts — likely no lump sum ordered
LTB-L-087031-25,L1,Order,2026-01-12,M5B,11186.0,arrears,2200.0,pattern_2,5.08,"January 6, 2026",True,True,False,False,,True,text,found in operative 'It is ordered that' section; matched expected keyword for category
LTB-L-087036-25,L1,Order,2026-01-14,N3S,300.0,ambiguous-max,,,,"January 5, 2026",False,,,,,False,text,"found in operative 'It is ordered that' section; multiple candidate amounts, took max — manual review advised"
LTB-L-087077-25,L1,Order,2026-01-15,L3R,4000.0,ambiguous-max,,,,"January 6, 2026",True,True,True,True,True,False,text,"found in operative 'It is ordered that' section; multiple candidate amounts, took max — manual review advised"
LTB-L-087080-25,L1,Order,2026-03-06,N1H,4125.6,arrears,1946.07,pattern_1,2.12,"February 26, 2026",True,True,False,True,,True,text,found in operative 'It is ordered that' section; matched expected keyword for category
LTB-L-087087-25,L1,Order,2026-02-12,L3C,4817.54,arrears,1931.0,pattern_2,2.49,"January 6, 2026",True,True,False,True,,True,text,found in operative 'It is ordered that' section; matched expected keyword for category
LTB-L-087104-25,L1,Order,2026-01-20,K2L,10949.93,arrears,1380.67,pattern_1,7.93,"January 7, 2026",True,True,False,True,,True,text,found in operative 'It is ordered that' section; matched expected keyword for category
LTB-L-087155-25,L1,Order,2026-01-14,M1B,24036.0,arrears,,,,"January 7, 2026",False,,,,,False,text,found in operative 'It is ordered that' section; matched expected keyword for category
LTB-L-087191-25,L1,Order,2026-01-19,L1P,557.83,ambiguous-max,,,,"January 13, 2026",False,,,,,False,text,"found in operative 'It is ordered that' section; multiple candidate amounts, took max — manual review advised"
LTB-L-087200-25,L1,Order,2026-01-23,L9C,,,,,,"January 7, 2026",True,True,False,True,,True,text,no dollar amount found
LTB-L-087201-25,L1,Order,2026-02-04,L8S,15817.0,arrears,,,,"January 5, 2026",True,True,False,False,,True,text,found in operative 'It is ordered that' section; matched expected keyword for category
LTB-L-087206-25,L1,Order,2026-01-21,K9H,6711.0,arrears,,,,"January 15, 2026",False,,,,,False,text,found in operative 'It is ordered that' section; matched expected keyword for category
LTB-L-087225-25,L1,Order,2026-01-28,M6K,958.36,arrears,,,,,False,,,,,False,text,found in operative 'It is ordered that' section; matched expected keyword for category
LTB-L-087245-25,L1,Order,2026-01-21,N8R,4222.99,arrears,1032.41,pattern_1,4.09,"January 13, 2026",True,True,False,True,,True,text,found in operative 'It is ordered that' section; matched expected keyword for category
LTB-L-087258-25,L1,Order,2026-01-29,P3E,7174.0,arrears,,,,"January 7, 2026",True,True,True,True,False,False,text,found in operative 'It is ordered that' section; matched expected keyword for category
LTB-L-087280-25,L1,Order,2026-01-16,L5G,2580.85,arrears,2445.92,pattern_2,1.06,"January 12, 2026",True,True,False,True,,True,text,found in operative 'It is ordered that' section; matched expected keyword for category
LTB-L-087288-25,L1,Order,2026-01-29,M3H,1703.61,stated_total,1703.61,pattern_1,1.0,,False,,,,,False,text,"no operative section found, or it had no dollar mentions at all; fell back to full-document search; explicit stated-total phrasing (""...is \$X"")"
LTB-L-087293-25,L1,Order,2026-03-27,K9K,,,,,,,False,,,,,False,text,no dollar amount found
LTB-L-087369-25,L1,Order,2026-01-09,M1B,1428.43,arrears,,,,"January 6, 2026",False,,,,,False,text,found in operative 'It is ordered that' section; matched expected keyword for category
LTB-L-087377-25,L1,Order,2026-01-22,N0H,1604.66,arrears,915.83,pattern_1,1.75,"January 7, 2026",True,True,False,False,,True,text,found in operative 'It is ordered that' section; matched expected keyword for category
LTB-L-087398-25,L1,Order,2026-01-29,L8N,5476.0,arrears,1058.0,pattern_1,5.18,"January 7, 2026",True,True,True,True,False,False,text,found in operative 'It is ordered that' section; matched expected keyword for category
LTB-L-087424-25,L1,Order,2026-01-20,N3Y,3041.91,arrears,1300.0,pattern_1,2.34,"January 7, 2026",True,True,False,False,,True,text,found in operative 'It is ordered that' section; matched expected keyword for category
LTB-L-087464-25,L1,Order,2026-04-15,L4K,4247.39,arrears,1825.0,pattern_1,2.33,"January 7, 2026",True,True,True,True,False,False,text,found in operative 'It is ordered that' section; matched expected keyword for category
LTB-L-087506-25,L1,Order,2026-01-14,K2H,4112.0,arrears,1429.0,pattern_1,2.88,"January 7, 2026",True,True,False,False,,True,text,found in operative 'It is ordered that' section; matched expected keyword for category
LTB-L-087509-25,L1,Order,2026-01-23,N0H,11660.0,arrears,2000.0,pattern_1,5.83,"January 7, 2026",True,True,False,True,,True,text,found in operative 'It is ordered that' section; matched expected keyword for category
LTB-L-087518-25,L1,Order,2026-01-22,L8L,5850.86,arrears,1725.0,pattern_2,3.39,"January 8, 2026",True,True,False,True,,True,text,found in operative 'It is ordered that' section; matched expected keyword for category
LTB-L-087525-25,L1,Order,2026-01-21,L6M,7236.0,arrears,2350.0,pattern_1,3.08,"January 19, 2026",True,True,True,True,False,False,text,found in operative 'It is ordered that' section; matched expected keyword for category
LTB-L-087535-25,L1,Order,2026-01-14,M6B,5243.8,arrears,1800.0,pattern_2,2.91,"January 7, 2026",True,True,False,True,,True,text,found in operative 'It is ordered that' section; matched expected keyword for category
LTB-L-087537-25,L1,Order,2026-01-22,L5N,2850.0,stated_total,2850.0,pattern_1,1.0,"January 13, 2026",True,True,True,False,False,False,text,"no operative section found, or it had no dollar mentions at all; fell back to full-document search; explicit stated-total phrasing (""...is \$X"")"
LTB-L-087553-25,L1,Order,2026-03-10,N1M,10195.49,arrears,2995.0,pattern_2,3.4,,False,,,,,False,text,found in operative 'It is ordered that' section; matched expected keyword for category
LTB-L-087573-25,L1,Order,2026-01-27,L6X,10386.0,stated_total,1700.0,pattern_1,6.11,"January 8, 2026",True,True,True,True,False,False,text,"found in operative 'It is ordered that' section; explicit stated-total phrasing (""...is \$X"")"
LTB-L-087578-25,L1,Order,2026-01-15,L6X,1947.6,arrears,1817.07,pattern_2,1.07,"January 7, 2026",True,True,False,True,,True,text,found in operative 'It is ordered that' section; matched expected keyword for category
LTB-L-087602-25,L1,Order,2026-01-12,M6C,,,,,,"January 7, 2026",True,True,False,True,,True,text,no dollar amount found
LTB-L-087623-25,L1,Order,2026-01-13,M6M,4110.05,arrears,980.6,pattern_1,4.19,"January 7, 2026",True,True,False,True,,True,text,found in operative 'It is ordered that' section; matched expected keyword for category
LTB-L-087634-25,L1,Order,2026-01-13,M6M,,,,,,,True,True,True,True,False,False,text,operative section found but contained only fee/rate/boilerplate amounts — likely no lump sum ordered
LTB-L-087637-25,L1,Order,2026-01-08,K9L,8607.33,arrears,550.0,pattern_1,15.65,"December 22, 2025",True,True,False,True,,True,text,found in operative 'It is ordered that' section; matched expected keyword for category
LTB-L-087649-25,L1,Order,2026-01-19,M5B,12436.0,arrears,,,,"January 7, 2026",True,True,True,True,False,False,text,found in operative 'It is ordered that' section; matched expected keyword for category
LTB-L-087655-25,L1,Order,2026-01-28,N2J,187.11,arrears,794.37,pattern_1,0.24,"January 22, 2026",True,True,True,True,False,False,text,found in operative 'It is ordered that' section; matched expected keyword for category
LTB-L-087664-25,L1,Order,2026-01-27,L1V,448.49,arrears,,,,"January 14, 2026",False,,,,,False,text,found in operative 'It is ordered that' section; matched expected keyword for category
LTB-L-087677-25,L1,Order,2026-01-15,N3R,1848.74,arrears,,,,,False,,,,,False,text,found in operative 'It is ordered that' section; matched expected keyword for category
LTB-L-087686-25,L1,Order,2026-01-09,M6M,13616.32,arrears,,,,"January 8, 2026",True,False,True,,False,False,text,found in operative 'It is ordered that' section; matched expected keyword for category
LTB-L-087692-25,L1,Order,2026-01-22,N6B,958.74,arrears,,,,"January 20, 2026",True,False,True,,False,False,text,found in operative 'It is ordered that' section; matched expected keyword for category
LTB-L-087699-25,L1,Order,2026-01-22,N5Y,4617.41,arrears,,,,"January 31, 2026",True,False,True,,False,False,text,found in operative 'It is ordered that' section; matched expected keyword for category
LTB-L-087715-25,L1,Order,2026-01-07,L4Z,7236.0,arrears,2350.0,pattern_1,3.08,"December 8, 2025",True,True,True,True,True,False,text,found in operative 'It is ordered that' section; matched expected keyword for category
LTB-L-087721-25,L1,Review Order,2026-02-12,M4K,500.0,arrears,,,,,False,,,,,False,text,"no operative section found, or it had no dollar mentions at all; fell back to full-document search; matched expected keyword for category"
LTB-L-087730-25,L1,Order,2026-01-23,M3M,,,,,,"January 19, 2026",True,True,True,True,False,False,text,no dollar amount found
LTB-L-087734-25,L1,Order,2026-05-12,M6M,12500.0,arrears,,,,"May 5, 2026",True,True,True,True,False,False,text,"no operative section found, or it had no dollar mentions at all; fell back to full-document search; matched expected keyword for category"
LTB-L-087739-25,L1,Order,2026-01-30,M3M,7122.14,arrears,2200.0,pattern_1,3.24,"January 19, 2026",True,True,False,True,,True,text,found in operative 'It is ordered that' section; matched expected keyword for category
LTB-L-087761-25,L1,Order,2026-01-12,M9M,62.0,ambiguous-max,,,,"January 8, 2026",False,,,,,False,text,"found in operative 'It is ordered that' section; multiple candidate amounts, took max — manual review advised"
LTB-L-087773-25,L1,Order,2026-04-02,P7B,12541.28,arrears,,,,"April 1, 2026",True,True,True,True,True,False,text,found in operative 'It is ordered that' section; matched expected keyword for category
LTB-L-087814-25,L1,Order,2026-01-20,N6K,7212.27,arrears,3385.0,pattern_1,2.13,"January 6, 2026",True,True,True,False,False,False,text,found in operative 'It is ordered that' section; matched expected keyword for category
LTB-L-087818-25,L1,Order,2026-01-21,N2J,9686.0,arrears,1900.0,pattern_1,5.1,"January 14, 2026",True,True,False,False,,True,text,found in operative 'It is ordered that' section; matched expected keyword for category
LTB-L-087852-25,L1,Order,2026-01-26,L9H,460.0,arrears,,,,,False,,,,,False,text,found in operative 'It is ordered that' section; matched expected keyword for category
LTB-L-087861-25,L1,Order,2026-02-02,N5V,2282.11,arrears,650.0,pattern_1,3.51,"January 8, 2026",True,True,True,False,False,False,text,found in operative 'It is ordered that' section; matched expected keyword for category
LTB-L-087907-25,L1,Order,2026-01-15,N9C,1686.0,arrears,900.0,pattern_1,1.87,"January 12, 2026",True,True,False,False,,True,text,found in operative 'It is ordered that' section; matched expected keyword for category
LTB-L-087913-25,L1,Order,2026-01-20,N8R,8052.0,arrears,,,,"January 12, 2026",False,,,,,False,text,found in operative 'It is ordered that' section; matched expected keyword for category
LTB-L-087923-25,L1,Order,2026-02-03,N0L,,,,,,"January 15, 2026",False,,,,,True,text,no dollar amount found
LTB-L-087961-23,L1,Order,2026-01-12,M4L,25840.93,stated_total,2378.0,pattern_2,10.87,"January 5, 2026",True,True,False,True,,True,text,"found in operative 'It is ordered that' section; explicit stated-total phrasing (""...is \$X"")"
LTB-L-087969-25,L1,Order,2026-01-23,N6B,186.0,arrears,,,,"January 21, 2026",False,,,,,False,text,found in operative 'It is ordered that' section; matched expected keyword for category
LTB-L-088035-25,L1,Order,2026-01-28,L8T,5286.0,arrears,1700.0,pattern_2,3.11,"January 19, 2026",True,True,False,True,,True,text,found in operative 'It is ordered that' section; matched expected keyword for category
LTB-L-088062-25,L1,Order,2026-01-12,N3T,7161.0,arrears,1825.0,pattern_1,3.92,"January 8, 2026",True,True,True,False,False,False,text,found in operative 'It is ordered that' section; matched expected keyword for category
LTB-L-088073-25,L1,Order,2026-02-03,M4K,6537.79,arrears,,,,"January 20, 2026",False,,,,,False,text,found in operative 'It is ordered that' section; matched expected keyword for category
LTB-L-088083-25,L1,Order,2026-02-03,L6V,6176.28,arrears,1446.07,pattern_1,4.27,"January 20, 2026",True,True,False,True,,True,text,found in operative 'It is ordered that' section; matched expected keyword for category
LTB-L-088093-25,L1,Review Order,2026-02-24,L1X,,,,,,"February 17, 2026",True,False,False,,,False,text,no dollar amount found
LTB-L-088093-25,L1,Review Order,2026-03-02,L1X,,,,,,"February 17, 2026",True,False,False,,,False,text,no dollar amount found
LTB-L-088098-25,L1,Order,2026-02-05,L6X,,,,,,"January 20, 2026",True,True,False,True,,True,text,no dollar amount found
LTB-L-088104-25,L1,Order,2026-01-20,K1N,,,,,,"January 12, 2026",True,True,True,True,False,False,text,no dollar amount found
LTB-L-088222-25,L1,Order,2026-02-09,M9M,6336.0,arrears,,,,"January 27, 2026",True,True,True,True,False,False,text,found in operative 'It is ordered that' section; matched expected keyword for category
LTB-L-088233-25,L1,Order,2026-01-20,M9R,658.52,arrears,2045.0,pattern_2,0.32,,False,,,,,False,text,found in operative 'It is ordered that' section; matched expected keyword for category
LTB-L-088251-25,L1,Order,2026-01-19,N3T,500.0,ambiguous-max,1144.28,pattern_2,0.44,,False,,,,,False,text,"found in operative 'It is ordered that' section; multiple candidate amounts, took max — manual review advised"
LTB-L-088254-25,L1,Order,2026-04-07,L9X,40986.0,arrears,3550.0,pattern_1,11.55,"March 31, 2026",True,True,True,True,False,False,text,found in operative 'It is ordered that' section; matched expected keyword for category
LTB-L-088254-25,L1,Order,2026-04-20,L9X,40986.0,arrears,3550.0,pattern_1,11.55,"March 31, 2026",True,True,True,True,False,False,text,found in operative 'It is ordered that' section; matched expected keyword for category
LTB-L-088263-25,L1,Order,2026-01-06,M9P,6500.0,arrears,,,,"December 16, 2025",True,True,True,True,False,False,text,found in operative 'It is ordered that' section; matched expected keyword for category
LTB-L-088264-25,L1,Order,2026-03-31,L3Y,,,,,,,False,,,,,False,text,no dollar amount found
LTB-L-088279-25,L1,Order,2026-01-16,M6K,26066.17,arrears,1837.65,pattern_1,14.18,"January 8, 2026",True,True,False,True,,True,text,found in operative 'It is ordered that' section; matched expected keyword for category
LTB-L-088286-25,L1,Order,2026-02-04,K7P,8758.0,arrears,1820.0,pattern_1,4.81,"January 12, 2026",True,True,False,True,,True,text,found in operative 'It is ordered that' section; matched expected keyword for category
LTB-L-088308-25,L1,Order,2026-01-08,L1E,646.0,arrears,3200.0,pattern_1,0.2,"December 8, 2025",True,True,True,True,False,False,text,found in operative 'It is ordered that' section; matched expected keyword for category
LTB-L-088317-25,L1,Order,2026-01-15,K0K,5196.0,arrears,900.0,pattern_1,5.77,"January 12, 2026",True,True,False,False,,True,text,found in operative 'It is ordered that' section; matched expected keyword for category
LTB-L-088372-25,L1,ExParte Order,2026-01-15,K2P,,,,,,,False,,,,,False,ocr,no dollar amount found
LTB-L-088391-25,L1,Order,2026-01-19,P3E,4092.75,arrears,2000.0,pattern_2,2.05,"January 8, 2026",True,True,False,True,,True,text,found in operative 'It is ordered that' section; matched expected keyword for category
LTB-L-088392-25,L1,Order,2026-01-26,M5T,3100.0,stated_total,3100.0,pattern_2,1.0,,True,True,True,True,False,False,text,"no operative section found, or it had no dollar mentions at all; fell back to full-document search; explicit stated-total phrasing (""...is \$X"")"
LTB-L-088404-25,L1,Order,2026-01-06,M3A,103.84,arrears,,,,"December 15, 2025",True,True,True,True,False,False,text,found in operative 'It is ordered that' section; matched expected keyword for category
LTB-L-088425-25,L1,Order,2026-01-07,M6J,,,,,,"December 10, 2025",True,True,True,True,False,False,text,no dollar amount found
LTB-L-088465-25,L1,Order,2026-01-30,M4H,15213.61,arrears,2710.49,pattern_1,5.61,"January 14, 2026",True,False,False,,,False,text,found in operative 'It is ordered that' section; matched expected keyword for category
LTB-L-088488-25,L1,Order,2026-01-08,M6N,8740.6,arrears,2400.0,pattern_1,3.64,"December 15, 2025",True,True,False,False,,True,text,found in operative 'It is ordered that' section; matched expected keyword for category
LTB-L-088495-25,L1,Order,2026-01-07,M3A,7212.39,arrears,2506.56,pattern_1,2.88,,True,True,True,True,False,False,text,found in operative 'It is ordered that' section; matched expected keyword for category
LTB-L-088497-25,L1,Order,2026-01-22,M3A,308.64,arrears,1530.66,pattern_1,0.2,"January 6, 2026",True,True,True,True,False,False,text,found in operative 'It is ordered that' section; matched expected keyword for category
LTB-L-088506-25,L1,Order,2026-01-07,N4K,1640.22,arrears,1650.0,pattern_2,0.99,"December 16, 2025",True,True,False,False,,True,text,found in operative 'It is ordered that' section; matched expected keyword for category
LTB-L-088511-25,L1,Order,2026-02-02,P3C,7108.12,arrears,1996.18,pattern_1,3.56,,True,True,True,True,False,False,text,found in operative 'It is ordered that' section; matched expected keyword for category
LTB-L-088515-25,L1,Order,2026-01-28,L6X,5159.94,arrears,813.0,pattern_2,6.35,"January 19, 2026",False,,,,,False,text,found in operative 'It is ordered that' section; matched expected keyword for category
LTB-L-088518-25,L1,Order,2026-01-15,K7K,1672.68,arrears,1540.78,pattern_2,1.09,"January 5, 2026",True,True,False,True,,True,text,found in operative 'It is ordered that' section; matched expected keyword for category
LTB-L-088554-25,L1,Order,2026-02-03,M6K,,,,,,"January 27, 2026",True,True,False,True,,True,text,no dollar amount found
LTB-L-088655-25,L1,Review Order,2026-04-30,P0S,,,,,,,False,,,,,False,text,no dollar amount found
LTB-L-088664-25,L1,Order,2026-01-06,K1N,4168.57,arrears,1691.25,pattern_1,2.46,"December 11, 2025",True,True,False,True,,True,text,found in operative 'It is ordered that' section; matched expected keyword for category
LTB-L-088710-25,L1,Order,2026-03-13,P7B,2500.0,ambiguous-max,1733.53,pattern_2,1.44,"March 4, 2026",False,,,,,False,text,"found in operative 'It is ordered that' section; multiple candidate amounts, took max — manual review advised"
LTB-L-088733-25,L1,ExParte Order,2026-03-31,L2P,,,,,,,False,,,,,False,text,no dollar amount found
LTB-L-088740-25,L1,Order,2026-01-23,L5R,2643.0,arrears,,,,"January 21, 2026",False,,,,,False,text,found in operative 'It is ordered that' section; matched expected keyword for category
LTB-L-088796-25,L1,ExParte Order,2026-01-12,M1J,,,,,,,False,,,,,False,ocr,no dollar amount found
LTB-L-088812-25,L1,Order,2026-01-05,M9A,1723.21,arrears,1992.0,pattern_1,0.87,"December 10, 2025",True,True,False,True,,True,text,found in operative 'It is ordered that' section; matched expected keyword for category
LTB-L-088841-25,L1,Order,2026-01-19,M6B,4791.86,arrears,2645.2,pattern_2,1.81,"January 15, 2026",True,True,False,True,,True,text,found in operative 'It is ordered that' section; matched expected keyword for category
LTB-L-088847-25,L1,Order,2026-01-22,P2B,2136.0,arrears,1300.0,pattern_2,1.64,"December 11, 2025",True,True,True,False,False,False,text,found in operative 'It is ordered that' section; matched expected keyword for category
LTB-L-088883-25,L1,Order,2026-01-13,M9C,3988.65,arrears,1994.33,pattern_1,2.0,"January 7, 2026",True,True,False,True,,True,text,found in operative 'It is ordered that' section; matched expected keyword for category
LTB-L-088947-23,L1,Order,2026-02-19,L4Y,,,,,,"February 11, 2026",True,True,True,True,False,False,text,no dollar amount found
LTB-L-088947-25,L1,Order,2026-03-12,L1X,6000.0,arrears,3100.0,pattern_2,1.94,"March 5, 2026",True,True,True,True,False,False,text,found in operative 'It is ordered that' section; matched expected keyword for category
LTB-L-088959-25,L1,Order,2026-01-09,N6A,6829.6,arrears,1225.0,pattern_2,5.58,,True,True,True,True,False,False,text,found in operative 'It is ordered that' section; matched expected keyword for category
LTB-L-088976-25,L1,Order,2026-04-01,L4K,11286.0,arrears,2800.0,pattern_1,4.03,"March 30, 2026",True,True,False,True,,True,text,found in operative 'It is ordered that' section; matched expected keyword for category
LTB-L-088997-25,L1,Order,2026-01-15,L5M,5586.0,arrears,2700.0,pattern_1,2.07,"January 5, 2026",True,True,False,False,,True,text,found in operative 'It is ordered that' section; matched expected keyword for category
LTB-L-089000-25,L1,Order,2026-01-30,L3K,1080.0,arrears,1103.0,pattern_2,0.98,"January 5, 2026",True,True,True,True,False,False,text,found in operative 'It is ordered that' section; matched expected keyword for category
LTB-L-089042-25,L1,Order,2026-01-19,M3M,,,,,,"January 15, 2026",True,True,False,True,,True,text,no dollar amount found
LTB-L-089060-25,L1,Order,2026-01-09,L2J,8686.0,arrears,1700.0,pattern_1,5.11,"December 15, 2025",True,True,True,True,False,False,text,found in operative 'It is ordered that' section; matched expected keyword for category
LTB-L-089071-25,L1,Order,2026-01-12,M9V,8318.0,arrears,2199.0,pattern_2,3.78,"January 6, 2026",True,True,True,True,False,False,text,found in operative 'It is ordered that' section; matched expected keyword for category
LTB-L-089167-25,L1,Order,2026-01-29,N2M,,,,,,"January 26, 2026",True,True,True,True,False,False,text,no dollar amount found
LTB-L-089216-25,L1,Order,2026-01-28,K2C,5599.49,arrears,2545.75,pattern_1,2.2,"January 20, 2026",True,True,False,True,,True,text,found in operative 'It is ordered that' section; matched expected keyword for category
LTB-L-089217-25,L1,Order,2026-01-08,K0A,1231.95,other,2450.0,pattern_1,0.5,"December 15, 2025",True,True,True,True,False,False,text,"found in operative 'It is ordered that' section; single candidate amount, no strong keyword match"
LTB-L-089220-25,L1,Order,2026-01-16,L9N,10980.9,arrears,3250.0,pattern_1,3.38,"December 11, 2025",True,True,True,True,False,False,text,found in operative 'It is ordered that' section; matched expected keyword for category
LTB-L-089260-25,L1,Order,2026-01-23,K1K,,,,,,"January 14, 2026",True,True,False,True,,True,text,no dollar amount found
LTB-L-089269-25,L1,Order,2026-01-09,L1H,6725.2,arrears,1759.8,pattern_1,3.82,"December 16, 2025",False,,,,,False,text,found in operative 'It is ordered that' section; matched expected keyword for category
LTB-L-089296-25,L1,Order,2026-01-21,L1X,16448.78,arrears,3300.0,pattern_1,4.98,"January 15, 2026",False,,,,,False,text,found in operative 'It is ordered that' section; matched expected keyword for category
LTB-L-089299-25,L1,Order,2026-01-09,M4K,4015.63,arrears,1425.0,pattern_1,2.82,"December 16, 2025",True,True,False,True,,True,text,found in operative 'It is ordered that' section; matched expected keyword for category
LTB-L-089325-25,L1,Order,2026-03-25,L8J,20136.0,arrears,2850.0,pattern_1,7.07,"February 3, 2026",True,True,True,False,False,False,text,found in operative 'It is ordered that' section; matched expected keyword for category
LTB-L-089355-25,L1,Order,2026-01-28,M4K,2147.0,arrears,632.0,pattern_1,3.4,"January 19, 2026",True,True,False,True,,True,text,found in operative 'It is ordered that' section; matched expected keyword for category
LTB-L-089383-25,L1,Order,2026-01-27,M1L,,,,,,"January 20, 2026",False,,,,,False,text,no dollar amount found
LTB-L-089398-25,L1,Order,2026-01-15,L2G,5926.51,arrears,,,,"January 5, 2026",False,,,,,False,text,found in operative 'It is ordered that' section; matched expected keyword for category
LTB-L-089407-25,L1,Order,2026-01-08,M5A,9020.42,arrears,2550.0,pattern_1,3.54,"December 16, 2025",True,True,False,False,,True,text,found in operative 'It is ordered that' section; matched expected keyword for category
LTB-L-089429-25,L1,Order,2026-01-16,L6H,,,5300.0,pattern_1,,"January 5, 2026",False,,,,,False,text,operative section found but contained only fee/rate/boilerplate amounts — likely no lump sum ordered
LTB-L-089510-25,L1,Order,2026-01-30,M2M,9932.08,arrears,1629.78,pattern_2,6.09,"January 22, 2026",True,True,False,True,,True,text,found in operative 'It is ordered that' section; matched expected keyword for category
LTB-L-089549-25,L1,Order,2026-01-23,N6A,4293.18,arrears,,,,"January 14, 2026",True,False,True,,False,False,text,found in operative 'It is ordered that' section; matched expected keyword for category
LTB-L-089550-25,L1,Order,2026-01-30,L5B,16177.73,arrears,1712.02,pattern_1,9.45,"January 13, 2026",True,True,True,True,False,False,text,found in operative 'It is ordered that' section; matched expected keyword for category
LTB-L-089573-25,L1,Order,2026-01-06,L0K,,,,,,"December 22, 2025",False,,,,,True,text,no dollar amount found
LTB-L-089603-25,L1,Order,2026-01-27,L9Z,22747.35,arrears,1504.09,pattern_1,15.12,"January 13, 2026",True,True,False,True,,True,text,found in operative 'It is ordered that' section; matched expected keyword for category
LTB-L-089606-25,L1,ExParte Order,2026-03-13,M4K,,,,,,,False,,,,,False,text,no dollar amount found
LTB-L-089636-25,L1,Order,2026-03-12,K1K,6714.0,arrears,825.0,pattern_1,8.14,"February 24, 2026",True,True,False,True,,True,text,found in operative 'It is ordered that' section; matched expected keyword for category
LTB-L-089642-25,L1,Order,2026-01-19,K1K,6114.02,arrears,1575.0,pattern_2,3.88,"January 12, 2026",True,True,False,True,,True,text,found in operative 'It is ordered that' section; matched expected keyword for category
LTB-L-089643-25,L1,Order,2026-01-20,L1S,,,,,,"January 12, 2026",True,False,True,,False,True,text,no dollar amount found
LTB-L-089644-25,L1,Order,2026-02-10,M5A,1500.0,stated_total,1500.0,pattern_1,1.0,"January 12, 2026",True,True,True,False,False,False,text,"no operative section found, or it had no dollar mentions at all; fell back to full-document search; explicit stated-total phrasing (""...is \$X"")"
LTB-L-089659-25,L1,Order,2026-01-23,N9A,,,,,,"January 14, 2026",True,True,True,True,False,False,text,no dollar amount found
LTB-L-089666-25,L1,Order,2026-02-04,M1J,3802.53,arrears,1395.95,pattern_1,2.72,"January 20, 2026",True,True,True,True,False,False,text,found in operative 'It is ordered that' section; matched expected keyword for category
LTB-L-089747-25,L1,Order,2026-03-12,M3K,18307.89,arrears,2750.0,pattern_1,6.66,"January 29, 2026",True,True,True,True,False,False,text,found in operative 'It is ordered that' section; matched expected keyword for category
LTB-L-089763-25,L1,Order,2026-01-20,L1X,,,,,,"January 13, 2026",True,True,False,True,,True,text,no dollar amount found
LTB-L-089786-25,L1,Order,2026-01-21,L8N,16686.0,arrears,1750.0,pattern_1,9.53,"January 12, 2026",True,True,True,True,False,False,text,found in operative 'It is ordered that' section; matched expected keyword for category
LTB-L-089814-25,L1,Order,2026-01-28,L6Y,3197.76,arrears,,,,,False,,,,,False,text,found in operative 'It is ordered that' section; matched expected keyword for category
LTB-L-089817-25,L1,Order,2026-01-22,N7S,3600.96,arrears,773.27,pattern_1,4.66,"January 13, 2026",True,True,False,True,,True,text,found in operative 'It is ordered that' section; matched expected keyword for category
LTB-L-089822-25,L1,Order,2026-01-12,N3W,24523.78,arrears,2900.0,pattern_2,8.46,"January 7, 2026",True,True,False,True,,True,text,found in operative 'It is ordered that' section; matched expected keyword for category
LTB-L-089834-25,L1,Order,2026-01-27,L1N,8157.48,arrears,1446.51,pattern_1,5.64,"January 13, 2026",True,True,True,True,False,False,text,found in operative 'It is ordered that' section; matched expected keyword for category
LTB-L-089847-25,L1,Order,2026-02-05,M6K,4103.7,arrears,1285.7,pattern_1,3.19,"January 20, 2026",True,True,True,True,False,True,text,found in operative 'It is ordered that' section; matched expected keyword for category
LTB-L-089865-25,L1,Order,2026-01-21,M5E,5439.0,arrears,,,,"January 13, 2026",False,,,,,False,text,found in operative 'It is ordered that' section; matched expected keyword for category
LTB-L-089870-25,L1,Order,2026-02-06,L8M,4586.0,arrears,,,,"January 12, 2026",True,True,True,True,False,False,text,found in operative 'It is ordered that' section; matched expected keyword for category
LTB-L-089897-25,L1,Order,2026-01-29,M2R,7586.18,arrears,1258.2,pattern_1,6.03,"January 20, 2026",True,True,False,True,,True,text,found in operative 'It is ordered that' section; matched expected keyword for category
LTB-L-089898-24,L1,Order,2026-01-15,N5X,58136.0,arrears,3050.0,pattern_1,19.06,"January 8, 2026",True,True,True,True,True,True,text,found in operative 'It is ordered that' section; matched expected keyword for category
LTB-L-089906-25,L1,Order,2026-01-28,L6Y,4986.0,arrears,,,,"January 14, 2026",False,,,,,False,text,found in operative 'It is ordered that' section; matched expected keyword for category
LTB-L-089907-25,L1,Order,2026-01-15,L9C,1924.25,arrears,,,,"January 12, 2026",True,True,True,True,False,False,text,found in operative 'It is ordered that' section; matched expected keyword for category
LTB-L-089951-25,L1,Order,2026-01-12,M9C,,,,,,"January 6, 2026",True,True,True,True,False,False,text,no dollar amount found
LTB-L-089956-25,L1,Order,2026-01-14,M1G,,,,,,"January 5, 2026",False,,,,,True,text,no dollar amount found
LTB-L-089963-25,L1,Order,2026-01-13,M6K,1872.67,arrears,1729.11,pattern_1,1.08,"January 6, 2026",True,True,False,True,,True,text,found in operative 'It is ordered that' section; matched expected keyword for category
LTB-L-089972-25,L1,Order,2026-01-19,L5B,6963.0,arrears,,,,"January 12, 2026",True,True,True,True,False,False,text,found in operative 'It is ordered that' section; matched expected keyword for category
LTB-L-089974-25,L1,ExParte Order,2026-01-12,L1N,,,,,,,False,,,,,False,ocr,no dollar amount found
LTB-L-089979-25,L1,Order,2026-02-13,N9C,16147.97,arrears,2562.5,pattern_2,6.3,,False,,,,,False,text,found in operative 'It is ordered that' section; matched expected keyword for category
LTB-L-090015-25,L1,Order,2026-05-06,L7A,19786.0,arrears,3200.0,pattern_1,6.18,"April 13, 2026",True,True,True,False,False,False,text,found in operative 'It is ordered that' section; matched expected keyword for category
LTB-L-090040-25,L1,Order,2026-01-30,L7R,,,,,,"January 20, 2026",False,,,,,True,text,no dollar amount found
LTB-L-090045-25,L1,Order,2026-02-11,L3V,8876.0,arrears,2500.0,pattern_2,3.55,"January 12, 2026",True,True,True,False,False,False,text,found in operative 'It is ordered that' section; matched expected keyword for category
LTB-L-090105-25,L1,Order,2026-01-21,L5E,3350.0,stated_total,3350.0,pattern_2,1.0,"January 12, 2026",True,True,True,False,False,False,text,"no operative section found, or it had no dollar mentions at all; fell back to full-document search; explicit stated-total phrasing (""...is \$X"")"
LTB-L-090110-25,L1,Order,2026-01-23,N9A,,,,,,"January 12, 2026",True,True,False,False,,True,text,no dollar amount found
LTB-L-090114-25,L1,Order,2026-01-27,K2B,,,,,,"January 20, 2026",True,True,False,True,,True,text,no dollar amount found
LTB-L-090123-25,L1,Order,2026-02-24,M1P,,,,,,"January 20, 2026",True,True,True,False,False,False,text,no dollar amount found
LTB-L-090123-25,L1,Review Order,2026-04-14,M1P,,,,,,"January 20, 2026",True,True,True,False,False,False,text,no dollar amount found
LTB-L-090128-25,L1,Order,2026-01-15,L3M,3141.0,arrears,985.0,pattern_2,3.19,"January 13, 2026",True,True,False,False,,True,text,found in operative 'It is ordered that' section; matched expected keyword for category
LTB-L-090226-25,L1,Order,2026-02-04,K2C,,,,,,"January 12, 2026",False,,,,,True,text,no dollar amount found
LTB-L-090228-25,L1,Order,2026-01-15,M4G,5041.72,arrears,1666.5,pattern_1,3.03,"January 13, 2026",True,True,False,True,,True,text,found in operative 'It is ordered that' section; matched expected keyword for category
LTB-L-090236-25,L1,Order,2026-01-21,N7L,1072.5,stated_total,1072.5,pattern_2,1.0,"January 12, 2026",True,True,True,True,True,False,text,"no operative section found, or it had no dollar mentions at all; fell back to full-document search; explicit stated-total phrasing (""...is \$X"")"
LTB-L-090247-25,L1,Order,2026-02-12,K0M,16158.72,arrears,1773.08,pattern_1,9.11,"December 12, 2025",True,False,True,,True,False,text,found in operative 'It is ordered that' section; matched expected keyword for category
LTB-L-090299-25,L1,Order,2026-01-23,K7K,3147.64,arrears,987.08,pattern_1,3.19,"January 13, 2026",True,True,False,True,,True,text,found in operative 'It is ordered that' section; matched expected keyword for category
LTB-L-090300-25,L1,Order,2026-01-16,K9H,8543.0,arrears,1173.0,pattern_2,7.28,"January 13, 2026",False,,,,,False,text,found in operative 'It is ordered that' section; matched expected keyword for category
LTB-L-090311-25,L1,Order,2026-05-04,L2H,24686.0,arrears,2850.0,pattern_1,8.66,"April 13, 2026",True,True,True,True,False,False,text,found in operative 'It is ordered that' section; matched expected keyword for category
LTB-L-090328-25,L1,Order,2026-01-22,K2K,8120.43,arrears,2315.0,pattern_1,3.51,"January 13, 2026",True,True,True,True,False,False,text,found in operative 'It is ordered that' section; matched expected keyword for category
LTB-L-090358-25,L1,Order,2026-01-22,P0M,4436.0,arrears,850.0,pattern_1,5.22,"January 13, 2026",True,True,False,True,,True,text,found in operative 'It is ordered that' section; matched expected keyword for category
LTB-L-090388-25,L1,Order,2026-01-22,M6K,2475.0,arrears,,,,"January 13, 2026",True,True,True,False,False,False,text,found in operative 'It is ordered that' section; matched expected keyword for category
LTB-L-090394-25,L1,ExParte Order,2026-01-30,M8V,,,,,,,False,,,,,False,text,no dollar amount found
LTB-L-090396-25,L1,Order,2026-01-21,L1G,950.0,ambiguous-max,,,,"January 13, 2026",True,True,True,True,False,False,text,"found in operative 'It is ordered that' section; multiple candidate amounts, took max — manual review advised"
LTB-L-090420-25,L1,Order,2026-01-23,N3S,,,,,,"January 19, 2026",True,True,True,True,False,False,text,no dollar amount found
LTB-L-090426-25,L1,Order,2026-01-21,L7A,11636.0,arrears,1850.0,pattern_1,6.29,,True,True,False,True,,True,text,found in operative 'It is ordered that' section; matched expected keyword for category
LTB-L-090427-25,L1,Order,2026-01-15,M8Y,1411.01,arrears,1225.01,pattern_1,1.15,"January 13, 2026",True,True,False,True,,True,text,found in operative 'It is ordered that' section; matched expected keyword for category
LTB-L-090450-25,L1,Order,2026-01-16,M1K,17191.66,arrears,1424.0,pattern_1,12.07,"January 13, 2026",True,True,False,True,,True,text,found in operative 'It is ordered that' section; matched expected keyword for category
LTB-L-090469-25,L1,Order,2026-01-16,M6E,9955.42,arrears,2500.42,pattern_1,3.98,"January 6, 2026",True,True,False,True,,True,text,found in operative 'It is ordered that' section; matched expected keyword for category
LTB-L-090503-25,L1,Order,2026-02-17,M5N,3828.34,arrears,1725.09,pattern_2,2.22,"February 10, 2026",True,True,False,True,,True,text,found in operative 'It is ordered that' section; matched expected keyword for category
LTB-L-090515-25,L1,Amended Order,2026-02-11,M3N,5300.41,arrears,,,,"January 22, 2026",False,,,,,False,text,found in operative 'It is ordered that' section; matched expected keyword for category
LTB-L-090574-25,L1,Order,2026-01-20,N1G,3886.0,arrears,950.0,pattern_1,4.09,"January 15, 2026",True,True,False,False,,True,text,found in operative 'It is ordered that' section; matched expected keyword for category
LTB-L-090578-25,L1,Order,2026-01-22,N2P,8382.17,arrears,1695.0,pattern_1,4.95,"January 13, 2026",True,True,True,False,False,False,text,found in operative 'It is ordered that' section; matched expected keyword for category
LTB-L-090602-25,L1,Order,2026-01-19,K2L,6003.26,arrears,2400.0,pattern_1,2.5,"January 14, 2026",True,True,False,True,,True,text,found in operative 'It is ordered that' section; matched expected keyword for category
LTB-L-090618-25,L1,Order,2026-04-30,K7G,1400.0,other,1400.0,pattern_2,1.0,"April 20, 2026",False,,,,,False,text,"found in operative 'It is ordered that' section; single candidate amount, no strong keyword match"
LTB-L-090626-25,L1,ExParte Order,2026-01-15,K7K,,,,,,,False,,,,,False,ocr,no dollar amount found
LTB-L-090635-25,L1,Order,2026-01-07,K1V,,,,,,"December 15, 2025",True,True,False,True,,True,text,no dollar amount found
LTB-L-090660-25,L1,Order,2026-01-16,L1G,1996.9,arrears,406.0,pattern_1,4.92,"January 14, 2026",True,True,False,True,,True,text,found in operative 'It is ordered that' section; matched expected keyword for category
LTB-L-090683-25,L1,Order,2026-01-05,M3C,2378.69,arrears,1491.79,pattern_1,1.59,,True,True,True,True,False,False,text,found in operative 'It is ordered that' section; matched expected keyword for category
LTB-L-090687-25,L1,Order,2026-01-22,K1T,992.0,arrears,,,,"January 14, 2026",False,,,,,False,text,found in operative 'It is ordered that' section; matched expected keyword for category
LTB-L-090705-25,L1,Order,2026-02-04,L8H,1866.0,arrears,1375.0,pattern_1,1.36,"January 27, 2026",True,True,False,True,,True,text,found in operative 'It is ordered that' section; matched expected keyword for category
LTB-L-090706-25,L1,Order,2026-01-21,K7A,361.5,arrears,,,,"January 14, 2026",False,,,,,False,text,found in operative 'It is ordered that' section; matched expected keyword for category
LTB-L-090726-25,L1,Order,2026-01-21,P6C,12779.98,arrears,915.71,pattern_1,13.96,"January 14, 2026",True,True,False,True,,True,text,found in operative 'It is ordered that' section; matched expected keyword for category
LTB-L-090734-25,L1,Order,2026-02-10,N3T,12545.8,arrears,1669.88,pattern_1,7.51,"January 14, 2026",True,True,True,True,False,False,text,found in operative 'It is ordered that' section; matched expected keyword for category
LTB-L-090743-25,L1,Order,2026-02-24,L6P,,,,,,"January 14, 2026",True,True,True,False,False,False,text,no dollar amount found
LTB-L-090752-25,L1,Order,2026-02-05,L5A,8080.53,arrears,,,,"February 4, 2026",True,False,True,,False,False,text,found in operative 'It is ordered that' section; matched expected keyword for category
LTB-L-090774-25,L1,Order,2026-02-03,M6H,5779.07,arrears,2000.0,pattern_1,2.89,"January 27, 2026",True,True,False,True,,True,text,found in operative 'It is ordered that' section; matched expected keyword for category
LTB-L-090801-25,L1,Order,2026-02-09,M9N,,,,,,"January 26, 2026",True,True,False,True,,True,text,no dollar amount found
LTB-L-090807-25,L1,Order,2026-01-29,M4H,,,,,,,True,True,False,True,,True,text,operative section found but contained only fee/rate/boilerplate amounts — likely no lump sum ordered
LTB-L-090830-25,L1,Order,2026-01-30,M6A,2849.48,arrears,1336.34,pattern_1,2.13,"January 22, 2026",True,True,False,True,,True,text,found in operative 'It is ordered that' section; matched expected keyword for category
LTB-L-090909-25,L1,Order,2026-01-30,M6E,5067.62,arrears,1050.71,pattern_1,4.82,"January 15, 2026",True,True,False,True,,True,text,found in operative 'It is ordered that' section; matched expected keyword for category
LTB-L-090943-25,L1,Order,2026-01-27,M2N,,,,,,"January 14, 2026",True,True,True,True,False,False,text,no dollar amount found
LTB-L-090960-25,L1,Review Order,2026-02-18,L4M,1100.0,other,,,,,False,,,,,False,text,"no operative section found, or it had no dollar mentions at all; fell back to full-document search; single candidate amount, no strong keyword match"
LTB-L-090965-25,L1,Order,2026-01-21,M1X,16004.6,arrears,2400.0,pattern_1,6.67,"January 14, 2026",True,True,True,False,False,False,text,found in operative 'It is ordered that' section; matched expected keyword for category
LTB-L-091015-25,L1,Order,2026-01-20,K9J,3370.0,arrears,796.0,pattern_1,4.23,"January 8, 2026",True,True,True,False,False,False,text,found in operative 'It is ordered that' section; matched expected keyword for category
LTB-L-091047-25,L1,Order,2026-01-22,L9T,7542.63,arrears,2313.99,pattern_1,3.26,"January 14, 2026",True,True,True,True,False,False,text,found in operative 'It is ordered that' section; matched expected keyword for category
LTB-L-091064-25,L1,Order,2026-05-05,N6J,433.0,ambiguous-max,791.0,pattern_2,0.55,,False,,,,,False,text,"found in operative 'It is ordered that' section; multiple candidate amounts, took max — manual review advised"
LTB-L-091067-25,L1,Order,2026-02-04,M9R,9907.33,arrears,2700.0,pattern_2,3.67,"January 26, 2026",True,True,False,True,,True,text,found in operative 'It is ordered that' section; matched expected keyword for category
LTB-L-091070-25,L1,Order,2026-01-23,L7E,6777.6,arrears,,,,"January 14, 2026",False,,,,,False,text,found in operative 'It is ordered that' section; matched expected keyword for category
LTB-L-091077-25,L1,Order,2026-01-22,L3V,19169.54,arrears,2100.0,pattern_2,9.13,"January 15, 2026",True,True,True,True,False,False,text,found in operative 'It is ordered that' section; matched expected keyword for category
LTB-L-091105-25,L1,Order,2026-01-14,N0N,5689.64,arrears,1306.0,pattern_1,4.36,"January 6, 2026",False,,,,,False,text,found in operative 'It is ordered that' section; matched expected keyword for category
LTB-L-091108-25,L1,Order,2026-04-16,P3Y,4186.0,arrears,2150.0,pattern_1,1.95,"April 13, 2026",True,True,True,True,False,False,text,found in operative 'It is ordered that' section; matched expected keyword for category
LTB-L-091120-25,L1,Order,2026-01-23,K2B,,,,,,"January 21, 2026",True,True,False,True,,True,text,no dollar amount found
LTB-L-091133-25,L1,Review Order,2026-04-28,L8R,,,,,,"April 7, 2026",True,False,True,,False,True,text,no dollar amount found
LTB-L-091166-25,L1,Order,2026-02-04,L8S,7140.0,arrears,1725.0,pattern_1,4.14,"January 29, 2026",True,True,True,True,False,False,text,found in operative 'It is ordered that' section; matched expected keyword for category
LTB-L-091191-25,L1,ExParte Order,2026-01-12,N3S,,,,,,,False,,,,,False,text,no dollar amount found
LTB-L-091227-25,L1,Order,2026-05-04,K8A,23850.07,arrears,2011.05,pattern_1,11.86,"January 19, 2026",True,True,False,True,,True,text,found in operative 'It is ordered that' section; matched expected keyword for category
LTB-L-091240-25,L1,Order,2026-02-20,N6H,1340.45,stated_total,1340.45,pattern_1,1.0,"January 15, 2026",False,,,,,False,text,"no operative section found, or it had no dollar mentions at all; fell back to full-document search; explicit stated-total phrasing (""...is \$X"")"
LTB-L-091273-25,L1,Order,2026-02-03,M9N,6261.0,arrears,2255.0,pattern_1,2.78,"January 22, 2026",True,True,True,True,False,False,text,found in operative 'It is ordered that' section; matched expected keyword for category
LTB-L-091274-25,L1,Order,2026-01-13,M2H,,,,,,"January 5, 2026",True,True,True,True,False,False,text,no dollar amount found
LTB-L-091369-25,L1,Order,2026-02-05,M5A,,,,,,"January 26, 2026",True,True,False,True,,True,text,no dollar amount found
LTB-L-091379-25,L1,Order,2026-01-16,K8N,286.0,arrears,,,,"January 14, 2026",True,True,True,True,False,False,text,found in operative 'It is ordered that' section; matched expected keyword for category
LTB-L-091389-25,L1,Order,2026-01-29,M5A,13333.29,arrears,1242.4,pattern_1,10.73,"January 26, 2026",True,True,False,True,,True,text,found in operative 'It is ordered that' section; matched expected keyword for category
LTB-L-091398-25,L1,Order,2026-01-22,K6H,,,,,,"January 14, 2026",True,True,False,True,,True,text,no dollar amount found
LTB-L-091408-25,L1,Order,2026-02-05,M2J,,,,,,,False,,,,,False,text,no dollar amount found
LTB-L-091434-25,L1,Order,2026-01-27,M4S,8533.2,arrears,2347.25,pattern_1,3.64,"January 19, 2026",False,,,,,False,text,found in operative 'It is ordered that' section; matched expected keyword for category
LTB-L-091438-25,L1,Order,2026-01-29,K2C,,,,,,"January 22, 2026",True,True,True,True,False,False,text,no dollar amount found
LTB-L-091448-25,L1,Order,2026-01-29,M6L,4792.33,arrears,1545.98,pattern_2,3.1,,False,,,,,False,text,found in operative 'It is ordered that' section; matched expected keyword for category
LTB-L-091476-25,L1,Order,2026-01-28,M4P,12523.5,arrears,2767.5,pattern_1,4.53,"January 21, 2026",False,,,,,False,text,found in operative 'It is ordered that' section; matched expected keyword for category
LTB-L-091478-25,L1,Order,2026-01-29,L8N,2144.68,arrears,,,,"January 21, 2026",False,,,,,False,text,found in operative 'It is ordered that' section; matched expected keyword for category
LTB-L-091489-25,L1,Order,2026-01-30,N9A,15500.0,arrears,1875.0,pattern_1,8.27,"January 14, 2026",True,True,True,False,False,False,text,found in operative 'It is ordered that' section; matched expected keyword for category
LTB-L-091492-25,L1,Order,2026-01-28,N7G,8804.0,arrears,,,,"January 19, 2026",False,,,,,False,text,found in operative 'It is ordered that' section; matched expected keyword for category
LTB-L-091518-25,L1,Order,2026-01-29,P7B,6307.0,arrears,955.0,pattern_1,6.6,"January 15, 2026",True,True,False,True,,True,text,found in operative 'It is ordered that' section; matched expected keyword for category
LTB-L-091533-25,L1,Order,2026-01-20,M3A,,,,,,"January 14, 2026",True,True,False,True,,True,text,no dollar amount found
LTB-L-091560-25,L1,Order,2026-01-23,M4M,7886.0,arrears,1100.0,pattern_1,7.17,"January 19, 2026",True,True,False,True,,True,text,found in operative 'It is ordered that' section; matched expected keyword for category
LTB-L-091561-25,L1,Order,2026-02-09,L8G,4484.0,arrears,1162.18,pattern_1,3.86,"January 20, 2026",True,True,True,True,False,False,text,found in operative 'It is ordered that' section; matched expected keyword for category
LTB-L-091598-25,L1,Order,2026-01-29,M4H,6698.2,arrears,1674.55,pattern_1,4.0,"January 22, 2026",True,True,False,True,,True,text,found in operative 'It is ordered that' section; matched expected keyword for category
LTB-L-091600-25,L1,Order,2026-01-23,N6H,426.0,arrears,,,,,False,,,,,False,text,found in operative 'It is ordered that' section; matched expected keyword for category
LTB-L-091608-25,L1,Order,2026-01-15,M1L,1122.98,arrears,1062.22,pattern_1,1.06,"January 13, 2026",True,True,False,True,,True,text,found in operative 'It is ordered that' section; matched expected keyword for category
LTB-L-091632-25,L1,Order,2026-01-26,N5P,5306.0,arrears,1600.0,pattern_1,3.32,"January 19, 2026",True,True,False,True,,True,text,found in operative 'It is ordered that' section; matched expected keyword for category
LTB-L-091640-25,L1,Order,2026-02-06,K0A,1355.0,arrears,347.0,pattern_1,3.9,"January 15, 2026",True,True,False,True,,True,text,found in operative 'It is ordered that' section; matched expected keyword for category
LTB-L-091683-25,L1,Order,2026-02-03,P1B,19986.0,arrears,2200.0,pattern_1,9.08,"January 14, 2026",True,True,True,False,False,False,text,found in operative 'It is ordered that' section; matched expected keyword for category
LTB-L-091684-25,L1,Order,2026-02-03,K1G,1301.0,arrears,,,,"January 22, 2026",False,,,,,False,text,found in operative 'It is ordered that' section; matched expected keyword for category
LTB-L-091689-25,L1,Order,2026-03-27,M6H,5086.0,arrears,,,,"March 26, 2026",True,True,True,True,False,False,text,"no operative section found, or it had no dollar mentions at all; fell back to full-document search; matched expected keyword for category"
LTB-L-091717-25,L1,ExParte Order,2026-01-12,L5K,,,,,,,False,,,,,False,ocr,no dollar amount found
LTB-L-091729-25,L1,Review Order,2026-05-11,L6V,1100.0,ambiguous-max,,,,,False,,,,,False,text,"no operative section found, or it had no dollar mentions at all; fell back to full-document search; multiple candidate amounts, took max — manual review advised"
LTB-L-091759-25,L1,Order,2026-01-30,M1C,3384.39,arrears,1100.0,pattern_2,3.08,"January 19, 2026",True,True,False,False,,True,text,found in operative 'It is ordered that' section; matched expected keyword for category
LTB-L-091763-25,L1,Order,2026-02-03,K2B,7348.6,arrears,1599.83,pattern_1,4.59,"January 22, 2026",True,True,True,True,False,False,text,found in operative 'It is ordered that' section; matched expected keyword for category
LTB-L-091784-25,L1,Order,2026-01-20,N6G,163.68,arrears,1200.0,pattern_1,0.14,"January 14, 2026",True,True,False,True,,True,text,found in operative 'It is ordered that' section; matched expected keyword for category
LTB-L-091797-25,L1,Order,2026-01-22,L4A,14886.0,arrears,,,,"January 15, 2026",False,,,,,False,text,found in operative 'It is ordered that' section; matched expected keyword for category
LTB-L-091835-25,L1,Order,2026-02-04,M3H,10316.53,arrears,,,,"January 29, 2026",False,,,,,False,text,found in operative 'It is ordered that' section; matched expected keyword for category
LTB-L-091838-25,L1,Order,2026-01-29,L5B,3133.0,arrears,,,,"January 22, 2026",False,,,,,False,text,found in operative 'It is ordered that' section; matched expected keyword for category
LTB-L-091845-25,L1,ExParte Order,2026-01-15,L5K,,,,,,,False,,,,,False,ocr,no dollar amount found
LTB-L-091846-25,L1,Order,2026-04-08,M5R,27186.0,arrears,3000.0,pattern_1,9.06,"January 15, 2026",True,False,True,,False,False,text,found in operative 'It is ordered that' section; matched expected keyword for category
LTB-L-091851-25,L1,Order,2026-01-26,K1Z,14886.0,arrears,1300.0,pattern_1,11.45,"January 21, 2026",True,False,True,,False,False,text,found in operative 'It is ordered that' section; matched expected keyword for category
LTB-L-091936-25,L1,Order,2026-01-21,N5Z,54.5,other,,,,"January 15, 2026",True,True,True,True,False,False,text,"found in operative 'It is ordered that' section; single candidate amount, no strong keyword match"
LTB-L-091937-25,L1,Order,2026-01-22,M1J,2932.2,arrears,1129.86,pattern_1,2.6,"January 15, 2026",False,,,,,False,text,found in operative 'It is ordered that' section; matched expected keyword for category
LTB-L-091951-25,L1,ExParte Order,2026-02-09,N5Z,742.0,other,,,,,False,,,,,False,text,"no operative section found, or it had no dollar mentions at all; fell back to full-document search; single candidate amount, no strong keyword match"
LTB-L-091955-25,L1,Order,2026-02-04,L5H,8898.5,arrears,8712.5,pattern_2,1.02,,False,,,,,False,text,found in operative 'It is ordered that' section; matched expected keyword for category
LTB-L-091964-25,L1,Order,2026-02-03,M8W,,,,,,"January 15, 2026",True,True,True,True,True,False,text,no dollar amount found
LTB-L-091983-25,L1,Order,2026-01-20,M9M,,,,,,"January 13, 2026",True,False,True,,False,True,text,no dollar amount found
LTB-L-092030-25,L1,Order,2026-04-02,K2J,5386.0,arrears,2600.0,pattern_2,2.07,"January 15, 2026",True,True,True,False,False,False,text,found in operative 'It is ordered that' section; matched expected keyword for category
LTB-L-092084-25,L1,Review Order,2026-03-17,N8X,,,,,,"March 12, 2026",True,True,True,False,False,True,text,no dollar amount found
LTB-L-092137-25,L1,Order,2026-01-22,K1K,12109.5,arrears,,,,,False,,,,,False,text,found in operative 'It is ordered that' section; matched expected keyword for category
LTB-L-092168-23,L1,Order,2026-01-28,N6E,1250.0,other,,,,,True,True,True,False,False,False,text,"found in operative 'It is ordered that' section; single candidate amount, no strong keyword match"
LTB-L-092211-25,L1,Order,2026-01-26,L9H,10911.36,arrears,3200.0,pattern_1,3.41,,False,,,,,False,text,found in operative 'It is ordered that' section; matched expected keyword for category
LTB-L-092241-25,L1,Order,2026-01-19,M8V,,,,,,"January 13, 2026",True,True,False,False,,True,text,no dollar amount found
LTB-L-092262-25,L1,Order,2026-02-09,N1H,16231.9,arrears,,,,,False,,,,,False,text,found in operative 'It is ordered that' section; matched expected keyword for category
LTB-L-092329-25,L1,Order,2026-01-29,M9V,,,,,,"January 26, 2026",True,True,False,True,,True,text,no dollar amount found
LTB-L-092355-24,L1,Review Order,2026-01-14,K2J,,,,,,,True,True,True,False,False,False,text,no dollar amount found
LTB-L-092370-25,L1,Order,2026-01-23,N9A,,,,,,"January 15, 2026",False,,,,,True,text,no dollar amount found
LTB-L-092398-25,L1,Order,2026-01-29,L9M,,,,,,"January 21, 2026",True,True,False,False,,True,text,no dollar amount found
LTB-L-092400-25,L1,Order,2026-01-23,N1G,7418.85,arrears,1446.57,pattern_1,5.13,"January 15, 2026",True,True,False,True,,True,text,found in operative 'It is ordered that' section; matched expected keyword for category
LTB-L-092432-25,L1,Order,2026-01-26,M4P,,,,,,"January 19, 2026",False,,,,,True,text,no dollar amount found
LTB-L-092466-25,L1,ExParte Order,2026-01-21,M4S,,,,,,,False,,,,,False,text,no dollar amount found
LTB-L-092467-25,L1,Order,2026-01-22,M8V,5536.9,arrears,1133.59,pattern_1,4.88,"December 16, 2025",True,True,True,True,False,False,text,found in operative 'It is ordered that' section; matched expected keyword for category
LTB-L-092508-25,L1,Order,2026-01-29,M5A,2593.0,stated_total,2593.0,pattern_1,1.0,"January 22, 2026",True,True,True,True,False,False,text,"found in operative 'It is ordered that' section; explicit stated-total phrasing (""...is \$X"")"
LTB-L-092533-25,L1,ExParte Order,2026-01-12,M9V,,,,,,,False,,,,,False,text,no dollar amount found
LTB-L-092548-25,L1,Order,2026-01-29,L9J,14655.01,arrears,2950.0,pattern_2,4.97,"January 20, 2026",True,True,True,True,False,False,text,found in operative 'It is ordered that' section; matched expected keyword for category
LTB-L-092621-25,L1,Order,2026-02-09,M9N,191.0,arrears,1361.58,pattern_2,0.14,"January 26, 2026",True,False,False,,,True,text,found in operative 'It is ordered that' section; matched expected keyword for category
LTB-L-092640-24,L1,Order,2026-04-10,L0S,11123.26,arrears,2562.5,pattern_2,4.34,"April 1, 2026",True,True,False,False,,True,text,found in operative 'It is ordered that' section; matched expected keyword for category
LTB-L-092667-25,L1,Order,2026-01-29,K2C,12050.0,arrears,1483.0,pattern_1,8.13,"January 27, 2026",True,True,False,True,,True,text,found in operative 'It is ordered that' section; matched expected keyword for category
LTB-L-092672-25,L1,Order,2026-03-02,K2B,9477.6,arrears,1358.0,pattern_1,6.98,,False,,,,,False,text,found in operative 'It is ordered that' section; matched expected keyword for category
LTB-L-092704-25,L1,Order,2026-01-27,L3V,4316.0,arrears,1205.0,pattern_1,3.58,"January 19, 2026",False,,,,,False,text,found in operative 'It is ordered that' section; matched expected keyword for category
LTB-L-092731-25,L1,Order,2026-02-02,K8P,1911.0,arrears,1725.0,pattern_2,1.11,,True,True,True,True,False,False,text,found in operative 'It is ordered that' section; matched expected keyword for category
LTB-L-092743-25,L1,Order,2026-01-27,M5A,13787.75,arrears,1100.0,pattern_2,12.53,"January 20, 2026",True,True,True,True,False,False,text,found in operative 'It is ordered that' section; matched expected keyword for category
LTB-L-092744-25,L1,Order,2026-02-03,L4T,5368.16,arrears,2531.58,pattern_1,2.12,"January 20, 2026",True,True,False,True,,True,text,found in operative 'It is ordered that' section; matched expected keyword for category
LTB-L-092749-25,L1,Order,2026-03-20,M3H,,,,,,,False,,,,,False,text,no dollar amount found
LTB-L-092772-25,L1,ExParte Order,2026-01-22,M9R,,,,,,,False,,,,,False,text,no dollar amount found
LTB-L-092791-25,L1,ExParte Order,2026-01-12,N2N,,,,,,,False,,,,,False,text,no dollar amount found
LTB-L-092795-25,L1,Order,2026-01-28,L0N,,,,,,"January 19, 2026",True,True,False,True,,True,text,no dollar amount found
LTB-L-092800-25,L1,Order,2026-01-30,L2G,16386.0,arrears,1800.0,pattern_1,9.1,"January 19, 2026",True,True,False,True,,True,text,found in operative 'It is ordered that' section; matched expected keyword for category
LTB-L-092858-25,L1,Order,2026-02-05,K1G,,,,,,"January 27, 2026",True,True,False,True,,True,text,no dollar amount found
LTB-L-092883-25,L1,Order,2026-04-14,N3S,14956.0,arrears,1640.0,pattern_1,9.12,"April 13, 2026",True,True,False,True,,True,text,found in operative 'It is ordered that' section; matched expected keyword for category
LTB-L-092909-25,L1,ExParte Order,2026-01-21,M9R,,,,,,,False,,,,,False,text,no dollar amount found
LTB-L-092919-25,L1,Order,2026-01-23,M5A,,,,,,"January 19, 2026",False,,,,,True,text,no dollar amount found
LTB-L-092962-25,L1,Order,2026-02-02,N6B,9763.2,arrears,791.0,pattern_1,12.34,"January 20, 2026",True,True,False,True,,True,text,found in operative 'It is ordered that' section; matched expected keyword for category
LTB-L-092984-25,L1,Order,2026-01-27,N6E,250.0,ambiguous-max,2190.0,pattern_2,0.11,"January 22, 2026",True,True,True,True,False,False,text,"found in operative 'It is ordered that' section; multiple candidate amounts, took max — manual review advised"
LTB-L-092990-23,L1,ExParte Order,2026-04-24,M9V,,,,,,,False,,,,,False,text,no dollar amount found
LTB-L-093046-25,L1,Order,2026-02-04,P1B,7046.0,arrears,2350.0,pattern_1,3.0,"January 26, 2026",True,True,False,True,,True,text,found in operative 'It is ordered that' section; matched expected keyword for category
LTB-L-093095-25,L1,Order,2026-01-21,M9V,3443.12,arrears,,,,"January 20, 2026",True,False,True,,False,False,text,found in operative 'It is ordered that' section; matched expected keyword for category
LTB-L-093119-25,L1,Order,2026-01-23,K2K,12400.48,arrears,2454.87,pattern_1,5.05,"January 19, 2026",True,True,False,True,,True,text,found in operative 'It is ordered that' section; matched expected keyword for category
LTB-L-093122-25,L1,Order,2026-02-02,K7N,1986.0,arrears,1700.0,pattern_2,1.17,,True,True,True,False,False,False,text,found in operative 'It is ordered that' section; matched expected keyword for category
LTB-L-093125-25,L1,ExParte Order,2026-01-12,M6R,,,,,,,False,,,,,False,text,no dollar amount found
LTB-L-093138-25,L1,Order,2026-01-22,N6B,466.84,arrears,1440.11,pattern_1,0.32,"January 13, 2026",True,True,False,True,,True,text,found in operative 'It is ordered that' section; matched expected keyword for category
LTB-L-093143-25,L1,Order,2026-02-03,M2J,17976.12,arrears,2044.87,pattern_1,8.79,"January 26, 2026",True,True,True,True,False,False,text,found in operative 'It is ordered that' section; matched expected keyword for category
LTB-L-093198-25,L1,Order,2026-01-29,L6S,3026.49,arrears,2235.08,pattern_1,1.35,"January 27, 2026",True,True,False,True,,True,text,found in operative 'It is ordered that' section; matched expected keyword for category
LTB-L-093205-25,L1,Review Order,2026-04-15,L5B,35700.0,stated_total,,,,"April 8, 2026",True,True,True,True,False,False,text,"found in operative 'It is ordered that' section; explicit stated-total phrasing (""...is \$X"")"
LTB-L-093220-25,L1,Order,2026-02-06,L2R,,,,,,"January 19, 2026",True,True,True,True,False,False,text,no dollar amount found
LTB-L-093225-25,L1,ExParte Order,2026-01-19,L6S,,,,,,,False,,,,,False,text,no dollar amount found
LTB-L-093227-25,L1,Order,2026-01-29,L6S,3632.2,arrears,2159.14,pattern_1,1.68,"January 27, 2026",True,True,False,True,,True,text,found in operative 'It is ordered that' section; matched expected keyword for category
LTB-L-093227-25,L1,ExParte Order,2026-02-05,L6S,3632.2,arrears,2159.14,pattern_1,1.68,"January 27, 2026",True,True,False,True,,True,text,found in operative 'It is ordered that' section; matched expected keyword for category
LTB-L-093231-25,L1,Order,2026-02-02,K7M,3374.42,arrears,1874.42,pattern_1,1.8,"January 26, 2026",True,True,True,True,False,False,text,found in operative 'It is ordered that' section; matched expected keyword for category
LTB-L-093242-25,L1,Order,2026-01-19,L4X,4025.36,arrears,1634.71,pattern_1,2.46,"January 13, 2026",True,True,False,True,,True,text,found in operative 'It is ordered that' section; matched expected keyword for category
LTB-L-093246-25,L1,Order,2026-01-28,N9B,3951.0,arrears,1558.0,pattern_2,2.54,,False,,,,,False,text,found in operative 'It is ordered that' section; matched expected keyword for category
LTB-L-093250-25,L1,Order,2026-01-23,L8P,3510.0,arrears,1689.0,pattern_1,2.08,"January 19, 2026",True,True,False,True,,True,text,found in operative 'It is ordered that' section; matched expected keyword for category
LTB-L-093256-25,L1,ExParte Order,2026-01-15,M1J,5516.0,arrears,,,,,False,,,,,False,text,found in operative 'It is ordered that' section; matched expected keyword for category
LTB-L-093260-25,L1,Order,2026-01-30,M4R,17422.75,arrears,3367.63,pattern_1,5.17,"January 28, 2026",True,True,False,True,,True,text,found in operative 'It is ordered that' section; matched expected keyword for category
LTB-L-093264-25,L1,Review Order,2026-03-10,L8B,28586.0,arrears,4200.0,pattern_1,6.81,"March 5, 2026",True,True,True,False,False,False,text,found in operative 'It is ordered that' section; matched expected keyword for category
LTB-L-093277-25,L1,Order,2026-02-05,K1Z,3637.55,arrears,1196.1,pattern_1,3.04,"January 27, 2026",True,True,False,True,,True,text,found in operative 'It is ordered that' section; matched expected keyword for category
LTB-L-093280-25,L1,Order,2026-02-06,M1T,218.21,arrears,1617.21,pattern_2,0.13,,True,True,True,True,False,False,text,found in operative 'It is ordered that' section; matched expected keyword for category
LTB-L-093282-25,L1,ExParte Order,2026-01-21,M4K,,,,,,,False,,,,,False,text,no dollar amount found
LTB-L-093296-25,L1,Order,2026-04-22,L2A,,,,,,"April 13, 2026",True,True,True,True,False,True,text,no dollar amount found
LTB-L-093314-25,L1,Order,2026-02-03,L5L,,,,,,"January 30, 2026",True,True,True,True,True,False,text,no dollar amount found
LTB-L-093316-25,L1,Order,2026-02-04,L6T,6773.8,arrears,1637.56,pattern_1,4.14,"January 20, 2026",True,True,True,True,False,False,text,found in operative 'It is ordered that' section; matched expected keyword for category
LTB-L-093328-25,L1,Order,2026-01-29,K1N,2943.64,arrears,1775.0,pattern_2,1.66,"January 21, 2026",True,False,False,,,True,text,found in operative 'It is ordered that' section; matched expected keyword for category
LTB-L-093334-25,L1,ExParte Order,2026-01-22,L5N,,,,,,,False,,,,,False,text,no dollar amount found
LTB-L-093340-25,L1,Order,2026-01-30,M6L,1500.0,arrears,,,,"January 26, 2026",True,True,True,False,False,False,text,found in operative 'It is ordered that' section; matched expected keyword for category
LTB-L-093351-25,L1,Order,2026-01-26,P3B,1252.0,ambiguous-max,,,,"January 19, 2026",True,True,False,True,,True,text,"no operative section found, or it had no dollar mentions at all; fell back to full-document search; multiple candidate amounts, took max — manual review advised"
LTB-L-093352-25,L1,Order,2026-02-09,M6H,6638.79,arrears,,,,,False,,,,,False,text,found in operative 'It is ordered that' section; matched expected keyword for category
LTB-L-093357-25,L1,Order,2026-02-05,M9N,5771.78,arrears,1569.34,pattern_1,3.68,"January 26, 2026",True,True,False,True,,True,text,found in operative 'It is ordered that' section; matched expected keyword for category
LTB-L-093361-25,L1,Order,2026-02-02,N6G,,,,,,"January 26, 2026",True,True,True,True,True,False,text,no dollar amount found
LTB-L-093362-25,L1,Order,2026-01-26,M4P,1650.74,arrears,,,,"January 20, 2026",False,,,,,False,text,found in operative 'It is ordered that' section; matched expected keyword for category
LTB-L-093374-25,L1,Order,2026-02-03,M2J,,,,,,,True,True,False,True,,True,text,operative section found but contained only fee/rate/boilerplate amounts — likely no lump sum ordered
LTB-L-093376-25,L1,ExParte Order,2026-01-21,M2J,,,,,,,False,,,,,False,text,no dollar amount found
LTB-L-093387-25,L1,Order,2026-01-29,N4S,6486.0,arrears,1290.0,pattern_1,5.03,"January 19, 2026",True,True,True,True,False,False,text,found in operative 'It is ordered that' section; matched expected keyword for category
LTB-L-093395-25,L1,Review Order,2026-03-18,K6H,3101.0,arrears,,,,"March 16, 2026",False,,,,,False,text,found in operative 'It is ordered that' section; matched expected keyword for category
LTB-L-093411-25,L1,ExParte Order,2026-01-12,M4Y,,,,,,,False,,,,,False,text,no dollar amount found
LTB-L-093416-25,L1,Order,2026-01-28,M6H,50000.0,stated_total,1877.96,pattern_1,26.62,"January 26, 2026",False,,,,,False,text,"found in operative 'It is ordered that' section; explicit stated-total phrasing (""...is \$X"")"
LTB-L-093465-25,L1,Order,2026-02-04,L5A,5635.08,arrears,,,,,False,,,,,False,text,found in operative 'It is ordered that' section; matched expected keyword for category
LTB-L-093468-25,L1,Order,2026-01-29,P3C,6584.0,arrears,1100.0,pattern_1,5.99,"January 22, 2026",True,True,True,False,False,False,text,found in operative 'It is ordered that' section; matched expected keyword for category
LTB-L-093481-25,L1,Order,2026-01-26,M3A,9486.74,arrears,2266.79,pattern_1,4.19,"January 21, 2026",True,False,False,,,True,text,found in operative 'It is ordered that' section; matched expected keyword for category
LTB-L-093500-25,L1,Order,2026-01-30,N4G,,,,,,"January 26, 2026",True,False,True,,False,True,text,no dollar amount found
LTB-L-093517-25,L1,Order,2026-02-26,L1J,,,,,,,False,,,,,False,text,no dollar amount found
LTB-L-093520-25,L1,Review Order,2026-03-16,M3C,,,,,,,False,,,,,False,text,no dollar amount found
LTB-L-093527-25,L1,Order,2026-01-29,L2S,8181.33,arrears,1290.0,pattern_1,6.34,,True,True,True,True,False,False,text,found in operative 'It is ordered that' section; matched expected keyword for category
LTB-L-093540-25,L1,Order,2026-02-13,L4Y,3403.44,arrears,1641.17,pattern_1,2.07,,False,,,,,False,text,found in operative 'It is ordered that' section; matched expected keyword for category
LTB-L-093545-25,L1,Order,2026-01-28,M6P,,,,,,,True,True,False,True,,True,text,operative section found but contained only fee/rate/boilerplate amounts — likely no lump sum ordered
LTB-L-093552-25,L1,Order,2026-01-26,N7L,7586.0,arrears,1480.0,pattern_1,5.13,"January 19, 2026",True,True,False,True,,True,text,found in operative 'It is ordered that' section; matched expected keyword for category
LTB-L-093588-25,L1,Order,2026-01-29,M3A,2365.49,arrears,1826.94,pattern_1,1.29,"January 21, 2026",True,True,True,True,False,False,text,found in operative 'It is ordered that' section; matched expected keyword for category
LTB-L-093625-25,L1,Order,2026-02-04,M1L,5657.26,arrears,1900.69,pattern_1,2.98,"January 27, 2026",True,True,False,True,,True,text,found in operative 'It is ordered that' section; matched expected keyword for category
LTB-L-093630-25,L1,Order,2026-04-10,K1R,2925.7,arrears,850.0,pattern_1,3.44,"March 25, 2026",True,True,True,True,False,False,text,found in operative 'It is ordered that' section; matched expected keyword for category
LTB-L-093635-25,L1,Order,2026-02-04,M3A,,,,,,,True,True,False,True,,True,text,operative section found but contained only fee/rate/boilerplate amounts — likely no lump sum ordered
LTB-L-093638-25,L1,Order,2026-01-29,L6T,4106.41,arrears,1526.52,pattern_1,2.69,"January 21, 2026",True,True,True,True,False,False,text,found in operative 'It is ordered that' section; matched expected keyword for category
LTB-L-093641-25,L1,Order,2026-01-12,K2C,,,,,,,False,,,,,False,text,no dollar amount found
LTB-L-093694-25,L1,ExParte Order,2026-01-12,L4P,,,,,,,False,,,,,False,ocr,no dollar amount found
LTB-L-093702-25,L1,Order,2026-01-26,K7K,5901.25,arrears,1092.65,pattern_1,5.4,"January 19, 2026",False,,,,,True,text,found in operative 'It is ordered that' section; matched expected keyword for category
LTB-L-093703-25,L1,Order,2026-01-27,N9B,,,,,,"January 21, 2026",False,,,,,True,text,no dollar amount found
LTB-L-093704-25,L1,Order,2026-02-03,M5V,16823.14,arrears,2852.0,pattern_1,5.9,"January 27, 2026",True,False,False,,,True,text,found in operative 'It is ordered that' section; matched expected keyword for category
LTB-L-093719-25,L1,Order,2026-01-30,M8V,14357.8,arrears,1870.0,pattern_1,7.68,"January 26, 2026",True,True,False,True,,True,text,found in operative 'It is ordered that' section; matched expected keyword for category
LTB-L-093735-25,L1,Order,2026-02-04,M3L,39.14,arrears,1651.49,pattern_1,0.02,"January 27, 2026",True,True,False,True,,True,text,found in operative 'It is ordered that' section; matched expected keyword for category
LTB-L-093747-25,L1,Review Order,2026-03-12,P3C,4826.0,arrears,,,,,False,,,,,False,text,found in operative 'It is ordered that' section; matched expected keyword for category
LTB-L-093752-25,L1,Order,2026-02-09,M8V,14836.0,arrears,2450.0,pattern_2,6.06,"January 27, 2026",True,True,True,False,False,False,text,found in operative 'It is ordered that' section; matched expected keyword for category
LTB-L-093772-25,L1,Order,2026-02-09,N6A,5283.18,arrears,2573.98,pattern_1,2.05,"January 19, 2026",True,True,False,False,,True,text,found in operative 'It is ordered that' section; matched expected keyword for category
LTB-L-093784-25,L1,ExParte Order,2026-01-26,K1S,,,,,,,False,,,,,False,ocr,no dollar amount found
LTB-L-093789-25,L1,Order,2026-02-06,L1H,30936.0,arrears,2350.0,pattern_1,13.16,,False,,,,,False,text,found in operative 'It is ordered that' section; matched expected keyword for category
LTB-L-093792-25,L1,ExParte Order,2026-01-22,M3L,,,,,,,False,,,,,False,text,no dollar amount found
LTB-L-093808-25,L1,Order,2026-01-29,M8V,6486.4,arrears,1700.08,pattern_1,3.82,"January 27, 2026",True,True,True,True,False,False,text,found in operative 'It is ordered that' section; matched expected keyword for category
LTB-L-093809-25,L1,Order,2026-02-06,L6H,,,,,,,True,True,True,True,False,False,text,operative section found but contained only fee/rate/boilerplate amounts — likely no lump sum ordered
LTB-L-093842-25,L1,Order,2026-02-02,K7H,12975.81,arrears,1700.0,pattern_1,7.63,"January 26, 2026",True,True,True,False,False,True,text,found in operative 'It is ordered that' section; matched expected keyword for category
LTB-L-093853-25,L1,Order,2026-02-03,L6H,,,,,,"January 27, 2026",True,True,False,True,,True,text,no dollar amount found
LTB-L-093869-25,L1,Order,2026-01-30,L5J,7619.82,arrears,2485.87,pattern_2,3.07,"January 27, 2026",True,False,False,,,True,text,found in operative 'It is ordered that' section; matched expected keyword for category
LTB-L-093896-25,L1,ExParte Order,2026-01-14,M6A,,,,,,,False,,,,,False,ocr,no dollar amount found
LTB-L-093910-25,L1,Order,2026-01-30,L6T,4221.85,arrears,1350.0,pattern_2,3.13,"January 19, 2026",True,True,False,True,,True,text,found in operative 'It is ordered that' section; matched expected keyword for category
LTB-L-093928-25,L1,ExParte Order,2026-01-22,M5T,,,,,,,False,,,,,False,ocr,no dollar amount found
LTB-L-093934-25,L1,Order,2026-02-03,M2R,4219.24,arrears,2109.62,pattern_1,2.0,"January 28, 2026",True,True,True,True,False,False,text,found in operative 'It is ordered that' section; matched expected keyword for category
LTB-L-093959-25,L1,Order,2026-02-20,M1K,4686.0,arrears,1475.0,pattern_1,3.18,"February 11, 2026",True,True,False,True,,True,text,found in operative 'It is ordered that' section; matched expected keyword for category
LTB-L-093968-25,L1,Order,2026-03-05,M9C,5124.89,arrears,2562.5,pattern_1,2.0,"March 2, 2026",True,False,False,,,True,text,found in operative 'It is ordered that' section; matched expected keyword for category
LTB-L-093977-25,L1,Order,2026-02-04,M3A,2695.44,arrears,1325.99,pattern_1,2.03,"January 26, 2026",True,True,True,True,False,False,text,found in operative 'It is ordered that' section; matched expected keyword for category
LTB-L-093986-25,L1,Order,2026-02-06,M3A,6661.46,arrears,2068.61,pattern_1,3.22,"January 26, 2026",True,True,True,True,False,False,text,found in operative 'It is ordered that' section; matched expected keyword for category
LTB-L-093990-25,L1,Order,2026-01-30,M3A,13746.08,arrears,2719.0,pattern_1,5.06,"January 26, 2026",True,True,False,True,,True,text,found in operative 'It is ordered that' section; matched expected keyword for category
LTB-L-093993-25,L1,Review Order,2026-03-24,L5J,,,,,,"March 16, 2026",True,True,False,True,,False,text,no dollar amount found
LTB-L-094000-25,L1,Order,2026-01-30,K9V,8291.0,arrears,1621.0,pattern_1,5.11,"January 26, 2026",True,True,False,True,,True,text,found in operative 'It is ordered that' section; matched expected keyword for category
LTB-L-094012-25,L1,Review Order,2026-04-27,N2M,,,,,,"April 23, 2026",True,True,True,True,False,True,text,no dollar amount found
LTB-L-094024-25,L1,ExParte Order,2026-01-12,M1T,,,,,,,False,,,,,False,text,no dollar amount found
LTB-L-094031-25,L1,Order,2026-02-09,M1J,,,,,,"January 27, 2026",True,True,False,True,,True,text,no dollar amount found
LTB-L-094037-25,L1,Order,2026-02-12,M4K,7075.72,arrears,1743.69,pattern_1,4.06,"January 27, 2026",True,True,True,True,False,True,text,found in operative 'It is ordered that' section; matched expected keyword for category
LTB-L-094041-25,L1,Order,2026-02-02,L2T,,,,,,"January 20, 2026",True,True,False,True,,True,text,no dollar amount found
LTB-L-094045-25,L1,Order,2026-02-04,M9V,,,,,,"January 27, 2026",True,True,False,True,,True,text,no dollar amount found
LTB-L-094052-25,L1,Order,2026-04-02,K2E,1983.16,arrears,1905.01,pattern_2,1.04,"March 23, 2026",True,True,False,True,,True,text,found in operative 'It is ordered that' section; matched expected keyword for category
LTB-L-094055-25,L1,Order,2026-02-04,M9W,1188.13,arrears,,,,"January 27, 2026",False,,,,,False,text,found in operative 'It is ordered that' section; matched expected keyword for category
LTB-L-094056-25,L1,Order,2026-01-28,K2B,,,,,,"January 22, 2026",True,True,False,True,,True,text,no dollar amount found
LTB-L-094068-25,L1,ExParte Order,2026-01-13,K8P,,,,,,,False,,,,,False,ocr,no dollar amount found
LTB-L-094114-25,L1,Order,2026-02-03,M9A,5978.4,arrears,1931.12,pattern_1,3.1,"January 26, 2026",True,True,False,True,,True,text,found in operative 'It is ordered that' section; matched expected keyword for category
LTB-L-094122-25,L1,Order,2026-02-09,M4Y,5345.7,arrears,1552.97,pattern_1,3.44,"February 2, 2026",True,True,False,True,,True,text,found in operative 'It is ordered that' section; matched expected keyword for category
LTB-L-094123-25,L1,Order,2026-02-10,M4Y,2756.0,arrears,2310.0,pattern_1,1.19,"February 2, 2026",True,True,False,True,,True,text,found in operative 'It is ordered that' section; matched expected keyword for category
LTB-L-094124-25,L1,Order,2026-02-10,M4Y,3248.41,arrears,2160.27,pattern_1,1.5,"February 2, 2026",False,,,,,False,text,found in operative 'It is ordered that' section; matched expected keyword for category
LTB-L-094130-25,L1,Order,2026-01-30,M6M,,,,,,,True,True,False,True,,True,text,operative section found but contained only fee/rate/boilerplate amounts — likely no lump sum ordered
LTB-L-094137-25,L1,ExParte Order,2026-01-13,M6M,,,,,,,False,,,,,False,ocr,no dollar amount found
LTB-L-094144-25,L1,Order,2026-02-10,L1J,,,,,,"January 28, 2026",True,True,True,True,False,False,text,operative section found but contained only fee/rate/boilerplate amounts — likely no lump sum ordered
LTB-L-094148-25,L1,Order,2026-02-05,L1G,4875.26,arrears,1591.11,pattern_1,3.06,"January 28, 2026",True,True,False,True,,True,text,found in operative 'It is ordered that' section; matched expected keyword for category
LTB-L-094169-25,L1,Order,2026-01-30,L1J,,,,,,"January 28, 2026",True,True,True,True,False,False,text,operative section found but contained only fee/rate/boilerplate amounts — likely no lump sum ordered
LTB-L-094173-25,L1,Order,2026-02-10,M4R,6909.5,arrears,2121.11,pattern_1,3.26,"February 2, 2026",True,True,False,True,,True,text,found in operative 'It is ordered that' section; matched expected keyword for category
LTB-L-094177-25,L1,Order,2026-02-05,M4A,,,,,,"January 26, 2026",True,True,True,True,True,False,text,no dollar amount found
LTB-L-094183-25,L1,Order,2026-01-27,M2J,14569.2,arrears,2400.55,pattern_1,6.07,"January 26, 2026",True,True,True,True,False,False,text,found in operative 'It is ordered that' section; matched expected keyword for category
LTB-L-094186-25,L1,Order,2026-01-28,M9N,13176.3,arrears,2195.15,pattern_1,6.0,"January 21, 2026",True,False,False,,,True,text,found in operative 'It is ordered that' section; matched expected keyword for category
LTB-L-094195-25,L1,Order,2026-02-04,L1G,3294.21,arrears,1591.0,pattern_2,2.07,"January 28, 2026",True,True,False,True,,True,text,found in operative 'It is ordered that' section; matched expected keyword for category
LTB-L-094216-25,L1,Review Order,2026-03-31,M8V,100.0,stated_total,,,,,False,,,,,False,text,"no operative section found, or it had no dollar mentions at all; fell back to full-document search; explicit stated-total phrasing (""...is \$X"")"
LTB-L-094223-25,L1,Order,2026-01-27,M9N,,,,,,"January 21, 2026",True,False,False,,,False,text,no dollar amount found
LTB-L-094255-25,L1,Order,2026-01-28,N9Y,13813.0,arrears,1000.0,pattern_1,13.81,"January 22, 2026",True,True,False,True,,True,text,found in operative 'It is ordered that' section; matched expected keyword for category
LTB-L-094288-25,L1,Order,2026-02-12,M4P,7624.71,arrears,2350.58,pattern_1,3.24,"February 2, 2026",True,True,True,True,False,False,text,found in operative 'It is ordered that' section; matched expected keyword for category
LTB-L-094289-25,L1,Order,2026-02-06,M2J,10093.58,arrears,2566.0,pattern_1,3.93,"January 27, 2026",True,False,False,,,True,text,found in operative 'It is ordered that' section; matched expected keyword for category
LTB-L-094296-25,L1,Order,2026-02-04,M6P,24135.34,arrears,1626.0,pattern_1,14.84,"January 29, 2026",True,False,False,,,True,text,found in operative 'It is ordered that' section; matched expected keyword for category
LTB-L-094313-25,L1,Order,2026-02-10,M6M,17569.98,arrears,1701.17,pattern_1,10.33,"February 5, 2026",True,True,False,True,,True,text,found in operative 'It is ordered that' section; matched expected keyword for category
LTB-L-094327-25,L1,ExParte Order,2026-01-26,L1S,,,,,,,False,,,,,False,text,no dollar amount found
LTB-L-094328-25,L1,Order,2026-01-15,L5A,9591.85,arrears,2288.37,pattern_1,4.19,"January 7, 2026",True,True,False,True,,True,text,found in operative 'It is ordered that' section; matched expected keyword for category
LTB-L-094340-25,L1,Order,2026-01-09,K1S,,,,,,"January 5, 2026",True,False,True,,False,True,text,no dollar amount found
LTB-L-094341-25,L1,Order,2026-01-27,N3H,7592.82,arrears,1800.0,pattern_1,4.22,"January 20, 2026",True,True,True,False,False,False,text,found in operative 'It is ordered that' section; matched expected keyword for category
LTB-L-094350-25,L1,Order,2026-02-13,L7C,,,,,,"January 22, 2026",True,True,False,False,,True,text,no dollar amount found
LTB-L-094351-25,L1,Order,2026-02-09,M3H,9843.0,arrears,2075.0,pattern_1,4.74,"February 2, 2026",True,True,False,True,,True,text,found in operative 'It is ordered that' section; matched expected keyword for category
LTB-L-094374-25,L1,Order,2026-03-10,M3H,8751.18,arrears,1916.74,pattern_1,4.57,"February 3, 2026",True,True,False,True,,True,text,found in operative 'It is ordered that' section; matched expected keyword for category
LTB-L-094376-25,L1,Order,2026-01-28,K1N,,,,,,"January 22, 2026",True,True,True,True,False,False,text,no dollar amount found
LTB-L-094396-25,L1,Order,2026-02-11,M2R,8091.8,arrears,2392.99,pattern_2,3.38,"February 3, 2026",True,True,True,True,True,False,text,found in operative 'It is ordered that' section; matched expected keyword for category
LTB-L-094398-25,L1,Order,2026-01-29,K6H,,,,,,"January 26, 2026",True,True,False,True,,True,text,no dollar amount found
LTB-L-094404-25,L1,Review Order,2026-02-19,M2M,,,,,,,False,,,,,False,text,no dollar amount found
LTB-L-094410-25,L1,Order,2026-02-06,K8P,7979.74,arrears,1839.87,pattern_1,4.34,"January 29, 2026",False,,,,,False,text,found in operative 'It is ordered that' section; matched expected keyword for category
LTB-L-094456-25,L1,Order,2026-02-11,M4T,4961.0,arrears,2425.0,pattern_1,2.05,"February 2, 2026",True,True,False,True,,True,text,found in operative 'It is ordered that' section; matched expected keyword for category
LTB-L-094457-25,L1,Order,2026-02-12,M3M,2514.0,arrears,2512.0,pattern_1,1.0,"February 2, 2026",True,True,False,True,,True,text,found in operative 'It is ordered that' section; matched expected keyword for category
LTB-L-094461-25,L1,Order,2026-02-02,N7L,,,,,,"January 29, 2026",True,True,True,True,False,False,text,no dollar amount found
LTB-L-094465-25,L1,Order,2026-02-04,L1G,,,,,,"January 29, 2026",True,True,True,True,False,False,text,no dollar amount found
LTB-L-094490-25,L1,Order,2026-02-06,K1V,646.0,arrears,,,,"January 28, 2026",True,True,False,True,,True,text,found in operative 'It is ordered that' section; matched expected keyword for category
LTB-L-094527-25,L1,Order,2026-03-12,L7S,4244.57,arrears,2009.87,pattern_1,2.11,"February 2, 2026",True,True,True,True,False,False,text,found in operative 'It is ordered that' section; matched expected keyword for category
LTB-L-094533-25,L1,Order,2026-02-10,M3C,,,,,,"February 2, 2026",True,True,True,True,False,False,text,no dollar amount found
LTB-L-094556-25,L1,Order,2026-02-11,M2R,9167.04,arrears,,,,,False,,,,,False,text,found in operative 'It is ordered that' section; matched expected keyword for category
LTB-L-094557-25,L1,Order,2026-02-12,M5B,18224.74,arrears,2950.0,pattern_1,6.18,"February 4, 2026",True,True,False,False,,True,text,found in operative 'It is ordered that' section; matched expected keyword for category
LTB-L-094562-25,L1,Order,2026-02-09,N0P,13550.01,arrears,3300.0,pattern_1,4.11,"February 2, 2026",True,True,False,False,,True,text,found in operative 'It is ordered that' section; matched expected keyword for category
LTB-L-094581-25,L1,ExParte Order,2026-01-12,M1K,,,,,,,False,,,,,False,ocr,no dollar amount found
LTB-L-094590-25,L1,Order,2026-02-13,M9R,1741.04,stated_total,1741.04,pattern_1,1.0,"February 5, 2026",False,,,,,False,text,"found in operative 'It is ordered that' section; explicit stated-total phrasing (""...is \$X"")"
LTB-L-094593-25,L1,Order,2026-02-10,M1N,3517.98,arrears,1057.05,pattern_1,3.33,"February 5, 2026",True,True,True,True,False,False,text,found in operative 'It is ordered that' section; matched expected keyword for category
LTB-L-094594-25,L1,Order,2026-02-10,M1N,5306.45,arrears,2836.67,pattern_1,1.87,"February 5, 2026",True,True,True,True,True,False,text,found in operative 'It is ordered that' section; matched expected keyword for category
LTB-L-094667-25,L1,Order,2026-02-05,L8K,3030.2,arrears,1599.1,pattern_2,1.89,,True,True,True,True,False,False,text,found in operative 'It is ordered that' section; matched expected keyword for category
LTB-L-094699-25,L1,Order,2026-02-06,M5P,,,,,,"February 2, 2026",True,True,False,True,,True,text,no dollar amount found
LTB-L-094708-25,L1,ExParte Order,2026-01-30,M1L,,,,,,,False,,,,,False,text,no dollar amount found
LTB-L-094745-25,L1,Order,2026-01-28,K9H,1268.0,arrears,,,,"January 21, 2026",True,True,True,True,False,False,text,found in operative 'It is ordered that' section; matched expected keyword for category
LTB-L-094754-25,L1,ExParte Order,2026-02-11,L2R,5741.0,arrears,,,,,False,,,,,False,text,found in operative 'It is ordered that' section; matched expected keyword for category
LTB-L-094781-25,L1,Order,2026-02-09,M9M,21246.0,arrears,2670.0,pattern_1,7.96,"February 2, 2026",True,True,False,False,,True,text,found in operative 'It is ordered that' section; matched expected keyword for category
LTB-L-094785-25,L1,Order,2026-02-04,M9V,,,,,,"January 29, 2026",True,True,False,True,,True,text,no dollar amount found
LTB-L-094791-25,L1,Order,2026-01-26,L7A,1024.63,ambiguous-max,,,,"January 21, 2026",True,True,True,True,False,False,text,"found in operative 'It is ordered that' section; multiple candidate amounts, took max — manual review advised"
LTB-L-094810-25,L1,Order,2026-02-27,M5R,8061.0,arrears,2650.0,pattern_1,3.04,"February 24, 2026",True,True,False,True,,True,text,found in operative 'It is ordered that' section; matched expected keyword for category
LTB-L-094824-24,L1,Review Order,2026-02-12,N0G,4706.8,arrears,,,,,False,,,,,False,text,"no operative section found, or it had no dollar mentions at all; fell back to full-document search; matched expected keyword for category"
LTB-L-094842-25,L1,Order,2026-02-09,L1P,,,,,,"February 2, 2026",True,True,False,True,,True,text,no dollar amount found
LTB-L-094844-25,L1,ExParte Order,2026-01-29,M1G,,,,,,,False,,,,,False,text,no dollar amount found
LTB-L-094869-25,L1,Order,2026-01-23,N2A,5285.0,arrears,,,,"January 21, 2026",True,True,True,True,False,False,text,found in operative 'It is ordered that' section; matched expected keyword for category
LTB-L-094874-25,L1,Order,2026-01-27,N5R,400.0,ambiguous-max,1637.95,pattern_2,0.24,,False,,,,,True,text,"found in operative 'It is ordered that' section; multiple candidate amounts, took max — manual review advised"
LTB-L-094876-25,L1,Order,2026-01-28,L6Z,19878.0,arrears,2054.0,pattern_1,9.68,"January 26, 2026",True,True,False,False,,True,text,found in operative 'It is ordered that' section; matched expected keyword for category
LTB-L-094879-25,L1,Order,2026-01-30,N5V,8873.53,arrears,1181.27,pattern_1,7.51,"January 22, 2026",True,True,False,True,,True,text,found in operative 'It is ordered that' section; matched expected keyword for category
LTB-L-094918-25,L1,Order,2026-01-15,M4Y,6058.56,arrears,1735.7,pattern_1,3.49,"January 12, 2026",True,True,False,True,,True,text,found in operative 'It is ordered that' section; matched expected keyword for category
LTB-L-094921-25,L1,ExParte Order,2026-01-26,M4Y,,,,,,,False,,,,,False,text,no dollar amount found
LTB-L-094924-25,L1,ExParte Order,2026-01-12,M1G,,,,,,,False,,,,,False,text,no dollar amount found
LTB-L-094927-25,L1,ExParte Order,2026-01-26,M2J,,,,,,,False,,,,,False,text,no dollar amount found
LTB-L-094936-25,L1,ExParte Order,2026-02-13,N5Y,,,,,,,False,,,,,False,text,no dollar amount found
LTB-L-094945-25,L1,Order,2026-01-28,K1C,343.01,arrears,,,,,False,,,,,False,text,found in operative 'It is ordered that' section; matched expected keyword for category
LTB-L-094949-25,L1,Order,2026-01-30,K1E,10795.0,arrears,2121.8,pattern_1,5.09,"January 22, 2026",True,True,True,True,False,False,text,found in operative 'It is ordered that' section; matched expected keyword for category
LTB-L-094961-25,L1,Order,2026-02-09,L7C,,,,,,"February 3, 2026",False,,,,,True,text,no dollar amount found
LTB-L-094974-25,L1,Order,2026-02-03,K1R,,,,,,"January 29, 2026",True,True,False,True,,True,text,no dollar amount found
LTB-L-094983-25,L1,Order,2026-02-03,L6Y,8335.0,arrears,654.0,pattern_1,12.74,"January 26, 2026",True,True,False,True,,True,text,found in operative 'It is ordered that' section; matched expected keyword for category
LTB-L-094990-25,L1,Order,2026-01-30,M6E,7961.0,arrears,700.0,pattern_1,11.37,"January 26, 2026",True,True,False,False,,True,text,found in operative 'It is ordered that' section; matched expected keyword for category
LTB-L-094993-25,L1,Order,2026-02-03,N6J,,,,,,"January 28, 2026",True,False,False,,,True,text,no dollar amount found
LTB-L-094994-25,L1,Order,2026-01-27,N3T,,,,,,"January 21, 2026",True,False,True,,False,True,text,no dollar amount found
LTB-L-095011-25,L1,Order,2026-01-26,N5A,6484.71,arrears,1695.0,pattern_1,3.83,"January 21, 2026",True,True,False,False,,True,text,found in operative 'It is ordered that' section; matched expected keyword for category
LTB-L-095029-25,L1,Order,2026-01-23,L4B,10194.32,arrears,2650.0,pattern_2,3.85,"January 21, 2026",True,True,False,False,,True,text,found in operative 'It is ordered that' section; matched expected keyword for category
LTB-L-095038-25,L1,Order,2026-02-12,N8S,12598.52,arrears,2487.0,pattern_1,5.07,"February 3, 2026",True,True,False,True,,True,text,found in operative 'It is ordered that' section; matched expected keyword for category
LTB-L-095056-25,L1,Order,2026-01-28,L4Z,18711.0,arrears,3075.0,pattern_1,6.08,"January 22, 2026",True,True,False,True,,True,text,found in operative 'It is ordered that' section; matched expected keyword for category
LTB-L-095078-25,L1,Order,2026-01-29,L8L,8936.0,arrears,,,,"January 21, 2026",False,,,,,False,text,found in operative 'It is ordered that' section; matched expected keyword for category
LTB-L-095135-25,L1,Order,2026-02-04,L9B,5640.0,arrears,,,,"January 28, 2026",False,,,,,False,text,found in operative 'It is ordered that' section; matched expected keyword for category
LTB-L-095154-25,L1,Order,2026-02-10,L7T,,,,,,"February 5, 2026",True,True,False,True,,True,text,no dollar amount found
LTB-L-095172-25,L1,ExParte Order,2026-01-23,M3A,,,,,,,False,,,,,False,text,no dollar amount found
LTB-L-095193-25,L1,Order,2026-01-27,L8L,3090.0,arrears,1545.0,pattern_1,2.0,"January 21, 2026",True,False,False,,,True,text,found in operative 'It is ordered that' section; matched expected keyword for category
LTB-L-095219-25,L1,Order,2026-02-20,N1R,9430.76,arrears,1146.87,pattern_1,8.22,"February 17, 2026",True,True,False,True,,True,text,found in operative 'It is ordered that' section; matched expected keyword for category
LTB-L-095273-25,L1,Order,2026-01-27,L1N,20502.0,arrears,3386.0,pattern_1,6.05,"January 22, 2026",False,,,,,False,text,found in operative 'It is ordered that' section; matched expected keyword for category
LTB-L-095296-25,L1,Order,2026-01-28,N9A,9376.78,arrears,,,,"January 21, 2026",True,True,True,True,False,False,text,found in operative 'It is ordered that' section; matched expected keyword for category
LTB-L-095313-25,L1,Order,2026-01-27,L4M,,,,,,"January 22, 2026",True,True,False,True,,True,text,no dollar amount found
LTB-L-095317-25,L1,Order,2026-02-05,K8N,3302.0,arrears,,,,"January 22, 2026",False,,,,,False,text,found in operative 'It is ordered that' section; matched expected keyword for category
LTB-L-095324-25,L1,Order,2026-02-03,L6H,7431.85,arrears,2369.17,pattern_1,3.14,"January 27, 2026",True,False,False,,,True,text,found in operative 'It is ordered that' section; matched expected keyword for category
LTB-L-095328-25,L1,Order,2026-01-30,L8K,6746.0,arrears,1995.0,pattern_1,3.38,"January 26, 2026",True,True,True,True,False,False,text,found in operative 'It is ordered that' section; matched expected keyword for category
LTB-L-095345-25,L1,Order,2026-02-11,M4E,11541.49,arrears,2216.81,pattern_1,5.21,"February 2, 2026",True,True,False,True,,True,text,found in operative 'It is ordered that' section; matched expected keyword for category
LTB-L-095360-25,L1,Order,2026-01-30,L8K,2528.6,arrears,971.4,pattern_1,2.6,"January 26, 2026",True,True,False,False,,True,text,found in operative 'It is ordered that' section; matched expected keyword for category
LTB-L-095364-25,L1,Order,2026-02-04,N1R,4967.49,arrears,,,,"January 26, 2026",False,,,,,False,text,found in operative 'It is ordered that' section; matched expected keyword for category
LTB-L-095369-25,L1,Order,2026-01-23,L8P,500.0,ambiguous-max,1445.0,pattern_2,0.35,,False,,,,,False,text,"found in operative 'It is ordered that' section; multiple candidate amounts, took max — manual review advised"
LTB-L-095392-25,L1,Review Order,2026-03-30,K1K,,,,,,"March 25, 2026",True,True,False,True,,True,text,no dollar amount found
LTB-L-095408-25,L1,Order,2026-02-05,M1B,194.06,arrears,2257.18,pattern_2,0.09,"February 2, 2026",True,True,False,True,,True,text,found in operative 'It is ordered that' section; matched expected keyword for category
LTB-L-095435-25,L1,Order,2026-02-02,L5A,6301.41,arrears,,,,"January 22, 2026",True,True,True,True,False,False,text,found in operative 'It is ordered that' section; matched expected keyword for category
LTB-L-095441-25,L1,Order,2026-02-05,P6B,817.0,arrears,,,,"January 28, 2026",True,True,True,True,False,False,text,found in operative 'It is ordered that' section; matched expected keyword for category
LTB-L-095457-25,L1,Order,2026-02-19,L6V,2626.0,arrears,,,,"February 12, 2026",False,,,,,False,text,found in operative 'It is ordered that' section; matched expected keyword for category
LTB-L-095466-25,L1,Order,2026-02-04,L1H,14733.64,arrears,2300.0,pattern_1,6.41,,False,,,,,False,text,found in operative 'It is ordered that' section; matched expected keyword for category
LTB-L-095469-25,L1,Order,2026-02-06,P6C,7749.0,arrears,1531.5,pattern_1,5.06,"January 28, 2026",True,True,False,True,,True,text,found in operative 'It is ordered that' section; matched expected keyword for category
LTB-L-095495-25,L1,Order,2026-02-04,K8N,17849.01,arrears,3000.0,pattern_1,5.95,"January 27, 2026",True,False,True,,False,False,text,found in operative 'It is ordered that' section; matched expected keyword for category
LTB-L-095505-25,L1,Order,2026-01-28,N3T,9842.0,arrears,,,,"January 22, 2026",False,,,,,False,text,found in operative 'It is ordered that' section; matched expected keyword for category
LTB-L-095536-25,L1,Order,2026-02-04,L8K,4235.0,arrears,1695.0,pattern_1,2.5,"January 26, 2026",True,True,False,True,,True,text,found in operative 'It is ordered that' section; matched expected keyword for category
LTB-L-095539-25,L1,Order,2026-01-30,K1L,14346.0,arrears,1927.0,pattern_1,7.44,"January 22, 2026",True,True,False,True,,True,text,found in operative 'It is ordered that' section; matched expected keyword for category
LTB-L-095555-24,L1,Review Order,2026-02-11,N5Z,2236.0,arrears,,,,"October 8, 2025",True,False,True,,False,False,text,found in operative 'It is ordered that' section; matched expected keyword for category
LTB-L-095561-25,L1,Order,2026-01-26,K1K,4711.0,arrears,905.0,pattern_1,5.21,"January 21, 2026",True,True,False,True,,True,text,found in operative 'It is ordered that' section; matched expected keyword for category
LTB-L-095565-25,L1,Order,2026-02-25,N0M,2602.44,arrears,1208.22,pattern_1,2.15,"February 17, 2026",True,True,False,True,,True,text,found in operative 'It is ordered that' section; matched expected keyword for category
LTB-L-095606-25,L1,Order,2026-01-28,P6C,5737.3,arrears,832.15,pattern_1,6.89,"January 21, 2026",True,False,True,,False,False,text,found in operative 'It is ordered that' section; matched expected keyword for category
LTB-L-095613-25,L1,Review Order,2026-03-24,M2N,,,,,,"March 16, 2026",True,True,True,True,True,True,text,no dollar amount found
LTB-L-095620-25,L1,Order,2026-01-30,L8K,1486.0,arrears,1300.0,pattern_2,1.14,"January 26, 2026",False,,,,,False,text,found in operative 'It is ordered that' section; matched expected keyword for category
LTB-L-095639-25,L1,Review Order,2026-02-17,N9A,,,,,,,False,,,,,False,text,no dollar amount found
LTB-L-095652-25,L1,Order,2026-05-11,M4R,7512.23,arrears,,,,"April 30, 2026",False,,,,,False,text,found in operative 'It is ordered that' section; matched expected keyword for category
LTB-L-095656-25,L1,Order,2026-02-11,M4X,,,,,,"February 5, 2026",True,True,True,True,False,False,text,no dollar amount found
LTB-L-095658-25,L1,Order,2026-02-12,M6H,3342.6,arrears,1511.87,pattern_2,2.21,"February 4, 2026",True,True,True,True,False,False,text,found in operative 'It is ordered that' section; matched expected keyword for category
LTB-L-095672-25,L1,Order,2026-02-23,K1Z,13091.0,arrears,1275.0,pattern_1,10.27,"February 12, 2026",True,True,False,True,,True,text,found in operative 'It is ordered that' section; matched expected keyword for category
LTB-L-095679-25,L1,Order,2026-02-20,N6K,8760.18,arrears,1396.28,pattern_2,6.27,"January 27, 2026",True,False,True,,False,False,text,found in operative 'It is ordered that' section; matched expected keyword for category
LTB-L-095692-25,L1,Order,2026-02-09,M3C,4601.49,arrears,1963.34,pattern_1,2.34,"February 4, 2026",True,True,False,True,,True,text,found in operative 'It is ordered that' section; matched expected keyword for category
LTB-L-095703-25,L1,Order,2026-02-10,L8R,2481.0,arrears,1025.0,pattern_1,2.42,"February 2, 2026",True,True,False,True,,True,text,found in operative 'It is ordered that' section; matched expected keyword for category
LTB-L-095711-25,L1,Order,2026-02-09,M1G,5967.46,arrears,1577.14,pattern_1,3.78,"February 2, 2026",True,True,False,True,,True,text,found in operative 'It is ordered that' section; matched expected keyword for category
LTB-L-095714-25,L1,Order,2026-02-03,L7R,,,,,,"January 29, 2026",True,True,False,True,,True,text,no dollar amount found
LTB-L-095722-25,L1,Order,2026-02-02,L2M,5810.84,arrears,1943.65,pattern_1,2.99,"January 28, 2026",True,False,False,,,True,text,found in operative 'It is ordered that' section; matched expected keyword for category
LTB-L-095728-25,L1,Order,2026-02-05,M1B,,,,,,"January 26, 2026",True,True,False,True,,True,text,no dollar amount found
LTB-L-095768-25,L1,Order,2026-01-29,N9A,8886.0,arrears,1600.0,pattern_1,5.55,"January 21, 2026",True,True,True,True,False,False,text,found in operative 'It is ordered that' section; matched expected keyword for category
LTB-L-095790-25,L1,Order,2026-01-23,L3K,13709.75,arrears,1896.25,pattern_1,7.23,"January 21, 2026",True,True,False,True,,True,text,found in operative 'It is ordered that' section; matched expected keyword for category
LTB-L-095835-25,L1,Order,2026-01-28,K1G,15341.36,arrears,1802.81,pattern_1,8.51,"January 21, 2026",True,True,False,True,,True,text,found in operative 'It is ordered that' section; matched expected keyword for category
LTB-L-095839-25,L1,Order,2026-01-30,L8P,6637.71,arrears,1238.41,pattern_1,5.36,"January 26, 2026",True,True,False,True,,True,text,found in operative 'It is ordered that' section; matched expected keyword for category
LTB-L-095847-25,L1,Order,2026-01-29,L3B,8962.18,arrears,2800.0,pattern_1,3.2,"January 21, 2026",False,,,,,False,text,found in operative 'It is ordered that' section; matched expected keyword for category
LTB-L-095875-25,L1,Order,2026-01-28,L3C,3136.0,arrears,1200.0,pattern_1,2.61,"January 21, 2026",True,True,False,False,,True,text,found in operative 'It is ordered that' section; matched expected keyword for category
LTB-L-095884-25,L1,Order,2026-02-03,L8H,2729.16,arrears,1364.58,pattern_1,2.0,"January 27, 2026",True,False,False,,,True,text,found in operative 'It is ordered that' section; matched expected keyword for category
LTB-L-095891-25,L1,ExParte Order,2026-01-12,N8S,,,,,,,False,,,,,False,text,no dollar amount found
LTB-L-095981-25,L1,Order,2026-02-02,L3R,14846.89,arrears,3047.29,pattern_1,4.87,"January 26, 2026",True,True,False,True,,True,text,found in operative 'It is ordered that' section; matched expected keyword for category
LTB-L-095989-25,L1,Order,2026-01-30,P4N,7786.0,arrears,800.0,pattern_1,9.73,"January 27, 2026",True,True,False,False,,True,text,found in operative 'It is ordered that' section; matched expected keyword for category
LTB-L-095993-25,L1,Order,2026-01-27,N5V,12450.86,arrears,1096.0,pattern_2,11.36,"January 22, 2026",True,True,True,True,False,False,text,found in operative 'It is ordered that' section; matched expected keyword for category
LTB-L-096028-25,L1,ExParte Order,2026-01-29,L4T,,,,,,,False,,,,,False,ocr,no dollar amount found
LTB-L-096042-25,L1,Order,2026-02-23,N8H,3634.07,arrears,1104.18,pattern_2,3.29,,False,,,,,False,text,found in operative 'It is ordered that' section; matched expected keyword for category
LTB-L-096059-25,L1,Order,2026-02-06,M3N,,,,,,"February 3, 2026",True,True,True,False,False,False,text,no dollar amount found
LTB-L-096062-25,L1,Order,2026-02-09,M3N,,,,,,"February 3, 2026",True,True,True,True,True,False,text,no dollar amount found
LTB-L-096063-25,L1,Order,2026-02-10,M3N,,,,,,"February 3, 2026",True,True,False,True,,True,text,no dollar amount found
LTB-L-096064-25,L1,Order,2026-02-18,M3N,12519.79,arrears,1396.96,pattern_2,8.96,,True,True,True,True,False,False,text,found in operative 'It is ordered that' section; matched expected keyword for category
LTB-L-096085-25,L1,Order,2026-02-11,L4T,5656.9,arrears,1505.05,pattern_1,3.76,"February 3, 2026",True,True,False,True,,True,text,found in operative 'It is ordered that' section; matched expected keyword for category
LTB-L-096096-25,L1,ExParte Order,2026-01-12,N6K,,,,,,,False,,,,,False,text,no dollar amount found
LTB-L-096114-25,L1,Order,2026-01-23,K2B,,,,,,,False,,,,,False,text,no dollar amount found
LTB-L-096168-25,L1,Order,2026-02-05,K9J,11693.0,arrears,2049.0,pattern_1,5.71,"February 2, 2026",True,True,False,True,,True,text,found in operative 'It is ordered that' section; matched expected keyword for category
LTB-L-096170-25,L1,Order,2026-01-30,L8L,,,,,,"January 27, 2026",True,True,False,False,,True,text,no dollar amount found
LTB-L-096211-25,L1,Order,2026-03-26,M8Y,7950.93,arrears,1256.09,pattern_1,6.33,"February 5, 2026",True,True,True,True,False,False,text,found in operative 'It is ordered that' section; matched expected keyword for category
LTB-L-096255-25,L1,Order,2026-02-18,M8V,,,,,,,True,True,False,True,,True,text,operative section found but contained only fee/rate/boilerplate amounts — likely no lump sum ordered
LTB-L-096264-25,L1,Order,2026-02-17,M4V,1033.75,arrears,1033.75,pattern_1,1.0,"February 10, 2026",False,,,,,False,text,found in operative 'It is ordered that' section; matched expected keyword for category
LTB-L-096280-25,L1,ExParte Order,2026-05-05,K1R,,,,,,,False,,,,,False,ocr,no dollar amount found
LTB-L-096289-25,L1,Order,2026-01-30,L8H,3637.07,arrears,1779.0,pattern_2,2.04,"January 29, 2026",True,True,False,True,,True,text,found in operative 'It is ordered that' section; matched expected keyword for category
LTB-L-096300-25,L1,Order,2026-02-06,N3T,10742.36,arrears,,,,,False,,,,,False,text,found in operative 'It is ordered that' section; matched expected keyword for category
LTB-L-096323-25,L1,Order,2026-02-03,N8T,19739.0,arrears,1629.0,pattern_1,12.12,"January 29, 2026",True,True,False,True,,True,text,found in operative 'It is ordered that' section; matched expected keyword for category
LTB-L-096343-25,L1,ExParte Order,2026-01-27,M1S,,,,,,,False,,,,,False,text,no dollar amount found
LTB-L-096350-25,L1,Order,2026-02-06,M4A,1324.81,ambiguous-max,,,,"February 3, 2026",True,True,True,True,False,False,text,"found in operative 'It is ordered that' section; multiple candidate amounts, took max — manual review advised"
LTB-L-096359-25,L1,Order,2026-01-30,K1N,3809.22,arrears,390.0,pattern_1,9.77,"January 27, 2026",True,False,False,,,True,text,found in operative 'It is ordered that' section; matched expected keyword for category
LTB-L-096375-25,L1,Order,2026-02-11,K2B,18987.14,arrears,1312.45,pattern_2,14.47,"February 4, 2026",True,True,True,True,False,False,text,found in operative 'It is ordered that' section; matched expected keyword for category
LTB-L-096385-25,L1,Order,2026-01-07,N0C,8986.0,arrears,2500.0,pattern_1,3.59,"December 15, 2025",True,True,True,True,False,False,text,found in operative 'It is ordered that' section; matched expected keyword for category
LTB-L-096397-25,L1,ExParte Order,2026-04-13,M6A,,,,,,,False,,,,,False,text,no dollar amount found
LTB-L-096433-25,L1,Order,2026-02-03,L4H,,,,,,"January 27, 2026",True,True,True,True,False,False,text,no dollar amount found
LTB-L-096466-25,L1,Order,2026-02-04,P0M,,,,,,"January 28, 2026",True,True,False,False,,True,text,no dollar amount found
LTB-L-096477-25,L1,Order,2026-02-05,L3V,250.0,ambiguous-max,,,,,False,,,,,True,text,"found in operative 'It is ordered that' section; multiple candidate amounts, took max — manual review advised"
LTB-L-096479-25,L1,Order,2026-01-30,L4M,,,,,,"January 26, 2026",True,True,False,True,,True,text,no dollar amount found
LTB-L-096484-25,L1,Order,2026-02-03,L2R,,,,,,"January 26, 2026",True,True,False,True,,True,text,no dollar amount found
LTB-L-096493-25,L1,Order,2026-02-10,M5M,29576.95,arrears,2363.9,pattern_2,12.51,"February 4, 2026",True,True,False,True,,True,text,found in operative 'It is ordered that' section; matched expected keyword for category
LTB-L-096519-25,L1,Order,2026-01-30,M2N,15676.0,arrears,2470.0,pattern_1,6.35,"January 27, 2026",True,True,False,True,,True,text,found in operative 'It is ordered that' section; matched expected keyword for category
LTB-L-096520-25,L1,Order,2026-02-06,N5W,4461.0,arrears,1425.0,pattern_1,3.13,"January 27, 2026",True,True,False,True,,True,text,found in operative 'It is ordered that' section; matched expected keyword for category
LTB-L-096558-25,L1,Review Order,2026-04-28,L4N,,,,,,,False,,,,,False,text,no dollar amount found
LTB-L-096560-25,L1,Order,2026-01-19,L2S,,,2299.0,pattern_2,,,False,,,,,False,text,operative section found but contained only fee/rate/boilerplate amounts — likely no lump sum ordered
LTB-L-096572-25,L1,Order,2026-05-20,L3V,16127.64,arrears,1400.0,pattern_1,11.52,"May 13, 2026",True,True,True,False,False,False,text,found in operative 'It is ordered that' section; matched expected keyword for category
LTB-L-096611-25,L1,Order,2026-04-08,M3N,12418.48,arrears,1829.22,pattern_1,6.79,"March 25, 2026",True,True,True,True,True,False,text,found in operative 'It is ordered that' section; matched expected keyword for category
LTB-L-096617-25,L1,Amended Order,2026-02-05,L8B,9146.11,arrears,3600.0,pattern_1,2.54,"January 26, 2026",True,True,True,False,False,False,text,found in operative 'It is ordered that' section; matched expected keyword for category
LTB-L-096627-25,L1,Order,2026-02-05,M4X,,,,,,"January 26, 2026",True,True,True,True,True,False,text,no dollar amount found
LTB-L-096628-25,L1,Order,2026-02-12,K9J,20702.35,arrears,3332.54,pattern_1,6.21,"February 10, 2026",True,True,False,True,,True,text,found in operative 'It is ordered that' section; matched expected keyword for category
LTB-L-096652-25,L1,ExParte Order,2026-01-22,L0A,,,,,,,False,,,,,False,text,no dollar amount found
LTB-L-096676-25,L1,Order,2026-02-04,L1J,3372.74,arrears,1800.0,pattern_1,1.87,"January 28, 2026",True,True,True,False,False,False,text,found in operative 'It is ordered that' section; matched expected keyword for category
LTB-L-096705-25,L1,ExParte Order,2026-01-20,P7A,,,,,,,False,,,,,False,ocr,no dollar amount found
LTB-L-096733-25,L1,Order,2026-02-03,N5Y,,,,,,"January 28, 2026",True,True,False,True,,True,text,no dollar amount found
LTB-L-096837-25,L1,Order,2026-02-19,K6V,,,,,,"February 10, 2026",True,True,True,True,False,False,text,no dollar amount found
LTB-L-096885-25,L1,Order,2026-02-11,M9V,,,,,,"February 9, 2026",True,True,False,False,,True,text,no dollar amount found
LTB-L-096889-25,L1,Order,2026-02-13,P0M,116.48,arrears,1793.0,pattern_2,0.06,"February 4, 2026",True,True,False,True,,True,text,found in operative 'It is ordered that' section; matched expected keyword for category
LTB-L-096906-25,L1,Order,2026-02-11,L8L,12468.85,arrears,1660.89,pattern_1,7.51,"February 3, 2026",True,True,False,True,,True,text,found in operative 'It is ordered that' section; matched expected keyword for category
LTB-L-096907-25,L1,Order,2026-02-19,L8L,3406.0,arrears,915.0,pattern_1,3.72,"February 11, 2026",True,True,False,True,,True,text,found in operative 'It is ordered that' section; matched expected keyword for category
LTB-L-096913-25,L1,Order,2026-02-03,P6A,8551.45,arrears,1758.18,pattern_1,4.86,,False,,,,,False,text,found in operative 'It is ordered that' section; matched expected keyword for category
LTB-L-096928-25,L1,Order,2026-02-12,M1T,2103.31,stated_total,,,,,False,,,,,False,text,"no operative section found, or it had no dollar mentions at all; fell back to full-document search; explicit stated-total phrasing (""...is \$X"")"
LTB-L-097036-25,L1,Review Order,2026-04-29,N7T,,,,,,"January 28, 2026",True,True,False,False,,True,text,no dollar amount found
LTB-L-097046-25,L1,Order,2026-05-13,M5P,324.0,other,,,,"May 11, 2026",True,True,True,True,False,False,text,"found in operative 'It is ordered that' section; single candidate amount, no strong keyword match"
LTB-L-097052-25,L1,ExParte Order,2026-01-23,L6T,,,,,,,False,,,,,False,text,no dollar amount found
LTB-L-097053-25,L1,Order,2026-02-03,L2R,5751.42,arrears,1150.0,pattern_1,5.0,"January 28, 2026",True,True,False,True,,True,text,found in operative 'It is ordered that' section; matched expected keyword for category
LTB-L-097079-25,L1,Order,2026-02-06,M6P,,,,,,"February 2, 2026",True,False,True,,False,True,text,no dollar amount found
LTB-L-097100-25,L1,Order,2026-02-06,L8K,,,,,,"January 28, 2026",True,True,False,True,,True,text,no dollar amount found
LTB-L-097105-25,L1,ExParte Order,2026-02-06,L4T,,,,,,,False,,,,,False,text,no dollar amount found
LTB-L-097117-25,L1,Order,2026-02-05,M6M,1204.0,arrears,,,,,False,,,,,False,text,found in operative 'It is ordered that' section; matched expected keyword for category
LTB-L-097169-25,L1,Order,2026-02-06,K2M,6566.0,arrears,2245.0,pattern_1,2.92,"January 28, 2026",True,True,False,False,,True,text,found in operative 'It is ordered that' section; matched expected keyword for category
LTB-L-097176-25,L1,Order,2026-01-28,L4N,2827.86,arrears,2726.13,pattern_1,1.04,,True,True,True,True,False,False,text,found in operative 'It is ordered that' section; matched expected keyword for category
LTB-L-097180-25,L1,Order,2026-02-13,K6V,8641.0,arrears,895.0,pattern_1,9.65,"February 3, 2026",True,True,False,True,,True,text,found in operative 'It is ordered that' section; matched expected keyword for category
LTB-L-097210-25,L1,Order,2026-02-13,L8L,9051.0,arrears,,,,,False,,,,,False,text,found in operative 'It is ordered that' section; matched expected keyword for category
LTB-L-097240-25,L1,Order,2026-02-20,K1N,6987.0,arrears,1198.0,pattern_1,5.83,"February 12, 2026",True,True,False,True,,True,text,found in operative 'It is ordered that' section; matched expected keyword for category
LTB-L-097286-25,L1,ExParte Order,2026-04-30,K1Y,3695.0,other,,,,,False,,,,,False,text,"no operative section found, or it had no dollar mentions at all; fell back to full-document search; single candidate amount, no strong keyword match"
LTB-L-097339-25,L1,Order,2026-01-23,L3Z,6986.0,arrears,3400.0,pattern_2,2.05,"January 21, 2026",True,True,True,True,False,False,text,found in operative 'It is ordered that' section; matched expected keyword for category
LTB-L-097340-25,L1,Order,2026-01-23,M9C,,,,,,"January 14, 2026",True,True,True,True,False,False,text,no dollar amount found
LTB-L-097356-25,L1,Order,2026-02-03,M6J,2922.84,arrears,,,,"January 29, 2026",False,,,,,False,text,found in operative 'It is ordered that' section; matched expected keyword for category
LTB-L-097386-25,L1,Order,2026-01-14,K9H,8701.0,arrears,550.0,pattern_1,15.82,"January 12, 2026",True,True,False,False,,True,text,found in operative 'It is ordered that' section; matched expected keyword for category
LTB-L-097390-25,L1,Order,2026-01-30,P3B,8099.0,arrears,1587.0,pattern_1,5.1,"January 28, 2026",True,True,False,True,,True,text,found in operative 'It is ordered that' section; matched expected keyword for category
LTB-L-097426-25,L1,Order,2026-02-04,L6T,2830.98,arrears,,,,"January 29, 2026",False,,,,,False,text,found in operative 'It is ordered that' section; matched expected keyword for category
LTB-L-097451-25,L1,Order,2026-02-02,L8L,,,,,,"January 28, 2026",True,False,True,,True,True,text,no dollar amount found
LTB-L-097464-25,L1,Order,2026-02-17,M3K,3748.5,arrears,1204.0,pattern_1,3.11,"February 10, 2026",True,True,True,True,False,False,text,found in operative 'It is ordered that' section; matched expected keyword for category
LTB-L-097468-25,L1,Order,2026-03-02,N3T,10486.0,arrears,2600.0,pattern_1,4.03,"February 24, 2026",True,True,True,False,False,False,text,found in operative 'It is ordered that' section; matched expected keyword for category
LTB-L-097469-25,L1,Order,2026-01-16,M9W,,,,,,"January 12, 2026",True,True,False,True,,True,text,no dollar amount found
LTB-L-097478-25,L1,ExParte Order,2026-01-30,K8V,,,,,,,False,,,,,False,ocr,no dollar amount found
LTB-L-097484-25,L1,Order,2026-03-25,M9B,24841.67,arrears,2259.52,pattern_1,10.99,"February 10, 2026",True,True,False,True,,True,text,found in operative 'It is ordered that' section; matched expected keyword for category
LTB-L-097485-25,L1,Order,2026-02-04,K7K,4231.94,arrears,1550.0,pattern_2,2.73,"January 29, 2026",True,True,False,True,,True,text,found in operative 'It is ordered that' section; matched expected keyword for category
LTB-L-097490-25,L1,Order,2026-02-06,K1N,5095.63,arrears,1673.4,pattern_1,3.05,"January 29, 2026",True,True,False,True,,True,text,found in operative 'It is ordered that' section; matched expected keyword for category
LTB-L-097495-25,L1,Order,2026-02-11,K2A,4738.86,arrears,,,,,False,,,,,False,text,"no operative section found, or it had no dollar mentions at all; fell back to full-document search; matched expected keyword for category"
LTB-L-097508-25,L1,Review Order,2026-03-02,N0B,,,,,,,False,,,,,False,text,no dollar amount found
LTB-L-097523-25,L1,Order,2026-01-30,K1S,,,,,,,False,,,,,False,text,no dollar amount found
LTB-L-097536-25,L1,Order,2026-02-04,L1G,3437.73,arrears,2044.88,pattern_1,1.68,"January 28, 2026",True,True,False,True,,True,text,found in operative 'It is ordered that' section; matched expected keyword for category
LTB-L-097540-25,L1,Order,2026-02-20,N6C,15149.42,arrears,1632.78,pattern_1,9.28,"February 5, 2026",True,True,True,True,False,False,text,found in operative 'It is ordered that' section; matched expected keyword for category
LTB-L-097542-25,L1,Order,2026-02-02,M4A,,,,,,"January 29, 2026",False,,,,,True,text,no dollar amount found
LTB-L-097545-25,L1,Order,2026-02-25,L3V,3524.75,arrears,1691.25,pattern_2,2.08,"February 10, 2026",False,,,,,False,text,found in operative 'It is ordered that' section; matched expected keyword for category
LTB-L-097569-25,L1,Order,2026-02-20,M6B,16182.58,arrears,,,,"February 11, 2026",True,True,True,True,False,False,text,found in operative 'It is ordered that' section; matched expected keyword for category
LTB-L-097602-25,L1,Order,2026-03-09,N5Y,7906.0,arrears,,,,,False,,,,,False,text,found in operative 'It is ordered that' section; matched expected keyword for category
LTB-L-097603-25,L1,Order,2026-01-27,K1G,,,,,,,False,,,,,False,text,no dollar amount found
LTB-L-097618-25,L1,Order,2026-02-12,N9A,3318.91,arrears,925.0,pattern_2,3.59,"February 2, 2026",True,False,False,,,True,text,found in operative 'It is ordered that' section; matched expected keyword for category
LTB-L-097623-25,L1,Order,2026-02-17,K1N,2126.23,arrears,480.0,pattern_1,4.43,"February 9, 2026",True,True,False,True,,True,text,found in operative 'It is ordered that' section; matched expected keyword for category
LTB-L-097633-25,L1,Order,2026-02-17,M9A,3593.04,arrears,,,,"February 10, 2026",False,,,,,False,text,found in operative 'It is ordered that' section; matched expected keyword for category
LTB-L-097645-25,L1,Order,2026-02-11,K1K,,,,,,"February 4, 2026",False,,,,,True,text,no dollar amount found
LTB-L-097656-25,L1,Order,2026-03-11,L4T,5271.65,arrears,2738.25,pattern_1,1.93,"February 26, 2026",False,,,,,False,text,found in operative 'It is ordered that' section; matched expected keyword for category
LTB-L-097658-25,L1,Order,2026-02-05,M4K,,,,,,"January 29, 2026",True,True,False,True,,True,text,no dollar amount found
LTB-L-097702-25,L1,Order,2026-02-17,N3C,20856.37,arrears,3300.0,pattern_1,6.32,"February 9, 2026",True,True,True,False,False,False,text,found in operative 'It is ordered that' section; matched expected keyword for category
LTB-L-097703-25,L1,ExParte Order,2026-01-14,K2S,,,,,,,False,,,,,False,ocr,no dollar amount found
LTB-L-097711-25,L1,Order,2026-02-09,L8M,4473.48,arrears,1700.0,pattern_1,2.63,"February 2, 2026",True,True,False,False,,True,text,found in operative 'It is ordered that' section; matched expected keyword for category
LTB-L-097772-25,L1,Order,2026-03-30,M5A,12058.0,arrears,,,,"March 12, 2026",True,True,True,True,False,False,text,found in operative 'It is ordered that' section; matched expected keyword for category
LTB-L-097793-25,L1,Order,2026-02-17,K1G,,,,,,"February 9, 2026",True,True,False,True,,True,text,no dollar amount found
LTB-L-097818-25,L1,Order,2026-02-05,K7P,33296.84,arrears,1750.0,pattern_1,19.03,"January 28, 2026",True,True,False,False,,True,text,found in operative 'It is ordered that' section; matched expected keyword for category
LTB-L-097822-25,L1,Order,2026-02-04,K1Y,1011.16,stated_total,1011.16,pattern_1,1.0,"January 28, 2026",True,True,True,True,False,False,text,"found in operative 'It is ordered that' section; explicit stated-total phrasing (""...is \$X"")"
LTB-L-097837-25,L1,Order,2026-02-05,N3T,2081.0,arrears,640.0,pattern_1,3.25,"January 29, 2026",True,True,False,False,,True,text,found in operative 'It is ordered that' section; matched expected keyword for category
LTB-L-097856-25,L1,Order,2026-02-11,K0M,7255.0,arrears,1633.0,pattern_1,4.44,"February 3, 2026",True,False,False,,,True,text,found in operative 'It is ordered that' section; matched expected keyword for category
LTB-L-097890-25,L1,Order,2026-02-13,P4N,21608.5,arrears,1947.5,pattern_2,11.1,"February 4, 2026",True,True,False,True,,True,text,found in operative 'It is ordered that' section; matched expected keyword for category
LTB-L-097915-25,L1,Order,2026-02-04,L6S,4287.6,arrears,850.0,pattern_1,5.04,"January 26, 2026",True,True,False,False,,True,text,found in operative 'It is ordered that' section; matched expected keyword for category
LTB-L-097935-25,L1,Order,2026-02-11,L7P,6991.42,arrears,2276.62,pattern_2,3.07,"February 10, 2026",True,True,False,True,,True,text,found in operative 'It is ordered that' section; matched expected keyword for category
LTB-L-097938-25,L1,Order,2026-02-05,N6E,62.0,ambiguous-max,,,,"February 2, 2026",True,True,True,True,False,False,text,"found in operative 'It is ordered that' section; multiple candidate amounts, took max — manual review advised"
LTB-L-097955-25,L1,Order,2026-02-11,M1M,14622.08,arrears,2095.0,pattern_1,6.98,"February 3, 2026",True,True,False,True,,True,text,found in operative 'It is ordered that' section; matched expected keyword for category
LTB-L-097957-25,L1,Order,2026-02-19,M3N,3578.12,arrears,1471.99,pattern_1,2.43,"February 12, 2026",True,True,False,True,,True,text,found in operative 'It is ordered that' section; matched expected keyword for category
LTB-L-097971-25,L1,Order,2026-02-23,L8K,353.0,ambiguous-max,,,,"February 3, 2026",False,,,,,False,text,"no operative section found, or it had no dollar mentions at all; fell back to full-document search; multiple candidate amounts, took max — manual review advised"
LTB-L-097973-25,L1,Order,2026-02-03,M6S,13114.49,arrears,2610.0,pattern_1,5.02,"January 29, 2026",True,True,False,True,,True,text,found in operative 'It is ordered that' section; matched expected keyword for category
LTB-L-098055-25,L1,Order,2026-03-13,L3R,15124.19,arrears,2972.5,pattern_1,5.09,"February 3, 2026",True,True,True,False,False,False,text,found in operative 'It is ordered that' section; matched expected keyword for category
LTB-L-098055-25,L1,Order,2026-03-04,L3R,15124.19,arrears,2972.5,pattern_1,5.09,"February 3, 2026",True,True,True,False,False,False,text,found in operative 'It is ordered that' section; matched expected keyword for category
LTB-L-098056-25,L1,Review Order,2026-05-14,M4M,,,,,,,False,,,,,False,text,no dollar amount found
LTB-L-098095-24,L1,Order,2026-02-25,L4K,,,,,,,False,,,,,False,text,no dollar amount found
LTB-L-098105-25,L1,Order,2026-01-28,K1N,,,,,,,False,,,,,False,text,no dollar amount found
LTB-L-098105-25,L1,Order,2026-01-28,K1N,,,,,,,False,,,,,False,text,no dollar amount found
LTB-L-098133-25,L1,Order,2026-03-24,N6J,4740.0,arrears,,,,"March 17, 2026",False,,,,,False,text,found in operative 'It is ordered that' section; matched expected keyword for category
LTB-L-098134-25,L1,Order,2026-02-24,K2H,,,,,,"February 17, 2026",True,True,False,True,,True,text,no dollar amount found
LTB-L-098145-25,L1,Order,2026-02-11,N5Y,10160.0,arrears,,,,"February 3, 2026",True,True,True,True,False,False,text,found in operative 'It is ordered that' section; matched expected keyword for category
LTB-L-098149-25,L1,Order,2026-02-20,M4J,2047.0,arrears,,,,"February 12, 2026",True,True,True,True,False,False,text,found in operative 'It is ordered that' section; matched expected keyword for category
LTB-L-098157-25,L1,Order,2026-03-24,N2M,10639.36,arrears,1306.67,pattern_1,8.14,"February 4, 2026",True,True,True,True,False,False,text,found in operative 'It is ordered that' section; matched expected keyword for category
LTB-L-098159-25,L1,Order,2026-04-15,N5P,4489.8,arrears,1000.0,pattern_1,4.49,"February 4, 2026",True,True,True,False,False,False,text,found in operative 'It is ordered that' section; matched expected keyword for category
LTB-L-098160-25,L1,Order,2026-02-27,M4C,3223.51,arrears,1725.0,pattern_2,1.87,"February 23, 2026",True,True,False,True,,True,text,found in operative 'It is ordered that' section; matched expected keyword for category
LTB-L-098168-25,L1,Order,2026-02-19,M9N,714.0,arrears,,,,"February 12, 2026",True,True,True,True,False,False,text,found in operative 'It is ordered that' section; matched expected keyword for category
LTB-L-098179-25,L1,Order,2026-02-06,M9W,2169.47,arrears,950.0,pattern_1,2.28,"February 3, 2026",True,True,False,True,,True,text,found in operative 'It is ordered that' section; matched expected keyword for category
LTB-L-098210-25,L1,Review Order,2026-03-27,L6T,9647.18,arrears,1400.0,pattern_2,6.89,"March 19, 2026",True,True,True,True,False,True,text,found in operative 'It is ordered that' section; matched expected keyword for category
LTB-L-098232-25,L1,Order,2026-02-09,N7V,,,,,,"February 2, 2026",True,True,False,True,,True,text,no dollar amount found
LTB-L-098253-24,L1,Order,2026-01-06,L1G,29357.28,arrears,2068.67,pattern_1,14.19,"December 16, 2025",True,True,True,True,False,False,text,found in operative 'It is ordered that' section; matched expected keyword for category
LTB-L-098253-24,L1,Amended Order,2026-01-16,L1G,29357.28,arrears,2068.67,pattern_1,14.19,"December 16, 2025",True,True,True,True,False,False,text,found in operative 'It is ordered that' section; matched expected keyword for category
LTB-L-098293-25,L1,Order,2026-02-10,K2C,18123.5,arrears,2562.5,pattern_1,7.07,"February 2, 2026",True,True,True,True,False,False,text,found in operative 'It is ordered that' section; matched expected keyword for category
LTB-L-098309-25,L1,Order,2026-02-13,L2R,12531.0,arrears,1050.0,pattern_1,11.93,"February 11, 2026",True,True,False,True,,True,text,found in operative 'It is ordered that' section; matched expected keyword for category
LTB-L-098322-25,L1,ExParte Order,2026-02-11,K1N,,,,,,,False,,,,,False,ocr,no dollar amount found
LTB-L-098328-25,L1,Order,2026-02-12,L1J,29486.0,arrears,2100.0,pattern_1,14.04,"February 3, 2026",True,True,False,True,,True,text,found in operative 'It is ordered that' section; matched expected keyword for category
LTB-L-098349-25,L1,Order,2026-02-13,N3A,9027.65,arrears,2150.0,pattern_1,4.2,"February 4, 2026",True,True,False,True,,True,text,found in operative 'It is ordered that' section; matched expected keyword for category
LTB-L-098388-25,L1,ExParte Order,2026-02-02,L8W,3532.0,arrears,,,,,False,,,,,False,text,found in operative 'It is ordered that' section; matched expected keyword for category
LTB-L-098407-25,L1,Order,2026-03-02,N5V,16186.0,arrears,3200.0,pattern_1,5.06,"February 3, 2026",False,,,,,False,text,found in operative 'It is ordered that' section; matched expected keyword for category
LTB-L-098413-25,L1,Order,2026-02-10,M6H,24900.0,arrears,3600.0,pattern_1,6.92,,False,,,,,False,text,found in operative 'It is ordered that' section; matched expected keyword for category
LTB-L-098422-25,L1,Order,2026-01-12,K1T,,,,,,"January 6, 2026",True,True,False,True,,True,text,no dollar amount found
LTB-L-098423-25,L1,Order,2026-01-13,M8V,3357.25,arrears,3061.25,pattern_1,1.1,"January 6, 2026",True,True,False,True,,True,text,found in operative 'It is ordered that' section; matched expected keyword for category
LTB-L-098435-25,L1,Order,2026-02-11,K7H,2786.0,arrears,,,,,False,,,,,False,text,found in operative 'It is ordered that' section; matched expected keyword for category
LTB-L-098451-25,L1,Order,2026-02-09,M1J,,,,,,"February 2, 2026",True,True,False,False,,True,text,no dollar amount found
LTB-L-098452-25,L1,Order,2026-02-23,M5A,5886.0,arrears,1900.0,pattern_2,3.1,"February 17, 2026",True,True,False,False,,True,text,found in operative 'It is ordered that' section; matched expected keyword for category
LTB-L-098467-25,L1,Order,2026-05-07,N0C,12351.78,arrears,1500.0,pattern_2,8.23,"March 13, 2026",True,False,True,,False,False,text,found in operative 'It is ordered that' section; matched expected keyword for category
LTB-L-098522-25,L1,Order,2026-02-09,M6J,6886.0,arrears,1000.0,pattern_2,6.89,"February 2, 2026",True,True,False,True,,True,text,found in operative 'It is ordered that' section; matched expected keyword for category
LTB-L-098540-25,L1,Order,2026-01-16,N4S,22336.0,arrears,2500.0,pattern_2,8.93,,False,,,,,False,text,found in operative 'It is ordered that' section; matched expected keyword for category
LTB-L-098624-25,L1,Order,2026-02-10,L6R,10476.08,arrears,1500.0,pattern_2,6.98,"February 5, 2026",True,True,True,True,False,False,text,found in operative 'It is ordered that' section; matched expected keyword for category
LTB-L-098647-25,L1,Order,2026-02-12,K2J,14686.0,arrears,2300.0,pattern_1,6.39,"February 2, 2026",True,True,True,False,False,False,text,found in operative 'It is ordered that' section; matched expected keyword for category
LTB-L-098656-25,L1,Order,2026-02-11,L0K,6888.49,arrears,3000.0,pattern_2,2.3,"February 2, 2026",True,True,True,True,False,False,text,found in operative 'It is ordered that' section; matched expected keyword for category
LTB-L-098657-25,L1,Order,2026-02-12,L7N,6694.24,arrears,,,,"February 4, 2026",False,,,,,False,text,found in operative 'It is ordered that' section; matched expected keyword for category
LTB-L-098658-25,L1,ExParte Order,2026-01-19,M1V,,,,,,,False,,,,,False,text,no dollar amount found
LTB-L-098680-25,L1,Order,2026-04-17,N5Y,5638.94,arrears,,,,,True,True,False,True,,False,text,found in operative 'It is ordered that' section; matched expected keyword for category
LTB-L-098714-25,L1,Order,2026-02-10,M1S,5115.19,arrears,,,,,False,,,,,False,text,found in operative 'It is ordered that' section; matched expected keyword for category
LTB-L-098722-25,L1,Order,2026-02-18,M4H,30612.0,arrears,,,,"February 11, 2026",False,,,,,False,text,found in operative 'It is ordered that' section; matched expected keyword for category
LTB-L-098734-25,L1,Order,2026-02-17,M1E,1613.0,stated_total,1613.0,pattern_2,1.0,"February 11, 2026",True,True,True,True,True,False,text,"found in operative 'It is ordered that' section; explicit stated-total phrasing (""...is \$X"")"
LTB-L-098750-25,L1,Order,2026-02-20,M1E,23633.0,arrears,1561.0,pattern_1,15.14,"February 11, 2026",True,True,False,True,,True,text,found in operative 'It is ordered that' section; matched expected keyword for category
LTB-L-098761-24,L1,Order,2026-04-09,L5B,,,,,,,False,,,,,False,text,no dollar amount found
LTB-L-098766-25,L1,Order,2026-02-11,K8V,,,,,,"February 4, 2026",True,True,False,True,,True,text,no dollar amount found
LTB-L-098767-25,L1,Order,2026-02-12,P7B,3490.0,arrears,,,,,False,,,,,False,text,found in operative 'It is ordered that' section; matched expected keyword for category
LTB-L-098771-25,L1,Order,2026-02-23,M6A,896.07,arrears,,,,"February 12, 2026",False,,,,,False,text,found in operative 'It is ordered that' section; matched expected keyword for category
LTB-L-098777-25,L1,Order,2026-02-19,M3C,,,,,,"February 10, 2026",False,,,,,True,text,no dollar amount found
LTB-L-098782-25,L1,Order,2026-02-17,K8V,,,,,,"February 4, 2026",True,True,False,True,,True,text,no dollar amount found
LTB-L-098821-25,L1,Order,2026-02-09,K2J,1141.0,arrears,,,,"February 4, 2026",False,,,,,False,text,found in operative 'It is ordered that' section; matched expected keyword for category
LTB-L-098832-25,L1,Order,2026-02-18,L3V,6311.42,arrears,1552.82,pattern_1,4.06,"February 10, 2026",True,True,False,True,,True,text,found in operative 'It is ordered that' section; matched expected keyword for category
LTB-L-098835-25,L1,Order,2026-02-18,M6M,17507.2,arrears,663.0,pattern_1,26.41,"February 4, 2026",True,True,False,True,,True,text,found in operative 'It is ordered that' section; matched expected keyword for category
LTB-L-098846-25,L1,Order,2026-03-12,L8H,,,,,,"March 5, 2026",True,True,False,True,,True,text,no dollar amount found
LTB-L-098880-25,L1,Order,2026-02-13,M6B,5418.91,arrears,2500.0,pattern_1,2.17,"February 3, 2026",True,True,False,True,,True,text,found in operative 'It is ordered that' section; matched expected keyword for category
LTB-L-098895-25,L1,Order,2026-04-08,L5N,,,,,,,True,True,True,False,False,False,text,operative section found but contained only fee/rate/boilerplate amounts — likely no lump sum ordered
LTB-L-098910-25,L1,Review Order,2026-03-02,L6P,4384.0,stated_total,,,,,False,,,,,False,text,"no operative section found, or it had no dollar mentions at all; fell back to full-document search; explicit stated-total phrasing (""...is \$X"")"
LTB-L-098915-25,L1,Order,2026-02-11,L2R,6266.0,arrears,1680.0,pattern_1,3.73,"February 5, 2026",True,True,False,False,,True,text,found in operative 'It is ordered that' section; matched expected keyword for category
LTB-L-098919-25,L1,Order,2026-02-13,L1B,3925.77,arrears,949.59,pattern_1,4.13,"February 3, 2026",True,True,False,True,,True,text,found in operative 'It is ordered that' section; matched expected keyword for category
LTB-L-098950-25,L1,Order,2026-02-19,L2S,5236.0,arrears,1700.0,pattern_1,3.08,,True,True,True,True,False,False,text,found in operative 'It is ordered that' section; matched expected keyword for category
LTB-L-099011-25,L1,Order,2026-04-27,M6H,10676.0,arrears,1150.0,pattern_1,9.28,,False,,,,,False,text,found in operative 'It is ordered that' section; matched expected keyword for category
LTB-L-099013-25,L1,Order,2026-02-10,L2V,,,,,,"February 3, 2026",False,,,,,True,text,no dollar amount found
LTB-L-099020-25,L1,Order,2026-02-13,M2J,,,,,,"February 10, 2026",True,True,False,True,,True,text,no dollar amount found
LTB-L-099024-25,L1,Order,2026-02-03,M1V,,,,,,"January 27, 2026",True,True,False,True,,True,text,no dollar amount found
LTB-L-099060-25,L1,Order,2026-02-06,M1R,2377.09,arrears,1398.14,pattern_2,1.7,"January 14, 2026",True,True,True,True,False,False,text,found in operative 'It is ordered that' section; matched expected keyword for category
LTB-L-099136-25,L1,Order,2026-02-25,N7T,4550.4,arrears,972.88,pattern_1,4.68,"February 18, 2026",False,,,,,False,text,found in operative 'It is ordered that' section; matched expected keyword for category
LTB-L-099142-25,L1,Order,2026-04-27,M4S,91.76,arrears,1733.53,pattern_2,0.05,"April 20, 2026",True,True,True,True,False,False,text,found in operative 'It is ordered that' section; matched expected keyword for category
LTB-L-099146-25,L1,Order,2026-01-21,K1H,748.49,arrears,,,,,False,,,,,False,text,found in operative 'It is ordered that' section; matched expected keyword for category
LTB-L-099148-25,L1,Order,2026-03-05,L5B,,,,,,"February 11, 2026",True,True,True,True,False,False,text,no dollar amount found
LTB-L-099160-25,L1,Order,2026-02-13,K1L,3602.64,arrears,1518.58,pattern_1,2.37,"February 9, 2026",True,True,False,True,,True,text,found in operative 'It is ordered that' section; matched expected keyword for category
LTB-L-099189-25,L1,Order,2026-02-13,K8N,1678.93,arrears,1743.69,pattern_1,0.96,"February 9, 2026",True,True,True,True,False,False,text,found in operative 'It is ordered that' section; matched expected keyword for category
LTB-L-099213-25,L1,Order,2026-02-24,N1R,4719.4,arrears,906.68,pattern_1,5.21,"February 12, 2026",True,True,False,True,,True,text,found in operative 'It is ordered that' section; matched expected keyword for category
LTB-L-099217-25,L1,Order,2026-03-05,K7N,5796.0,arrears,,,,"January 29, 2026",False,,,,,False,text,found in operative 'It is ordered that' section; matched expected keyword for category
LTB-L-099224-25,L1,Order,2026-02-10,K9K,4186.0,arrears,800.0,pattern_2,5.23,"February 5, 2026",False,,,,,False,text,found in operative 'It is ordered that' section; matched expected keyword for category
LTB-L-099228-25,L1,Order,2026-02-19,K7M,595.65,arrears,1921.86,pattern_2,0.31,"February 12, 2026",True,True,True,True,False,False,text,found in operative 'It is ordered that' section; matched expected keyword for category
LTB-L-099229-25,L1,Order,2026-02-13,L8K,2096.54,arrears,,,,"February 10, 2026",False,,,,,False,text,found in operative 'It is ordered that' section; matched expected keyword for category
LTB-L-099234-25,L1,Order,2026-02-10,M5V,30971.84,arrears,6627.96,pattern_2,4.67,"February 4, 2026",True,True,True,True,False,False,text,found in operative 'It is ordered that' section; matched expected keyword for category
LTB-L-099249-25,L1,Order,2026-02-06,N5P,5009.6,arrears,,,,"February 4, 2026",False,,,,,False,text,found in operative 'It is ordered that' section; matched expected keyword for category
LTB-L-099250-25,L1,ExParte Order,2026-02-12,M4R,,,,,,,False,,,,,False,ocr,no dollar amount found
LTB-L-099273-25,L1,Order,2026-02-17,L6T,14386.0,arrears,2900.0,pattern_2,4.96,"February 5, 2026",True,True,False,True,,True,text,found in operative 'It is ordered that' section; matched expected keyword for category
LTB-L-099283-25,L1,Order,2026-02-17,N5Y,4124.61,arrears,1195.0,pattern_2,3.45,"February 10, 2026",True,True,False,True,,True,text,found in operative 'It is ordered that' section; matched expected keyword for category
LTB-L-099290-25,L1,Order,2026-02-27,L3Z,7086.0,arrears,,,,"February 19, 2026",False,,,,,False,text,found in operative 'It is ordered that' section; matched expected keyword for category
LTB-L-099318-25,L1,Order,2026-02-12,K0J,4436.0,arrears,2125.0,pattern_1,2.09,"February 4, 2026",True,True,False,False,,True,text,found in operative 'It is ordered that' section; matched expected keyword for category
LTB-L-099328-25,L1,Order,2026-03-26,L9L,5062.48,arrears,2050.0,pattern_2,2.47,"February 17, 2026",True,True,False,True,,True,text,found in operative 'It is ordered that' section; matched expected keyword for category
LTB-L-099334-25,L1,Order,2026-02-17,P7A,3652.5,arrears,1100.0,pattern_1,3.32,"February 5, 2026",True,True,False,False,,True,text,found in operative 'It is ordered that' section; matched expected keyword for category
LTB-L-099350-25,L1,Order,2026-02-06,M6K,,,,,,"February 4, 2026",True,True,False,False,,True,text,no dollar amount found
LTB-L-099372-25,L1,Order,2026-02-17,K4A,8069.48,arrears,2005.0,pattern_1,4.02,"February 5, 2026",True,True,False,False,,True,text,found in operative 'It is ordered that' section; matched expected keyword for category
LTB-L-099378-25,L1,Order,2026-02-12,N0L,,,,,,"February 5, 2026",True,True,False,True,,True,text,no dollar amount found
LTB-L-099396-25,L1,Order,2026-05-13,K6V,6393.96,arrears,,,,"May 11, 2026",False,,,,,False,text,"no operative section found, or it had no dollar mentions at all; fell back to full-document search; matched expected keyword for category"
LTB-L-099431-25,L1,Order,2026-02-17,L3W,8356.74,arrears,2511.25,pattern_2,3.33,"February 12, 2026",True,True,False,True,,True,text,found in operative 'It is ordered that' section; matched expected keyword for category
LTB-L-099432-25,L1,Order,2026-02-18,N5Z,944.0,arrears,,,,"February 4, 2026",True,True,True,True,False,False,text,found in operative 'It is ordered that' section; matched expected keyword for category
LTB-L-099470-25,L1,Review Order,2026-05-15,K1B,,,,,,"May 7, 2026",True,True,False,False,,True,text,no dollar amount found
LTB-L-099522-25,L1,Order,2026-02-02,M5R,6585.32,arrears,3261.91,pattern_1,2.02,"January 28, 2026",True,True,True,True,False,False,text,found in operative 'It is ordered that' section; matched expected keyword for category
LTB-L-099523-25,L1,ExParte Order,2026-02-27,L8H,,,,,,,False,,,,,False,ocr,no dollar amount found
LTB-L-099524-25,L1,Order,2026-02-10,L5R,820.5,arrears,,,,,False,,,,,False,text,found in operative 'It is ordered that' section; matched expected keyword for category
LTB-L-099530-25,L1,Order,2026-02-20,K2A,2843.42,arrears,1328.95,pattern_2,2.14,,True,True,True,True,False,False,text,found in operative 'It is ordered that' section; matched expected keyword for category
LTB-L-099537-25,L1,Order,2026-02-12,N5W,1912.0,arrears,,,,"February 4, 2026",False,,,,,False,text,found in operative 'It is ordered that' section; matched expected keyword for category
LTB-L-099551-25,L1,Order,2026-02-17,M2J,5236.47,arrears,1683.49,pattern_1,3.11,"February 4, 2026",True,True,True,True,False,False,text,found in operative 'It is ordered that' section; matched expected keyword for category
LTB-L-099557-25,L1,Order,2026-02-12,N3C,8628.04,arrears,2550.0,pattern_1,3.38,"February 10, 2026",True,True,False,True,,True,text,found in operative 'It is ordered that' section; matched expected keyword for category
LTB-L-099560-25,L1,Review Order,2026-04-02,K9K,100.0,arrears,,,,"March 26, 2026",True,True,False,True,,False,text,found in operative 'It is ordered that' section; matched expected keyword for category
LTB-L-099583-25,L1,Order,2026-01-20,N5P,6563.0,arrears,1663.0,pattern_1,3.95,"January 12, 2026",True,True,True,False,False,False,text,found in operative 'It is ordered that' section; matched expected keyword for category
LTB-L-099595-25,L1,Order,2026-02-11,M5A,1811.45,arrears,392.0,pattern_1,4.62,"February 5, 2026",True,True,False,True,,True,text,found in operative 'It is ordered that' section; matched expected keyword for category
LTB-L-099597-25,L1,Order,2026-02-12,P7E,5807.0,arrears,1423.0,pattern_1,4.08,"February 5, 2026",True,True,False,True,,True,text,found in operative 'It is ordered that' section; matched expected keyword for category
LTB-L-099597-25,L1,Review Order,2026-04-02,P7E,5807.0,arrears,1423.0,pattern_1,4.08,"February 5, 2026",True,True,False,True,,True,text,found in operative 'It is ordered that' section; matched expected keyword for category
LTB-L-099628-25,L1,Order,2026-02-26,N6A,,,,,,"February 18, 2026",True,True,True,True,False,False,text,no dollar amount found
LTB-L-099635-25,L1,Order,2026-02-18,N2H,7143.35,arrears,1148.03,pattern_1,6.22,,False,,,,,False,text,found in operative 'It is ordered that' section; matched expected keyword for category
LTB-L-099650-25,L1,Review Order,2026-05-15,K1L,,,,,,"May 7, 2026",True,True,True,True,False,True,text,no dollar amount found
LTB-L-099659-25,L1,Order,2026-02-13,L2M,5707.92,arrears,,,,"February 5, 2026",True,True,True,True,False,True,text,found in operative 'It is ordered that' section; matched expected keyword for category
LTB-L-099683-25,L1,Order,2026-02-17,K7C,16386.0,arrears,1800.0,pattern_2,9.1,"February 5, 2026",True,True,False,True,,True,text,found in operative 'It is ordered that' section; matched expected keyword for category
LTB-L-099691-25,L1,Order,2026-02-13,M4A,6546.52,arrears,2029.0,pattern_1,3.23,"February 12, 2026",True,True,True,True,True,False,text,found in operative 'It is ordered that' section; matched expected keyword for category
LTB-L-099695-25,L1,Order,2026-02-18,N6C,,,,,,"February 9, 2026",True,True,True,True,True,False,text,no dollar amount found
LTB-L-099714-25,L1,Order,2026-02-03,K7M,,,,,,"January 29, 2026",True,True,True,True,False,False,text,no dollar amount found
LTB-L-099742-25,L1,Order,2026-02-09,N7V,3346.0,arrears,1850.0,pattern_1,1.81,"February 5, 2026",True,True,False,True,,True,text,found in operative 'It is ordered that' section; matched expected keyword for category
LTB-L-099758-25,L1,Order,2026-03-05,K0B,3772.75,arrears,1250.0,pattern_1,3.02,"February 9, 2026",True,True,True,False,False,False,text,found in operative 'It is ordered that' section; matched expected keyword for category
LTB-L-099779-25,L1,Order,2026-02-13,P3A,,,,,,"February 5, 2026",True,True,False,True,,True,text,no dollar amount found
LTB-L-099791-25,L1,Order,2026-02-17,K1N,,,,,,"February 9, 2026",True,True,True,False,False,False,text,no dollar amount found
LTB-L-099804-25,L1,Order,2026-01-29,K1K,,,,,,,False,,,,,False,text,no dollar amount found
LTB-L-099823-25,L1,Order,2026-02-17,K6H,1833.45,arrears,1097.89,pattern_1,1.67,"February 10, 2026",True,True,False,True,,True,text,found in operative 'It is ordered that' section; matched expected keyword for category
LTB-L-099825-25,L1,Order,2026-02-18,L1N,700.0,arrears,,,,"February 11, 2026",False,,,,,False,text,found in operative 'It is ordered that' section; matched expected keyword for category
LTB-L-099855-25,L1,Order,2026-02-11,K6H,1929.98,arrears,1456.7,pattern_1,1.32,"February 10, 2026",True,True,False,True,,True,text,found in operative 'It is ordered that' section; matched expected keyword for category
LTB-L-099867-25,L1,Order,2026-02-12,N4L,5653.0,arrears,1560.0,pattern_2,3.62,"February 4, 2026",True,True,True,True,False,False,text,found in operative 'It is ordered that' section; matched expected keyword for category
LTB-L-099869-25,L1,Order,2026-02-13,K7M,4080.47,arrears,,,,"February 5, 2026",False,,,,,False,text,found in operative 'It is ordered that' section; matched expected keyword for category
LTB-L-099889-25,L1,Review Order,2026-02-24,M1W,,,,,,,True,False,True,,False,False,text,no dollar amount found
LTB-L-099912-25,L1,Order,2026-02-17,L6P,,,,,,"February 9, 2026",True,True,True,True,False,False,text,operative section found but contained only fee/rate/boilerplate amounts — likely no lump sum ordered
LTB-L-099913-25,L1,Order,2026-01-20,L1S,6324.4,arrears,2670.41,pattern_1,2.37,"January 14, 2026",True,True,False,True,,True,text,found in operative 'It is ordered that' section; matched expected keyword for category
LTB-L-099920-25,L1,ExParte Order,2026-01-12,M9C,,,,,,,False,,,,,False,ocr,no dollar amount found
LTB-L-099921-25,L1,Order,2026-02-23,M9V,9021.0,arrears,2739.0,pattern_1,3.29,"February 17, 2026",True,True,True,True,False,False,text,found in operative 'It is ordered that' section; matched expected keyword for category
LTB-L-099949-25,L1,Order,2026-02-13,M4Y,9419.89,arrears,1416.09,pattern_1,6.65,"February 4, 2026",False,,,,,False,text,found in operative 'It is ordered that' section; matched expected keyword for category
LTB-L-099992-25,L1,Order,2026-02-23,M9N,7044.22,arrears,2141.84,pattern_1,3.29,"February 17, 2026",True,True,False,True,,True,text,found in operative 'It is ordered that' section; matched expected keyword for category
LTB-L-100000-25,L1,Order,2026-02-13,K8N,3686.0,arrears,1750.0,pattern_1,2.11,"February 5, 2026",True,True,False,True,,True,text,found in operative 'It is ordered that' section; matched expected keyword for category
LTB-L-100030-25,L1,Order,2026-02-13,K2C,8410.0,arrears,,,,"February 5, 2026",True,True,True,True,False,False,text,found in operative 'It is ordered that' section; matched expected keyword for category
LTB-L-100031-25,L1,Order,2026-02-18,N1H,504.78,arrears,,,,"February 10, 2026",False,,,,,False,text,found in operative 'It is ordered that' section; matched expected keyword for category
LTB-L-100038-25,L1,Order,2026-02-26,K0H,7892.55,arrears,2600.0,pattern_2,3.04,"February 5, 2026",True,True,True,True,False,False,text,found in operative 'It is ordered that' section; matched expected keyword for category
LTB-L-100042-25,L1,Order,2026-04-08,L4K,16986.0,arrears,2900.0,pattern_1,5.86,"February 19, 2026",True,True,True,True,False,False,text,found in operative 'It is ordered that' section; matched expected keyword for category
LTB-L-100044-25,L1,Order,2026-02-18,M4B,300.0,arrears,,,,"February 10, 2026",False,,,,,False,text,found in operative 'It is ordered that' section; matched expected keyword for category
LTB-L-100049-25,L1,Order,2026-03-13,M9V,8213.94,arrears,3382.5,pattern_1,2.43,"February 12, 2026",True,True,False,True,,True,text,found in operative 'It is ordered that' section; matched expected keyword for category
LTB-L-100064-25,L1,Amended Order,2026-02-18,L8P,3913.77,arrears,,,,"February 10, 2026",True,False,True,,False,False,text,found in operative 'It is ordered that' section; matched expected keyword for category
LTB-L-100113-25,L1,Order,2026-02-24,N1R,3006.0,arrears,,,,"February 9, 2026",False,,,,,False,text,found in operative 'It is ordered that' section; matched expected keyword for category
LTB-L-100116-25,L1,ExParte Order,2026-02-09,M2N,,,,,,,False,,,,,False,text,no dollar amount found
LTB-L-100124-25,L1,Order,2026-04-02,N1A,21186.0,arrears,1000.0,pattern_1,21.19,"April 1, 2026",True,True,False,False,,True,text,found in operative 'It is ordered that' section; matched expected keyword for category
LTB-L-100139-25,L1,Order,2026-02-13,L2H,,,,,,"February 11, 2026",False,,,,,True,text,no dollar amount found
LTB-L-100163-25,L1,Order,2026-02-24,K1Z,30025.74,arrears,2076.0,pattern_1,14.46,"February 17, 2026",True,True,False,True,,True,text,found in operative 'It is ordered that' section; matched expected keyword for category
LTB-L-100182-25,L1,Order,2026-03-02,L4T,,,,,,"February 19, 2026",True,True,True,True,False,False,text,no dollar amount found
LTB-L-100205-25,L1,Order,2026-01-28,K2B,275.0,arrears,,,,,False,,,,,False,text,found in operative 'It is ordered that' section; matched expected keyword for category
LTB-L-100220-25,L1,Order,2026-02-20,L5G,2081.25,arrears,1985.92,pattern_2,1.05,"February 12, 2026",False,,,,,False,text,found in operative 'It is ordered that' section; matched expected keyword for category
LTB-L-100246-25,L1,Order,2026-03-03,M5N,1797.0,stated_total,1797.0,pattern_1,1.0,"February 19, 2026",True,True,True,True,False,False,text,"found in operative 'It is ordered that' section; explicit stated-total phrasing (""...is \$X"")"
LTB-L-100251-25,L1,Order,2026-02-27,M1E,1383.49,stated_total,1383.49,pattern_1,1.0,"February 19, 2026",True,True,True,True,False,False,text,"found in operative 'It is ordered that' section; explicit stated-total phrasing (""...is \$X"")"
LTB-L-100260-25,L1,Order,2026-02-27,L7S,6730.3,arrears,2288.34,pattern_1,2.94,"February 19, 2026",True,True,True,True,False,False,text,found in operative 'It is ordered that' section; matched expected keyword for category
LTB-L-100273-25,L1,Order,2026-03-03,M1V,,,,,,,True,False,False,,,True,text,operative section found but contained only fee/rate/boilerplate amounts — likely no lump sum ordered
LTB-L-100289-25,L1,Order,2026-02-27,M1E,9910.42,arrears,,,,"February 19, 2026",False,,,,,False,text,found in operative 'It is ordered that' section; matched expected keyword for category
LTB-L-100293-25,L1,Order,2026-02-24,L8R,,,,,,"February 19, 2026",True,True,False,True,,False,text,no dollar amount found
LTB-L-100295-25,L1,Order,2026-04-08,L4Y,3162.28,arrears,1424.71,pattern_2,2.22,"February 19, 2026",True,True,True,True,False,False,text,found in operative 'It is ordered that' section; matched expected keyword for category
LTB-L-100300-25,L1,Order,2026-04-08,L8R,10133.96,arrears,2881.0,pattern_1,3.52,"February 19, 2026",True,True,False,True,,True,text,found in operative 'It is ordered that' section; matched expected keyword for category
LTB-L-100320-25,L1,Order,2026-04-02,L8N,18136.0,arrears,1900.0,pattern_1,9.55,"February 19, 2026",True,True,True,True,False,False,text,found in operative 'It is ordered that' section; matched expected keyword for category
LTB-L-100326-25,L1,Order,2026-02-25,L7R,,,,,,"February 23, 2026",True,True,True,True,False,False,text,no dollar amount found
LTB-L-100354-25,L1,Order,2026-03-03,M3J,4877.49,other,1614.61,pattern_1,3.02,"February 23, 2026",True,True,True,True,False,False,text,"found in operative 'It is ordered that' section; single candidate amount, no strong keyword match"
LTB-L-100367-25,L1,ExParte Order,2026-02-19,L6T,,,,,,,False,,,,,False,ocr,no dollar amount found
LTB-L-100373-25,L1,Order,2026-03-17,L6T,10494.6,arrears,2762.37,pattern_1,3.8,"February 23, 2026",True,True,False,True,,True,text,found in operative 'It is ordered that' section; matched expected keyword for category
LTB-L-100382-25,L1,Order,2026-02-18,K0L,9130.0,arrears,1300.0,pattern_1,7.02,"February 11, 2026",True,True,False,False,,True,text,found in operative 'It is ordered that' section; matched expected keyword for category
LTB-L-100392-25,L1,Order,2026-02-27,M6M,,,,,,,False,,,,,False,text,no dollar amount found
LTB-L-100412-25,L1,Order,2026-03-02,M1R,3362.19,arrears,,,,"February 24, 2026",False,,,,,False,text,found in operative 'It is ordered that' section; matched expected keyword for category
LTB-L-100417-25,L1,Order,2026-02-12,M2N,53200.0,arrears,,,,"February 10, 2026",False,,,,,False,text,found in operative 'It is ordered that' section; matched expected keyword for category
LTB-L-100419-25,L1,Order,2026-02-20,M4B,13886.0,arrears,3425.0,pattern_1,4.05,"February 17, 2026",True,True,True,False,False,True,text,found in operative 'It is ordered that' section; matched expected keyword for category
LTB-L-100437-25,L1,Order,2026-03-05,M4C,4572.78,arrears,,,,"February 23, 2026",True,True,True,True,False,False,text,found in operative 'It is ordered that' section; matched expected keyword for category
LTB-L-100441-25,L1,Order,2026-02-24,L4G,,,,,,,False,,,,,False,text,no dollar amount found
LTB-L-100460-25,L1,Order,2026-02-13,P0R,,,,,,"February 11, 2026",True,True,False,True,,True,text,no dollar amount found
LTB-L-100477-25,L1,ExParte Order,2026-02-03,N6E,,,,,,,False,,,,,False,text,no dollar amount found
LTB-L-100491-25,L1,Order,2026-02-17,K9H,19797.01,arrears,2300.0,pattern_1,8.61,,True,True,True,False,False,False,text,found in operative 'It is ordered that' section; matched expected keyword for category
LTB-L-100520-25,L1,Order,2026-02-13,M3C,7341.38,arrears,1207.91,pattern_1,6.08,"February 9, 2026",True,True,False,True,,True,text,found in operative 'It is ordered that' section; matched expected keyword for category
LTB-L-100531-25,L1,Order,2026-01-12,L4T,3472.48,arrears,2670.44,pattern_1,1.3,"January 5, 2026",True,True,False,True,,True,text,found in operative 'It is ordered that' section; matched expected keyword for category
LTB-L-100553-25,L1,Order,2026-02-17,N6C,5261.0,arrears,,,,"February 9, 2026",True,False,True,,False,False,text,found in operative 'It is ordered that' section; matched expected keyword for category
LTB-L-100554-25,L1,Order,2026-02-17,K1V,3193.09,arrears,700.0,pattern_1,4.56,"February 9, 2026",True,True,False,True,,True,text,found in operative 'It is ordered that' section; matched expected keyword for category
LTB-L-100571-25,L1,Order,2026-01-19,M3N,2738.52,arrears,1310.01,pattern_1,2.09,"January 7, 2026",True,True,False,True,,True,text,found in operative 'It is ordered that' section; matched expected keyword for category
LTB-L-100576-25,L1,Order,2026-02-04,M3N,2542.26,arrears,1928.13,pattern_1,1.32,"January 27, 2026",True,True,False,True,,True,text,found in operative 'It is ordered that' section; matched expected keyword for category
LTB-L-100587-25,L1,Order,2026-02-26,L8M,3471.9,arrears,,,,"February 19, 2026",True,False,True,,False,False,text,found in operative 'It is ordered that' section; matched expected keyword for category
LTB-L-100600-25,L1,ExParte Order,2026-01-30,L4T,,,,,,,False,,,,,False,text,no dollar amount found
LTB-L-100604-25,L1,Order,2026-05-26,L6P,1408.79,arrears,850.0,pattern_1,1.66,"February 9, 2026",True,True,True,False,False,False,text,found in operative 'It is ordered that' section; matched expected keyword for category
LTB-L-100647-25,L1,Order,2026-02-19,K8P,8586.0,arrears,1400.0,pattern_1,6.13,"February 9, 2026",True,True,True,False,False,False,text,found in operative 'It is ordered that' section; matched expected keyword for category
LTB-L-100677-25,L1,Order,2026-02-19,L4E,8764.85,arrears,1950.0,pattern_2,4.49,"February 11, 2026",True,True,False,True,,True,text,found in operative 'It is ordered that' section; matched expected keyword for category
LTB-L-100685-25,L1,Order,2026-02-18,M9M,6666.0,arrears,1080.0,pattern_1,6.17,"February 9, 2026",True,True,False,True,,True,text,found in operative 'It is ordered that' section; matched expected keyword for category
LTB-L-100686-25,L1,Order,2026-02-18,M9N,1068.08,other,1340.43,pattern_1,0.8,"February 9, 2026",False,,,,,False,text,"found in operative 'It is ordered that' section; single candidate amount, no strong keyword match"
LTB-L-100695-24,L1,Review Order,2026-03-04,N7M,,,,,,"February 26, 2026",True,False,False,,,True,text,no dollar amount found
LTB-L-100806-25,L1,Order,2026-02-18,K2V,,,,,,"February 9, 2026",True,False,True,,False,True,text,no dollar amount found
LTB-L-100817-25,L1,Order,2026-02-12,M9N,3508.59,arrears,,,,"February 5, 2026",True,False,True,,False,False,text,found in operative 'It is ordered that' section; matched expected keyword for category
LTB-L-100820-25,L1,Order,2026-01-30,M3N,6759.02,arrears,2200.0,pattern_1,3.07,"January 26, 2026",False,,,,,False,text,found in operative 'It is ordered that' section; matched expected keyword for category
LTB-L-100837-25,L1,Order,2026-04-23,M9W,7641.8,arrears,3000.0,pattern_2,2.55,"April 21, 2026",True,True,False,True,,True,text,found in operative 'It is ordered that' section; matched expected keyword for category
LTB-L-100887-25,L1,Order,2026-02-19,M4Y,9764.02,arrears,1602.02,pattern_1,6.09,"February 12, 2026",True,True,False,True,,True,text,found in operative 'It is ordered that' section; matched expected keyword for category
LTB-L-100899-25,L1,Order,2026-02-20,K2G,3200.0,arrears,800.0,pattern_2,4.0,"February 10, 2026",False,,,,,False,text,found in operative 'It is ordered that' section; matched expected keyword for category
LTB-L-100909-25,L1,Order,2026-03-16,M5J,15706.0,arrears,1940.0,pattern_1,8.1,"February 9, 2026",True,True,True,False,False,False,text,found in operative 'It is ordered that' section; matched expected keyword for category
LTB-L-100956-25,L1,Order,2026-02-18,N3L,15486.0,arrears,,,,"February 10, 2026",False,,,,,False,text,found in operative 'It is ordered that' section; matched expected keyword for category
LTB-L-100983-25,L1,Order,2026-02-24,K7S,8320.0,arrears,873.0,pattern_1,9.53,"February 17, 2026",True,True,False,True,,True,text,found in operative 'It is ordered that' section; matched expected keyword for category
LTB-L-101062-25,L1,Order,2026-02-18,L5L,11634.0,arrears,1543.0,pattern_1,7.54,"February 11, 2026",True,False,False,,,True,text,found in operative 'It is ordered that' section; matched expected keyword for category
LTB-L-101081-25,L1,Order,2026-02-23,L5R,244.0,arrears,,,,"February 11, 2026",True,True,True,True,False,False,text,found in operative 'It is ordered that' section; matched expected keyword for category
LTB-L-101105-25,L1,Order,2026-02-25,P7A,,,2500.0,pattern_1,,"February 9, 2026",False,,,,,False,text,operative section found but contained only fee/rate/boilerplate amounts — likely no lump sum ordered
LTB-L-101170-25,L1,Order,2026-02-27,N1R,7530.0,arrears,,,,"February 9, 2026",False,,,,,False,text,found in operative 'It is ordered that' section; matched expected keyword for category
LTB-L-101176-25,L1,Order,2026-02-18,P0L,8079.69,arrears,1471.0,pattern_1,5.49,"February 11, 2026",True,False,False,,,True,text,found in operative 'It is ordered that' section; matched expected keyword for category
LTB-L-101179-25,L1,Order,2026-02-20,P3C,15186.0,arrears,2000.0,pattern_1,7.59,"February 9, 2026",True,True,True,True,False,False,text,found in operative 'It is ordered that' section; matched expected keyword for category
LTB-L-101183-25,L1,Order,2026-02-24,N0L,16436.0,arrears,750.0,pattern_1,21.91,"February 17, 2026",True,True,True,True,False,False,text,found in operative 'It is ordered that' section; matched expected keyword for category
LTB-L-101184-25,L1,Order,2026-02-24,P0T,19036.0,arrears,1600.0,pattern_1,11.9,,True,True,True,True,True,False,text,found in operative 'It is ordered that' section; matched expected keyword for category
LTB-L-101192-25,L1,Order,2026-02-18,L7L,,,,,,"February 10, 2026",True,False,True,,False,True,text,no dollar amount found
LTB-L-101214-25,L1,Order,2026-03-03,K1Z,,,,,,"February 25, 2026",True,True,False,True,,True,text,no dollar amount found
LTB-L-101219-25,L1,Order,2026-02-27,K2A,3647.0,arrears,598.0,pattern_1,6.1,"February 25, 2026",True,True,True,True,True,False,text,found in operative 'It is ordered that' section; matched expected keyword for category
LTB-L-101240-25,L1,Order,2026-02-13,L7A,,,2800.0,pattern_1,,"February 10, 2026",True,True,True,True,False,False,text,operative section found but contained only fee/rate/boilerplate amounts — likely no lump sum ordered
LTB-L-101253-25,L1,Order,2026-02-24,P0K,6708.0,arrears,378.0,pattern_1,17.75,"February 11, 2026",True,False,False,,,True,text,found in operative 'It is ordered that' section; matched expected keyword for category
LTB-L-101260-25,L1,Order,2026-03-06,K1Z,100.0,ambiguous-max,,,,"February 23, 2026",True,True,True,True,False,False,text,"found in operative 'It is ordered that' section; multiple candidate amounts, took max — manual review advised"
LTB-L-101267-25,L1,ExParte Order,2026-01-19,N1L,3386.0,arrears,,,,,False,,,,,False,text,found in operative 'It is ordered that' section; matched expected keyword for category
LTB-L-101299-25,L1,Order,2026-02-13,L2E,2685.0,arrears,,,,"February 11, 2026",False,,,,,False,text,found in operative 'It is ordered that' section; matched expected keyword for category
LTB-L-101308-25,L1,Order,2026-02-19,M1H,11686.0,arrears,2050.0,pattern_1,5.7,"February 11, 2026",True,True,False,False,,True,text,found in operative 'It is ordered that' section; matched expected keyword for category
LTB-L-101316-25,L1,Order,2026-02-18,M5A,9176.0,arrears,2400.0,pattern_1,3.82,"February 9, 2026",True,True,False,True,,True,text,found in operative 'It is ordered that' section; matched expected keyword for category
LTB-L-101358-25,L1,Order,2026-03-05,L4X,9369.09,arrears,2487.68,pattern_1,3.77,"February 23, 2026",True,True,True,True,False,False,text,found in operative 'It is ordered that' section; matched expected keyword for category
LTB-L-101363-25,L1,Order,2026-02-17,K2J,,,,,,"February 9, 2026",False,,,,,True,text,no dollar amount found
LTB-L-101365-25,L1,ExParte Order,2026-02-05,M9N,,,,,,,False,,,,,False,ocr,no dollar amount found
LTB-L-101383-25,L1,Order,2026-02-17,L5B,,,,,,,False,,,,,False,text,operative section found but contained only fee/rate/boilerplate amounts — likely no lump sum ordered
LTB-L-101403-25,L1,Order,2026-02-24,L5B,7392.26,arrears,1442.71,pattern_2,5.12,"February 17, 2026",True,True,True,True,False,False,text,found in operative 'It is ordered that' section; matched expected keyword for category
LTB-L-101404-25,L1,Order,2026-02-12,N5V,10243.05,arrears,,,,"February 10, 2026",True,False,True,,False,False,text,found in operative 'It is ordered that' section; matched expected keyword for category
LTB-L-101430-25,L1,ExParte Order,2026-01-12,K7M,,,,,,,False,,,,,False,ocr,no dollar amount found
LTB-L-101456-25,L1,Order,2026-02-25,M1K,2059.53,arrears,1501.47,pattern_1,1.37,"February 19, 2026",True,True,True,True,False,False,text,found in operative 'It is ordered that' section; matched expected keyword for category
LTB-L-101461-25,L1,Order,2026-04-02,K1G,,,,,,,False,,,,,False,text,no dollar amount found
LTB-L-101463-25,L1,Order,2026-02-17,N2L,1996.93,arrears,,,,"February 10, 2026",True,True,True,True,False,False,text,found in operative 'It is ordered that' section; matched expected keyword for category
LTB-L-101468-25,L1,Order,2026-02-19,P3A,978.0,arrears,,,,"February 11, 2026",False,,,,,False,text,found in operative 'It is ordered that' section; matched expected keyword for category
LTB-L-101490-25,L1,Order,2026-03-13,K0E,187.0,arrears,,,,"February 26, 2026",True,True,True,True,False,False,text,found in operative 'It is ordered that' section; matched expected keyword for category
LTB-L-101512-25,L1,Order,2026-02-18,P6A,10986.0,arrears,1800.0,pattern_1,6.1,"February 12, 2026",True,True,False,True,,True,text,found in operative 'It is ordered that' section; matched expected keyword for category
LTB-L-101519-25,L1,Order,2026-02-20,N7L,11825.95,arrears,2352.37,pattern_2,5.03,"February 18, 2026",False,,,,,False,text,found in operative 'It is ordered that' section; matched expected keyword for category
LTB-L-101530-25,L1,Order,2026-02-13,L4N,2163.1,arrears,,,,"February 5, 2026",True,False,True,,False,False,text,found in operative 'It is ordered that' section; matched expected keyword for category
LTB-L-101541-25,L1,ExParte Order,2026-01-26,N6B,,,,,,,False,,,,,False,text,no dollar amount found
LTB-L-101542-25,L1,Amended Order,2026-02-20,M1G,2356.12,arrears,1798.17,pattern_1,1.31,"February 11, 2026",True,True,False,True,,True,text,found in operative 'It is ordered that' section; matched expected keyword for category
LTB-L-101552-25,L1,Order,2026-02-23,N6H,8612.61,arrears,1345.9,pattern_2,6.4,"February 18, 2026",True,True,False,True,,True,text,found in operative 'It is ordered that' section; matched expected keyword for category
LTB-L-101576-25,L1,Order,2026-02-18,N6C,9526.0,arrears,1695.0,pattern_1,5.62,"February 17, 2026",True,True,False,True,,True,text,found in operative 'It is ordered that' section; matched expected keyword for category
LTB-L-101597-25,L1,Order,2026-02-19,L6T,4656.4,arrears,1484.08,pattern_1,3.14,"February 10, 2026",True,False,False,,,True,text,found in operative 'It is ordered that' section; matched expected keyword for category
LTB-L-101598-25,L1,Order,2026-02-19,N0G,11036.03,arrears,2495.0,pattern_1,4.42,"February 11, 2026",False,,,,,False,text,found in operative 'It is ordered that' section; matched expected keyword for category
LTB-L-101617-25,L1,Order,2026-02-19,K1Z,9841.0,arrears,1275.0,pattern_1,7.72,"February 12, 2026",True,True,False,True,,True,text,found in operative 'It is ordered that' section; matched expected keyword for category
LTB-L-101624-25,L1,Order,2026-03-03,M4L,,,,,,"February 23, 2026",True,False,True,,False,True,text,no dollar amount found
LTB-L-101654-25,L1,Order,2026-02-24,L4M,8661.0,arrears,1695.0,pattern_1,5.11,"February 11, 2026",True,True,True,False,False,False,text,found in operative 'It is ordered that' section; matched expected keyword for category
LTB-L-101657-25,L1,Order,2026-02-26,N6G,10056.69,arrears,2663.85,pattern_1,3.78,"February 18, 2026",True,True,True,True,False,False,text,found in operative 'It is ordered that' section; matched expected keyword for category
LTB-L-101700-25,L1,Order,2026-03-27,L2R,6716.0,arrears,1486.0,pattern_1,4.52,"February 10, 2026",True,True,True,True,False,False,text,found in operative 'It is ordered that' section; matched expected keyword for category
LTB-L-101724-25,L1,Order,2026-02-24,M9B,10119.65,arrears,3401.2,pattern_1,2.98,"February 23, 2026",True,True,True,True,False,False,text,found in operative 'It is ordered that' section; matched expected keyword for category
LTB-L-101739-25,L1,Order,2026-02-27,M4P,2200.0,arrears,2200.0,pattern_1,1.0,,True,True,True,True,False,False,text,found in operative 'It is ordered that' section; matched expected keyword for category
LTB-L-101760-25,L1,Order,2026-02-27,M9V,2894.25,arrears,,,,"February 18, 2026",False,,,,,False,text,found in operative 'It is ordered that' section; matched expected keyword for category
LTB-L-101761-25,L1,Order,2026-03-02,N9V,,,,,,"February 24, 2026",False,,,,,True,text,no dollar amount found
LTB-L-101804-25,L1,Order,2026-03-03,M9N,,,,,,"February 26, 2026",True,True,False,True,,True,text,no dollar amount found
LTB-L-101824-25,L1,Order,2026-02-10,M9N,,,,,,"February 2, 2026",True,True,False,True,,True,text,no dollar amount found
LTB-L-101827-25,L1,Order,2026-02-26,M9V,5132.36,arrears,2473.59,pattern_1,2.07,"February 23, 2026",True,True,False,True,,True,text,found in operative 'It is ordered that' section; matched expected keyword for category
LTB-L-101854-25,L1,Order,2026-02-03,K1V,7248.0,arrears,1128.0,pattern_1,6.43,"January 27, 2026",True,True,False,True,,True,text,found in operative 'It is ordered that' section; matched expected keyword for category
LTB-L-101867-25,L1,Order,2026-02-26,M3M,,,,,,"February 23, 2026",True,True,False,True,,True,text,no dollar amount found
LTB-L-101877-25,L1,ExParte Order,2026-02-19,K1S,,,,,,,False,,,,,False,text,no dollar amount found
LTB-L-101893-25,L1,Order,2026-02-23,K7A,402.4,arrears,,,,"February 12, 2026",False,,,,,False,text,found in operative 'It is ordered that' section; matched expected keyword for category
LTB-L-101899-25,L1,Order,2026-02-27,M9B,,,,,,"February 23, 2026",True,True,False,True,,True,text,no dollar amount found
LTB-L-101912-25,L1,Order,2026-03-02,L8V,2063.0,arrears,2150.0,pattern_2,0.96,"February 25, 2026",True,True,True,False,False,False,text,found in operative 'It is ordered that' section; matched expected keyword for category
LTB-L-101915-25,L1,Order,2026-03-18,N8H,48652.8,arrears,1812.33,pattern_2,26.85,"February 12, 2026",True,True,False,True,,True,text,found in operative 'It is ordered that' section; matched expected keyword for category
LTB-L-101925-25,L1,ExParte Order,2026-02-19,M9V,,,,,,,False,,,,,False,text,no dollar amount found
LTB-L-101926-25,L1,Order,2026-03-04,K1G,,,,,,,True,True,True,False,False,True,text,operative section found but contained only fee/rate/boilerplate amounts — likely no lump sum ordered
LTB-L-101930-25,L1,Order,2026-03-20,M2H,17018.79,arrears,3100.0,pattern_1,5.49,"February 23, 2026",True,True,True,True,False,False,text,found in operative 'It is ordered that' section; matched expected keyword for category
LTB-L-101943-25,L1,Order,2026-02-24,L6S,6593.85,arrears,2135.28,pattern_2,3.09,"February 18, 2026",False,,,,,False,text,found in operative 'It is ordered that' section; matched expected keyword for category
LTB-L-101988-25,L1,Order,2026-02-12,N2H,1826.0,arrears,,,,,False,,,,,False,text,found in operative 'It is ordered that' section; matched expected keyword for category
LTB-L-102006-25,L1,ExParte Order,2026-02-03,N1R,,,,,,,False,,,,,False,ocr,no dollar amount found
LTB-L-102026-25,L1,ExParte Order,2026-02-12,L6J,,,,,,,False,,,,,False,text,no dollar amount found
LTB-L-102043-25,L1,Order,2026-03-17,N4G,4096.39,arrears,1700.0,pattern_2,2.41,"February 12, 2026",True,True,False,True,,True,text,found in operative 'It is ordered that' section; matched expected keyword for category
LTB-L-102058-25,L1,Order,2026-02-19,L4H,,,,,,"February 10, 2026",True,True,True,True,False,False,text,no dollar amount found
LTB-L-102066-25,L1,Order,2026-02-18,M9C,11514.75,arrears,2515.0,pattern_1,4.58,"February 10, 2026",True,True,False,True,,True,text,found in operative 'It is ordered that' section; matched expected keyword for category
LTB-L-102083-25,L1,ExParte Order,2026-02-13,K2H,,,,,,,False,,,,,False,text,no dollar amount found
LTB-L-102103-25,L1,Order,2026-02-23,K6V,1416.0,arrears,1216.0,pattern_2,1.16,"February 12, 2026",False,,,,,False,text,found in operative 'It is ordered that' section; matched expected keyword for category
LTB-L-102116-25,L1,Order,2026-03-04,M5R,,,,,,"February 25, 2026",True,True,False,True,,True,text,no dollar amount found
LTB-L-102123-25,L1,Order,2026-02-24,N2P,6822.09,arrears,2450.0,pattern_2,2.78,"February 17, 2026",True,True,True,False,False,False,text,found in operative 'It is ordered that' section; matched expected keyword for category
LTB-L-102158-25,L1,Order,2026-02-19,L3C,7186.0,arrears,1000.0,pattern_1,7.19,"February 11, 2026",True,True,False,True,,True,text,found in operative 'It is ordered that' section; matched expected keyword for category
LTB-L-102167-25,L1,ExParte Order,2026-02-05,M3N,,,,,,,False,,,,,False,text,no dollar amount found
LTB-L-102188-25,L1,Order,2026-02-19,N3S,20507.0,arrears,1900.0,pattern_1,10.79,"February 11, 2026",True,False,True,,False,False,text,found in operative 'It is ordered that' section; matched expected keyword for category
LTB-L-102202-25,L1,Order,2026-02-17,M6R,7960.37,arrears,1450.0,pattern_1,5.49,"February 11, 2026",True,True,False,False,,True,text,found in operative 'It is ordered that' section; matched expected keyword for category
LTB-L-102209-25,L1,Order,2026-03-02,K1V,488.0,arrears,,,,"February 25, 2026",True,True,True,True,False,False,text,found in operative 'It is ordered that' section; matched expected keyword for category
LTB-L-102306-25,L1,Order,2026-02-25,M3H,5274.66,arrears,2096.22,pattern_1,2.52,"February 19, 2026",True,True,True,True,False,False,text,found in operative 'It is ordered that' section; matched expected keyword for category
LTB-L-102310-25,L1,Order,2026-03-06,K1L,3323.26,arrears,1001.67,pattern_1,3.32,"February 25, 2026",True,True,False,True,,True,text,found in operative 'It is ordered that' section; matched expected keyword for category
LTB-L-102314-25,L1,Order,2026-03-03,K1Z,3619.74,arrears,1230.0,pattern_1,2.94,"February 25, 2026",True,True,False,True,,True,text,found in operative 'It is ordered that' section; matched expected keyword for category
LTB-L-102325-25,L1,Order,2026-03-11,M6L,13298.9,arrears,,,,,False,,,,,False,text,found in operative 'It is ordered that' section; matched expected keyword for category
LTB-L-102328-25,L1,Order,2026-03-05,M9R,6914.22,arrears,2526.43,pattern_2,2.74,"February 25, 2026",False,,,,,False,text,found in operative 'It is ordered that' section; matched expected keyword for category
LTB-L-102365-25,L1,Order,2026-02-25,M4L,1452.18,arrears,,,,"February 19, 2026",True,False,True,,False,False,text,found in operative 'It is ordered that' section; matched expected keyword for category
LTB-L-102369-25,L1,Order,2026-02-20,N1H,13066.0,arrears,1062.0,pattern_1,12.3,"February 11, 2026",True,True,False,True,,True,text,found in operative 'It is ordered that' section; matched expected keyword for category
LTB-L-102371-25,L1,Order,2026-03-02,M2J,4667.28,arrears,2240.94,pattern_1,2.08,"February 25, 2026",True,True,False,True,,True,text,found in operative 'It is ordered that' section; matched expected keyword for category
LTB-L-102376-25,L1,Order,2026-02-18,L3C,2701.0,arrears,,,,"February 11, 2026",False,,,,,False,text,found in operative 'It is ordered that' section; matched expected keyword for category
LTB-L-102390-25,L1,Order,2026-03-06,M2J,5410.65,arrears,1753.57,pattern_1,3.09,"February 25, 2026",True,True,False,True,,True,text,found in operative 'It is ordered that' section; matched expected keyword for category
LTB-L-102434-25,L1,Order,2026-03-10,M3L,4657.49,arrears,1500.78,pattern_1,3.1,"March 2, 2026",True,True,False,True,,True,text,found in operative 'It is ordered that' section; matched expected keyword for category
LTB-L-102442-25,L1,Order,2026-02-23,L6T,5166.35,arrears,2413.87,pattern_1,2.14,,False,,,,,False,text,found in operative 'It is ordered that' section; matched expected keyword for category
LTB-L-102461-25,L1,Order,2026-02-23,M9R,2990.61,arrears,1819.16,pattern_1,1.64,"February 18, 2026",True,True,True,True,False,False,text,found in operative 'It is ordered that' section; matched expected keyword for category
LTB-L-102464-25,L1,Order,2026-02-19,M3H,6886.0,arrears,,,,"February 17, 2026",True,False,True,,False,False,text,found in operative 'It is ordered that' section; matched expected keyword for category
LTB-L-102465-25,L1,Order,2026-02-25,L7S,7123.04,arrears,1399.72,pattern_1,5.09,,False,,,,,False,text,found in operative 'It is ordered that' section; matched expected keyword for category
LTB-L-102474-25,L1,ExParte Order,2026-01-14,L7S,,,,,,,False,,,,,False,ocr,no dollar amount found
LTB-L-102489-25,L1,Order,2026-03-13,K2B,2838.63,arrears,,,,"March 2, 2026",False,,,,,False,text,found in operative 'It is ordered that' section; matched expected keyword for category
LTB-L-102518-25,L1,Order,2026-03-12,M3L,4589.37,arrears,1492.95,pattern_1,3.07,"March 2, 2026",False,,,,,False,text,found in operative 'It is ordered that' section; matched expected keyword for category
LTB-L-102521-25,L1,Order,2026-03-09,M3L,,,,,,"March 2, 2026",True,True,False,True,,True,text,no dollar amount found
LTB-L-102522-25,L1,Order,2026-02-18,N5A,1702.97,arrears,,,,"February 12, 2026",False,,,,,False,text,found in operative 'It is ordered that' section; matched expected keyword for category
LTB-L-102524-25,L1,Review Order,2026-04-10,K2B,,,,,,,False,,,,,True,text,no dollar amount found
LTB-L-102554-25,L1,ExParte Order,2026-02-12,M3A,,,,,,,False,,,,,False,ocr,no dollar amount found
LTB-L-102564-25,L1,Order,2026-03-03,M4V,4129.44,arrears,,,,,False,,,,,False,text,found in operative 'It is ordered that' section; matched expected keyword for category
LTB-L-102580-25,L1,Order,2026-02-27,M2J,4963.29,arrears,1603.42,pattern_1,3.1,"February 19, 2026",True,False,False,,,True,text,found in operative 'It is ordered that' section; matched expected keyword for category
LTB-L-102598-25,L1,Order,2026-03-12,K1R,3593.8,arrears,,,,"March 4, 2026",False,,,,,False,text,found in operative 'It is ordered that' section; matched expected keyword for category
LTB-L-102606-25,L1,ExParte Order,2026-01-16,M6R,,,,,,,False,,,,,False,text,no dollar amount found
LTB-L-102624-25,L1,Order,2026-03-03,M2J,4112.84,arrears,2203.98,pattern_1,1.87,"February 19, 2026",True,False,False,,,True,text,found in operative 'It is ordered that' section; matched expected keyword for category
LTB-L-102641-25,L1,ExParte Order,2026-01-26,M6M,,,,,,,False,,,,,False,text,no dollar amount found
LTB-L-102658-25,L1,Order,2026-03-12,M1B,10228.35,arrears,2309.45,pattern_1,4.43,"March 2, 2026",False,,,,,False,text,found in operative 'It is ordered that' section; matched expected keyword for category
LTB-L-102693-25,L1,Order,2026-03-03,M1T,5749.48,arrears,1957.0,pattern_1,2.94,"February 26, 2026",True,False,False,,,True,text,found in operative 'It is ordered that' section; matched expected keyword for category
LTB-L-102716-25,L1,Order,2026-02-18,K2G,,,,,,"February 10, 2026",True,False,True,,False,True,text,no dollar amount found
LTB-L-102730-25,L1,Order,2026-02-20,K8P,2686.0,arrears,,,,"February 12, 2026",True,True,True,True,False,False,text,found in operative 'It is ordered that' section; matched expected keyword for category
LTB-L-102732-25,L1,Order,2026-02-23,L2G,1000.0,ambiguous-max,,,,"February 12, 2026",True,True,True,False,False,False,text,"found in operative 'It is ordered that' section; multiple candidate amounts, took max — manual review advised"
LTB-L-102754-25,L1,Order,2026-03-03,N1H,,,,,,"February 26, 2026",True,True,True,True,False,False,text,operative section found but contained only fee/rate/boilerplate amounts — likely no lump sum ordered
LTB-L-102776-25,L1,Order,2026-02-25,L5L,4755.03,arrears,1523.01,pattern_1,3.12,"February 18, 2026",True,False,True,,False,False,text,found in operative 'It is ordered that' section; matched expected keyword for category
LTB-L-102789-24,L1,Order,2026-02-13,M6S,31386.0,arrears,1950.0,pattern_1,16.1,"November 13, 2025",True,True,True,True,False,False,text,found in operative 'It is ordered that' section; matched expected keyword for category
LTB-L-102811-25,L1,Order,2026-02-23,K7M,4409.5,arrears,1699.0,pattern_1,2.6,"February 18, 2026",True,True,False,True,,True,text,found in operative 'It is ordered that' section; matched expected keyword for category
LTB-L-102813-25,L1,Order,2026-02-24,P4N,,,,,,"February 12, 2026",True,True,True,True,False,False,text,no dollar amount found
LTB-L-102814-25,L1,Order,2026-05-12,L0L,46796.4,arrears,1600.0,pattern_1,29.25,"May 4, 2026",True,True,False,True,,True,text,found in operative 'It is ordered that' section; matched expected keyword for category
LTB-L-102845-25,L1,Order,2026-03-25,K0C,6086.0,arrears,1750.0,pattern_1,3.48,"February 18, 2026",True,True,True,False,False,False,text,found in operative 'It is ordered that' section; matched expected keyword for category
LTB-L-102846-25,L1,Order,2026-02-18,K0C,,,,,,"February 12, 2026",True,True,False,True,,True,text,no dollar amount found
LTB-L-102857-25,L1,Order,2026-02-26,K7M,5625.41,arrears,,,,"February 18, 2026",False,,,,,False,text,found in operative 'It is ordered that' section; matched expected keyword for category
LTB-L-102863-25,L1,Order,2026-03-02,N2M,1669.7,stated_total,1669.7,pattern_1,1.0,"February 19, 2026",False,,,,,False,text,"found in operative 'It is ordered that' section; explicit stated-total phrasing (""...is \$X"")"
LTB-L-102874-25,L1,Order,2026-03-03,K1G,,,,,,"February 24, 2026",False,,,,,True,text,no dollar amount found
LTB-L-102903-25,L1,ExParte Order,2026-01-27,L8V,,,,,,,False,,,,,False,text,no dollar amount found
LTB-L-102922-25,L1,Order,2026-02-17,L8P,105.48,ambiguous-max,1054.35,pattern_2,0.1,,False,,,,,False,text,"found in operative 'It is ordered that' section; multiple candidate amounts, took max — manual review advised"
LTB-L-102928-25,L1,ExParte Order,2026-02-09,M3L,,,,,,,False,,,,,False,ocr,no dollar amount found
LTB-L-102929-25,L1,Order,2026-03-06,K2P,4116.52,arrears,1055.0,pattern_1,3.9,"February 24, 2026",True,True,True,True,False,False,text,found in operative 'It is ordered that' section; matched expected keyword for category
LTB-L-102933-25,L1,Order,2026-04-28,L4N,8405.32,arrears,1700.0,pattern_1,4.94,"April 9, 2026",True,True,True,True,True,False,text,found in operative 'It is ordered that' section; matched expected keyword for category
LTB-L-102950-25,L1,ExParte Order,2026-01-30,M5P,,,,,,,False,,,,,False,text,no dollar amount found
LTB-L-102983-25,L1,ExParte Order,2026-02-05,K1K,,,,,,,False,,,,,False,text,no dollar amount found
LTB-L-102998-25,L1,Order,2026-02-26,K2H,2317.71,arrears,1131.25,pattern_2,2.05,"February 18, 2026",False,,,,,False,text,found in operative 'It is ordered that' section; matched expected keyword for category
LTB-L-103008-25,L1,Order,2026-03-12,M1L,,,,,,"March 3, 2026",True,True,True,True,False,False,text,no dollar amount found
LTB-L-103016-25,L1,ExParte Order,2026-01-12,L8N,,,,,,,False,,,,,False,text,no dollar amount found
LTB-L-103032-25,L1,Order,2026-03-02,M2J,,,,,,,True,True,False,True,,True,text,operative section found but contained only fee/rate/boilerplate amounts — likely no lump sum ordered
LTB-L-103038-25,L1,Order,2026-02-26,N6A,10764.0,arrears,,,,"February 24, 2026",False,,,,,False,text,found in operative 'It is ordered that' section; matched expected keyword for category
LTB-L-103043-25,L1,Order,2026-02-17,K8P,1867.0,arrears,,,,,False,,,,,False,text,found in operative 'It is ordered that' section; matched expected keyword for category
LTB-L-103044-25,L1,Order,2026-02-24,N1H,,,,,,"February 17, 2026",True,True,False,True,,True,text,no dollar amount found
LTB-L-103061-25,L1,ExParte Order,2026-02-20,N1H,,,,,,,False,,,,,False,text,no dollar amount found
LTB-L-103062-25,L1,Order,2026-03-09,M9W,7264.7,arrears,2406.5,pattern_1,3.02,"February 26, 2026",True,True,False,True,,True,text,found in operative 'It is ordered that' section; matched expected keyword for category
LTB-L-103075-25,L1,Order,2026-02-25,N7M,1533.59,arrears,978.1,pattern_1,1.57,"February 17, 2026",True,True,True,True,False,False,text,found in operative 'It is ordered that' section; matched expected keyword for category
LTB-L-103092-25,L1,Order,2026-03-09,M2K,,,,,,"February 26, 2026",True,True,False,True,,True,text,no dollar amount found
LTB-L-103098-25,L1,Order,2026-02-26,N5A,1970.0,stated_total,1970.0,pattern_1,1.0,"February 19, 2026",False,,,,,False,text,"found in operative 'It is ordered that' section; explicit stated-total phrasing (""...is \$X"")"
LTB-L-103101-25,L1,Order,2026-02-23,L9S,7074.0,arrears,2097.0,pattern_2,3.37,"February 18, 2026",False,,,,,False,text,found in operative 'It is ordered that' section; matched expected keyword for category
LTB-L-103106-25,L1,Order,2026-03-11,M4P,3023.85,arrears,,,,"March 5, 2026",True,True,True,True,False,False,text,found in operative 'It is ordered that' section; matched expected keyword for category
LTB-L-103114-25,L1,Order,2026-02-24,L1C,8436.0,arrears,2750.0,pattern_1,3.07,"February 17, 2026",True,False,True,,False,False,text,found in operative 'It is ordered that' section; matched expected keyword for category
LTB-L-103117-25,L1,Order,2026-02-26,N9B,2886.0,arrears,500.0,pattern_1,5.77,"February 18, 2026",True,True,False,True,,True,text,found in operative 'It is ordered that' section; matched expected keyword for category
LTB-L-103119-25,L1,ExParte Order,2026-01-27,M1T,,,,,,,False,,,,,False,ocr,no dollar amount found
LTB-L-103135-25,L1,Order,2026-02-18,L8L,6636.0,arrears,,,,"February 17, 2026",False,,,,,False,text,found in operative 'It is ordered that' section; matched expected keyword for category
LTB-L-103160-25,L1,Order,2026-02-27,M3N,,,,,,"February 18, 2026",True,False,False,,,True,text,no dollar amount found
LTB-L-103173-25,L1,Order,2026-03-03,M1W,1753.16,arrears,,,,"February 19, 2026",True,False,True,,False,False,text,found in operative 'It is ordered that' section; matched expected keyword for category
LTB-L-103189-25,L1,Order,2026-02-27,N2C,4761.75,arrears,1750.0,pattern_1,2.72,"February 19, 2026",True,True,True,True,False,False,text,found in operative 'It is ordered that' section; matched expected keyword for category
LTB-L-103190-25,L1,Order,2026-03-06,N4S,2951.19,arrears,753.02,pattern_1,3.92,"February 24, 2026",True,True,False,True,,True,text,found in operative 'It is ordered that' section; matched expected keyword for category
LTB-L-103201-25,L1,Order,2026-02-23,N1S,548.0,arrears,,,,"February 18, 2026",False,,,,,False,text,found in operative 'It is ordered that' section; matched expected keyword for category
LTB-L-103202-25,L1,Order,2026-02-18,M5V,9886.0,arrears,2550.0,pattern_1,3.88,"February 12, 2026",True,True,True,True,False,False,text,found in operative 'It is ordered that' section; matched expected keyword for category
LTB-L-103252-25,L1,Order,2026-03-02,L1G,842.0,arrears,,,,"February 23, 2026",False,,,,,False,text,found in operative 'It is ordered that' section; matched expected keyword for category
LTB-L-103257-25,L1,ExParte Order,2026-01-14,K9V,,,,,,,False,,,,,False,ocr,no dollar amount found
LTB-L-103267-25,L1,Order,2026-02-26,N8X,6783.86,arrears,1995.0,pattern_1,3.4,"February 24, 2026",True,True,False,True,,True,text,found in operative 'It is ordered that' section; matched expected keyword for category
LTB-L-103271-25,L1,Order,2026-03-02,M4G,5380.34,arrears,3126.25,pattern_2,1.72,"February 23, 2026",True,False,False,,,True,text,found in operative 'It is ordered that' section; matched expected keyword for category
LTB-L-103294-25,L1,Amended Order,2026-03-03,L4J,11038.99,arrears,2480.0,pattern_1,4.45,"February 19, 2026",True,True,False,True,,True,text,found in operative 'It is ordered that' section; matched expected keyword for category
LTB-L-103300-25,L1,Order,2026-03-13,K1R,,,,,,,False,,,,,False,text,no dollar amount found
LTB-L-103301-25,L1,Order,2026-02-18,M1B,18786.0,ambiguous-max,,,,"February 17, 2026",True,True,True,False,False,False,text,"found in operative 'It is ordered that' section; multiple candidate amounts, took max — manual review advised"
LTB-L-103303-25,L1,Order,2026-03-31,L4E,40686.0,arrears,5500.0,pattern_1,7.4,"March 23, 2026",True,True,True,True,True,False,text,found in operative 'It is ordered that' section; matched expected keyword for category
LTB-L-103350-25,L1,Order,2026-02-20,L8M,10536.0,arrears,1350.0,pattern_1,7.8,"February 17, 2026",True,True,True,True,False,False,text,found in operative 'It is ordered that' section; matched expected keyword for category
LTB-L-103423-25,L1,Order,2026-04-21,N2T,,,,,,"April 13, 2026",True,True,True,False,False,False,text,no dollar amount found
LTB-L-103493-25,L1,Order,2026-02-24,M8Y,5005.43,arrears,1611.06,pattern_1,3.11,"February 17, 2026",True,False,False,,,True,text,found in operative 'It is ordered that' section; matched expected keyword for category
LTB-L-103512-25,L1,Order,2026-02-09,L4T,193.38,arrears,1619.56,pattern_1,0.12,,True,True,False,True,,True,text,found in operative 'It is ordered that' section; matched expected keyword for category
LTB-L-103516-25,L1,Order,2026-02-19,N3Y,10436.0,arrears,1100.0,pattern_1,9.49,"February 17, 2026",False,,,,,False,text,found in operative 'It is ordered that' section; matched expected keyword for category
LTB-L-103521-25,L1,Review Order,2026-05-19,M3L,,,,,,"May 12, 2026",True,True,True,True,True,False,text,no dollar amount found
LTB-L-103525-25,L1,ExParte Order,2026-03-31,M4P,4829.07,other,,,,,False,,,,,False,text,"no operative section found, or it had no dollar mentions at all; fell back to full-document search; single candidate amount, no strong keyword match"
LTB-L-103526-25,L1,Order,2026-03-04,L6T,10416.48,arrears,2700.0,pattern_1,3.86,"February 24, 2026",True,False,True,,False,False,text,found in operative 'It is ordered that' section; matched expected keyword for category
LTB-L-103556-25,L1,Order,2026-02-25,N5R,595.0,arrears,,,,"February 18, 2026",True,True,False,True,,True,text,found in operative 'It is ordered that' section; matched expected keyword for category
LTB-L-103579-25,L1,Order,2026-02-20,N3H,8980.86,arrears,1849.3,pattern_1,4.86,"February 17, 2026",True,True,False,True,,True,text,found in operative 'It is ordered that' section; matched expected keyword for category
LTB-L-103591-25,L1,Order,2026-03-02,M1E,8994.6,arrears,1604.0,pattern_1,5.61,"February 24, 2026",True,True,True,True,False,False,text,found in operative 'It is ordered that' section; matched expected keyword for category
LTB-L-103601-25,L1,Order,2026-02-23,P6A,,,,,,"February 18, 2026",True,True,False,False,,True,text,no dollar amount found
LTB-L-103613-25,L1,Order,2026-02-24,K7M,11867.48,arrears,1962.87,pattern_1,6.05,"February 19, 2026",True,True,False,True,,True,text,found in operative 'It is ordered that' section; matched expected keyword for category
LTB-L-103617-25,L1,Order,2026-03-19,M5G,4514.1,arrears,,,,,False,,,,,False,text,found in operative 'It is ordered that' section; matched expected keyword for category
LTB-L-103661-25,L1,Order,2026-03-13,L2V,6028.46,arrears,839.23,pattern_2,7.18,"March 11, 2026",True,True,True,True,False,False,text,found in operative 'It is ordered that' section; matched expected keyword for category
LTB-L-103690-25,L1,Order,2026-03-13,L6Z,8231.0,arrears,,,,"February 18, 2026",True,True,True,False,False,False,text,found in operative 'It is ordered that' section; matched expected keyword for category
LTB-L-103713-25,L1,ExParte Order,2026-02-20,N0G,8000.0,arrears,,,,,False,,,,,False,text,found in operative 'It is ordered that' section; matched expected keyword for category
LTB-L-103727-25,L1,Order,2026-01-22,K9V,4375.0,arrears,2850.0,pattern_2,1.54,"February 18, 2026",False,,,,,False,text,found in operative 'It is ordered that' section; matched expected keyword for category
LTB-L-103734-25,L1,Order,2026-02-24,N6J,,,,,,"February 17, 2026",True,True,False,True,,True,text,no dollar amount found
LTB-L-103739-25,L1,Order,2026-02-20,L6T,20486.0,arrears,,,,,False,,,,,False,text,found in operative 'It is ordered that' section; matched expected keyword for category
LTB-L-103751-25,L1,Order,2026-02-23,N2M,10241.0,arrears,1995.0,pattern_1,5.13,"February 18, 2026",True,True,False,True,,True,text,found in operative 'It is ordered that' section; matched expected keyword for category
LTB-L-103781-25,L1,Order,2026-03-09,M2R,2742.0,stated_total,,,,,False,,,,,False,text,"no operative section found, or it had no dollar mentions at all; fell back to full-document search; explicit stated-total phrasing (""...is \$X"")"
LTB-L-103788-25,L1,ExParte Order,2026-04-14,M1K,4032.3,other,,,,,False,,,,,False,text,"no operative section found, or it had no dollar mentions at all; fell back to full-document search; single candidate amount, no strong keyword match"
LTB-L-103791-25,L1,Order,2026-04-07,M2R,11803.28,arrears,2899.32,pattern_1,4.07,"March 2, 2026",True,True,True,True,False,False,text,found in operative 'It is ordered that' section; matched expected keyword for category
LTB-L-103822-25,L1,Review Order,2026-05-13,P0T,892.43,other,,,,"May 12, 2026",True,True,True,True,True,False,text,"found in operative 'It is ordered that' section; single candidate amount, no strong keyword match"
LTB-L-103834-25,L1,Order,2026-02-24,L8H,,,,,,"February 18, 2026",True,True,False,False,,False,text,no dollar amount found
LTB-L-103842-25,L1,ExParte Order,2026-03-23,L4A,1611.6,other,,,,,False,,,,,False,text,"no operative section found, or it had no dollar mentions at all; fell back to full-document search; single candidate amount, no strong keyword match"
LTB-L-103844-25,L1,Order,2026-03-10,M6A,,,,,,"March 2, 2026",True,True,False,True,,True,text,no dollar amount found
LTB-L-103850-25,L1,Order,2026-03-06,M1N,7654.55,arrears,1653.71,pattern_1,4.63,"March 2, 2026",True,True,False,True,,True,text,found in operative 'It is ordered that' section; matched expected keyword for category
LTB-L-103899-25,L1,Order,2026-03-27,L5N,13932.88,arrears,3430.28,pattern_1,4.06,"March 12, 2026",True,True,True,True,True,True,text,found in operative 'It is ordered that' section; matched expected keyword for category
LTB-L-103905-25,L1,Order,2026-01-21,M9W,,,,,,"January 13, 2026",True,True,True,True,True,False,text,no dollar amount found
LTB-L-103910-25,L1,Order,2026-02-20,N8H,10138.0,arrears,2015.0,pattern_2,5.03,"February 17, 2026",True,True,True,True,False,False,text,found in operative 'It is ordered that' section; matched expected keyword for category
LTB-L-103913-25,L1,Order,2026-03-03,L4N,11186.0,arrears,,,,"February 19, 2026",True,True,False,False,,False,text,found in operative 'It is ordered that' section; matched expected keyword for category
LTB-L-103939-25,L1,Order,2026-03-13,N2N,2091.0,stated_total,2091.0,pattern_2,1.0,"February 17, 2026",False,,,,,False,text,"no operative section found, or it had no dollar mentions at all; fell back to full-document search; explicit stated-total phrasing (""...is \$X"")"
LTB-L-103941-25,L1,Order,2026-03-02,K9J,4450.9,arrears,660.0,pattern_1,6.74,"February 17, 2026",True,True,False,True,,True,text,found in operative 'It is ordered that' section; matched expected keyword for category
LTB-L-103950-25,L1,ExParte Order,2026-01-30,L4T,,,,,,,False,,,,,False,text,no dollar amount found
LTB-L-103956-25,L1,Amended Order,2026-03-20,N6A,4341.0,arrears,,,,"March 5, 2026",False,,,,,False,text,found in operative 'It is ordered that' section; matched expected keyword for category
LTB-L-103973-25,L1,ExParte Order,2026-02-20,K1S,,,,,,,False,,,,,False,ocr,no dollar amount found
LTB-L-103975-25,L1,Order,2026-03-25,N2B,19278.57,arrears,909.17,pattern_1,21.2,"March 10, 2026",True,True,True,True,False,False,text,found in operative 'It is ordered that' section; matched expected keyword for category
LTB-L-103982-25,L1,Order,2026-03-02,M2N,,,,,,"February 25, 2026",True,True,True,False,False,False,text,no dollar amount found
LTB-L-104005-25,L1,Review Order,2026-05-29,L4Z,,,,,,"May 12, 2026",True,True,True,False,False,True,text,no dollar amount found
LTB-L-104005-25,L1,Review Order,2026-05-29,L4Z,,,,,,"May 12, 2026",True,True,True,False,False,True,text,no dollar amount found
LTB-L-104017-25,L1,Order,2026-04-02,L6T,3963.41,arrears,1497.09,pattern_1,2.65,"February 23, 2026",True,True,False,True,,True,text,found in operative 'It is ordered that' section; matched expected keyword for category
LTB-L-104040-25,L1,Order,2026-02-27,P0K,2086.0,arrears,900.0,pattern_1,2.32,"February 19, 2026",True,True,True,True,False,False,text,found in operative 'It is ordered that' section; matched expected keyword for category
LTB-L-104047-25,L1,Order,2026-02-26,L5A,3933.36,arrears,,,,"February 18, 2026",True,True,True,True,False,False,text,found in operative 'It is ordered that' section; matched expected keyword for category
LTB-L-104081-25,L1,Order,2026-03-02,K1T,9167.12,arrears,2245.28,pattern_1,4.08,"February 23, 2026",True,True,False,True,,True,text,found in operative 'It is ordered that' section; matched expected keyword for category
LTB-L-104082-25,L1,Order,2026-03-02,L5J,665.0,ambiguous-max,,,,"February 25, 2026",True,True,True,True,False,False,text,"found in operative 'It is ordered that' section; multiple candidate amounts, took max — manual review advised"
LTB-L-104083-25,L1,Order,2026-03-03,L5J,3179.4,arrears,2713.07,pattern_1,1.17,"February 25, 2026",False,,,,,False,text,found in operative 'It is ordered that' section; matched expected keyword for category
LTB-L-104088-25,L1,Order,2026-02-26,L6H,3723.77,arrears,,,,"February 19, 2026",True,False,True,,False,False,text,found in operative 'It is ordered that' section; matched expected keyword for category
LTB-L-104091-25,L1,ExParte Order,2026-02-13,L5J,,,,,,,False,,,,,False,ocr,no dollar amount found
LTB-L-104103-25,L1,Order,2026-02-24,K8V,1613.49,ambiguous-max,1255.83,pattern_1,1.28,"February 18, 2026",True,True,True,True,False,False,text,"found in operative 'It is ordered that' section; multiple candidate amounts, took max — manual review advised"
LTB-L-104111-25,L1,Order,2026-03-02,L2M,5488.15,arrears,1947.2,pattern_1,2.82,,False,,,,,False,text,found in operative 'It is ordered that' section; matched expected keyword for category
LTB-L-104122-25,L1,Order,2026-02-23,P6A,1289.15,arrears,,,,"February 18, 2026",True,True,True,True,False,False,text,found in operative 'It is ordered that' section; matched expected keyword for category
LTB-L-104166-25,L1,ExParte Order,2026-02-20,N2H,7461.73,arrears,,,,,False,,,,,False,text,found in operative 'It is ordered that' section; matched expected keyword for category
LTB-L-104182-25,L1,Order,2026-02-23,L3C,3764.77,arrears,1389.5,pattern_1,2.71,"February 18, 2026",True,True,True,True,False,False,text,found in operative 'It is ordered that' section; matched expected keyword for category
LTB-L-104230-25,L1,Order,2026-03-13,N0R,,,,,,"March 2, 2026",True,True,True,True,False,False,text,no dollar amount found
LTB-L-104240-25,L1,Order,2026-02-20,P1A,4873.23,other,,,,"February 18, 2026",False,,,,,False,text,"found in operative 'It is ordered that' section; single candidate amount, no strong keyword match"
LTB-L-104257-25,L1,ExParte Order,2026-01-14,N5X,,,,,,,False,,,,,False,ocr,no dollar amount found
LTB-L-104259-25,L1,Order,2026-04-02,L4C,36187.0,arrears,4612.0,pattern_1,7.85,"February 23, 2026",False,,,,,True,text,found in operative 'It is ordered that' section; matched expected keyword for category
LTB-L-104301-25,L1,Order,2026-03-09,M4Y,10885.47,arrears,2778.0,pattern_1,3.92,"February 26, 2026",True,True,True,True,False,False,text,found in operative 'It is ordered that' section; matched expected keyword for category
LTB-L-104340-25,L1,Order,2026-03-13,L2R,,,,,,"March 2, 2026",True,True,True,True,False,False,text,no dollar amount found
LTB-L-104348-25,L1,Order,2026-03-06,L7S,1353.65,stated_total,1353.65,pattern_1,1.0,"March 2, 2026",False,,,,,False,text,"found in operative 'It is ordered that' section; explicit stated-total phrasing (""...is \$X"")"
LTB-L-104359-25,L1,Order,2026-03-12,P0T,500.0,other,,,,"March 3, 2026",False,,,,,False,text,"found in operative 'It is ordered that' section; single candidate amount, no strong keyword match"
LTB-L-104361-25,L1,Order,2026-03-16,K7V,5975.35,arrears,945.0,pattern_1,6.32,"March 5, 2026",True,True,False,True,,True,text,found in operative 'It is ordered that' section; matched expected keyword for category
LTB-L-104407-25,L1,Order,2026-03-12,M1J,29340.0,arrears,,,,"March 3, 2026",True,True,True,False,False,False,text,found in operative 'It is ordered that' section; matched expected keyword for category
LTB-L-104513-25,L1,ExParte Order,2026-01-30,M4C,,,,,,,False,,,,,False,text,no dollar amount found
LTB-L-104542-25,L1,Order,2026-02-23,P3C,6199.23,arrears,1350.0,pattern_1,4.59,,False,,,,,False,text,found in operative 'It is ordered that' section; matched expected keyword for category
LTB-L-104545-25,L1,Order,2026-02-25,P3E,2186.0,arrears,1000.0,pattern_1,2.19,"February 18, 2026",True,True,False,True,,True,text,found in operative 'It is ordered that' section; matched expected keyword for category
LTB-L-104570-25,L1,Order,2026-02-13,N2E,8626.93,arrears,1589.84,pattern_2,5.43,"February 5, 2026",True,True,True,True,False,False,text,found in operative 'It is ordered that' section; matched expected keyword for category
LTB-L-104573-25,L1,Order,2026-02-24,K6H,9336.0,arrears,1650.0,pattern_1,5.66,,False,,,,,False,text,found in operative 'It is ordered that' section; matched expected keyword for category
LTB-L-104589-25,L1,Order,2026-02-27,K1T,2223.75,stated_total,,,,,False,,,,,False,text,"no operative section found, or it had no dollar mentions at all; fell back to full-document search; explicit stated-total phrasing (""...is \$X"")"
LTB-L-104590-25,L1,ExParte Order,2026-02-19,K1T,,,,,,,False,,,,,False,text,no dollar amount found
LTB-L-104592-25,L1,Order,2026-03-02,K9H,,,,,,,True,True,False,True,,True,text,operative section found but contained only fee/rate/boilerplate amounts — likely no lump sum ordered
LTB-L-104607-25,L1,Order,2026-02-26,L6Y,16886.0,arrears,3340.0,pattern_1,5.06,"February 24, 2026",True,True,False,True,,True,text,found in operative 'It is ordered that' section; matched expected keyword for category
LTB-L-104611-25,L1,ExParte Order,2026-02-04,M9C,,,,,,,False,,,,,False,text,no dollar amount found
LTB-L-104675-25,L1,Order,2026-02-25,M3M,8945.39,arrears,1766.41,pattern_1,5.06,"February 19, 2026",True,True,False,True,,True,text,found in operative 'It is ordered that' section; matched expected keyword for category
LTB-L-104698-25,L1,Order,2026-03-12,L1G,,,,,,"March 4, 2026",False,,,,,True,text,no dollar amount found
LTB-L-104728-25,L1,Order,2026-03-05,N2J,5336.0,arrears,,,,"February 23, 2026",True,True,True,True,False,False,text,found in operative 'It is ordered that' section; matched expected keyword for category
LTB-L-104749-25,L1,Order,2026-03-13,M4Y,5790.82,arrears,1800.0,pattern_1,3.22,"March 4, 2026",True,True,False,True,,True,text,found in operative 'It is ordered that' section; matched expected keyword for category
LTB-L-104767-25,L1,Order,2026-03-19,N6H,5896.95,arrears,,,,,False,,,,,False,text,found in operative 'It is ordered that' section; matched expected keyword for category
LTB-L-104771-25,L1,Order,2026-03-09,M1T,3197.62,arrears,,,,"March 4, 2026",False,,,,,False,text,found in operative 'It is ordered that' section; matched expected keyword for category
LTB-L-104773-25,L1,Order,2026-02-24,N9C,,,,,,"February 18, 2026",True,False,True,,False,True,text,no dollar amount found
LTB-L-104775-25,L1,Order,2026-02-25,K1N,1822.0,arrears,709.0,pattern_1,2.57,"February 18, 2026",True,True,True,True,False,False,text,found in operative 'It is ordered that' section; matched expected keyword for category
LTB-L-104777-25,L1,Order,2026-02-26,M1K,,,,,,"February 23, 2026",True,True,False,True,,True,text,no dollar amount found
LTB-L-104783-25,L1,Order,2026-03-03,M3J,5417.06,arrears,1723.02,pattern_1,3.14,"February 26, 2026",True,True,False,True,,True,text,found in operative 'It is ordered that' section; matched expected keyword for category
LTB-L-104789-25,L1,Order,2026-01-30,M9N,4422.0,arrears,1412.0,pattern_2,3.13,,False,,,,,False,text,found in operative 'It is ordered that' section; matched expected keyword for category
LTB-L-104790-25,L1,Order,2026-02-27,P0W,1118.5,arrears,,,,"February 25, 2026",True,True,False,True,,True,text,found in operative 'It is ordered that' section; matched expected keyword for category
LTB-L-104819-25,L1,Order,2026-03-18,L1J,,,,,,,False,,,,,False,text,operative section found but contained only fee/rate/boilerplate amounts — likely no lump sum ordered
LTB-L-104825-25,L1,Order,2026-03-04,K7K,1788.19,arrears,,,,,False,,,,,False,text,found in operative 'It is ordered that' section; matched expected keyword for category
LTB-L-104856-25,L1,Order,2026-02-25,M9R,,,,,,,True,True,False,True,,True,text,operative section found but contained only fee/rate/boilerplate amounts — likely no lump sum ordered
LTB-L-104869-25,L1,Order,2026-02-27,L7N,,,,,,"April 9, 2026",True,True,False,True,,True,text,no dollar amount found
LTB-L-104870-25,L1,ExParte Order,2026-03-30,K1Y,,,,,,,False,,,,,False,text,no dollar amount found
LTB-L-104879-25,L1,Order,2026-02-27,N2L,4288.68,arrears,,,,"February 24, 2026",False,,,,,False,text,found in operative 'It is ordered that' section; matched expected keyword for category
LTB-L-104891-25,L1,Order,2026-02-23,N1H,1631.48,arrears,,,,"February 18, 2026",False,,,,,False,text,found in operative 'It is ordered that' section; matched expected keyword for category
LTB-L-104927-25,L1,Order,2026-03-05,N6H,6290.26,arrears,1599.0,pattern_1,3.93,"February 25, 2026",True,True,False,True,,True,text,found in operative 'It is ordered that' section; matched expected keyword for category
LTB-L-104980-25,L1,Order,2026-03-06,K1L,6672.0,arrears,593.0,pattern_2,11.25,"February 24, 2026",True,True,True,True,False,False,text,found in operative 'It is ordered that' section; matched expected keyword for category
LTB-L-104985-25,L1,Order,2026-03-04,N2J,5099.51,arrears,634.0,pattern_1,8.04,"February 26, 2026",True,True,True,True,False,False,text,found in operative 'It is ordered that' section; matched expected keyword for category
LTB-L-105004-25,L1,Order,2026-02-24,K7L,6316.0,arrears,,,,"February 19, 2026",False,,,,,False,text,found in operative 'It is ordered that' section; matched expected keyword for category
LTB-L-105010-25,L1,Order,2026-02-20,L1X,10186.0,arrears,2000.0,pattern_1,5.09,"February 18, 2026",True,True,False,False,,True,text,found in operative 'It is ordered that' section; matched expected keyword for category
LTB-L-105036-25,L1,ExParte Order,2026-02-20,M2R,,,,,,,False,,,,,False,ocr,no dollar amount found
LTB-L-105042-25,L1,Order,2026-02-09,L6Y,2449.0,arrears,,,,"February 5, 2026",True,False,True,,False,False,text,found in operative 'It is ordered that' section; matched expected keyword for category
LTB-L-105059-25,L1,Order,2026-03-06,L5B,2311.75,arrears,2125.75,pattern_1,1.09,"February 24, 2026",True,True,True,True,False,False,text,found in operative 'It is ordered that' section; matched expected keyword for category
LTB-L-105066-25,L1,Order,2026-03-04,L5B,,,,,,"February 24, 2026",True,True,False,True,,True,text,no dollar amount found
LTB-L-105082-25,L1,Order,2026-03-16,N1S,4353.35,arrears,,,,,False,,,,,False,text,found in operative 'It is ordered that' section; matched expected keyword for category
LTB-L-105098-25,L1,Order,2026-03-12,L4M,5068.64,arrears,960.0,pattern_1,5.28,"February 25, 2026",True,True,False,True,,True,text,found in operative 'It is ordered that' section; matched expected keyword for category
LTB-L-105113-25,L1,Order,2026-03-10,M1B,16286.0,arrears,2300.0,pattern_1,7.08,"March 2, 2026",True,True,False,True,,True,text,found in operative 'It is ordered that' section; matched expected keyword for category
LTB-L-105120-25,L1,Order,2026-03-13,N8T,13558.5,arrears,1232.0,pattern_1,11.01,"March 5, 2026",True,True,False,False,,True,text,found in operative 'It is ordered that' section; matched expected keyword for category
LTB-L-105156-25,L1,Order,2026-03-04,M4Y,22187.3,arrears,,,,"February 24, 2026",False,,,,,False,text,found in operative 'It is ordered that' section; matched expected keyword for category
LTB-L-105159-25,L1,Order,2026-03-06,N7M,5458.0,arrears,,,,"February 26, 2026",False,,,,,False,text,found in operative 'It is ordered that' section; matched expected keyword for category
LTB-L-105168-25,L1,Order,2026-02-26,N5Z,8112.0,arrears,1725.0,pattern_1,4.7,"February 23, 2026",True,True,True,True,False,False,text,found in operative 'It is ordered that' section; matched expected keyword for category
LTB-L-105210-25,L1,ExParte Order,2026-02-23,N6H,,,,,,,False,,,,,False,ocr,no dollar amount found
LTB-L-105217-25,L1,Order,2026-03-12,L1P,4009.22,arrears,1469.74,pattern_2,2.73,"March 2, 2026",True,True,True,True,False,False,text,found in operative 'It is ordered that' section; matched expected keyword for category
LTB-L-105241-25,L1,Order,2026-03-16,K1K,,,,,,,False,,,,,False,text,no dollar amount found
LTB-L-105244-25,L1,Order,2026-03-03,L6S,7318.0,arrears,1629.0,pattern_1,4.49,"February 26, 2026",True,True,False,True,,True,text,found in operative 'It is ordered that' section; matched expected keyword for category
LTB-L-105258-25,L1,Order,2026-01-29,N5W,2165.97,arrears,,,,"January 20, 2026",False,,,,,False,text,found in operative 'It is ordered that' section; matched expected keyword for category
LTB-L-105264-25,L1,Order,2026-02-12,M6C,3056.72,arrears,1749.0,pattern_1,1.75,"January 20, 2026",True,True,True,True,False,False,text,found in operative 'It is ordered that' section; matched expected keyword for category
LTB-L-105282-25,L1,Order,2026-03-09,M6K,100.0,ambiguous-max,1481.0,pattern_2,0.07,"February 23, 2026",True,True,True,False,False,False,text,"found in operative 'It is ordered that' section; multiple candidate amounts, took max — manual review advised"
LTB-L-105288-25,L1,ExParte Order,2026-02-27,N5W,,,,,,,False,,,,,False,ocr,no dollar amount found
LTB-L-105301-25,L1,Order,2026-05-22,K1C,5488.77,arrears,2665.0,pattern_2,2.06,"March 5, 2026",True,True,True,True,False,False,text,found in operative 'It is ordered that' section; matched expected keyword for category
LTB-L-105380-25,L1,Review Order,2026-05-08,K8P,5036.0,arrears,,,,"May 4, 2026",True,True,True,True,False,True,text,found in operative 'It is ordered that' section; matched expected keyword for category
LTB-L-105403-25,L1,Order,2026-03-20,L8N,446.0,arrears,,,,"March 16, 2026",True,True,True,True,False,False,text,found in operative 'It is ordered that' section; matched expected keyword for category
LTB-L-105404-25,L1,Order,2026-03-10,L4K,60032.3,arrears,3000.0,pattern_1,20.01,"March 3, 2026",True,True,True,True,False,False,text,found in operative 'It is ordered that' section; matched expected keyword for category
LTB-L-105419-25,L1,Order,2026-03-13,L6T,5627.75,arrears,1322.97,pattern_1,4.25,"March 5, 2026",True,True,False,True,,True,text,found in operative 'It is ordered that' section; matched expected keyword for category
LTB-L-105426-25,L1,Order,2026-03-11,K7K,3018.09,arrears,750.0,pattern_1,4.02,"February 24, 2026",True,True,True,False,False,False,text,found in operative 'It is ordered that' section; matched expected keyword for category
LTB-L-105453-25,L1,Order,2026-03-10,M4K,3500.45,arrears,1903.41,pattern_1,1.84,"March 3, 2026",True,True,False,True,,True,text,found in operative 'It is ordered that' section; matched expected keyword for category
LTB-L-105469-25,L1,Amended Order,2026-02-27,L1Z,172.0,arrears,,,,"February 10, 2026",True,True,True,True,False,False,text,found in operative 'It is ordered that' section; matched expected keyword for category
LTB-L-105478-25,L1,Order,2026-04-23,K7A,,,,,,,False,,,,,False,text,no dollar amount found
LTB-L-105501-25,L1,Order,2026-03-02,K8H,5166.64,arrears,2408.75,pattern_2,2.14,"February 24, 2026",True,True,False,True,,True,text,found in operative 'It is ordered that' section; matched expected keyword for category
LTB-L-105526-25,L1,Order,2026-04-01,N4S,8493.06,arrears,1184.58,pattern_1,7.17,"February 19, 2026",True,True,False,True,,True,text,found in operative 'It is ordered that' section; matched expected keyword for category
LTB-L-105534-25,L1,Review Order,2026-05-05,L4K,12186.0,arrears,,,,"February 10, 2026",True,True,False,False,,True,text,"no operative section found, or it had no dollar mentions at all; fell back to full-document search; matched expected keyword for category"
LTB-L-105568-25,L1,Order,2026-03-05,P1B,4650.0,arrears,775.0,pattern_1,6.0,"February 25, 2026",True,True,False,True,,True,text,found in operative 'It is ordered that' section; matched expected keyword for category
LTB-L-105578-25,L1,Order,2026-03-12,P6A,19331.85,arrears,1580.0,pattern_1,12.24,"March 3, 2026",True,True,False,True,,True,text,found in operative 'It is ordered that' section; matched expected keyword for category
LTB-L-105608-25,L1,ExParte Order,2026-02-19,N5P,,,,,,,False,,,,,False,ocr,no dollar amount found
LTB-L-105643-25,L1,Order,2026-03-10,K1K,,,,,,,False,,,,,False,text,no dollar amount found
LTB-L-105645-25,L1,Order,2026-03-04,L5E,3886.79,arrears,,,,"February 25, 2026",True,True,True,True,False,False,text,found in operative 'It is ordered that' section; matched expected keyword for category
LTB-L-105673-25,L1,Order,2026-03-10,K7H,440.0,stated_total,,,,,False,,,,,False,text,"no operative section found, or it had no dollar mentions at all; fell back to full-document search; explicit stated-total phrasing (""...is \$X"")"
LTB-L-105675-25,L1,Order,2026-03-04,L5B,2898.0,arrears,,,,"February 26, 2026",True,True,True,True,False,False,text,found in operative 'It is ordered that' section; matched expected keyword for category
LTB-L-105700-25,L1,Order,2026-03-06,N9A,7818.58,arrears,,,,,False,,,,,False,text,found in operative 'It is ordered that' section; matched expected keyword for category
LTB-L-105707-25,L1,Order,2026-03-19,N2J,5274.84,arrears,1178.75,pattern_1,4.47,"March 10, 2026",True,True,False,True,,True,text,found in operative 'It is ordered that' section; matched expected keyword for category
LTB-L-105715-25,L1,Order,2026-03-11,K6H,2486.0,arrears,,,,"March 4, 2026",False,,,,,False,text,found in operative 'It is ordered that' section; matched expected keyword for category
LTB-L-105733-25,L1,Order,2026-03-03,M3J,2116.0,arrears,1679.0,pattern_1,1.26,"February 25, 2026",True,True,True,True,False,False,text,found in operative 'It is ordered that' section; matched expected keyword for category
LTB-L-105742-25,L1,Order,2026-03-02,K0C,5836.0,arrears,1700.0,pattern_2,3.43,"February 18, 2026",True,True,True,False,False,False,text,found in operative 'It is ordered that' section; matched expected keyword for category
LTB-L-105743-25,L1,Order,2026-03-10,L6H,9442.23,arrears,,,,,False,,,,,False,text,found in operative 'It is ordered that' section; matched expected keyword for category
LTB-L-105752-25,L1,Order,2026-03-16,N5V,13766.0,arrears,,,,"March 11, 2026",False,,,,,False,text,found in operative 'It is ordered that' section; matched expected keyword for category
LTB-L-105755-25,L1,Order,2026-03-04,M5E,,,,,,"February 25, 2026",True,True,True,True,True,False,text,no dollar amount found
LTB-L-105800-25,L1,Order,2026-03-13,L8G,3796.8,arrears,1025.0,pattern_1,3.7,"March 2, 2026",True,True,False,True,,True,text,found in operative 'It is ordered that' section; matched expected keyword for category
LTB-L-105809-25,L1,Order,2026-04-10,L5H,50186.0,arrears,6000.0,pattern_2,8.36,"March 18, 2026",True,True,True,True,True,False,text,found in operative 'It is ordered that' section; matched expected keyword for category
LTB-L-105816-25,L1,Order,2026-03-11,M1R,20986.0,arrears,,,,"March 4, 2026",True,True,True,False,False,False,text,found in operative 'It is ordered that' section; matched expected keyword for category
LTB-L-105826-25,L1,Order,2026-04-01,M1N,7836.05,arrears,2730.0,pattern_1,2.87,"March 25, 2026",True,True,False,True,,True,text,found in operative 'It is ordered that' section; matched expected keyword for category
LTB-L-105874-25,L1,Order,2026-03-10,M6K,3431.23,arrears,1921.14,pattern_2,1.79,"March 4, 2026",True,True,False,True,,True,text,found in operative 'It is ordered that' section; matched expected keyword for category
LTB-L-105889-25,L1,Order,2026-03-06,N2L,3942.69,arrears,1290.35,pattern_2,3.06,"February 26, 2026",False,,,,,False,text,found in operative 'It is ordered that' section; matched expected keyword for category
LTB-L-105931-25,L1,Order,2026-03-02,L4L,37429.69,arrears,4800.0,pattern_1,7.8,"February 24, 2026",True,True,False,False,,True,text,found in operative 'It is ordered that' section; matched expected keyword for category
LTB-L-105978-25,L1,ExParte Order,2026-02-24,K1K,,,,,,,False,,,,,False,text,no dollar amount found
LTB-L-105995-25,L1,ExParte Order,2026-02-19,M1K,,,,,,,False,,,,,False,ocr,no dollar amount found
LTB-L-106003-25,L1,Order,2026-03-17,N2E,5402.48,arrears,,,,,False,,,,,False,text,found in operative 'It is ordered that' section; matched expected keyword for category
LTB-L-106007-25,L1,Order,2026-03-04,M4X,2193.16,arrears,,,,"February 25, 2026",False,,,,,False,text,found in operative 'It is ordered that' section; matched expected keyword for category
LTB-L-106009-25,L1,Order,2026-05-12,M4J,6662.15,arrears,750.0,pattern_1,8.88,"March 5, 2026",True,True,True,True,False,False,text,found in operative 'It is ordered that' section; matched expected keyword for category
LTB-L-106030-25,L1,Order,2026-03-06,L5G,17037.06,arrears,2833.51,pattern_1,6.01,,False,,,,,False,text,found in operative 'It is ordered that' section; matched expected keyword for category
LTB-L-106031-25,L1,Order,2026-03-23,N2E,1798.15,arrears,,,,,False,,,,,False,text,found in operative 'It is ordered that' section; matched expected keyword for category
LTB-L-106042-25,L1,Order,2026-03-02,M2J,9110.35,arrears,2639.37,pattern_1,3.45,"February 26, 2026",True,True,False,True,,True,text,found in operative 'It is ordered that' section; matched expected keyword for category
LTB-L-106051-25,L1,Order,2026-05-04,M1X,10050.0,arrears,950.0,pattern_1,10.58,"April 21, 2026",True,True,True,False,False,False,text,found in operative 'It is ordered that' section; matched expected keyword for category
LTB-L-106072-25,L1,Order,2026-03-02,M2J,5928.16,arrears,1671.21,pattern_1,3.55,"February 26, 2026",True,True,False,True,,True,text,found in operative 'It is ordered that' section; matched expected keyword for category
LTB-L-106078-25,L1,Order,2026-03-19,M4Y,3280.71,arrears,2408.75,pattern_2,1.36,"March 4, 2026",True,True,True,True,False,False,text,found in operative 'It is ordered that' section; matched expected keyword for category
LTB-L-106082-25,L1,Order,2026-03-02,M5R,22704.72,arrears,5253.12,pattern_1,4.32,"February 24, 2026",True,True,False,False,,True,text,found in operative 'It is ordered that' section; matched expected keyword for category
LTB-L-106084-25,L1,Order,2026-03-10,M9N,3096.86,arrears,1642.66,pattern_1,1.89,"March 2, 2026",True,True,False,True,,True,text,found in operative 'It is ordered that' section; matched expected keyword for category
LTB-L-106088-25,L1,Order,2026-03-05,K8N,3461.42,arrears,1700.0,pattern_1,2.04,"February 24, 2026",True,True,False,True,,True,text,found in operative 'It is ordered that' section; matched expected keyword for category
LTB-L-106101-25,L1,Order,2026-01-26,M4S,6486.0,arrears,2150.0,pattern_1,3.02,"January 20, 2026",True,True,False,True,,True,text,found in operative 'It is ordered that' section; matched expected keyword for category
LTB-L-106113-25,L1,Order,2026-03-03,N5Y,3522.45,arrears,,,,"February 25, 2026",False,,,,,False,text,found in operative 'It is ordered that' section; matched expected keyword for category
LTB-L-106123-25,L1,Order,2026-03-10,M4S,14112.9,arrears,3048.56,pattern_1,4.63,"March 3, 2026",True,True,False,True,,True,text,found in operative 'It is ordered that' section; matched expected keyword for category
LTB-L-106134-25,L1,Order,2026-03-03,K7K,20.0,ambiguous-max,,,,"February 25, 2026",True,True,True,True,False,False,text,"found in operative 'It is ordered that' section; multiple candidate amounts, took max — manual review advised"
LTB-L-106149-25,L1,Order,2026-02-27,K1Z,13351.36,arrears,2118.0,pattern_1,6.3,"February 25, 2026",True,True,True,True,False,False,text,found in operative 'It is ordered that' section; matched expected keyword for category
LTB-L-106165-25,L1,ExParte Order,2026-02-25,M9N,,,,,,,False,,,,,False,ocr,no dollar amount found
LTB-L-106174-25,L1,Order,2026-03-03,L1J,5686.0,arrears,,,,"February 26, 2026",True,True,True,False,False,False,text,found in operative 'It is ordered that' section; matched expected keyword for category
LTB-L-106194-25,L1,Order,2026-03-04,L4E,19800.0,arrears,,,,"March 3, 2026",True,False,True,,False,False,text,found in operative 'It is ordered that' section; matched expected keyword for category
LTB-L-106196-25,L1,Order,2026-03-04,L6P,9936.0,arrears,,,,,False,,,,,False,text,found in operative 'It is ordered that' section; matched expected keyword for category
LTB-L-106206-25,L1,Order,2026-03-18,M1V,1595.0,arrears,1670.0,pattern_1,0.96,"March 3, 2026",True,True,False,True,,True,text,found in operative 'It is ordered that' section; matched expected keyword for category
LTB-L-106228-25,L1,Order,2026-03-05,N3S,,,,,,,False,,,,,,,download failed: 403 Client Error: Forbidden for url: https://d3hf2qahezjxpx.cloudfront.net/attachments/exportedBinaries20260723_175229/069N300000umSwIIAU/LTB-L-106228-25_L1N4_ConsentOrder_StndOrderWTimeExtenMnthEnd+Mar312026TT_Certified.pdf
LTB-L-106230-25,L1,Order,2026-02-27,K1V,5286.0,arrears,700.0,pattern_1,7.55,"February 25, 2026",True,True,True,False,False,False,text,found in operative 'It is ordered that' section; matched expected keyword for category
LTB-L-106233-25,L1,Order,2026-03-10,K1R,14927.0,arrears,3049.0,pattern_1,4.9,,False,,,,,False,text,found in operative 'It is ordered that' section; matched expected keyword for category
LTB-L-106238-25,L1,Order,2026-03-05,L1C,5282.31,arrears,2900.0,pattern_2,1.82,"February 24, 2026",True,True,False,False,,True,text,found in operative 'It is ordered that' section; matched expected keyword for category
LTB-L-106242-25,L1,Order,2026-03-02,N0J,,,,,,"February 26, 2026",False,,,,,True,text,no dollar amount found
LTB-L-106276-25,L1,Order,2026-03-25,N5W,7661.0,arrears,1495.0,pattern_1,5.12,"March 12, 2026",True,True,False,True,,True,text,found in operative 'It is ordered that' section; matched expected keyword for category
LTB-L-106277-25,L1,Order,2026-03-12,P1P,1821.76,arrears,1307.9,pattern_1,1.39,"February 25, 2026",True,True,False,False,,True,text,found in operative 'It is ordered that' section; matched expected keyword for category
LTB-L-106284-25,L1,Order,2026-03-10,M9N,2128.77,arrears,1531.59,pattern_1,1.39,"March 2, 2026",True,True,False,True,,True,text,found in operative 'It is ordered that' section; matched expected keyword for category
LTB-L-106287-24,L1,Review Order,2026-03-06,K1V,,,,,,,False,,,,,False,text,no dollar amount found
LTB-L-106287-25,L1,Order,2026-02-26,N3T,9469.39,arrears,,,,"February 24, 2026",False,,,,,False,text,found in operative 'It is ordered that' section; matched expected keyword for category
LTB-L-106290-25,L1,Order,2026-05-29,L2R,11066.0,arrears,1895.0,pattern_1,5.84,"May 27, 2026",True,True,False,False,,True,text,found in operative 'It is ordered that' section; matched expected keyword for category
LTB-L-106297-25,L1,Order,2026-03-12,K1S,1614.33,arrears,1188.62,pattern_1,1.36,"March 4, 2026",True,True,False,True,,True,text,found in operative 'It is ordered that' section; matched expected keyword for category
LTB-L-106299-25,L1,Order,2026-03-06,N5W,,,,,,"February 25, 2026",False,,,,,True,text,no dollar amount found
LTB-L-106307-25,L1,Order,2026-03-12,M1L,,,,,,"March 3, 2026",True,True,False,True,,True,text,no dollar amount found
LTB-L-106315-25,L1,Order,2026-03-25,L2P,1535.2,arrears,1404.4,pattern_1,1.09,"March 18, 2026",False,,,,,False,text,found in operative 'It is ordered that' section; matched expected keyword for category
LTB-L-106317-25,L1,Order,2026-03-05,K4A,13686.0,arrears,2700.0,pattern_1,5.07,"February 25, 2026",True,True,True,False,False,False,text,found in operative 'It is ordered that' section; matched expected keyword for category
LTB-L-106322-25,L1,Order,2026-03-10,L3Y,2610.0,stated_total,,,,,False,,,,,False,text,"no operative section found, or it had no dollar mentions at all; fell back to full-document search; explicit stated-total phrasing (""...is \$X"")"
LTB-L-106345-25,L1,Order,2026-03-11,N9C,22552.35,arrears,1596.0,pattern_1,14.13,"March 5, 2026",True,True,False,True,,True,text,found in operative 'It is ordered that' section; matched expected keyword for category
LTB-L-106350-25,L1,Order,2026-03-06,L3B,5739.14,arrears,1700.0,pattern_1,3.38,"February 26, 2026",True,True,True,True,False,False,text,found in operative 'It is ordered that' section; matched expected keyword for category
LTB-L-106360-25,L1,ExParte Order,2026-01-12,L6V,,,,,,,False,,,,,False,ocr,no dollar amount found
LTB-L-106363-25,L1,Order,2026-03-17,M4Y,3265.24,arrears,1618.36,pattern_1,2.02,"March 4, 2026",True,True,False,True,,True,text,found in operative 'It is ordered that' section; matched expected keyword for category
LTB-L-106385-25,L1,Order,2026-03-04,N3S,5746.88,arrears,2395.0,pattern_1,2.4,"February 24, 2026",True,True,False,True,,True,text,found in operative 'It is ordered that' section; matched expected keyword for category
LTB-L-106400-25,L1,Order,2026-03-06,N6B,1353.89,arrears,651.91,pattern_1,2.08,"February 26, 2026",True,True,True,True,False,False,text,found in operative 'It is ordered that' section; matched expected keyword for category
LTB-L-106409-25,L1,Order,2026-04-17,L9N,,,,,,,False,,,,,False,text,no dollar amount found
LTB-L-106420-25,L1,Review Order,2026-04-29,M4A,,,,,,,False,,,,,False,text,no dollar amount found
LTB-L-106430-25,L1,Order,2026-03-27,N5W,500.0,other,1436.23,pattern_2,0.35,"March 17, 2026",False,,,,,False,text,"found in operative 'It is ordered that' section; single candidate amount, no strong keyword match"
LTB-L-106448-25,L1,Order,2026-04-02,M4Y,9813.19,arrears,1850.0,pattern_1,5.3,"March 10, 2026",True,True,True,True,False,False,text,found in operative 'It is ordered that' section; matched expected keyword for category
LTB-L-106460-25,L1,Order,2026-03-06,M3N,,,,,,"March 2, 2026",True,True,False,True,,True,text,no dollar amount found
LTB-L-106497-25,L1,Order,2026-03-12,M1V,1789.0,arrears,,,,"March 2, 2026",True,True,True,True,False,False,text,found in operative 'It is ordered that' section; matched expected keyword for category
LTB-L-106498-25,L1,Order,2026-03-12,N0G,8276.0,arrears,475.0,pattern_2,17.42,"February 23, 2026",True,True,False,True,,True,text,found in operative 'It is ordered that' section; matched expected keyword for category
LTB-L-106507-25,L1,Order,2026-03-19,L8H,4684.82,arrears,,,,"March 9, 2026",True,True,True,True,False,False,text,found in operative 'It is ordered that' section; matched expected keyword for category
LTB-L-106509-25,L1,ExParte Order,2026-02-23,K2C,,,,,,,False,,,,,False,ocr,no dollar amount found
LTB-L-106511-25,L1,Order,2026-03-09,L9A,839.0,arrears,,,,,False,,,,,False,text,found in operative 'It is ordered that' section; matched expected keyword for category
LTB-L-106538-25,L1,ExParte Order,2026-02-27,L2R,,,,,,,False,,,,,False,text,no dollar amount found
LTB-L-106557-25,L1,Order,2026-05-21,M6L,12344.0,arrears,,,,"May 13, 2026",False,,,,,False,text,found in operative 'It is ordered that' section; matched expected keyword for category
LTB-L-106559-25,L1,Order,2026-03-26,L6T,480.32,arrears,1808.45,pattern_2,0.27,"March 17, 2026",False,,,,,False,text,found in operative 'It is ordered that' section; matched expected keyword for category
LTB-L-106568-25,L1,Order,2026-03-05,L8M,7433.35,arrears,1499.0,pattern_1,4.96,"February 26, 2026",True,True,False,True,,True,text,found in operative 'It is ordered that' section; matched expected keyword for category
LTB-L-106583-25,L1,Order,2026-03-24,L4Y,4149.96,arrears,1977.49,pattern_1,2.1,"March 17, 2026",True,True,False,True,,True,text,found in operative 'It is ordered that' section; matched expected keyword for category
LTB-L-106591-25,L1,Order,2026-03-16,L4Y,5769.15,arrears,,,,"March 9, 2026",False,,,,,False,text,found in operative 'It is ordered that' section; matched expected keyword for category
LTB-L-106620-25,L1,Order,2026-03-06,M6E,4555.34,arrears,900.0,pattern_1,5.06,"February 26, 2026",True,True,False,True,,True,text,found in operative 'It is ordered that' section; matched expected keyword for category
LTB-L-106633-25,L1,Order,2026-03-03,L5B,7236.0,arrears,,,,"February 26, 2026",True,True,True,True,True,False,text,found in operative 'It is ordered that' section; matched expected keyword for category
LTB-L-106677-25,L1,Review Order,2026-04-30,K8V,5294.0,arrears,1500.0,pattern_1,3.53,"February 26, 2026",True,True,True,False,False,True,text,found in operative 'It is ordered that' section; matched expected keyword for category
LTB-L-106687-25,L1,ExParte Order,2026-02-25,M6K,,,,,,,False,,,,,False,text,no dollar amount found
LTB-L-106711-25,L1,Order,2026-03-23,M3N,400.0,arrears,1454.72,pattern_2,0.27,"March 17, 2026",False,,,,,False,text,found in operative 'It is ordered that' section; matched expected keyword for category
LTB-L-106716-25,L1,Order,2026-02-18,M5A,11522.98,arrears,2278.76,pattern_1,5.06,"February 4, 2026",True,True,True,True,False,False,text,found in operative 'It is ordered that' section; matched expected keyword for category
LTB-L-106730-25,L1,Order,2026-03-27,M3N,,,,,,"March 17, 2026",False,,,,,False,text,operative section found but contained only fee/rate/boilerplate amounts — likely no lump sum ordered
LTB-L-106794-25,L1,Order,2026-03-11,M4P,3413.92,arrears,1950.0,pattern_1,1.75,,False,,,,,False,text,found in operative 'It is ordered that' section; matched expected keyword for category
LTB-L-106796-25,L1,Order,2026-03-25,L6P,861.0,arrears,,,,"March 23, 2026",False,,,,,False,text,found in operative 'It is ordered that' section; matched expected keyword for category
LTB-L-106810-25,L1,Order,2026-03-06,L7G,7715.15,arrears,2770.0,pattern_1,2.79,"March 2, 2026",True,True,True,True,False,False,text,found in operative 'It is ordered that' section; matched expected keyword for category
LTB-L-106813-25,L1,Order,2026-04-21,N9C,1666.22,arrears,,,,"April 13, 2026",False,,,,,False,text,found in operative 'It is ordered that' section; matched expected keyword for category
LTB-L-106819-25,L1,Order,2026-02-27,K1N,6112.64,arrears,1388.93,pattern_2,4.4,"February 26, 2026",True,True,False,True,,True,text,found in operative 'It is ordered that' section; matched expected keyword for category
LTB-L-106820-25,L1,Order,2026-03-06,L8K,296.71,arrears,1803.78,pattern_2,0.16,"March 3, 2026",True,True,False,False,,True,text,found in operative 'It is ordered that' section; matched expected keyword for category
LTB-L-106880-25,L1,Order,2026-05-25,L9V,7850.64,arrears,1756.0,pattern_1,4.47,"March 5, 2026",True,True,True,True,False,False,text,found in operative 'It is ordered that' section; matched expected keyword for category
LTB-L-106906-25,L1,Order,2026-03-05,N3T,310.0,arrears,,,,"March 2, 2026",True,True,True,True,False,False,text,found in operative 'It is ordered that' section; matched expected keyword for category
LTB-L-106911-25,L1,ExParte Order,2026-02-27,M9W,,,,,,,False,,,,,False,text,no dollar amount found
LTB-L-106934-25,L1,Order,2026-03-03,L4T,,,,,,"February 25, 2026",True,True,True,True,False,False,text,no dollar amount found
LTB-L-106949-25,L1,Order,2026-04-02,N3T,14228.36,arrears,2045.92,pattern_1,6.95,"March 23, 2026",True,True,True,True,False,False,text,found in operative 'It is ordered that' section; matched expected keyword for category
LTB-L-106955-25,L1,Order,2026-02-25,M4Y,,,,,,"February 19, 2026",False,,,,,True,text,no dollar amount found
LTB-L-106955-25,L1,Order,2026-03-04,M4Y,,,,,,"February 19, 2026",False,,,,,True,text,no dollar amount found
LTB-L-106956-25,L1,Order,2026-03-11,L1A,1283.1,arrears,1043.76,pattern_1,1.23,"March 3, 2026",True,True,False,True,,True,text,found in operative 'It is ordered that' section; matched expected keyword for category
LTB-L-106985-25,L1,Order,2026-03-04,L1N,16186.0,arrears,,,,"March 2, 2026",False,,,,,False,text,found in operative 'It is ordered that' section; matched expected keyword for category
LTB-L-107009-25,L1,Order,2026-03-13,L5B,6806.32,arrears,2700.0,pattern_2,2.52,"March 4, 2026",True,True,False,True,,True,text,found in operative 'It is ordered that' section; matched expected keyword for category
LTB-L-107045-25,L1,Order,2026-03-11,M3A,1206.18,arrears,1572.23,pattern_1,0.77,"March 4, 2026",False,,,,,False,text,found in operative 'It is ordered that' section; matched expected keyword for category
LTB-L-107058-25,L1,ExParte Order,2026-03-10,L9B,,,,,,,False,,,,,False,ocr,no dollar amount found
LTB-L-107059-25,L1,Order,2026-03-13,M9W,6818.51,arrears,2165.13,pattern_1,3.15,"March 3, 2026",True,True,True,True,False,False,text,found in operative 'It is ordered that' section; matched expected keyword for category
LTB-L-107069-25,L1,Order,2026-03-20,L9B,2961.0,arrears,,,,"March 17, 2026",False,,,,,False,text,found in operative 'It is ordered that' section; matched expected keyword for category
LTB-L-107072-25,L1,ExParte Order,2026-02-27,L8W,,,,,,,False,,,,,False,ocr,no dollar amount found
LTB-L-107077-25,L1,ExParte Order,2026-01-14,L8G,,,,,,,False,,,,,False,text,no dollar amount found
LTB-L-107082-25,L1,ExParte Order,2026-03-05,M9V,,,,,,,False,,,,,False,text,no dollar amount found
LTB-L-107096-25,L1,ExParte Order,2026-01-26,M1J,,,,,,,False,,,,,False,text,no dollar amount found
LTB-L-107101-25,L1,Order,2026-03-23,M9N,402.37,arrears,1750.0,pattern_2,0.23,"March 10, 2026",True,True,True,True,False,False,text,found in operative 'It is ordered that' section; matched expected keyword for category
LTB-L-107122-25,L1,Order,2026-03-09,N6C,6261.0,arrears,2475.0,pattern_1,2.53,,False,,,,,False,text,found in operative 'It is ordered that' section; matched expected keyword for category
LTB-L-107128-25,L1,Order,2026-03-12,N4K,11030.98,arrears,2153.22,pattern_1,5.12,"March 3, 2026",True,True,False,True,,True,text,found in operative 'It is ordered that' section; matched expected keyword for category
LTB-L-107134-25,L1,ExParte Order,2026-03-12,M4J,1226.4,other,,,,,False,,,,,False,text,"no operative section found, or it had no dollar mentions at all; fell back to full-document search; single candidate amount, no strong keyword match"
LTB-L-107151-25,L1,Order,2026-03-09,M9A,,,,,,"March 4, 2026",True,True,True,True,False,False,text,no dollar amount found
LTB-L-107177-25,L1,Order,2026-03-12,K2P,5700.0,arrears,,,,"March 5, 2026",False,,,,,False,text,found in operative 'It is ordered that' section; matched expected keyword for category
LTB-L-107183-25,L1,Order,2026-03-10,L1J,4000.0,arrears,966.0,pattern_2,4.14,"March 3, 2026",True,True,False,False,,True,text,found in operative 'It is ordered that' section; matched expected keyword for category
LTB-L-107219-25,L1,Order,2026-03-20,N2M,1900.0,arrears,,,,,False,,,,,False,text,found in operative 'It is ordered that' section; matched expected keyword for category
LTB-L-107249-25,L1,Order,2026-03-23,L2M,,,1800.0,pattern_1,,"March 5, 2026",False,,,,,False,text,"found in operative 'It is ordered that' section; only opposite-direction amount(s) found (money flowing the other way, likely a combined hearing) — no correctly-directed amount found; largest opposite-direction figure was \$15,000.00, excluded"
LTB-L-107260-25,L1,Order,2026-03-27,P1B,13065.28,arrears,2150.0,pattern_1,6.08,"March 3, 2026",True,True,True,False,False,False,text,found in operative 'It is ordered that' section; matched expected keyword for category
LTB-L-107264-25,L1,Order,2026-03-24,K8H,16786.0,arrears,2200.0,pattern_1,7.63,"March 12, 2026",True,True,False,True,,True,text,found in operative 'It is ordered that' section; matched expected keyword for category
LTB-L-107266-25,L1,Order,2026-04-01,M6K,3842.12,arrears,1362.25,pattern_1,2.82,"March 16, 2026",True,True,True,True,False,False,text,found in operative 'It is ordered that' section; matched expected keyword for category
LTB-L-107276-25,L1,Order,2026-03-25,M9V,,,,,,"March 16, 2026",True,True,False,True,,True,text,no dollar amount found
LTB-L-107321-25,L1,Order,2026-03-23,M8V,3143.03,arrears,1008.14,pattern_1,3.12,"March 10, 2026",True,True,False,True,,True,text,found in operative 'It is ordered that' section; matched expected keyword for category
LTB-L-107345-25,L1,Order,2026-03-11,N6E,11594.1,arrears,2150.0,pattern_1,5.39,"March 4, 2026",True,True,False,False,,True,text,found in operative 'It is ordered that' section; matched expected keyword for category
LTB-L-107351-25,L1,Order,2026-03-09,N5H,3455.03,arrears,700.0,pattern_1,4.94,"March 3, 2026",True,False,False,,,True,text,found in operative 'It is ordered that' section; matched expected keyword for category
LTB-L-107355-25,L1,ExParte Order,2026-03-10,M1V,,,,,,,False,,,,,False,text,no dollar amount found
LTB-L-107379-25,L1,Order,2026-03-06,N3W,8368.16,arrears,2675.0,pattern_1,3.13,"March 4, 2026",False,,,,,False,text,found in operative 'It is ordered that' section; matched expected keyword for category
LTB-L-107410-25,L1,Amended Order,2026-03-27,L0K,9927.47,arrears,3047.0,pattern_1,3.26,"March 3, 2026",True,True,False,True,,False,text,found in operative 'It is ordered that' section; matched expected keyword for category
LTB-L-107412-25,L1,Order,2026-03-09,L5A,,,,,,"March 5, 2026",True,True,True,True,True,False,text,no dollar amount found
LTB-L-107413-25,L1,Order,2026-03-10,N5W,5279.95,arrears,2250.0,pattern_1,2.35,"March 3, 2026",True,True,True,True,False,False,text,found in operative 'It is ordered that' section; matched expected keyword for category
LTB-L-107453-25,L1,Order,2026-03-10,L3Y,,,,,,"March 3, 2026",True,True,False,False,,False,text,no dollar amount found
LTB-L-107461-25,L1,Order,2026-03-16,N0M,15986.0,arrears,,,,"March 4, 2026",True,True,True,False,False,False,text,found in operative 'It is ordered that' section; matched expected keyword for category
LTB-L-107475-25,L1,Review Order,2026-05-27,L1C,5586.0,arrears,2700.0,pattern_2,2.07,"May 21, 2026",True,True,False,True,,True,text,found in operative 'It is ordered that' section; matched expected keyword for category
LTB-L-107523-25,L1,Order,2026-03-17,N2H,16166.0,arrears,1947.5,pattern_2,8.3,,False,,,,,False,text,found in operative 'It is ordered that' section; matched expected keyword for category
LTB-L-107526-25,L1,Order,2026-01-21,L2E,1773.0,arrears,,,,"January 15, 2026",False,,,,,False,text,found in operative 'It is ordered that' section; matched expected keyword for category
LTB-L-107527-25,L1,Order,2026-04-17,N6J,5682.29,arrears,2145.37,pattern_1,2.65,"March 18, 2026",True,True,True,True,False,False,text,found in operative 'It is ordered that' section; matched expected keyword for category
LTB-L-107538-25,L1,Order,2026-03-05,L9J,,,,,,"March 3, 2026",True,True,False,True,,True,text,no dollar amount found
LTB-L-107541-25,L1,Order,2026-03-09,M6J,154.3,arrears,1060.0,pattern_2,0.15,"March 5, 2026",True,True,False,True,,True,text,found in operative 'It is ordered that' section; matched expected keyword for category
LTB-L-107547-25,L1,ExParte Order,2026-03-11,L4T,,,,,,,False,,,,,False,ocr,no dollar amount found
LTB-L-107559-25,L1,Order,2026-03-06,L6Y,2300.86,arrears,650.0,pattern_2,3.54,"March 3, 2026",True,True,False,False,,True,text,found in operative 'It is ordered that' section; matched expected keyword for category
LTB-L-107578-25,L1,Order,2026-03-12,K8N,805.71,arrears,,,,"March 3, 2026",True,True,False,True,,True,text,found in operative 'It is ordered that' section; matched expected keyword for category
LTB-L-107587-25,L1,Order,2026-03-26,L6T,18419.68,arrears,2712.6,pattern_2,6.79,"March 17, 2026",True,True,True,True,False,False,text,found in operative 'It is ordered that' section; matched expected keyword for category
LTB-L-107595-25,L1,Order,2026-03-11,M3J,4096.1,arrears,800.0,pattern_1,5.12,"March 3, 2026",True,True,False,False,,True,text,found in operative 'It is ordered that' section; matched expected keyword for category
LTB-L-107670-25,L1,Order,2026-04-21,M9V,1715.84,arrears,,,,,False,,,,,False,text,found in operative 'It is ordered that' section; matched expected keyword for category
LTB-L-107700-25,L1,Order,2026-03-13,N8H,686.0,arrears,500.0,pattern_2,1.37,"March 5, 2026",False,,,,,False,text,found in operative 'It is ordered that' section; matched expected keyword for category
LTB-L-107703-25,L1,Order,2026-02-03,K1Y,,,,,,,False,,,,,False,text,no dollar amount found
LTB-L-107714-25,L1,Order,2026-03-24,M4T,9405.77,arrears,2575.28,pattern_2,3.65,"March 17, 2026",True,True,True,True,False,False,text,found in operative 'It is ordered that' section; matched expected keyword for category
LTB-L-107734-25,L1,Order,2026-04-07,N6H,8051.0,arrears,,,,"March 2, 2026",True,True,True,False,False,False,text,found in operative 'It is ordered that' section; matched expected keyword for category
LTB-L-107746-25,L1,Order,2026-03-11,P3B,2000.0,ambiguous-max,,,,"March 3, 2026",True,True,True,False,False,False,text,"found in operative 'It is ordered that' section; multiple candidate amounts, took max — manual review advised"
LTB-L-107762-25,L1,Order,2026-03-16,M4C,11863.0,arrears,3850.0,pattern_1,3.08,"March 11, 2026",True,True,False,False,,True,text,found in operative 'It is ordered that' section; matched expected keyword for category
LTB-L-107805-25,L1,Order,2026-03-25,N9B,4451.0,arrears,,,,"March 11, 2026",False,,,,,False,text,found in operative 'It is ordered that' section; matched expected keyword for category
LTB-L-107807-25,L1,Order,2026-03-12,M9M,1800.0,arrears,,,,"March 4, 2026",False,,,,,False,text,found in operative 'It is ordered that' section; matched expected keyword for category
LTB-L-107827-25,L1,Order,2026-04-23,M6K,696.0,arrears,628.0,pattern_2,1.11,"March 18, 2026",True,True,True,True,False,False,text,found in operative 'It is ordered that' section; matched expected keyword for category
LTB-L-107846-25,L1,Order,2026-05-22,M6G,84036.0,arrears,3500.0,pattern_1,24.01,"March 17, 2026",True,False,False,,,False,text,found in operative 'It is ordered that' section; matched expected keyword for category
LTB-L-107852-25,L1,ExParte Order,2026-03-05,M9V,,,,,,,False,,,,,False,text,no dollar amount found
LTB-L-107856-25,L1,Order,2026-03-18,M9V,13998.84,arrears,,,,"March 9, 2026",True,True,True,True,True,False,text,found in operative 'It is ordered that' section; matched expected keyword for category
LTB-L-107942-25,L1,Order,2026-03-23,N0K,3237.75,arrears,1100.0,pattern_2,2.94,"March 16, 2026",True,True,False,True,,True,text,found in operative 'It is ordered that' section; matched expected keyword for category
LTB-L-107955-25,L1,Order,2026-03-25,L4N,15172.0,arrears,1900.0,pattern_1,7.99,"March 16, 2026",True,True,False,True,,True,text,found in operative 'It is ordered that' section; matched expected keyword for category
LTB-L-107992-25,L1,Order,2026-03-16,M4S,3512.82,arrears,1815.75,pattern_1,1.93,"March 11, 2026",True,True,False,True,,True,text,found in operative 'It is ordered that' section; matched expected keyword for category
LTB-L-108022-25,L1,Order,2026-03-30,L6X,20292.45,arrears,2300.0,pattern_1,8.82,"March 18, 2026",True,True,False,False,,True,text,found in operative 'It is ordered that' section; matched expected keyword for category
LTB-L-108033-25,L1,Order,2026-03-31,M6H,16974.36,arrears,1399.03,pattern_1,12.13,"March 17, 2026",True,True,True,True,False,False,text,found in operative 'It is ordered that' section; matched expected keyword for category
LTB-L-108058-25,L1,Order,2026-03-19,L1H,10380.0,arrears,,,,"March 17, 2026",False,,,,,False,text,found in operative 'It is ordered that' section; matched expected keyword for category
LTB-L-108059-25,L1,Order,2026-03-13,N7L,,,,,,"March 5, 2026",True,True,True,True,False,False,text,no dollar amount found
LTB-L-108060-25,L1,ExParte Order,2026-03-05,M9V,,,,,,,False,,,,,False,ocr,no dollar amount found
LTB-L-108061-25,L1,Order,2026-03-16,M2N,5925.31,arrears,,,,"March 4, 2026",True,True,True,False,False,False,text,found in operative 'It is ordered that' section; matched expected keyword for category
LTB-L-108084-25,L1,Order,2026-03-10,L8N,3557.55,arrears,1600.0,pattern_1,2.22,"March 5, 2026",True,True,False,True,,True,text,found in operative 'It is ordered that' section; matched expected keyword for category
LTB-L-108125-25,L1,Order,2026-03-18,M9V,6576.55,arrears,2398.95,pattern_1,2.74,"March 12, 2026",True,True,False,True,,True,text,found in operative 'It is ordered that' section; matched expected keyword for category
LTB-L-108130-25,L1,Order,2026-03-27,L6R,,,,,,"March 10, 2026",True,False,True,,False,True,text,no dollar amount found
LTB-L-108133-25,L1,Order,2026-03-24,K1V,2993.34,arrears,2305.02,pattern_1,1.3,"March 17, 2026",True,True,False,True,,True,text,found in operative 'It is ordered that' section; matched expected keyword for category
LTB-L-108139-25,L1,Order,2026-03-20,L8N,5916.23,arrears,2545.0,pattern_2,2.32,"March 11, 2026",True,True,False,True,,True,text,found in operative 'It is ordered that' section; matched expected keyword for category
LTB-L-108140-25,L1,Order,2026-03-13,K9J,6716.15,arrears,1400.0,pattern_1,4.8,"March 5, 2026",True,True,False,True,,True,text,found in operative 'It is ordered that' section; matched expected keyword for category
LTB-L-108186-25,L1,Order,2026-03-25,M1J,5000.0,arrears,,,,"March 17, 2026",False,,,,,False,text,found in operative 'It is ordered that' section; matched expected keyword for category
LTB-L-108213-25,L1,Order,2026-03-10,M1V,18186.0,arrears,3600.0,pattern_1,5.05,"March 5, 2026",True,True,False,True,,True,text,found in operative 'It is ordered that' section; matched expected keyword for category
LTB-L-108214-25,L1,Order,2026-03-24,L8H,297.4,arrears,,,,"March 23, 2026",True,True,True,True,False,False,text,found in operative 'It is ordered that' section; matched expected keyword for category
LTB-L-108218-25,L1,Order,2026-03-12,N4K,11175.32,arrears,2200.0,pattern_1,5.08,"March 4, 2026",True,True,False,True,,True,text,found in operative 'It is ordered that' section; matched expected keyword for category
LTB-L-108228-25,L1,Order,2026-03-12,L1V,1538.0,ambiguous-max,,,,"March 4, 2026",True,True,True,True,False,False,text,"found in operative 'It is ordered that' section; multiple candidate amounts, took max — manual review advised"
LTB-L-108253-25,L1,Order,2026-03-24,N5X,1471.89,arrears,860.16,pattern_2,1.71,"March 17, 2026",True,True,False,True,,True,text,found in operative 'It is ordered that' section; matched expected keyword for category
LTB-L-108261-25,L1,Order,2026-03-30,M3J,,,,,,"March 19, 2026",True,True,False,True,,True,text,no dollar amount found
LTB-L-108264-25,L1,Order,2026-03-17,K9A,15186.0,arrears,,,,,False,,,,,False,text,found in operative 'It is ordered that' section; matched expected keyword for category
LTB-L-108272-25,L1,Order,2026-04-08,P7A,,,,,,,False,,,,,False,text,no dollar amount found
LTB-L-108284-25,L1,Order,2026-04-07,K7K,384.9,arrears,,,,,False,,,,,False,text,found in operative 'It is ordered that' section; matched expected keyword for category
LTB-L-108286-25,L1,Order,2026-04-01,K9H,1508.93,arrears,923.0,pattern_2,1.63,"March 24, 2026",True,True,False,True,,True,text,found in operative 'It is ordered that' section; matched expected keyword for category
LTB-L-108287-25,L1,Order,2026-03-26,L8H,578.5,arrears,1742.5,pattern_2,0.33,"March 23, 2026",True,True,False,True,,True,text,found in operative 'It is ordered that' section; matched expected keyword for category
LTB-L-108288-25,L1,Order,2026-03-19,M9W,3295.7,arrears,1604.74,pattern_1,2.05,"March 11, 2026",True,True,False,True,,True,text,found in operative 'It is ordered that' section; matched expected keyword for category
LTB-L-108312-25,L1,Order,2026-03-09,K2K,4460.71,arrears,1960.0,pattern_1,2.28,"March 5, 2026",True,True,False,True,,True,text,found in operative 'It is ordered that' section; matched expected keyword for category
LTB-L-108314-25,L1,Order,2026-03-10,K1G,1971.42,arrears,992.62,pattern_1,1.99,"March 4, 2026",True,True,False,True,,True,text,found in operative 'It is ordered that' section; matched expected keyword for category
LTB-L-108343-25,L1,Order,2026-03-24,L6W,2070.58,arrears,,,,,False,,,,,False,text,found in operative 'It is ordered that' section; matched expected keyword for category
LTB-L-108354-25,L1,Order,2026-03-10,M6M,4667.26,arrears,1102.0,pattern_2,4.24,"March 4, 2026",True,True,False,True,,True,text,found in operative 'It is ordered that' section; matched expected keyword for category
LTB-L-108356-25,L1,Order,2026-03-11,N2K,3824.74,arrears,,,,"March 5, 2026",False,,,,,False,text,found in operative 'It is ordered that' section; matched expected keyword for category
LTB-L-108393-25,L1,Amended Order,2026-05-20,K9H,12266.0,arrears,2000.0,pattern_1,6.13,"March 4, 2026",True,True,True,False,False,False,text,found in operative 'It is ordered that' section; matched expected keyword for category
LTB-L-108427-25,L1,Order,2026-04-02,L6V,10073.67,arrears,3000.0,pattern_1,3.36,"March 9, 2026",True,True,False,False,,True,text,found in operative 'It is ordered that' section; matched expected keyword for category
LTB-L-108520-25,L1,Order,2026-05-01,L6V,5355.54,arrears,1300.0,pattern_2,4.12,"April 24, 2026",True,True,False,True,,True,text,found in operative 'It is ordered that' section; matched expected keyword for category
LTB-L-108525-25,L1,ExParte Order,2026-02-05,L8E,,,,,,,False,,,,,False,text,no dollar amount found
LTB-L-108526-25,L1,Order,2026-04-01,M3L,3334.93,arrears,1032.85,pattern_1,3.23,"March 18, 2026",True,True,False,True,,True,text,found in operative 'It is ordered that' section; matched expected keyword for category
LTB-L-108530-25,L1,Order,2026-03-20,L8K,,,,,,,True,True,False,True,,True,text,operative section found but contained only fee/rate/boilerplate amounts — likely no lump sum ordered
LTB-L-108553-25,L1,Order,2026-04-10,L6T,,,,,,,False,,,,,False,text,no dollar amount found
LTB-L-108565-25,L1,Order,2026-03-11,M9P,,,,,,"March 4, 2026",True,False,True,,False,True,text,no dollar amount found
LTB-L-108600-25,L1,Order,2026-03-13,P7C,2400.0,arrears,650.0,pattern_1,3.69,"March 4, 2026",True,True,False,False,,True,text,found in operative 'It is ordered that' section; matched expected keyword for category
LTB-L-108623-25,L1,Order,2026-03-17,L2E,6038.6,arrears,1600.0,pattern_2,3.77,"March 9, 2026",True,True,False,False,,True,text,found in operative 'It is ordered that' section; matched expected keyword for category
LTB-L-108632-25,L1,Order,2026-04-07,L6L,30126.0,arrears,,,,,False,,,,,False,text,found in operative 'It is ordered that' section; matched expected keyword for category
LTB-L-108643-25,L1,Order,2026-04-07,M1W,9800.0,arrears,700.0,pattern_1,14.0,"March 24, 2026",True,True,False,False,,True,text,found in operative 'It is ordered that' section; matched expected keyword for category
LTB-L-108646-25,L1,Order,2026-03-11,M2N,16233.89,arrears,2000.0,pattern_1,8.12,"March 9, 2026",True,True,True,True,True,False,text,found in operative 'It is ordered that' section; matched expected keyword for category
LTB-L-108668-25,L1,Order,2026-03-12,L8V,8013.18,arrears,2400.0,pattern_1,3.34,"March 9, 2026",True,True,True,True,False,False,text,found in operative 'It is ordered that' section; matched expected keyword for category
LTB-L-108679-25,L1,Order,2026-03-13,P6B,1364.25,arrears,,,,"March 11, 2026",False,,,,,False,text,found in operative 'It is ordered that' section; matched expected keyword for category
LTB-L-108683-25,L1,Order,2026-03-10,M3J,2586.0,arrears,,,,"March 5, 2025",False,,,,,False,text,found in operative 'It is ordered that' section; matched expected keyword for category
LTB-L-108692-25,L1,Order,2026-03-30,L6K,5074.65,arrears,2050.0,pattern_2,2.48,"March 19, 2026",True,True,False,True,,True,text,found in operative 'It is ordered that' section; matched expected keyword for category
LTB-L-108715-25,L1,Order,2026-04-08,L3Z,4000.0,arrears,,,,"March 18, 2026",True,True,True,True,True,False,text,found in operative 'It is ordered that' section; matched expected keyword for category
LTB-L-108763-25,L1,Order,2026-02-24,L6V,3946.16,arrears,1352.82,pattern_1,2.92,"February 18, 2026",True,True,True,True,False,False,text,found in operative 'It is ordered that' section; matched expected keyword for category
LTB-L-108774-25,L1,ExParte Order,2026-03-05,L1G,,,,,,,False,,,,,False,ocr,no dollar amount found
LTB-L-108786-25,L1,Order,2026-04-01,N1R,,,,,,"March 24, 2026",True,True,True,False,False,False,text,no dollar amount found
LTB-L-108816-25,L1,Order,2026-03-18,L3V,,,,,,"March 10, 2026",True,True,False,True,,True,text,no dollar amount found
LTB-L-108824-25,L1,Order,2026-03-03,L1H,,,,,,"February 19, 2026",True,False,True,,False,True,text,no dollar amount found
LTB-L-108877-25,L1,Order,2026-03-12,L4J,,,,,,"March 5, 2026",False,,,,,True,text,no dollar amount found
LTB-L-108881-25,L1,Order,2026-03-30,L9Z,3186.0,arrears,,,,"March 23, 2026",True,True,True,False,False,False,text,found in operative 'It is ordered that' section; matched expected keyword for category
LTB-L-108887-25,L1,Order,2026-03-12,L8V,33073.65,arrears,,,,,False,,,,,False,text,found in operative 'It is ordered that' section; matched expected keyword for category
LTB-L-108925-25,L1,Order,2026-03-25,L8P,6061.0,arrears,,,,"March 19, 2026",False,,,,,False,text,found in operative 'It is ordered that' section; matched expected keyword for category
LTB-L-108954-25,L1,Order,2026-03-24,L1H,4040.0,arrears,,,,,False,,,,,False,text,"no operative section found, or it had no dollar mentions at all; fell back to full-document search; matched expected keyword for category"
LTB-L-108961-25,L1,Order,2026-03-23,M6A,4861.41,arrears,1151.81,pattern_2,4.22,,False,,,,,False,text,found in operative 'It is ordered that' section; matched expected keyword for category
LTB-L-108976-25,L1,Order,2026-03-25,M3M,2218.94,arrears,2016.47,pattern_1,1.1,"March 12, 2026",True,True,False,True,,True,text,found in operative 'It is ordered that' section; matched expected keyword for category
LTB-L-109003-25,L1,Order,2026-03-24,K1G,1465.27,arrears,1477.5,pattern_2,0.99,"March 10, 2026",True,True,False,True,,True,text,found in operative 'It is ordered that' section; matched expected keyword for category
LTB-L-109037-25,L1,Order,2026-03-12,L9M,6261.0,arrears,1225.0,pattern_2,5.11,"March 9, 2026",True,True,True,False,False,False,text,found in operative 'It is ordered that' section; matched expected keyword for category
LTB-L-109061-25,L1,Order,2026-03-30,M4X,,,,,,,True,True,False,True,,True,text,operative section found but contained only fee/rate/boilerplate amounts — likely no lump sum ordered
LTB-L-109085-25,L1,Order,2026-04-01,L3V,13236.67,arrears,1800.0,pattern_1,7.35,"March 19, 2026",True,True,False,True,,True,text,found in operative 'It is ordered that' section; matched expected keyword for category
LTB-L-109101-25,L1,Order,2026-03-09,K7L,,,,,,"March 2, 2026",False,,,,,True,text,no dollar amount found
LTB-L-109113-25,L1,ExParte Order,2026-02-27,M9B,,,,,,,False,,,,,False,text,no dollar amount found
LTB-L-109114-25,L1,Order,2026-03-24,K7S,,,,,,"March 16, 2026",False,,,,,True,text,no dollar amount found
LTB-L-109117-25,L1,Order,2026-02-05,N9B,,,,,,"January 29, 2026",True,False,True,,False,True,text,no dollar amount found
LTB-L-109132-25,L1,Order,2026-03-09,L6V,576.48,arrears,,,,"March 02, 2026",False,,,,,False,text,found in operative 'It is ordered that' section; matched expected keyword for category
LTB-L-109139-25,L1,Order,2026-03-06,M9V,5196.26,arrears,1479.12,pattern_1,3.51,"March 5, 2026",True,True,True,True,True,False,text,found in operative 'It is ordered that' section; matched expected keyword for category
LTB-L-109146-25,L1,Order,2026-03-18,N7M,,,,,,"March 11, 2026",True,True,False,True,,True,text,no dollar amount found
LTB-L-109165-25,L1,Order,2026-03-18,M3H,11186.0,arrears,,,,"March 11, 2026",True,False,True,,False,False,text,found in operative 'It is ordered that' section; matched expected keyword for category
LTB-L-109169-25,L1,Order,2026-01-30,M3A,6586.0,arrears,3200.0,pattern_2,2.06,,False,,,,,False,text,found in operative 'It is ordered that' section; matched expected keyword for category
LTB-L-109172-25,L1,Order,2026-04-07,M1V,,,,,,"March 26, 2026",True,True,True,True,False,False,text,no dollar amount found
LTB-L-109186-25,L1,ExParte Order,2026-03-13,M1P,,,,,,,False,,,,,False,ocr,no dollar amount found
LTB-L-109192-25,L1,ExParte Order,2026-01-09,K7N,3661.0,arrears,,,,,False,,,,,False,text,found in operative 'It is ordered that' section; matched expected keyword for category
LTB-L-109215-25,L1,Order,2026-03-25,L0M,23422.62,arrears,,,,,False,,,,,False,text,found in operative 'It is ordered that' section; matched expected keyword for category
LTB-L-109222-25,L1,Order,2026-03-30,L0K,17686.0,arrears,2500.0,pattern_1,7.07,"March 16, 2026",True,True,True,True,False,False,text,found in operative 'It is ordered that' section; matched expected keyword for category
LTB-L-109244-25,L1,Order,2026-03-24,M4Y,,,,,,"March 19, 2026",True,True,False,True,,True,text,no dollar amount found
LTB-L-109262-25,L1,Order,2026-03-16,M1P,186.0,arrears,,,,"March 11, 2026",False,,,,,False,text,found in operative 'It is ordered that' section; matched expected keyword for category
LTB-L-109269-25,L1,Order,2026-03-27,L4N,7591.24,arrears,,,,"March 17, 2026",False,,,,,False,text,found in operative 'It is ordered that' section; matched expected keyword for category
LTB-L-109276-25,L1,Order,2026-03-18,L5K,2167.55,arrears,,,,"March 9, 2026",False,,,,,False,text,found in operative 'It is ordered that' section; matched expected keyword for category
LTB-L-109308-25,L1,Review Order,2026-05-21,L8N,3531.95,arrears,1658.49,pattern_1,2.13,"May 12, 2026",True,True,True,True,False,False,text,found in operative 'It is ordered that' section; matched expected keyword for category
LTB-L-109313-25,L1,Order,2026-03-24,M9M,6386.0,arrears,3100.0,pattern_1,2.06,"March 10, 2026",True,True,False,True,,True,text,found in operative 'It is ordered that' section; matched expected keyword for category
LTB-L-109324-25,L1,Order,2026-03-17,L6R,14531.18,arrears,1750.0,pattern_2,8.3,"March 9, 2026",True,True,False,True,,True,text,found in operative 'It is ordered that' section; matched expected keyword for category
LTB-L-109326-25,L1,Order,2026-03-18,N8X,3243.34,arrears,1127.5,pattern_1,2.88,"March 11, 2026",True,True,False,True,,True,text,found in operative 'It is ordered that' section; matched expected keyword for category
LTB-L-109353-25,L1,Order,2026-03-24,L9J,11088.0,arrears,1817.0,pattern_1,6.1,"March 10, 2026",True,True,False,True,,True,text,found in operative 'It is ordered that' section; matched expected keyword for category
LTB-L-109400-25,L1,Order,2026-03-13,M9M,11826.0,arrears,2240.0,pattern_1,5.28,"March 10, 2026",True,True,True,True,False,False,text,found in operative 'It is ordered that' section; matched expected keyword for category
LTB-L-109407-25,L1,ExParte Order,2026-03-02,M3N,,,,,,,False,,,,,False,text,no dollar amount found
LTB-L-109436-25,L1,Order,2026-04-01,L1H,12716.0,arrears,2500.0,pattern_1,5.09,"March 12, 2026",True,True,True,True,False,False,text,found in operative 'It is ordered that' section; matched expected keyword for category
LTB-L-109509-25,L1,ExParte Order,2026-02-27,N1G,,,,,,,False,,,,,False,ocr,no dollar amount found
LTB-L-109529-25,L1,Order,2026-04-10,N5Y,2960.45,arrears,1378.62,pattern_2,2.15,"April 8, 2026",True,True,False,True,,True,text,found in operative 'It is ordered that' section; matched expected keyword for category
LTB-L-109542-25,L1,Order,2026-03-16,M9C,199.34,arrears,1852.67,pattern_1,0.11,"March 10, 2026",True,True,False,True,,True,text,found in operative 'It is ordered that' section; matched expected keyword for category
LTB-L-109583-25,L1,Order,2026-04-07,N3T,1164.58,arrears,1998.75,pattern_2,0.58,"March 18, 2026",True,True,False,True,,True,text,found in operative 'It is ordered that' section; matched expected keyword for category
LTB-L-109603-25,L1,Order,2026-03-24,L2J,5107.7,arrears,351.55,pattern_2,14.53,"March 11, 2026",True,True,False,True,,True,text,found in operative 'It is ordered that' section; matched expected keyword for category
LTB-L-000049-26,L2,Order,2026-03-27,M1R,,,1400.0,pattern_1,,"March 17, 2026",True,True,False,False,,False,text,operative section found but contained only fee/rate/boilerplate amounts — likely no lump sum ordered
LTB-L-000154-26,L2,Order,2026-02-17,M2R,,,,,,"February 9, 2026",False,,,,,False,text,no dollar amount found
LTB-L-000156-26,L2,Order,2026-02-11,M3N,,,,,,"February 9, 2026",False,,,,,False,text,operative section found but contained only fee/rate/boilerplate amounts — likely no lump sum ordered
LTB-L-000192-26,L2,Order,2026-03-23,M2N,200.0,other,1830.71,pattern_1,0.11,,True,True,True,False,False,False,text,"found in operative 'It is ordered that' section; single candidate amount, no strong keyword match"
LTB-L-000193-26,L2,Order,2026-04-14,N0E,,,,,,"April 7, 2026",True,True,True,True,False,False,text,no dollar amount found
LTB-L-000219-23,L2,Order,2026-02-13,L5B,,,,,,"February 10, 2026",False,,,,,True,text,no dollar amount found
LTB-L-000298-26,L2,Order,2026-05-21,N8M,484.58,arrears,,,,"March 24, 2026",True,True,True,True,False,False,text,found in operative 'It is ordered that' section; matched expected keyword for category
LTB-L-000315-26,L2,Order,2026-03-26,N0B,,,,,,"March 18, 2026",True,True,True,False,False,False,text,no dollar amount found
LTB-L-000644-26,L2,Order,2026-03-31,N2M,,,,,,"March 24, 2026",True,True,True,True,True,False,text,no dollar amount found
LTB-L-000700-26,L2,Order,2026-02-12,L3V,1565.02,arrears,1400.0,pattern_1,1.12,,True,True,False,True,,True,text,found in operative 'It is ordered that' section; matched expected keyword for category
LTB-L-000700-26,L2,Amended Order,2026-03-09,L3V,1565.02,arrears,1400.0,pattern_1,1.12,,True,True,False,True,,True,text,found in operative 'It is ordered that' section; matched expected keyword for category
LTB-L-000746-26,L2,Order,2026-04-22,M6B,93.0,other,,,,"April 16, 2026",True,True,True,True,False,False,text,"found in operative 'It is ordered that' section; single candidate amount, no strong keyword match"
LTB-L-000762-26,L2,Order,2026-04-13,L3C,,,,,,"April 09, 2026",False,,,,,False,text,operative section found but contained only fee/rate/boilerplate amounts — likely no lump sum ordered
LTB-L-000778-26,L2,Order,2026-03-19,L8S,,,,,,"February 11, 2026",True,True,False,True,,True,text,operative section found but contained only fee/rate/boilerplate amounts — likely no lump sum ordered
LTB-L-001183-26,L2,Order,2026-02-24,M3B,,,,,,"February 11, 2026",True,True,True,True,True,False,text,operative section found but contained only fee/rate/boilerplate amounts — likely no lump sum ordered
LTB-L-001286-24,L2,Order,2026-02-04,N7T,,,,,,"February 3, 2026",True,True,False,True,,False,text,no dollar amount found
LTB-L-001357-26,L2,Order,2026-04-23,L4S,,,,,,"April 13, 2026",False,,,,,False,text,"found in operative 'It is ordered that' section; only opposite-direction amount(s) found (money flowing the other way, likely a combined hearing) — no correctly-directed amount found; largest opposite-direction figure was \$389.26, excluded"
LTB-L-001378-26,L2,Order,2026-04-02,L8E,,,,,,"March 19, 2026",True,True,True,True,True,False,text,no dollar amount found
LTB-L-001486-26,L2,Order,2026-04-01,N5Z,,,,,,"March 24, 2026",True,True,True,True,False,False,text,no dollar amount found
LTB-L-001519-26,L2,Order,2026-04-01,L9T,9000.0,ambiguous-max,,,,"March 24, 2026",True,False,True,,False,False,text,"found in operative 'It is ordered that' section; multiple candidate amounts, took max — manual review advised"
LTB-L-001549-26,L2,Order,2026-04-24,P7C,,,,,,"March 24, 2026",True,True,False,False,,True,text,no dollar amount found
LTB-L-001593-26,L2,Order,2026-03-03,K9J,,,,,,,True,True,True,True,False,False,text,operative section found but contained only fee/rate/boilerplate amounts — likely no lump sum ordered
LTB-L-001789-25,L2,Order,2026-03-13,K9K,,,,,,"May 26, 2025",True,False,False,,,False,text,no dollar amount found
LTB-L-002377-26,L2,Order,2026-04-30,L9R,,,,,,"April 20, 2026",True,True,True,True,True,False,text,no dollar amount found
LTB-L-002457-26,L2,Order,2026-04-02,N5P,,,650.0,pattern_1,,"March 24, 2026",False,,,,,False,text,operative section found but contained only fee/rate/boilerplate amounts — likely no lump sum ordered
LTB-L-002473-26,L2,Order,2026-04-28,N3H,,,,,,"April 20, 2026",True,True,False,True,,True,text,no dollar amount found
LTB-L-002483-26,L2,Order,2026-05-26,K0E,,,,,,"March 24, 2026",True,False,False,,,False,text,no dollar amount found
LTB-L-002618-26,L2,Order,2026-05-14,M6K,18797.6,ambiguous-max,,,,"May 11, 2026",True,True,True,True,True,False,text,"found in operative 'It is ordered that' section; multiple candidate amounts, took max — manual review advised"
LTB-L-002790-26,L2,Order,2026-03-06,L9T,,,,,,"February 18, 2026",True,True,True,True,False,False,text,operative section found but contained only fee/rate/boilerplate amounts — likely no lump sum ordered
LTB-L-002928-26,L2,Order,2026-04-09,L6Y,2650.0,stated_total,,,,"April 7, 2026",True,True,True,False,False,False,text,"no operative section found, or it had no dollar mentions at all; fell back to full-document search; explicit stated-total phrasing (""...is \$X"")"
LTB-L-003012-26,L2,Order,2026-04-27,N4S,50.0,ambiguous-max,,,,"April 20, 2026",True,True,True,False,False,False,text,"found in operative 'It is ordered that' section; multiple candidate amounts, took max — manual review advised"
LTB-L-003201-26,L2,Order,2026-04-07,P1B,640.0,arrears,,,,"March 31, 2026",True,True,True,True,True,False,text,"no operative section found, or it had no dollar mentions at all; fell back to full-document search; matched expected keyword for category"
LTB-L-003213-26,L2,Order,2026-05-05,M5B,1051.27,stated_total,560.0,pattern_1,1.88,"March 3, 2026",True,True,True,True,False,False,text,"found in operative 'It is ordered that' section; explicit stated-total phrasing (""...is \$X"")"
LTB-L-003355-26,L2,Order,2026-03-04,P7E,,,,,,"February 18, 2026",True,False,True,,False,True,text,no dollar amount found
LTB-L-003359-26,L2,Order,2026-03-26,L6V,,,740.0,pattern_1,,"March 12, 2026",True,True,True,False,False,False,text,operative section found but contained only fee/rate/boilerplate amounts — likely no lump sum ordered
LTB-L-003687-26,L2,Order,2026-04-09,P7E,,,,,,"March 31, 2026",True,True,False,True,,True,text,operative section found but contained only fee/rate/boilerplate amounts — likely no lump sum ordered
LTB-L-003729-26,L2,Order,2026-03-20,L8S,,,,,,"March 10, 2026",True,True,False,True,,True,text,operative section found but contained only fee/rate/boilerplate amounts — likely no lump sum ordered
LTB-L-003828-26,L2,Order,2026-03-05,M3C,,,,,,,False,,,,,False,text,no dollar amount found
LTB-L-003864-26,L2,Order,2026-05-05,L7C,5288.47,other,,,,"April 27, 2026",True,True,True,True,False,False,text,"found in operative 'It is ordered that' section; single candidate amount, no strong keyword match"
LTB-L-003872-26,L2,Order,2026-04-27,M2N,13199.86,arrears,2750.0,pattern_1,4.8,"April 21, 2026",False,,,,,False,text,found in operative 'It is ordered that' section; matched expected keyword for category
LTB-L-003968-26,L2,Order,2026-03-05,M2N,,,,,,"March 2, 2026",True,False,True,,True,False,text,no dollar amount found
LTB-L-004145-26,L2,Order,2026-04-08,L8H,,,1191.0,pattern_1,,,False,,,,,False,text,"found in operative 'It is ordered that' section; only opposite-direction amount(s) found (money flowing the other way, likely a combined hearing) — no correctly-directed amount found; largest opposite-direction figure was \$1,191.00, excluded"
LTB-L-004189-26,L2,Order,2026-03-06,P3C,,,,,,"March 2, 2026",True,True,True,False,False,False,text,no dollar amount found
LTB-L-004266-26,L2,Order,2026-05-06,M6H,,,1915.0,pattern_1,,"April 27, 2026",True,True,False,False,,True,text,operative section found but contained only fee/rate/boilerplate amounts — likely no lump sum ordered
LTB-L-004297-26,L2,Order,2026-04-23,N9C,,,,,,"April 15, 2026",True,True,True,True,False,False,text,no dollar amount found
LTB-L-004438-26,L2,Order,2026-05-21,M5R,3471.0,ambiguous-max,,,,"May 7, 2026",True,True,True,True,False,False,text,"no operative section found, or it had no dollar mentions at all; fell back to full-document search; multiple candidate amounts, took max — manual review advised"
LTB-L-004474-26,L2,Order,2026-04-14,M4K,861.5,stated_total,,,,"March 10, 2026",True,True,False,False,,True,text,"no operative section found, or it had no dollar mentions at all; fell back to full-document search; explicit stated-total phrasing (""...is \$X"")"
LTB-L-004477-26,L2,Order,2026-05-07,N7S,,,,,,"April 23, 2026",False,,,,,False,text,no dollar amount found
LTB-L-004561-26,L2,Order,2026-05-11,K0A,366.55,arrears,,,,,False,,,,,False,text,found in operative 'It is ordered that' section; matched expected keyword for category
LTB-L-004641-26,L2,Order,2026-05-15,N2M,,,1113.15,pattern_1,,"April 23, 2026",True,True,False,True,,True,text,operative section found but contained only fee/rate/boilerplate amounts — likely no lump sum ordered
LTB-L-004697-26,L2,Order,2026-03-05,P1B,,,,,,"March 2, 2026",True,False,True,,False,True,text,no dollar amount found
LTB-L-004719-26,L2,Order,2026-05-29,N2P,,,,,,"April 22, 2026",True,True,True,False,False,False,text,operative section found but contained only fee/rate/boilerplate amounts — likely no lump sum ordered
LTB-L-004804-26,L2,Order,2026-03-24,L1X,,,,,,"March 10, 2026",False,,,,,True,text,no dollar amount found
LTB-L-004939-26,L2,Order,2026-03-06,L9R,,,,,,"March 2, 2026",True,True,False,True,,True,text,no dollar amount found
LTB-L-004972-26,L2,Order,2026-03-17,P3P,890.14,stated_total,,,,,False,,,,,False,text,"no operative section found, or it had no dollar mentions at all; fell back to full-document search; explicit stated-total phrasing (""...is \$X"")"
LTB-L-004982-26,L2,Order,2026-05-20,M1L,,,,,,"May 13, 2026",True,True,True,True,True,False,text,operative section found but contained only fee/rate/boilerplate amounts — likely no lump sum ordered
LTB-L-004990-26,L2,Order,2026-03-20,M3C,,,1631.66,pattern_1,,"March 10, 2026",True,True,False,True,,True,text,operative section found but contained only fee/rate/boilerplate amounts — likely no lump sum ordered
LTB-L-005019-26,L2,Order,2026-03-27,N3T,1269.94,other,1230.0,pattern_1,1.03,"March 11, 2026",True,True,True,True,False,False,text,"found in operative 'It is ordered that' section; single candidate amount, no strong keyword match"
LTB-L-005121-26,L2,Order,2026-03-16,N1G,,,,,,"March 11, 2026",False,,,,,False,text,"found in operative 'It is ordered that' section; only opposite-direction amount(s) found (money flowing the other way, likely a combined hearing) — no correctly-directed amount found; largest opposite-direction figure was \$2,768.00, excluded"
LTB-L-005196-26,L2,Order,2026-05-06,N0L,,,,,,"April 27, 2026",True,True,False,True,,True,text,no dollar amount found
LTB-L-005264-26,L2,Order,2026-05-26,M6G,678.0,arrears,,,,"May 5, 2026",True,True,True,True,False,False,text,found in operative 'It is ordered that' section; matched expected keyword for category
LTB-L-005455-26,L2,Order,2026-05-21,N2K,,,2700.0,pattern_1,,"March 3, 2026",True,True,True,True,False,False,text,operative section found but contained only fee/rate/boilerplate amounts — likely no lump sum ordered
LTB-L-005476-26,L2,Order,2026-03-11,M6A,,,,,,"February 19, 2026",True,True,True,True,False,False,text,operative section found but contained only fee/rate/boilerplate amounts — likely no lump sum ordered
LTB-L-005633-26,L2,Order,2026-05-12,K2G,,,,,,"April 28, 2026",False,,,,,False,text,operative section found but contained only fee/rate/boilerplate amounts — likely no lump sum ordered
LTB-L-005935-26,L2,Order,2026-04-08,K7L,,,,,,,False,,,,,False,text,no dollar amount found
LTB-L-006026-26,L2,Order,2026-05-06,N7T,,,,,,,True,True,True,True,True,False,text,no dollar amount found
LTB-L-006269-26,L2,Order,2026-04-24,L4B,14205.0,other,,,,"April 20, 2026",True,True,True,True,False,False,text,"no operative section found, or it had no dollar mentions at all; fell back to full-document search; single candidate amount, no strong keyword match"
LTB-L-006289-26,L2,Order,2026-04-10,L8V,,,1709.0,pattern_2,,"April 7, 2026",False,,,,,False,text,operative section found but contained only fee/rate/boilerplate amounts — likely no lump sum ordered
LTB-L-006428-26,L2,Order,2026-05-29,K8A,1100.0,other,,,,,False,,,,,False,text,"found in operative 'It is ordered that' section; single candidate amount, no strong keyword match"
LTB-L-006527-26,L2,Order,2026-05-07,M9W,7663.87,stated_total,1427.0,pattern_1,5.37,"March 24, 2026",True,True,False,True,,True,text,"found in operative 'It is ordered that' section; explicit stated-total phrasing (""...is \$X"")"
LTB-L-006615-26,L2,Order,2026-04-15,K1S,,,,,,"April 8, 2026",True,True,False,False,,True,text,no dollar amount found
LTB-L-006772-26,L2,Order,2026-04-27,L8P,,,,,,"April 21, 2026",True,True,True,False,False,False,text,no dollar amount found
LTB-L-006780-26,L2,Order,2026-04-24,K6J,,,,,,"April 13, 2026",False,,,,,False,text,operative section found but contained only fee/rate/boilerplate amounts — likely no lump sum ordered
LTB-L-006856-26,L2,Order,2026-05-25,M8Z,2256.02,ambiguous-max,,,,"April 23, 2026",True,True,True,False,False,False,text,"no operative section found, or it had no dollar mentions at all; fell back to full-document search; multiple candidate amounts, took max — manual review advised"
LTB-L-006918-24,L2,Order,2026-04-02,M2N,,,,,,"March 25, 2026",True,True,True,True,True,False,text,no dollar amount found
LTB-L-006994-26,L2,Order,2026-05-12,P3B,,,,,,"May 6, 2026",True,False,True,,False,True,text,no dollar amount found
LTB-L-007008-26,L2,Order,2026-04-16,K6H,,,,,,"April 8, 2026",False,,,,,True,text,no dollar amount found
LTB-L-007095-26,L2,Order,2026-05-06,N9Y,,,,,,"April 28, 2026",True,True,True,True,False,False,text,no dollar amount found
LTB-L-007225-26,L2,Order,2026-05-13,P1B,,,,,,"May 11, 2026",False,,,,,False,text,no dollar amount found
LTB-L-007264-26,L2,Order,2026-02-24,M4K,,,2650.0,pattern_1,,"February 18, 2026",True,True,False,True,,True,text,operative section found but contained only fee/rate/boilerplate amounts — likely no lump sum ordered
LTB-L-007522-26,L2,Order,2026-04-27,M2R,,,,,,"April 21, 2026",True,True,True,True,False,False,text,operative section found but contained only fee/rate/boilerplate amounts — likely no lump sum ordered
LTB-L-007912-26,L2,Order,2026-05-25,L8P,,,,,,"April 20, 2026",True,True,False,True,,True,text,no dollar amount found
LTB-L-007938-26,L2,Order,2026-04-30,K6H,,,828.24,pattern_1,,"April 14, 2026",True,True,True,True,False,False,text,operative section found but contained only fee/rate/boilerplate amounts — likely no lump sum ordered
LTB-L-007996-26,L2,Order,2026-05-13,N8Y,1293.84,stated_total,351.0,pattern_1,3.69,"May 11, 2026",True,True,False,True,,True,text,"found in operative 'It is ordered that' section; explicit stated-total phrasing (""...is \$X"")"
LTB-L-008019-26,L2,Order,2026-05-15,N5Y,,,,,,"May 12, 2026",False,,,,,False,text,operative section found but contained only fee/rate/boilerplate amounts — likely no lump sum ordered
LTB-L-008156-26,L2,Order,2026-05-13,M6P,,,,,,"May 7, 2026",False,,,,,False,text,no dollar amount found
LTB-L-008176-26,L2,Order,2026-04-22,K9H,5000.0,other,,,,"April 16, 2026",True,True,True,True,False,False,text,"found in operative 'It is ordered that' section; single candidate amount, no strong keyword match"
LTB-L-008419-26,L2,Order,2026-05-15,L3C,,,,,,"May 13, 2026",False,,,,,True,text,no dollar amount found
LTB-L-008533-26,L2,Order,2026-04-14,L5R,2975.45,ambiguous-max,,,,,False,,,,,False,text,"found in operative 'It is ordered that' section; multiple candidate amounts, took max — manual review advised"
LTB-L-008591-26,L2,Order,2026-04-27,L6X,,,,,,"May 13, 2025",False,,,,,False,text,no dollar amount found
LTB-L-008603-26,L2,Order,2026-02-24,N5Y,,,,,,"February 18, 2026",True,True,True,True,False,False,text,operative section found but contained only fee/rate/boilerplate amounts — likely no lump sum ordered
LTB-L-008652-26,L2,Order,2026-05-04,M4Y,,,,,,"April 28, 2026",True,True,True,True,False,False,text,operative section found but contained only fee/rate/boilerplate amounts — likely no lump sum ordered
LTB-L-008706-24,L2,Order,2026-05-12,N7T,,,,,,"August 28, 2024",True,True,False,True,,False,text,no dollar amount found
LTB-L-008810-26,L2,Order,2026-03-27,L4M,,,,,,"March 11, 2026",True,True,True,True,False,False,text,no dollar amount found
LTB-L-008904-26,L2,Order,2026-03-17,M1W,,,,,,"March 11, 2026",False,,,,,False,text,only fee/rate/boilerplate amounts found
LTB-L-008922-26,L2,ExParte Order,2026-05-25,N5W,,,,,,,False,,,,,False,text,no dollar amount found
LTB-L-009087-26,L2,Order,2026-03-19,L5A,,,,,,"March 10, 2026",True,True,True,True,False,False,text,operative section found but contained only fee/rate/boilerplate amounts — likely no lump sum ordered
LTB-L-009103-26,L2,Order,2026-04-07,M4N,,,,,,"March 26, 2026",True,True,True,True,True,False,text,operative section found but contained only fee/rate/boilerplate amounts — likely no lump sum ordered
LTB-L-009121-26,L2,Order,2026-05-11,L4J,601.63,stated_total,3050.0,pattern_1,0.2,"April 20, 2026",True,True,True,True,False,False,text,"found in operative 'It is ordered that' section; explicit stated-total phrasing (""...is \$X"")"
LTB-L-009283-26,L2,Order,2026-04-07,L6V,,,,,,"March 26, 2026",True,True,True,True,False,False,text,no dollar amount found
LTB-L-009368-26,L2,Order,2026-03-19,N2V,,,,,,"March 11, 2026",True,True,True,False,False,False,text,no dollar amount found
LTB-L-009462-26,L2,Order,2026-04-07,L6X,,,,,,"March 26, 2026",True,True,True,False,False,False,text,no dollar amount found
LTB-L-009598-26,L2,Order,2026-04-30,L1G,186.0,stated_total,3004.57,pattern_1,0.06,"April 22, 2026",True,True,False,False,,True,text,"found in operative 'It is ordered that' section; explicit stated-total phrasing (""...is \$X"")"
LTB-L-009615-25,L2,Order,2026-02-18,K0J,,,,,,"January 27, 2026",True,True,True,True,False,False,text,no dollar amount found
LTB-L-009618-26,L2,Order,2026-04-30,L4B,652.75,ambiguous-max,,,,"April 22, 2026",True,True,True,False,False,False,text,"found in operative 'It is ordered that' section; multiple candidate amounts, took max — manual review advised"
LTB-L-009658-26,L2,Order,2026-05-28,M1E,,,,,,"May 5, 2026",True,False,False,,,False,text,operative section found but contained only fee/rate/boilerplate amounts — likely no lump sum ordered
LTB-L-009673-26,L2,Order,2026-05-26,L8P,,,,,,"May 5, 2026",False,,,,,True,text,no dollar amount found
LTB-L-009674-26,L2,Order,2026-05-12,P7E,,,1029.86,pattern_1,,"May 4, 2026",True,True,True,True,False,False,text,operative section found but contained only fee/rate/boilerplate amounts — likely no lump sum ordered
LTB-L-009733-26,L2,Order,2026-05-19,K0K,36.0,ambiguous-max,,,,,False,,,,,False,text,"no operative section found, or it had no dollar mentions at all; fell back to full-document search; multiple candidate amounts, took max — manual review advised"
LTB-L-009755-24,L2,Order,2026-02-05,N3T,2344.3,stated_total,,,,"October 24, 2025",True,True,True,False,False,False,text,"found in operative 'It is ordered that' section; explicit stated-total phrasing (""...is \$X"")"
LTB-L-009917-26,L2,Order,2026-05-28,L9Z,,,,,,"May 5, 2026",True,True,False,False,,True,text,no dollar amount found
LTB-L-010022-26,L2,Order,2026-03-17,M8V,,,,,,,False,,,,,False,text,operative section found but contained only fee/rate/boilerplate amounts — likely no lump sum ordered
LTB-L-010069-26,L2,Order,2026-05-22,L6T,,,,,,"May 14, 2026",True,True,False,True,,True,text,operative section found but contained only fee/rate/boilerplate amounts — likely no lump sum ordered
LTB-L-010141-26,L2,Order,2026-04-20,L6C,,,,,,"April 16, 2026",True,True,True,True,True,False,text,operative section found but contained only fee/rate/boilerplate amounts — likely no lump sum ordered
LTB-L-010156-26,L2,Order,2026-05-13,K9H,,,,,,"March 12, 2026",True,True,True,True,False,False,text,operative section found but contained only fee/rate/boilerplate amounts — likely no lump sum ordered
LTB-L-010189-26,L2,Order,2026-05-22,L1R,6182.78,arrears,,,,,False,,,,,False,text,found in operative 'It is ordered that' section; matched expected keyword for category
LTB-L-010282-26,L2,Order,2026-03-16,L8G,,,,,,,False,,,,,False,text,operative section found but contained only fee/rate/boilerplate amounts — likely no lump sum ordered
LTB-L-010599-26,L2,Order,2026-04-24,L9S,,,1429.4,pattern_1,,"April 22, 2026",False,,,,,False,text,operative section found but contained only fee/rate/boilerplate amounts — likely no lump sum ordered
LTB-L-010663-26,L2,Order,2026-05-12,M9L,1800.0,ambiguous-max,,,,"April 23, 2026",True,True,False,False,,True,text,"no operative section found, or it had no dollar mentions at all; fell back to full-document search; multiple candidate amounts, took max — manual review advised"
LTB-L-010674-26,L2,Order,2026-04-28,M1N,,,,,,"April 23, 2026",True,False,False,,,True,text,no dollar amount found
LTB-L-010983-24,L2,Order,2026-01-27,N2B,,,,,,"January 23, 2026",False,,,,,True,text,no dollar amount found
LTB-L-010990-26,L2,Order,2026-05-01,L1J,,,,,,"April 27, 2026",True,True,True,True,False,False,text,no dollar amount found
LTB-L-011079-26,L2,Order,2026-05-07,M5R,186.0,stated_total,1411.3,pattern_1,0.13,"April 27, 2026",True,True,True,True,False,False,text,"found in operative 'It is ordered that' section; explicit stated-total phrasing (""...is \$X"")"
LTB-L-011084-26,L2,Order,2026-05-05,N9A,,,1748.0,pattern_1,,"April 27, 2026",True,True,False,True,,True,text,operative section found but contained only fee/rate/boilerplate amounts — likely no lump sum ordered
LTB-L-011088-26,L2,Order,2026-05-07,M6K,,,,,,"April 27, 2026",True,True,True,True,False,False,text,no dollar amount found
LTB-L-011105-26,L2,Order,2026-05-27,M4P,,,,,,"May 25, 2026",True,True,False,True,,True,text,no dollar amount found
LTB-L-011296-26,L2,Order,2026-05-13,M5A,186.0,arrears,1895.25,pattern_1,0.1,"April 28, 2026",True,True,False,True,,False,text,found in operative 'It is ordered that' section; matched expected keyword for category
LTB-L-011308-26,L2,Order,2026-05-07,K1L,1729.13,stated_total,1695.0,pattern_1,1.02,"April 29, 2026",True,True,True,True,False,False,text,"found in operative 'It is ordered that' section; explicit stated-total phrasing (""...is \$X"")"
LTB-L-011381-26,L2,Order,2026-05-04,L6A,,,,,,,False,,,,,False,text,operative section found but contained only fee/rate/boilerplate amounts — likely no lump sum ordered
LTB-L-011440-26,L2,Order,2026-05-22,L8K,1548.53,arrears,1538.9,pattern_1,1.01,"May 19, 2026",True,True,False,True,,True,text,found in operative 'It is ordered that' section; matched expected keyword for category
LTB-L-011451-26,L2,Order,2026-05-25,N1R,,,,,,,False,,,,,False,text,operative section found but contained only fee/rate/boilerplate amounts — likely no lump sum ordered
LTB-L-011496-26,L2,Order,2026-05-13,M6M,1940.76,ambiguous-max,,,,"April 30, 2026",True,True,True,True,True,False,text,"no operative section found, or it had no dollar mentions at all; fell back to full-document search; multiple candidate amounts, took max — manual review advised"
LTB-L-011549-26,L2,Order,2026-05-29,L9Z,,,,,,,False,,,,,False,text,no dollar amount found
LTB-L-011570-26,L2,Order,2026-05-29,P3C,,,,,,"May 21, 2026",True,True,True,True,False,False,text,no dollar amount found
LTB-L-011708-26,L2,Order,2026-05-28,N6B,,,,,,"May 25, 2026",True,False,True,,False,True,text,no dollar amount found
LTB-L-011725-26,L2,Order,2026-05-05,L3B,2800.0,arrears,,,,"April 27, 2026",False,,,,,False,text,found in operative 'It is ordered that' section; matched expected keyword for category
LTB-L-011781-26,L2,Order,2026-04-13,M2N,,,,,,"April 8, 2026",True,True,True,True,False,False,text,only fee/rate/boilerplate amounts found
LTB-L-011990-26,L2,Order,2026-05-29,L1T,1377.0,other,,,,"May 21, 2026",True,True,True,False,False,False,text,"no operative section found, or it had no dollar mentions at all; fell back to full-document search; single candidate amount, no strong keyword match"
LTB-L-011991-26,L2,Order,2026-05-04,L6L,,,,,,,False,,,,,False,text,no dollar amount found
LTB-L-011993-26,L2,Order,2026-05-05,L6H,3500.0,ambiguous-max,,,,"April 28, 2026",True,True,True,False,True,False,text,"no operative section found, or it had no dollar mentions at all; fell back to full-document search; multiple candidate amounts, took max — manual review advised"
LTB-L-012408-26,L2,Order,2026-05-07,K4K,415.28,ambiguous-max,,,,"April 28, 2026",True,True,True,True,False,True,text,"no operative section found, or it had no dollar mentions at all; fell back to full-document search; multiple candidate amounts, took max — manual review advised"
LTB-L-012634-26,L2,Order,2026-04-14,K9V,6047.88,stated_total,,,,"April 2, 2026",True,False,True,,False,False,text,"found in operative 'It is ordered that' section; explicit stated-total phrasing (""...is \$X"")"
LTB-L-012661-26,L2,Order,2026-04-13,M3A,,,,,,"April 8, 2026",True,True,False,True,,True,text,operative section found but contained only fee/rate/boilerplate amounts — likely no lump sum ordered
LTB-L-012672-26,L2,Order,2026-03-12,N5W,,,1420.83,pattern_1,,,False,,,,,False,text,operative section found but contained only fee/rate/boilerplate amounts — likely no lump sum ordered
LTB-L-012791-26,L2,Amended Order,2026-05-25,N6G,1798.51,stated_total,,,,"March 12, 2026",True,False,False,,,True,text,"found in operative 'It is ordered that' section; explicit stated-total phrasing (""...is \$X"")"
LTB-L-012943-26,L2,Order,2026-04-14,M1L,,,,,,"April 9, 2026",True,True,True,True,False,False,text,operative section found but contained only fee/rate/boilerplate amounts — likely no lump sum ordered
LTB-L-012951-26,L2,Order,2026-04-20,M2P,,,2560.0,pattern_1,,"April 9, 2026",False,,,,,False,text,operative section found but contained only fee/rate/boilerplate amounts — likely no lump sum ordered
LTB-L-012965-26,L2,Order,2026-05-27,N0G,1248.65,arrears,,,,"May 20, 2026",True,True,True,True,False,False,text,found in operative 'It is ordered that' section; matched expected keyword for category
LTB-L-013044-26,L2,Order,2026-05-19,L5J,,,,,,"April 30, 2026",True,True,False,True,,True,text,operative section found but contained only fee/rate/boilerplate amounts — likely no lump sum ordered
LTB-L-013064-26,L2,Order,2026-05-26,N9A,2500.0,other,,,,,False,,,,,False,text,"found in operative 'It is ordered that' section; single candidate amount, no strong keyword match"
LTB-L-013104-26,L2,Amended Order,2026-05-25,L4N,2653.18,stated_total,,,,,False,,,,,False,text,"no operative section found, or it had no dollar mentions at all; fell back to full-document search; explicit stated-total phrasing (""...is \$X"")"
LTB-L-013313-26,L2,Order,2026-05-05,L9Z,46.5,ambiguous-max,,,,,False,,,,,False,text,"found in operative 'It is ordered that' section; multiple candidate amounts, took max — manual review advised"
LTB-L-013375-26,L2,Order,2026-05-27,K8P,18.0,ambiguous-max,,,,,False,,,,,False,text,"found in operative 'It is ordered that' section; multiple candidate amounts, took max — manual review advised"
LTB-L-013409-26,L2,Order,2026-05-22,M3K,1782.58,other,,,,"April 30, 2026",True,True,False,True,,True,text,"found in operative 'It is ordered that' section; single candidate amount, no strong keyword match"
LTB-L-013477-26,L2,Order,2026-05-14,L2E,2505.84,ambiguous-max,1960.0,pattern_1,1.28,"March 12, 2026",True,True,True,True,False,False,text,"found in operative 'It is ordered that' section; multiple candidate amounts, took max — manual review advised"
LTB-L-013637-26,L2,Order,2026-05-22,M1E,,,,,,"May 20, 2026",False,,,,,False,text,operative section found but contained only fee/rate/boilerplate amounts — likely no lump sum ordered
LTB-L-013656-26,L2,Order,2026-05-27,N5A,1050.0,ambiguous-max,,,,"May 7, 2026",True,True,True,False,False,False,text,"no operative section found, or it had no dollar mentions at all; fell back to full-document search; multiple candidate amounts, took max — manual review advised"
LTB-L-013839-26,L2,Order,2026-05-29,K7K,186.0,stated_total,1752.1,pattern_1,0.11,"April 29, 2026",True,True,False,True,,True,text,"found in operative 'It is ordered that' section; explicit stated-total phrasing (""...is \$X"")"
LTB-L-013898-26,L2,Order,2026-05-14,L6P,,,,,,"May 6, 2026",True,True,False,False,,True,text,no dollar amount found
LTB-L-013983-25,L2,Order,2026-05-25,K1B,,,,,,"April 14, 2026",True,True,True,True,False,False,text,no dollar amount found
LTB-L-013983-25,L2,Order,2026-05-25,K1B,,,,,,"April 14, 2026",True,True,True,True,False,False,text,no dollar amount found
LTB-L-014011-26,L2,Order,2026-05-06,N7T,,,,,,"April 29, 2026",True,True,True,True,True,False,text,"found in operative 'It is ordered that' section; only opposite-direction amount(s) found (money flowing the other way, likely a combined hearing) — no correctly-directed amount found; largest opposite-direction figure was \$3,000.00, excluded"
LTB-L-014264-26,L2,Order,2026-04-21,N5A,,,,,,"April 16, 2026",False,,,,,False,text,operative section found but contained only fee/rate/boilerplate amounts — likely no lump sum ordered
LTB-L-014761-26,L2,Order,2026-05-19,L5M,3700.0,ambiguous-max,3550.0,pattern_1,1.04,"May 12, 2026",False,,,,,False,text,"found in operative 'It is ordered that' section; multiple candidate amounts, took max — manual review advised"
LTB-L-014849-26,L2,Order,2026-03-27,M5A,,,,,,"March 24, 2026",True,True,False,True,,True,text,no dollar amount found
LTB-L-015228-26,L2,Order,2026-03-11,N1L,270.0,arrears,,,,,False,,,,,False,text,found in operative 'It is ordered that' section; matched expected keyword for category
LTB-L-015266-25,L2,Order,2026-05-04,M1G,,,,,,"December 5, 2025",True,True,True,True,False,False,text,no dollar amount found
LTB-L-015517-26,L2,Order,2026-05-14,M3A,36.0,other,,,,"May 4, 2026",False,,,,,False,text,"found in operative 'It is ordered that' section; single candidate amount, no strong keyword match"
LTB-L-015735-26,L2,Order,2026-05-13,N2M,,,,,,"May 5, 2026",True,True,False,True,,True,text,no dollar amount found
LTB-L-015791-26,L2,Order,2026-05-25,L7G,,,,,,"May 14, 2026",True,True,True,False,False,False,text,no dollar amount found
LTB-L-015892-26,L2,Order,2026-04-20,P3C,499.0,stated_total,,,,"March 31, 2026",True,True,False,True,,True,text,"found in operative 'It is ordered that' section; explicit stated-total phrasing (""...is \$X"")"
LTB-L-016168-26,L2,Order,2026-04-24,L7A,5809.39,arrears,2500.0,pattern_1,2.32,,False,,,,,False,text,found in operative 'It is ordered that' section; matched expected keyword for category
LTB-L-016502-26,L2,Order,2026-05-25,L8G,2345.0,remedy,,,,"May 14, 2026",True,True,True,False,False,False,text,"found in operative 'It is ordered that' section; single candidate amount, no strong keyword match"
LTB-L-017088-26,L2,Order,2026-05-14,M6E,,,,,,"May 7, 2026",True,True,False,True,,True,text,only fee/rate/boilerplate amounts found
LTB-L-017139-25,L2,Order,2026-02-06,M1J,,,,,,"January 22, 2026",True,True,True,True,False,False,text,operative section found but contained only fee/rate/boilerplate amounts — likely no lump sum ordered
LTB-L-017340-26,L2,Order,2026-03-20,L8R,,,,,,"March 13, 2026",False,,,,,False,text,only fee/rate/boilerplate amounts found
LTB-L-017727-26,L2,Order,2026-05-28,L6Y,,,2550.0,pattern_1,,"May 26, 2026",False,,,,,False,text,operative section found but contained only fee/rate/boilerplate amounts — likely no lump sum ordered
LTB-L-017905-25,L2,Review Order,2026-04-20,M6R,,,,,,,False,,,,,False,text,no dollar amount found
LTB-L-017949-25,L2,Order,2026-01-23,M6E,1699.04,ambiguous-max,,,,"December 15, 2025",True,True,True,False,False,False,text,"no operative section found, or it had no dollar mentions at all; fell back to full-document search; multiple candidate amounts, took max — manual review advised"
LTB-L-018076-26,L2,Order,2026-05-27,K7K,,,,,,,False,,,,,False,text,operative section found but contained only fee/rate/boilerplate amounts — likely no lump sum ordered
LTB-L-018337-26,L2,Order,2026-05-14,M9W,,,,,,"May 12, 2026",False,,,,,False,text,operative section found but contained only fee/rate/boilerplate amounts — likely no lump sum ordered
LTB-L-018506-25,L2,ExParte Order,2026-03-25,K1B,,,,,,,False,,,,,False,text,no dollar amount found
LTB-L-019060-26,L2,Order,2026-05-15,K6J,1303.92,stated_total,500.0,pattern_1,2.61,"May 7, 2026",True,True,False,True,,True,text,"found in operative 'It is ordered that' section; explicit stated-total phrasing (""...is \$X"")"
LTB-L-019103-26,L2,Order,2026-03-24,M2K,2650.0,stated_total,2650.0,pattern_2,1.0,"March 16, 2026",False,,,,,False,text,"no operative section found, or it had no dollar mentions at all; fell back to full-document search; explicit stated-total phrasing (""...is \$X"")"
LTB-L-019806-26,L2,Order,2026-05-13,M1P,,,,,,"May 7, 2026",False,,,,,False,text,only fee/rate/boilerplate amounts found
LTB-L-019854-26,L2,Order,2026-05-12,M5A,,,,,,"May 7, 2026",False,,,,,False,text,operative section found but contained only fee/rate/boilerplate amounts — likely no lump sum ordered
LTB-L-019874-26,L2,Order,2026-05-19,L1H,,,,,,"May 13, 2026",True,True,False,True,,True,text,operative section found but contained only fee/rate/boilerplate amounts — likely no lump sum ordered
LTB-L-019880-26,L2,Order,2026-05-22,L2V,,,1014.0,pattern_1,,"May 14, 2026",True,True,False,True,,True,text,operative section found but contained only fee/rate/boilerplate amounts — likely no lump sum ordered
LTB-L-019932-26,L2,Order,2026-05-20,L9Y,,,,,,"May 13, 2026",True,True,False,True,,True,text,operative section found but contained only fee/rate/boilerplate amounts — likely no lump sum ordered
LTB-L-019984-26,L2,Order,2026-05-19,M4C,,,,,,"May 13, 2026",True,True,True,True,False,False,text,no dollar amount found
LTB-L-020002-25,L2,Order,2026-01-05,L1E,2895.33,stated_total,,,,"July 8, 2025",True,True,False,True,,True,text,"found in operative 'It is ordered that' section; explicit stated-total phrasing (""...is \$X"")"
LTB-L-020140-25,L2,Review Order,2026-02-17,L4E,,,,,,,False,,,,,False,text,no dollar amount found
LTB-L-020171-26,L2,Order,2026-05-25,M6H,1331.12,arrears,2892.0,pattern_1,0.46,"May 14, 2026",True,True,True,True,False,False,text,found in operative 'It is ordered that' section; matched expected keyword for category
LTB-L-020345-24,L2,Order,2026-01-27,M2N,,,,,,,False,,,,,False,text,no dollar amount found
LTB-L-020441-26,L2,Order,2026-05-25,M1W,186.0,other,,,,"May 19, 2026",False,,,,,False,text,"found in operative 'It is ordered that' section; single candidate amount, no strong keyword match"
LTB-L-020459-26,L2,Order,2026-05-29,N4S,,,,,,,False,,,,,False,text,operative section found but contained only fee/rate/boilerplate amounts — likely no lump sum ordered
LTB-L-020970-26,L2,Order,2026-05-29,N5R,,,,,,"May 21, 2026",True,False,True,,False,True,text,no dollar amount found
LTB-L-020975-26,L2,Order,2026-05-27,M9N,,,,,,"May 21, 2026",False,,,,,False,text,no dollar amount found
LTB-L-021032-26,L2,Order,2026-05-25,L8E,,,,,,"May 21, 2026",False,,,,,False,text,operative section found but contained only fee/rate/boilerplate amounts — likely no lump sum ordered
LTB-L-021409-26,L2,Order,2026-05-15,P3B,,,,,,"May 13, 2026",True,True,False,True,,True,text,operative section found but contained only fee/rate/boilerplate amounts — likely no lump sum ordered
LTB-L-022201-26,L2,Order,2026-04-27,K2P,,,,,,,False,,,,,False,text,no dollar amount found
LTB-L-022416-26,L2,Order,2026-05-06,L0G,186.0,stated_total,,,,"April 22, 2026",True,True,False,True,,True,text,"found in operative 'It is ordered that' section; explicit stated-total phrasing (""...is \$X"")"
LTB-L-023347-26,L2,Order,2026-05-21,N0H,,,,,,"May 12, 2026",True,True,True,True,True,True,text,no dollar amount found
LTB-L-023469-26,L2,Order,2026-05-29,K9H,1225.0,stated_total,,,,,False,,,,,False,text,"no operative section found, or it had no dollar mentions at all; fell back to full-document search; explicit stated-total phrasing (""...is \$X"")"
LTB-L-023945-24,L2,Order,2026-04-22,M1E,500.0,arrears,3109.72,pattern_1,0.16,"April 9, 2026",True,True,True,False,False,False,text,found in operative 'It is ordered that' section; matched expected keyword for category
LTB-L-023987-25,L2,Order,2026-02-12,N9C,644.1,other,,,,"January 29, 2026",False,,,,,False,text,"found in operative 'It is ordered that' section; single candidate amount, no strong keyword match"
LTB-L-024013-26,L2,Order,2026-05-12,L1T,,,,,,"May 4, 2026",False,,,,,False,text,no dollar amount found
LTB-L-024465-25,L2,Order,2026-01-21,K8P,201.0,stated_total,,,,"October 29, 2025",True,False,True,,False,True,text,"found in operative 'It is ordered that' section; explicit stated-total phrasing (""...is \$X"")"
LTB-L-024579-25,L2,Order,2026-01-09,P3B,,,,,,"August 11, 2025",True,True,True,True,False,False,text,operative section found but contained only fee/rate/boilerplate amounts — likely no lump sum ordered
LTB-L-025390-24,L2,Order,2026-01-09,K2L,37729.25,arrears,2450.0,pattern_1,15.4,"December 16, 2025",True,True,False,True,,True,text,found in operative 'It is ordered that' section; matched expected keyword for category
LTB-L-025603-25,L2,Review Order,2026-05-07,M1K,,,,,,"February 12, 2026",True,True,True,True,True,False,text,no dollar amount found
LTB-L-026107-25,L2,Review Order,2026-01-08,L8J,700.0,ambiguous-max,,,,"October 23, 2025",True,True,True,True,True,True,text,"no operative section found, or it had no dollar mentions at all; fell back to full-document search; multiple candidate amounts, took max — manual review advised"
LTB-L-026355-25,L2,Order,2026-01-07,M6P,2700.0,arrears,,,,"August 18, 2025",True,True,True,True,True,False,text,found in operative 'It is ordered that' section; matched expected keyword for category
LTB-L-027296-25,L2,Order,2026-01-07,M9V,410.0,stated_total,,,,"December 8, 2025",True,False,False,,,False,text,"no operative section found, or it had no dollar mentions at all; fell back to full-document search; explicit stated-total phrasing (""...is \$X"")"
LTB-L-027872-26,L2,Order,2026-05-25,L0M,186.0,stated_total,,,,"May 20, 2026",True,True,False,True,,True,text,"found in operative 'It is ordered that' section; explicit stated-total phrasing (""...is \$X"")"
LTB-L-028000-26,L2,Order,2026-05-29,L3V,250.0,stated_total,2500.0,pattern_2,0.1,,False,,,,,True,text,"no operative section found, or it had no dollar mentions at all; fell back to full-document search; explicit stated-total phrasing (""...is \$X"")"
LTB-L-028837-25,L2,Order,2026-02-19,K7M,,,1304.43,pattern_1,,"November 26, 2025",True,False,False,,,True,text,operative section found but contained only fee/rate/boilerplate amounts — likely no lump sum ordered
LTB-L-028892-26,L2,Order,2026-05-06,M3M,4660.46,arrears,1491.9,pattern_1,3.12,,False,,,,,False,text,found in operative 'It is ordered that' section; matched expected keyword for category
LTB-L-029058-23,L2,Order,2026-04-16,N2L,2000.0,arrears,,,,"July 15, 2024",False,,,,,False,text,found in operative 'It is ordered that' section; matched expected keyword for category
LTB-L-029329-26,L2,Order,2026-05-08,N6A,,,,,,"April 30, 2026",True,True,False,True,,True,text,no dollar amount found
LTB-L-029594-25,L2,Amended Order,2026-05-15,K2P,968.19,other,875.0,pattern_1,1.11,"November 20, 2025",True,True,True,True,True,False,text,"found in operative 'It is ordered that' section; single candidate amount, no strong keyword match"
LTB-L-031523-25,L2,Review Order,2026-05-19,L1H,,,,,,,False,,,,,False,text,no dollar amount found
LTB-L-031878-25,L2,Order,2026-01-08,M8V,,,,,,"November 4, 2025",True,True,False,True,,True,text,no dollar amount found
LTB-L-032348-25,L2,Review Order,2026-01-29,M5T,1992.89,arrears,,,,,True,False,False,,,True,text,found in operative 'It is ordered that' section; matched expected keyword for category
LTB-L-032531-26,L2,Amended Order,2026-05-26,N5Y,,,,,,,True,True,True,False,False,False,text,operative section found but contained only fee/rate/boilerplate amounts — likely no lump sum ordered
LTB-L-033445-25,L2,Review Order,2026-05-04,K9V,,,,,,,False,,,,,False,text,no dollar amount found
LTB-L-033491-25,L2,Order,2026-02-02,M9W,,,,,,"August 19, 2025",True,True,True,True,True,False,text,operative section found but contained only fee/rate/boilerplate amounts — likely no lump sum ordered
LTB-L-034106-24,L2,Review Order,2026-01-15,M2R,,,,,,,False,,,,,False,text,no dollar amount found
LTB-L-034373-25,L2,Order,2026-02-10,M2N,11000.0,other,2175.0,pattern_2,5.06,"February 4, 2026",False,,,,,False,text,"found in operative 'It is ordered that' section; single candidate amount, no strong keyword match"
LTB-L-034470-25,L2,Order,2026-02-24,K1K,,,,,,,False,,,,,False,text,no dollar amount found
LTB-L-035122-25,L2,Amended Order,2026-04-13,L8E,5019.07,ambiguous-max,,,,"February 20, 2026",True,True,True,True,True,False,text,"found in operative 'It is ordered that' section; multiple candidate amounts, took max — manual review advised"
LTB-L-035850-26,L2,Order,2026-05-22,K7M,,,,,,,False,,,,,False,text,only fee/rate/boilerplate amounts found
LTB-L-036211-24,L2,Amended Order,2026-05-05,N6G,,,1621.42,pattern_1,,"August 6, 2024",False,,,,,False,text,operative section found but contained only fee/rate/boilerplate amounts — likely no lump sum ordered
LTB-L-036250-25,L2,Review Order,2026-02-03,K2B,,,,,,,False,,,,,False,text,no dollar amount found
LTB-L-036467-25,L2,Review Order,2026-01-08,K8N,,,,,,"November 25, 2025",True,True,True,True,False,False,text,no dollar amount found
LTB-L-036854-25,L2,Order,2026-01-21,K0A,,,,,,,False,,,,,False,text,no dollar amount found
LTB-L-037246-24,L2,Order,2026-03-25,N0A,,,,,,"March 23, 2026",True,False,True,,False,True,text,no dollar amount found
LTB-L-037354-25,L2,Order,2026-01-06,P4N,2610.95,stated_total,,,,"September 22, 2025",True,False,False,,,True,text,"found in operative 'It is ordered that' section; explicit stated-total phrasing (""...is \$X"")"
LTB-L-037872-26,L2,Order,2026-05-19,L6X,62.0,other,,,,"May 13, 2026",False,,,,,False,text,"found in operative 'It is ordered that' section; single candidate amount, no strong keyword match"
LTB-L-038179-25,L2,Order,2026-01-09,M3A,2591.2,arrears,,,,"December 18, 2025",True,True,True,True,False,False,text,found in operative 'It is ordered that' section; matched expected keyword for category
LTB-L-038213-26,L2,Order,2026-05-29,L8M,5157.0,arrears,,,,,False,,,,,False,text,found in operative 'It is ordered that' section; matched expected keyword for category
LTB-L-038411-23,L2,Order,2026-02-09,M1L,,,,,,,False,,,,,False,text,no dollar amount found
LTB-L-038892-24,L2,Order,2026-02-03,N1R,,,,,,,False,,,,,False,text,no dollar amount found
LTB-L-040279-25,L2,Order,2026-01-09,L9T,,,,,,"July 31, 2025",True,False,True,,True,False,text,no dollar amount found
LTB-L-041732-25,L2,Review Order,2026-05-04,L5A,,,,,,"April 29, 2026",True,False,False,,,False,text,no dollar amount found
LTB-L-041845-24,L2,Order,2026-02-25,L5H,980.0,ambiguous-max,,,,"February 18, 2026",True,True,True,True,True,False,text,"no operative section found, or it had no dollar mentions at all; fell back to full-document search; multiple candidate amounts, took max — manual review advised"
LTB-L-042760-25,L2,Order,2026-05-15,N7M,,,,,,"May 6, 2026",True,False,True,,True,True,text,no dollar amount found
LTB-L-042826-25,L2,Order,2026-04-14,L2G,,,,,,"March 31, 2026",False,,,,,False,text,no dollar amount found
LTB-L-043203-25,L2,Order,2026-01-06,N6B,1729.5,stated_total,1010.04,pattern_1,1.71,"August 5, 2025",True,True,False,True,,True,text,"found in operative 'It is ordered that' section; explicit stated-total phrasing (""...is \$X"")"
LTB-L-043515-25,L2,Order,2026-02-04,L8P,,,,,,"October 27, 2025",True,True,False,True,,True,text,operative section found but contained only fee/rate/boilerplate amounts — likely no lump sum ordered
LTB-L-043563-25,L2,Order,2026-01-28,M1E,,,,,,"December 15, 2025",True,False,False,,,True,text,operative section found but contained only fee/rate/boilerplate amounts — likely no lump sum ordered
LTB-L-044298-24,L2,Order,2026-03-12,N7T,2500.0,ambiguous-max,,,,,False,,,,,False,text,"found in operative 'It is ordered that' section; multiple candidate amounts, took max — manual review advised"
LTB-L-045021-25,L2,Review Order,2026-01-28,N9A,,,,,,"January 27, 2026",True,True,True,True,True,False,text,operative section found but contained only fee/rate/boilerplate amounts — likely no lump sum ordered
LTB-L-046388-25,L2,Review Order,2026-01-15,M6J,2500.0,other,,,,"January 8, 2026",True,False,True,,False,False,text,"no operative section found, or it had no dollar mentions at all; fell back to full-document search; single candidate amount, no strong keyword match"
LTB-L-047535-25,L2,Review Order,2026-03-11,M5A,,,,,,"March 2, 2026",True,False,True,,False,False,text,no dollar amount found
LTB-L-047836-25,L2,Amended Order,2026-01-14,M9C,,,,,,"October 8, 2025",True,True,True,True,False,False,text,operative section found but contained only fee/rate/boilerplate amounts — likely no lump sum ordered
LTB-L-047967-24,L2,Review Order,2026-02-05,L6X,,,,,,"June 30, 2025",True,True,True,True,True,False,text,no dollar amount found
LTB-L-047973-24,L2,Order,2026-03-02,L6B,50000.0,ambiguous-max,,,,"November 24, 2025",True,False,False,,,False,text,"no operative section found, or it had no dollar mentions at all; fell back to full-document search; multiple candidate amounts, took max — manual review advised"
LTB-L-048899-25,L2,Order,2026-05-15,K2P,1035.25,other,,,,"May 12, 2026",True,True,True,True,False,False,text,"found in operative 'It is ordered that' section; single candidate amount, no strong keyword match"
LTB-L-049222-24,L2,Order,2026-05-11,N9B,100.0,arrears,,,,"April 13, 2026",True,True,True,False,False,False,text,found in operative 'It is ordered that' section; matched expected keyword for category
LTB-L-049321-24,L2,Review Order,2026-03-20,L1C,,,,,,,False,,,,,False,text,no dollar amount found
LTB-L-049746-25,L2,Order,2026-02-18,M1K,,,,,,"January 13, 2026",True,True,False,True,,True,text,no dollar amount found
LTB-L-049894-25,L2,Order,2026-03-27,M4S,802.3,other,,,,"November 17, 2025",True,True,True,True,False,False,text,"no operative section found, or it had no dollar mentions at all; fell back to full-document search; single candidate amount, no strong keyword match"
LTB-L-051379-25,L2,Order,2026-01-09,L6X,186.0,stated_total,2275.0,pattern_1,0.08,"November 24, 2025",True,True,True,True,True,False,text,"found in operative 'It is ordered that' section; explicit stated-total phrasing (""...is \$X"")"
LTB-L-051502-25,L2,Order,2026-02-09,K6V,,,,,,"October 21, 2025",True,False,True,,False,True,text,no dollar amount found
LTB-L-051725-25,L2,Order,2026-01-07,N2E,,,1800.0,pattern_1,,"November 24, 2025",True,True,True,True,False,False,text,operative section found but contained only fee/rate/boilerplate amounts — likely no lump sum ordered
LTB-L-051917-25,L2,Order,2026-01-15,M4Y,,,,,,"January 7, 2026",False,,,,,False,text,only fee/rate/boilerplate amounts found
LTB-L-052391-25,L2,Order,2026-05-25,M2M,2141.53,other,2000.0,pattern_1,1.07,"November 13, 2025",True,True,True,True,True,False,text,"found in operative 'It is ordered that' section; single candidate amount, no strong keyword match"
LTB-L-053171-25,L2,Order,2026-01-19,M5B,3800.0,ambiguous-max,3800.0,pattern_1,1.0,"November 3, 2025",True,True,True,True,True,False,text,"found in operative 'It is ordered that' section; multiple candidate amounts, took max — manual review advised"
LTB-L-053206-25,L2,Order,2026-01-07,L5C,,,,,,"January 5, 2026",True,True,True,False,False,True,text,no dollar amount found
LTB-L-053253-24,L2,Review Order,2026-02-20,N9A,,,,,,,False,,,,,False,text,no dollar amount found
LTB-L-053583-25,L2,Order,2026-02-10,L8P,,,,,,"January 23, 2026",True,False,False,,,False,text,no dollar amount found
LTB-L-053894-25,L2,Order,2026-05-19,L4H,,,,,,,False,,,,,False,text,no dollar amount found
LTB-L-054562-24,L2,Order,2026-04-08,N2L,,,,,,,False,,,,,True,text,no dollar amount found
LTB-L-054950-25,L2,Review Order,2026-02-23,L8P,,,,,,,False,,,,,False,text,no dollar amount found
LTB-L-055177-25,L2,Order,2026-01-08,M6H,203.0,other,,,,"December 9, 2025",True,True,True,False,False,False,text,"no operative section found, or it had no dollar mentions at all; fell back to full-document search; single candidate amount, no strong keyword match"
LTB-L-055284-25,L2,Review Order,2026-04-21,K6A,,,,,,,False,,,,,False,text,no dollar amount found
LTB-L-055284-25,L2,Review Order,2026-04-21,K6A,,,,,,,False,,,,,False,text,no dollar amount found
LTB-L-055728-25,L2,Order,2026-03-05,L6C,,,,,,,False,,,,,True,text,no dollar amount found
LTB-L-056132-25,L2,Order,2026-01-26,M1J,,,,,,"January 22, 2026",False,,,,,False,text,operative section found but contained only fee/rate/boilerplate amounts — likely no lump sum ordered
LTB-L-056579-25,L2,Order,2026-01-16,L9M,,,,,,"January 8, 2026",True,True,True,True,True,False,text,no dollar amount found
LTB-L-057946-25,L2,Order,2026-04-22,L8H,2801.0,ambiguous-max,,,,,False,,,,,False,text,"found in operative 'It is ordered that' section; multiple candidate amounts, took max — manual review advised"
LTB-L-058601-24,L2,Order,2026-02-02,L1J,2670.8,stated_total,,,,"January 13, 2026",True,True,False,False,,True,text,"found in operative 'It is ordered that' section; explicit stated-total phrasing (""...is \$X"")"
LTB-L-058816-25,L2,Order,2026-04-09,N0P,15000.0,other,,,,,False,,,,,False,text,"found in operative 'It is ordered that' section; single candidate amount, no strong keyword match"
LTB-L-059003-25,L2,Order,2026-01-13,L8P,,,,,,"October 21, 2025",True,False,True,,False,False,text,no dollar amount found
LTB-L-059248-25,L2,Order,2026-03-05,L3M,186.0,stated_total,,,,"February 10, 2026",True,True,False,True,,True,text,"found in operative 'It is ordered that' section; explicit stated-total phrasing (""...is \$X"")"
LTB-L-059416-24,L2,Order,2026-01-27,M4H,25036.44,arrears,,,,"October 20, 2025",True,True,True,True,False,False,text,found in operative 'It is ordered that' section; matched expected keyword for category
LTB-L-059441-25,L2,Review Order,2026-01-12,K6V,,,,,,"January 6, 2026",True,False,False,,,False,text,no dollar amount found
LTB-L-059882-25,L2,Review Order,2026-05-14,L6C,2113.5,ambiguous-max,,,,,False,,,,,False,text,"found in operative 'It is ordered that' section; multiple candidate amounts, took max — manual review advised"
LTB-L-059937-25,L2,Order,2026-02-26,L2G,,,,,,,False,,,,,False,text,no dollar amount found
LTB-L-060243-25,L2,Order,2026-02-11,M3A,,,,,,,False,,,,,False,text,no dollar amount found
LTB-L-060773-25,L2,Order,2026-01-20,K9J,40.0,ambiguous-max,,,,"November 3, 2025",True,False,False,,,True,text,"found in operative 'It is ordered that' section; multiple candidate amounts, took max — manual review advised"
LTB-L-061078-25,L2,Review Order,2026-05-21,N1A,3220.5,other,,,,"April 15, 2026",True,False,True,,False,False,text,"no operative section found, or it had no dollar mentions at all; fell back to full-document search; single candidate amount, no strong keyword match"
LTB-L-061241-25,L2,Order,2026-01-12,K1K,,,,,,"December 17, 2025",True,True,True,True,False,False,text,operative section found but contained only fee/rate/boilerplate amounts — likely no lump sum ordered
LTB-L-061607-25,L2,Order,2026-02-05,M6B,,,2150.0,pattern_1,,"February 4, 2026",False,,,,,False,text,operative section found but contained only fee/rate/boilerplate amounts — likely no lump sum ordered
LTB-L-061675-25,L2,Order,2026-05-13,K2B,3000.0,stated_total,,,,"April 23, 2026",False,,,,,False,text,"found in operative 'It is ordered that' section; explicit stated-total phrasing (""...is \$X"")"
LTB-L-061830-25,L2,Order,2026-04-24,M6E,2231.49,remedy,,,,"February 12, 2026",True,True,True,True,True,False,text,"found in operative 'It is ordered that' section; single candidate amount, no strong keyword match"
LTB-L-061833-25,L2,Order,2026-02-24,K1T,22628.25,arrears,,,,"September 23, 2025",True,True,True,True,False,False,text,found in operative 'It is ordered that' section; matched expected keyword for category
LTB-L-061886-25,L2,Order,2026-01-07,P3Y,186.0,stated_total,,,,"October 28, 2025",True,True,False,True,,True,text,"found in operative 'It is ordered that' section; explicit stated-total phrasing (""...is \$X"")"
LTB-L-062004-25,L2,Order,2026-01-13,P3C,1150.0,stated_total,1081.0,pattern_1,1.06,"October 30, 2025",True,True,False,True,,True,text,"found in operative 'It is ordered that' section; explicit stated-total phrasing (""...is \$X"")"
LTB-L-062097-25,L2,Review Order,2026-01-05,M4N,,,,,,,False,,,,,False,text,no dollar amount found
LTB-L-062734-25,L2,Order,2026-02-03,L2R,4854.13,stated_total,,,,"November 25, 2025",True,True,False,False,,True,text,"found in operative 'It is ordered that' section; explicit stated-total phrasing (""...is \$X"")"
LTB-L-062775-25,L2,Order,2026-04-01,M1C,730.0,arrears,,,,"February 11, 2026",True,True,True,False,False,False,text,found in operative 'It is ordered that' section; matched expected keyword for category
LTB-L-062962-25,L2,Order,2026-01-19,N1H,,,,,,,False,,,,,False,text,no dollar amount found
LTB-L-063081-25,L2,Order,2026-01-12,K1L,,,,,,"November 7, 2025",True,True,True,True,True,False,text,no dollar amount found
LTB-L-063208-25,L2,Order,2026-02-05,L3X,,,,,,"November 25, 2025",True,False,False,,,False,text,no dollar amount found
LTB-L-063504-25,L2,Order,2026-01-06,L1H,,,,,,"October 28, 2025",True,True,True,True,False,False,text,operative section found but contained only fee/rate/boilerplate amounts — likely no lump sum ordered
LTB-L-063841-25,L2,Order,2026-02-02,L6C,,,,,,"January 26, 2026",True,True,True,True,True,False,text,no dollar amount found
LTB-L-064183-25,L2,Order,2026-01-27,P3A,,,,,,"November 24, 2025",True,True,True,True,True,False,text,operative section found but contained only fee/rate/boilerplate amounts — likely no lump sum ordered
LTB-L-064274-25,L2,Order,2026-01-06,M4A,771.7,stated_total,,,,"November 6, 2025",True,True,True,True,False,False,text,"found in operative 'It is ordered that' section; explicit stated-total phrasing (""...is \$X"")"
LTB-L-064348-24,L2,Order,2026-01-27,L7A,,,,,,"November 5, 2025",True,True,True,True,True,False,text,no dollar amount found
LTB-L-064415-25,L2,Review Order,2026-05-27,M5T,,,,,,"February 19, 2026",True,True,True,True,False,True,text,operative section found but contained only fee/rate/boilerplate amounts — likely no lump sum ordered
LTB-L-064535-25,L2,Order,2026-02-04,L6M,2550.0,other,,,,"March 26, 2026",False,,,,,False,text,"found in operative 'It is ordered that' section; single candidate amount, no strong keyword match"
LTB-L-064727-25,L2,Order,2026-01-08,K9J,,,,,,"December 17, 2025",True,True,True,True,False,False,text,operative section found but contained only fee/rate/boilerplate amounts — likely no lump sum ordered
LTB-L-065221-25,L2,Review Order,2026-05-04,L1L,16369.78,arrears,,,,"November 20, 2025",True,True,True,False,False,False,text,found in operative 'It is ordered that' section; matched expected keyword for category
LTB-L-065414-25,L2,Review Order,2026-04-16,N3C,316.83,other,,,,"April 15, 2026",True,False,True,,False,False,text,"found in operative 'It is ordered that' section; single candidate amount, no strong keyword match"
LTB-L-065530-25,L2,Review Order,2026-05-22,M1P,400.0,other,,,,"October 27, 2025",True,False,False,,,False,text,"no operative section found, or it had no dollar mentions at all; fell back to full-document search; single candidate amount, no strong keyword match"
LTB-L-065668-23,L2,Order,2026-01-15,L4T,16329.36,other,,,,"December 15, 2025",True,True,True,False,False,False,text,"no operative section found, or it had no dollar mentions at all; fell back to full-document search; single candidate amount, no strong keyword match"
LTB-L-065681-25,L2,Order,2026-02-09,L3Y,1800.0,ambiguous-max,,,,"November 24, 2025",True,True,True,True,True,False,text,"no operative section found, or it had no dollar mentions at all; fell back to full-document search; multiple candidate amounts, took max — manual review advised"
LTB-L-066220-25,L2,Order,2026-01-09,N4K,,,,,,"December 4, 2025",True,True,True,True,False,False,text,no dollar amount found
LTB-L-066468-25,L2,Review Order,2026-03-19,K0K,,,,,,"March 12, 2026",True,True,True,True,False,True,text,no dollar amount found
LTB-L-066468-25,L2,Order,2026-01-29,K0K,,,,,,"March 12, 2026",True,True,True,True,False,True,text,no dollar amount found
LTB-L-066554-25,L2,Review Order,2026-01-23,L5M,,,,,,,False,,,,,False,text,no dollar amount found
LTB-L-066813-25,L2,Order,2026-01-20,N6J,1916.08,arrears,,,,"January 13, 2026",True,True,True,True,False,False,text,found in operative 'It is ordered that' section; matched expected keyword for category
LTB-L-067049-25,L2,Order,2026-02-27,M4Y,,,,,,,False,,,,,False,text,no dollar amount found
LTB-L-067282-25,L2,Order,2026-01-19,L6H,,,2349.26,pattern_1,,"December 8, 2025",True,False,True,,False,False,text,operative section found but contained only fee/rate/boilerplate amounts — likely no lump sum ordered
LTB-L-067489-25,L2,Order,2026-01-09,M1B,,,,,,"December 4, 2025",True,True,True,True,False,False,text,operative section found but contained only fee/rate/boilerplate amounts — likely no lump sum ordered
LTB-L-067698-25,L2,Review Order,2026-01-20,L2R,,,,,,,False,,,,,False,text,no dollar amount found
LTB-L-067974-25,L2,Order,2026-01-06,M1G,,,,,,"November 20, 2025",True,True,True,True,True,False,text,no dollar amount found
LTB-L-068054-25,L2,Order,2026-01-13,N5H,1066.44,stated_total,,,,"December 4, 2025",True,True,False,True,,True,text,"found in operative 'It is ordered that' section; explicit stated-total phrasing (""...is \$X"")"
LTB-L-068119-24,L2,Order,2026-05-08,N2J,20000.0,ambiguous-max,,,,"May 6, 2026",True,True,False,False,,True,text,"no operative section found, or it had no dollar mentions at all; fell back to full-document search; multiple candidate amounts, took max — manual review advised"
LTB-L-068226-24,L2,Review Order,2026-02-04,M9W,600.0,remedy,,,,"June 25, 2025",True,True,True,True,False,False,text,"found in operative 'It is ordered that' section; single candidate amount, no strong keyword match"
LTB-L-068380-25,L2,Order,2026-02-06,M4C,,,,,,"December 15, 2025",True,True,True,True,True,False,text,operative section found but contained only fee/rate/boilerplate amounts — likely no lump sum ordered
LTB-L-068732-25,L2,Order,2026-03-16,M5A,686.0,stated_total,,,,"November 26, 2025",True,True,False,False,,True,text,"found in operative 'It is ordered that' section; explicit stated-total phrasing (""...is \$X"")"
LTB-L-068890-25,L2,Order,2026-04-07,K1T,14716.12,stated_total,4000.0,pattern_1,3.68,"January 6, 2026",True,True,True,True,True,False,text,"found in operative 'It is ordered that' section; explicit stated-total phrasing (""...is \$X"")"
LTB-L-069160-25,L2,Order,2026-02-27,N6P,526.5,stated_total,2800.0,pattern_3,0.19,"February 5, 2026",True,True,True,True,False,False,text,"found in operative 'It is ordered that' section; explicit stated-total phrasing (""...is \$X"")"
LTB-L-069497-24,L2,Review Order,2026-02-26,N3H,2091.63,claimed,,,,,True,False,False,,,False,text,"no operative section found, or it had no dollar mentions at all; fell back to full-document search; only requested/testified amounts found, no confirmed award — verify manually; single candidate amount, no strong keyword match"
LTB-L-069744-25,L2,Review Order,2026-03-17,P0M,,,,,,,False,,,,,False,text,no dollar amount found
LTB-L-069871-25,L2,Order,2026-01-05,N2J,,,,,,"November 19, 2025",True,True,False,True,,True,text,operative section found but contained only fee/rate/boilerplate amounts — likely no lump sum ordered
LTB-L-069939-25,L2,Order,2026-01-09,K4M,2339.11,ambiguous-max,,,,"December 4, 2025",True,False,True,,False,False,text,"no operative section found, or it had no dollar mentions at all; fell back to full-document search; multiple candidate amounts, took max — manual review advised"
LTB-L-069999-25,L2,Order,2026-02-13,M2R,762.3,other,,,,"January 26, 2026",True,True,True,True,False,False,text,"found in operative 'It is ordered that' section; single candidate amount, no strong keyword match"
LTB-L-070322-25,L2,Order,2026-01-27,M4H,1361.2,stated_total,,,,"December 8, 2025",True,True,False,True,,True,text,"found in operative 'It is ordered that' section; explicit stated-total phrasing (""...is \$X"")"
LTB-L-070422-25,L2,Order,2026-02-09,P0T,,,,,,"February 3, 2026",True,True,False,True,,True,text,operative section found but contained only fee/rate/boilerplate amounts — likely no lump sum ordered
LTB-L-070571-25,L2,Order,2026-02-02,K2B,,,,,,"December 22, 2025",True,True,True,True,False,False,text,no dollar amount found
LTB-L-070594-25,L2,Order,2026-01-19,N5P,,,,,,"December 4, 2025",True,True,False,True,,True,text,operative section found but contained only fee/rate/boilerplate amounts — likely no lump sum ordered
LTB-L-070658-25,L2,Order,2026-01-29,M6J,3710.01,stated_total,,,,"December 8, 2025",True,True,False,True,,True,text,"found in operative 'It is ordered that' section; explicit stated-total phrasing (""...is \$X"")"
LTB-L-070709-25,L2,Order,2026-03-02,M4Y,4366.96,arrears,1277.19,pattern_1,3.42,"December 15, 2025",True,True,True,True,False,False,text,found in operative 'It is ordered that' section; matched expected keyword for category
LTB-L-070952-25,L2,Order,2026-02-18,P9A,24.13,other,,,,"February 12, 2026",True,True,True,True,True,False,text,"found in operative 'It is ordered that' section; single candidate amount, no strong keyword match"
LTB-L-070954-25,L2,Order,2026-01-06,M4H,1180.4,stated_total,,,,"December 4, 2025",True,True,True,True,False,False,text,"found in operative 'It is ordered that' section; explicit stated-total phrasing (""...is \$X"")"
LTB-L-071021-25,L2,Order,2026-01-05,K7A,6925.44,stated_total,1350.0,pattern_1,5.13,"December 4, 2025",True,True,False,True,,True,text,"found in operative 'It is ordered that' section; explicit stated-total phrasing (""...is \$X"")"
LTB-L-071174-24,L2,Order,2026-05-05,K1T,,,,,,"April 28, 2026",True,True,True,True,False,False,text,no dollar amount found
LTB-L-071292-25,L2,Order,2026-01-19,M9A,,,,,,"December 9, 2025",True,False,False,,,True,text,operative section found but contained only fee/rate/boilerplate amounts — likely no lump sum ordered
LTB-L-071299-25,L2,Order,2026-01-09,N7M,,,,,,"December 10, 2025",True,True,True,True,False,False,text,only fee/rate/boilerplate amounts found
LTB-L-071412-24,L2,Order,2026-02-23,M6J,,,,,,"October 21, 2025",True,True,True,True,True,False,text,no dollar amount found
LTB-L-071463-25,L2,Order,2026-03-10,K4K,,,,,,,False,,,,,False,text,no dollar amount found
LTB-L-071721-25,L2,Order,2026-02-09,K1J,2750.71,stated_total,,,,"December 1, 2025",False,,,,,True,text,"found in operative 'It is ordered that' section; explicit stated-total phrasing (""...is \$X"")"
LTB-L-071746-24,L2,Order,2026-01-28,M9B,1250.0,ambiguous-max,,,,"August 21, 2025",True,True,True,True,True,False,text,"no operative section found, or it had no dollar mentions at all; fell back to full-document search; multiple candidate amounts, took max — manual review advised"
LTB-L-071865-25,L2,ExParte Order,2026-03-19,L6T,,,,,,,False,,,,,False,text,no dollar amount found
LTB-L-072034-25,L2,Order,2026-01-06,N9V,,,,,,"December 10, 2025",False,,,,,True,text,no dollar amount found
LTB-L-072156-25,L2,Order,2026-01-14,L7A,,,,,,"January 5, 2026",True,True,False,True,,True,text,no dollar amount found
LTB-L-072324-25,L2,Order,2026-01-27,L3X,,,,,,"January 20, 2026",True,False,True,,False,True,text,no dollar amount found
LTB-L-072340-24,L2,Order,2026-05-01,M1L,3273.31,stated_total,,,,"January 15, 2025",True,True,True,True,False,False,text,"found in operative 'It is ordered that' section; explicit stated-total phrasing (""...is \$X"")"
LTB-L-072402-25,L2,Order,2026-02-09,K2P,,,,,,"December 17, 2025",True,True,True,True,False,False,text,operative section found but contained only fee/rate/boilerplate amounts — likely no lump sum ordered
LTB-L-072406-25,L2,Order,2026-01-21,M3A,,,,,,"January 8, 2026",True,True,True,True,False,False,text,no dollar amount found
LTB-L-072485-25,L2,Amended Order,2026-05-04,N2E,3334.8,stated_total,,,,"January 7, 2026",True,True,False,False,,True,text,"found in operative 'It is ordered that' section; explicit stated-total phrasing (""...is \$X"")"
LTB-L-072696-25,L2,Order,2026-01-14,M6E,,,,,,"January 7, 2026",True,False,True,,False,False,text,no dollar amount found
LTB-L-072704-25,L2,Order,2026-01-13,M6E,,,,,,"January 7, 2026",True,False,True,,False,False,text,no dollar amount found
LTB-L-072780-25,L2,Order,2026-01-16,L4H,730.32,arrears,3151.87,pattern_1,0.23,"November 5, 2025",True,True,True,True,False,False,text,found in operative 'It is ordered that' section; matched expected keyword for category
LTB-L-072942-25,L2,Order,2026-01-19,N7M,,,,,,"December 16, 2025",False,,,,,True,text,no dollar amount found
LTB-L-073076-23,L2,Review Order,2026-01-07,L1H,,,,,,,False,,,,,False,text,no dollar amount found
LTB-L-073092-24,L2,Order,2026-02-06,M8V,3591.0,arrears,1536.36,pattern_2,2.34,,True,True,True,True,True,False,text,found in operative 'It is ordered that' section; matched expected keyword for category
LTB-L-073247-25,L2,Order,2026-03-19,M3J,,,,,,,False,,,,,False,text,no dollar amount found
LTB-L-073312-25,L2,Order,2026-01-12,L8N,,,,,,"November 19, 2025",True,True,False,True,,True,text,operative section found but contained only fee/rate/boilerplate amounts — likely no lump sum ordered
LTB-L-073347-25,L2,Order,2026-01-08,K1N,,,,,,"December 17, 2025",False,,,,,True,text,no dollar amount found
LTB-L-073367-25,L2,Order,2026-01-08,L6A,,,,,,"December 3, 2025",True,True,True,True,False,False,text,no dollar amount found
LTB-L-073584-25,L2,Order,2026-03-24,N5L,,,,,,"March 17, 2026",True,True,False,False,,True,text,no dollar amount found
LTB-L-073663-25,L2,Order,2026-01-05,K7C,,,,,,"November 6, 2025",True,True,True,True,True,False,text,operative section found but contained only fee/rate/boilerplate amounts — likely no lump sum ordered
LTB-L-073923-25,L2,Order,2026-03-17,L2S,,,,,,"March 10, 2026",True,True,False,True,,True,text,no dollar amount found
LTB-L-074052-25,L2,Order,2026-01-12,L6E,,,,,,"January 8, 2026",False,,,,,True,text,no dollar amount found
LTB-L-074353-25,L2,Order,2026-01-20,M6C,,,,,,"December 17, 2025",False,,,,,False,text,only fee/rate/boilerplate amounts found
LTB-L-074450-25,L2,Order,2026-01-19,M5G,3040.91,stated_total,,,,"December 8, 2025",True,True,True,False,False,True,text,"found in operative 'It is ordered that' section; explicit stated-total phrasing (""...is \$X"")"
LTB-L-074525-25,L2,Order,2026-01-21,M5G,,,,,,"December 2, 2025",True,True,True,False,False,False,text,no dollar amount found
LTB-L-074640-25,L2,Order,2026-01-23,P7C,,,,,,"December 2, 2025",True,True,True,False,True,True,text,no dollar amount found
LTB-L-074769-25,L2,Order,2026-02-06,L4G,,,,,,"December 16, 2025",True,True,True,True,True,False,text,no dollar amount found
LTB-L-074849-25,L2,Order,2026-03-13,L6T,,,,,,"March 11, 2026",True,False,True,,False,True,text,no dollar amount found
LTB-L-074881-25,L2,Order,2026-01-05,L9M,101.0,arrears,,,,"December 10, 2025",True,True,True,False,False,False,text,found in operative 'It is ordered that' section; matched expected keyword for category
LTB-L-074931-25,L2,Order,2026-02-09,K7K,,,,,,"February 3, 2026",True,True,False,False,,True,text,operative section found but contained only fee/rate/boilerplate amounts — likely no lump sum ordered
LTB-L-075006-25,L2,Order,2026-01-28,M6H,1500000.0,ambiguous-max,,,,"December 9, 2025",True,True,True,True,True,True,text,"no operative section found, or it had no dollar mentions at all; fell back to full-document search; multiple candidate amounts, took max — manual review advised"
LTB-L-075050-25,L2,Order,2026-02-11,M9N,3000.0,claimed,,,,"January 22, 2026",False,,,,,False,text,"found in operative 'It is ordered that' section; only requested/testified amounts found, no confirmed award — verify manually; single candidate amount, no strong keyword match"
LTB-L-075083-25,L2,Order,2026-01-06,L2J,,,,,,"December 17, 2025",True,True,True,False,False,False,text,no dollar amount found
LTB-L-075282-25,L2,Order,2026-01-12,N2G,,,,,,"January 5, 2026",True,True,False,True,,True,text,operative section found but contained only fee/rate/boilerplate amounts — likely no lump sum ordered
LTB-L-075397-25,L2,Review Order,2026-01-26,M9A,,,,,,,False,,,,,False,text,no dollar amount found
LTB-L-075689-25,L2,Review Order,2026-03-30,M5E,,,,,,"March 31, 2026",False,,,,,False,text,no dollar amount found
LTB-L-075945-25,L2,Review Order,2026-05-07,K6A,,,,,,,False,,,,,False,text,no dollar amount found
LTB-L-075984-25,L2,Order,2026-01-06,P5N,2020.0,stated_total,,,,"December 9, 2025",True,True,False,False,,True,text,"found in operative 'It is ordered that' section; explicit stated-total phrasing (""...is \$X"")"
LTB-L-075984-25,L2,Order,2026-05-07,P5N,2020.0,stated_total,,,,"December 9, 2025",True,True,False,False,,True,text,"found in operative 'It is ordered that' section; explicit stated-total phrasing (""...is \$X"")"
LTB-L-076181-25,L2,Order,2026-01-26,M9V,,,,,,,False,,,,,False,text,no dollar amount found
LTB-L-076267-25,L2,Review Order,2026-03-11,L6M,,,,,,"December 23, 2025",False,,,,,False,text,operative section found but contained only fee/rate/boilerplate amounts — likely no lump sum ordered
LTB-L-076447-25,L2,Order,2026-01-08,M6M,9605.0,stated_total,,,,"December 9, 2025",True,True,False,True,,True,text,"no operative section found, or it had no dollar mentions at all; fell back to full-document search; explicit stated-total phrasing (""...is \$X"")"
LTB-L-076493-25,L2,Order,2026-03-03,L4M,,,,,,"December 10, 2025",True,False,False,,,True,text,no dollar amount found
LTB-L-076528-25,L2,Order,2026-03-26,P3C,,,,,,"March 10, 2026",False,,,,,False,text,operative section found but contained only fee/rate/boilerplate amounts — likely no lump sum ordered
LTB-L-076605-25,L2,Order,2026-01-07,N8Y,605.45,other,,,,"December 11, 2025",True,True,True,True,True,True,text,"no operative section found, or it had no dollar mentions at all; fell back to full-document search; single candidate amount, no strong keyword match"
LTB-L-076659-25,L2,Order,2026-05-29,M5A,,,,,,,False,,,,,False,text,no dollar amount found
LTB-L-076944-25,L2,Order,2026-02-10,N7T,,,,,,"October 28, 2025",True,True,True,True,False,False,text,operative section found but contained only fee/rate/boilerplate amounts — likely no lump sum ordered
LTB-L-077000-25,L2,Order,2026-04-02,L4H,,,,,,"March 30, 2026",True,True,False,True,,False,text,no dollar amount found
LTB-L-077104-25,L2,Order,2026-03-24,L2M,,,,,,"December 2, 2025",True,True,False,False,,True,text,no dollar amount found
LTB-L-077169-25,L2,Order,2026-03-06,K7K,,,,,,"January 8, 2026",True,True,True,True,True,True,text,no dollar amount found
LTB-L-077203-25,L2,Order,2026-03-17,M4C,,,,,,"December 16, 2025",True,False,True,,False,True,text,no dollar amount found
LTB-L-077304-25,L2,Order,2026-01-13,L9C,8000.0,other,2350.0,pattern_2,3.4,"December 17, 2025",True,True,True,True,False,False,text,"found in operative 'It is ordered that' section; single candidate amount, no strong keyword match"
LTB-L-077374-25,L2,Review Order,2026-04-07,L4J,,,,,,"April 7, 2026",True,False,True,,False,True,text,no dollar amount found
LTB-L-077620-25,L2,Order,2026-01-09,K2B,,,,,,"December 17, 2025",True,True,True,True,False,False,text,operative section found but contained only fee/rate/boilerplate amounts — likely no lump sum ordered
LTB-L-077727-25,L2,Order,2026-01-30,N2M,,,,,,,False,,,,,False,text,no dollar amount found
LTB-L-077741-25,L2,Order,2026-01-05,L8M,,,860.0,pattern_3,,"December 16, 2025",True,True,False,True,,False,text,operative section found but contained only fee/rate/boilerplate amounts — likely no lump sum ordered
LTB-L-077989-25,L2,Order,2026-01-09,K1T,1200.0,ambiguous-max,,,,"December 17, 2025",True,False,True,,False,True,text,"no operative section found, or it had no dollar mentions at all; fell back to full-document search; multiple candidate amounts, took max — manual review advised"
LTB-L-078237-24,L2,Order,2026-02-25,M6G,,,,,,"February 20, 2025",False,,,,,False,text,no dollar amount found
LTB-L-078247-25,L2,Order,2026-01-22,L6J,,,,,,"January 7, 2026",True,True,True,False,False,False,text,no dollar amount found
LTB-L-078296-25,L2,Order,2026-01-21,N3R,,,,,,"January 13, 2026",False,,,,,False,text,no dollar amount found
LTB-L-078456-25,L2,Order,2026-01-21,L8V,,,,,,"January 13, 2026",True,True,True,True,False,False,text,no dollar amount found
LTB-L-078621-25,L2,Order,2026-01-26,N3T,,,,,,"December 4, 2025",True,True,True,True,False,True,text,operative section found but contained only fee/rate/boilerplate amounts — likely no lump sum ordered
LTB-L-078778-25,L2,Order,2026-01-22,L0K,,,,,,,False,,,,,False,text,no dollar amount found
LTB-L-078799-25,L2,ExParte Order,2026-01-06,L1G,,,,,,,False,,,,,False,text,no dollar amount found
LTB-L-078856-25,L2,Order,2026-01-07,M4Y,,,,,,"December 18, 2025",False,,,,,True,text,operative section found but contained only fee/rate/boilerplate amounts — likely no lump sum ordered
LTB-L-078884-25,L2,Order,2026-01-13,L5C,1596.0,arrears,,,,"December 17, 2025",True,True,False,False,,True,text,found in operative 'It is ordered that' section; matched expected keyword for category
LTB-L-079146-25,L2,Order,2026-01-28,L2S,,,1139.8,pattern_1,,"January 19, 2026",True,True,True,False,False,False,text,operative section found but contained only fee/rate/boilerplate amounts — likely no lump sum ordered
LTB-L-079186-25,L2,Order,2026-01-07,L4J,,,,,,"November 10, 2025",True,True,True,False,False,False,text,no dollar amount found
LTB-L-079217-25,L2,Order,2026-03-05,P1A,,,,,,"January 13, 2026",True,True,True,True,False,False,text,no dollar amount found
LTB-L-079221-25,L2,Order,2026-01-05,K6V,804.52,ambiguous-max,,,,"December 15, 2025",True,True,True,True,True,False,text,"found in operative 'It is ordered that' section; multiple candidate amounts, took max — manual review advised"
LTB-L-079362-25,L2,Amended Order,2026-02-02,M4M,,,,,,,False,,,,,False,text,operative section found but contained only fee/rate/boilerplate amounts — likely no lump sum ordered
LTB-L-079431-25,L2,Order,2026-02-23,L0L,664.17,stated_total,,,,"January 26, 2026",True,True,True,True,False,False,text,"found in operative 'It is ordered that' section; explicit stated-total phrasing (""...is \$X"")"
LTB-L-079565-25,L2,Review Order,2026-03-11,N2H,,,,,,,False,,,,,False,text,no dollar amount found
LTB-L-079618-25,L2,Order,2026-01-22,P6C,,,,,,"January 13, 2026",True,True,True,True,False,False,text,no dollar amount found
LTB-L-079666-25,L2,Order,2026-03-18,L2E,4719.95,ambiguous-max,,,,"March 11, 2026",True,True,True,True,False,False,text,"found in operative 'It is ordered that' section; multiple candidate amounts, took max — manual review advised"
LTB-L-079830-25,L2,Order,2026-02-24,L6H,,,,,,,False,,,,,False,text,no dollar amount found
LTB-L-080054-25,L2,Order,2026-01-06,L4N,,,,,,"November 7, 2025",True,True,True,False,False,False,text,no dollar amount found
LTB-L-080066-25,L2,Order,2026-01-21,N2B,,,,,,"January 12, 2026",True,True,False,True,,True,text,operative section found but contained only fee/rate/boilerplate amounts — likely no lump sum ordered
LTB-L-080105-25,L2,Order,2026-03-04,L4P,,,,,,"January 15, 2026",True,True,False,False,,True,text,no dollar amount found
LTB-L-080131-25,L2,Order,2026-05-04,M6G,,,,,,,False,,,,,False,text,no dollar amount found
LTB-L-080135-25,L2,Order,2026-01-28,N1R,,,,,,"January 19, 2026",True,False,True,,False,False,text,no dollar amount found
LTB-L-080235-25,L2,Order,2026-03-04,N2M,,,,,,"January 22, 2026",True,True,False,True,,True,text,operative section found but contained only fee/rate/boilerplate amounts — likely no lump sum ordered
LTB-L-080582-25,L2,Order,2026-05-11,N9V,4003.04,stated_total,1537.0,pattern_1,2.6,"January 21, 2026",True,True,False,True,,True,text,"found in operative 'It is ordered that' section; explicit stated-total phrasing (""...is \$X"")"
LTB-L-080666-25,L2,Order,2026-03-11,M9R,186.0,other,,,,"February 19, 2026",True,True,True,True,False,False,text,"no operative section found, or it had no dollar mentions at all; fell back to full-document search; single candidate amount, no strong keyword match"
LTB-L-080783-25,L2,Order,2026-01-20,P0N,1950.48,stated_total,559.0,pattern_1,3.49,"January 13, 2026",True,True,False,True,,True,text,"found in operative 'It is ordered that' section; explicit stated-total phrasing (""...is \$X"")"
LTB-L-080801-25,L2,Order,2026-04-20,K1Z,429.11,arrears,904.0,pattern_1,0.47,"February 12, 2026",True,True,True,True,True,False,text,found in operative 'It is ordered that' section; matched expected keyword for category
LTB-L-080820-25,L2,Order,2026-04-17,K1Z,570.76,arrears,1088.0,pattern_1,0.52,"February 12, 2026",True,True,True,True,True,False,text,found in operative 'It is ordered that' section; matched expected keyword for category
LTB-L-080902-25,L2,Order,2026-01-05,L9H,,,,,,"December 18, 2025",True,True,True,True,False,False,text,no dollar amount found
LTB-L-080974-25,L2,Order,2026-03-03,L1V,,,,,,"February 24, 2026",True,True,True,True,False,False,text,no dollar amount found
LTB-L-081054-25,L2,Order,2026-03-04,M4W,1521.8,stated_total,,,,"December 16, 2025",True,True,False,True,,True,text,"found in operative 'It is ordered that' section; explicit stated-total phrasing (""...is \$X"")"
LTB-L-081230-25,L2,Order,2026-02-06,L7A,2425.0,ambiguous-max,,,,"January 12, 2026",True,True,True,False,False,False,text,"no operative section found, or it had no dollar mentions at all; fell back to full-document search; multiple candidate amounts, took max — manual review advised"
LTB-L-081284-25,L2,Order,2026-02-10,L6S,,,,,,"January 19, 2026",True,True,True,True,True,False,text,no dollar amount found
LTB-L-081296-25,L2,Order,2026-02-11,N3C,,,,,,"January 22, 2026",True,True,True,True,True,False,text,no dollar amount found
LTB-L-081352-25,L2,Order,2026-01-16,K6H,1537.5,stated_total,1537.5,pattern_2,1.0,"January 14, 2026",False,,,,,False,text,"found in operative 'It is ordered that' section; explicit stated-total phrasing (""...is \$X"")"
LTB-L-081598-25,L2,Order,2026-02-05,N7T,,,,,,"December 11, 2025",True,True,True,True,True,False,text,no dollar amount found
LTB-L-081814-25,L2,Order,2026-04-01,K6A,,,,,,,False,,,,,False,text,no dollar amount found
LTB-L-081815-25,L2,Order,2026-02-04,K1J,,,,,,"January 27, 2026",True,True,True,True,False,False,text,operative section found but contained only fee/rate/boilerplate amounts — likely no lump sum ordered
LTB-L-081833-25,L2,Order,2026-01-20,L3V,,,,,,"January 14, 2026",True,True,False,True,,True,text,no dollar amount found
LTB-L-081843-25,L2,Order,2026-01-06,L6P,186.0,other,,,,"December 17, 2025",True,True,True,True,False,False,text,"no operative section found, or it had no dollar mentions at all; fell back to full-document search; single candidate amount, no strong keyword match"
LTB-L-082206-25,L2,Order,2026-01-21,L5J,,,2400.0,pattern_1,,"January 14, 2026",False,,,,,False,text,operative section found but contained only fee/rate/boilerplate amounts — likely no lump sum ordered
LTB-L-082366-25,L2,Order,2026-02-25,P0M,,,,,,"February 3, 2026",True,True,True,True,False,True,text,no dollar amount found
LTB-L-082391-25,L2,Order,2026-02-09,L3T,,,,,,"January 22, 2026",True,True,True,True,False,False,text,operative section found but contained only fee/rate/boilerplate amounts — likely no lump sum ordered
LTB-L-082401-25,L2,Order,2026-02-16,L7M,,,,,,"November 27, 2025",True,True,True,True,False,False,text,operative section found but contained only fee/rate/boilerplate amounts — likely no lump sum ordered
LTB-L-082402-24,L2,Review Order,2026-01-05,M4K,800.0,other,,,,"October 21, 2025",True,True,True,True,True,False,text,"no operative section found, or it had no dollar mentions at all; fell back to full-document search; single candidate amount, no strong keyword match"
LTB-L-082408-25,L2,Order,2026-01-15,M9V,,,,,,,False,,,,,False,text,operative section found but contained only fee/rate/boilerplate amounts — likely no lump sum ordered
LTB-L-082482-25,L2,Amended Order,2026-03-23,M3A,,,,,,"January 6, 2026",True,True,True,True,True,False,text,operative section found but contained only fee/rate/boilerplate amounts — likely no lump sum ordered
LTB-L-082521-25,L2,Order,2026-02-23,P7B,,,,,,"January 19, 2026",True,True,False,True,,True,text,operative section found but contained only fee/rate/boilerplate amounts — likely no lump sum ordered
LTB-L-082594-25,L2,Order,2026-03-11,P2A,10000.0,other,,,,,False,,,,,False,text,"found in operative 'It is ordered that' section; single candidate amount, no strong keyword match"
LTB-L-082763-25,L2,Order,2026-02-03,P0M,16435.28,arrears,1689.22,pattern_1,9.73,"January 26, 2026",True,True,False,True,,True,text,found in operative 'It is ordered that' section; matched expected keyword for category
LTB-L-082823-25,L2,Order,2026-04-07,K1Y,,,,,,"January 14, 2026",True,True,True,True,True,False,text,no dollar amount found
LTB-L-082972-25,L2,Order,2026-01-26,N6C,,,,,,"January 19, 2026",False,,,,,True,text,no dollar amount found
LTB-L-083149-25,L2,Order,2026-03-06,L3S,,,,,,"January 27, 2026",True,True,True,False,False,False,text,no dollar amount found
LTB-L-083172-25,L2,Order,2026-03-02,L4H,,,,,,"January 13, 2026",True,True,True,False,False,False,text,no dollar amount found
LTB-L-083214-25,L2,Order,2026-01-06,M4P,,,,,,"December 16, 2025",True,True,False,True,,True,text,operative section found but contained only fee/rate/boilerplate amounts — likely no lump sum ordered
LTB-L-083303-25,L2,Order,2026-03-03,N1A,742.21,arrears,,,,"January 13, 2026",True,True,True,True,False,False,text,found in operative 'It is ordered that' section; matched expected keyword for category
LTB-L-083437-25,L2,Review Order,2026-03-18,L0L,,,,,,,False,,,,,False,text,no dollar amount found
LTB-L-083443-25,L2,Order,2026-02-06,M1C,325.25,other,,,,,False,,,,,False,text,"found in operative 'It is ordered that' section; single candidate amount, no strong keyword match"
LTB-L-083525-25,L2,Order,2026-02-17,L3K,,,,,,"January 14, 2026",True,True,True,False,False,False,text,no dollar amount found
LTB-L-083541-25,L2,Order,2026-01-26,L2P,7466.0,arrears,,,,"January 15, 2026",False,,,,,False,text,found in operative 'It is ordered that' section; matched expected keyword for category
LTB-L-083666-25,L2,Order,2026-01-21,N8X,,,,,,"January 15, 2026",True,True,False,False,,True,text,no dollar amount found
LTB-L-083816-25,L2,Order,2026-02-11,P6B,675.0,ambiguous-max,699.0,pattern_1,0.97,"February 3, 2026",False,,,,,False,text,"no operative section found, or it had no dollar mentions at all; fell back to full-document search; multiple candidate amounts, took max — manual review advised"
LTB-L-083843-25,L2,Order,2026-02-17,L1Z,,,,,,"February 9, 2026",True,True,False,True,,True,text,no dollar amount found
LTB-L-083939-25,L2,Review Order,2026-02-12,M4H,,,,,,,False,,,,,False,text,no dollar amount found
LTB-L-083950-25,L2,Order,2026-01-28,M5R,,,,,,"January 20, 2026",False,,,,,False,text,operative section found but contained only fee/rate/boilerplate amounts — likely no lump sum ordered
LTB-L-084099-25,L2,Amended Order,2026-03-13,N8W,2000.0,ambiguous-max,,,,"December 3, 2025",True,True,True,True,False,False,text,"found in operative 'It is ordered that' section; multiple candidate amounts, took max — manual review advised"
LTB-L-084229-25,L2,Order,2026-01-23,N1H,1410.42,arrears,1950.0,pattern_1,0.72,"November 24, 2025",True,True,True,True,False,False,text,found in operative 'It is ordered that' section; matched expected keyword for category
LTB-L-084301-25,L2,Order,2026-01-26,L4C,,,,,,"January 14, 2026",True,True,True,True,True,False,text,no dollar amount found
LTB-L-084415-25,L2,Order,2026-01-21,M4K,,,,,,"January 8, 2026",True,True,True,True,True,False,text,operative section found but contained only fee/rate/boilerplate amounts — likely no lump sum ordered
LTB-L-084587-25,L2,Order,2026-03-19,P7C,899.0,ambiguous-max,,,,"February 2, 2026",True,True,True,True,False,False,text,"no operative section found, or it had no dollar mentions at all; fell back to full-document search; multiple candidate amounts, took max — manual review advised"
LTB-L-084681-25,L2,Order,2026-02-09,M2N,4022.12,other,,,,"December 18, 2025",True,True,False,True,,True,text,"no operative section found, or it had no dollar mentions at all; fell back to full-document search; single candidate amount, no strong keyword match"
LTB-L-084741-25,L2,Order,2026-02-09,L4R,,,,,,"February 2, 2026",True,True,True,False,False,False,text,no dollar amount found
LTB-L-084876-25,L2,Order,2026-01-28,M6A,,,,,,"December 3, 2025",True,True,True,False,False,False,text,operative section found but contained only fee/rate/boilerplate amounts — likely no lump sum ordered
LTB-L-084947-25,L2,Order,2026-01-29,K2H,,,,,,"January 26, 2026",True,True,False,False,,False,text,no dollar amount found
LTB-L-085179-25,L2,Order,2026-04-24,N9V,,,,,,,False,,,,,False,text,no dollar amount found
LTB-L-085314-25,L2,Order,2026-02-10,N7M,,,,,,"February 3, 2026",True,True,True,True,False,False,text,no dollar amount found
LTB-L-085326-25,L2,Order,2026-01-16,L8H,,,,,,,False,,,,,False,text,operative section found but contained only fee/rate/boilerplate amounts — likely no lump sum ordered
LTB-L-085447-25,L2,Order,2026-01-08,N2M,,,,,,"December 18, 2025",True,False,True,,True,True,text,no dollar amount found
LTB-L-085480-25,L2,Order,2026-05-01,M8V,,,,,,"December 16, 2025",False,,,,,False,text,operative section found but contained only fee/rate/boilerplate amounts — likely no lump sum ordered
LTB-L-085517-25,L2,Order,2026-01-08,M6L,,,,,,"December 16, 2025",False,,,,,False,text,operative section found but contained only fee/rate/boilerplate amounts — likely no lump sum ordered
LTB-L-085657-25,L2,Order,2026-02-26,M6N,224.29,stated_total,3500.0,pattern_1,0.06,"February 3, 2026",True,True,False,False,,True,text,"found in operative 'It is ordered that' section; explicit stated-total phrasing (""...is \$X"")"
LTB-L-085659-25,L2,Order,2026-03-03,K1V,,,,,,,False,,,,,False,text,no dollar amount found
LTB-L-085708-25,L2,Order,2026-02-12,K7H,,,,,,"February 3, 2026",True,True,True,True,True,False,text,operative section found but contained only fee/rate/boilerplate amounts — likely no lump sum ordered
LTB-L-085864-25,L2,Order,2026-02-10,M6K,93.0,arrears,,,,"February 3, 2026",True,True,True,True,False,False,text,found in operative 'It is ordered that' section; matched expected keyword for category
LTB-L-085913-25,L2,Order,2026-03-03,L2V,,,,,,"February 25, 2026",True,False,True,,True,True,text,no dollar amount found
LTB-L-085955-25,L2,Order,2026-02-11,N7G,186.0,stated_total,,,,"February 3, 2026",True,True,False,True,,True,text,"found in operative 'It is ordered that' section; explicit stated-total phrasing (""...is \$X"")"
LTB-L-086052-25,L2,Review Order,2026-04-20,M1J,,,,,,"March 11, 2026",False,,,,,False,text,no dollar amount found
LTB-L-086071-25,L2,Order,2026-02-17,P1B,,,,,,"February 3, 2026",False,,,,,False,text,no dollar amount found
LTB-L-086100-25,L2,Order,2026-01-09,M4T,,,,,,"December 16, 2025",True,True,False,True,,True,text,no dollar amount found
LTB-L-086214-25,L2,Order,2026-02-03,M8V,5039.24,stated_total,900.0,pattern_1,5.6,"January 21, 2026",True,True,False,False,,True,text,"found in operative 'It is ordered that' section; explicit stated-total phrasing (""...is \$X"")"
LTB-L-086318-25,L2,Order,2026-01-08,N9B,,,,,,"December 2, 2025",True,True,True,False,False,False,text,no dollar amount found
LTB-L-086428-25,L2,Order,2026-03-26,P0T,,,,,,"March 24, 2026",True,True,False,False,,True,text,no dollar amount found
LTB-L-086444-25,L2,Order,2026-02-10,M6P,,,,,,"February 2, 2026",True,True,False,True,,True,text,operative section found but contained only fee/rate/boilerplate amounts — likely no lump sum ordered
LTB-L-086676-25,L2,Order,2026-02-11,K9A,,,,,,"February 4, 2026",False,,,,,True,text,no dollar amount found
LTB-L-086858-25,L2,Order,2026-02-26,L4A,,,582.0,pattern_1,,"February 5, 2026",True,True,False,True,,True,text,operative section found but contained only fee/rate/boilerplate amounts — likely no lump sum ordered
LTB-L-086885-25,L2,Order,2026-01-21,N1H,3785.5,arrears,,,,"January 12, 2026",True,True,True,True,True,False,text,found in operative 'It is ordered that' section; matched expected keyword for category
LTB-L-086936-25,L2,Order,2026-01-22,L8S,,,,,,,False,,,,,False,text,operative section found but contained only fee/rate/boilerplate amounts — likely no lump sum ordered
LTB-L-086954-25,L2,Order,2026-01-13,M6B,,,,,,"December 16, 2025",False,,,,,False,text,operative section found but contained only fee/rate/boilerplate amounts — likely no lump sum ordered
LTB-L-086988-25,L2,Review Order,2026-02-02,M6E,,,,,,,False,,,,,False,text,no dollar amount found
LTB-L-087009-25,L2,Order,2026-02-20,L2E,,,,,,"February 12, 2026",True,True,True,False,False,False,text,no dollar amount found
LTB-L-087011-25,L2,Order,2026-01-26,K2A,,,,,,"January 12, 2026",True,True,True,True,False,False,text,operative section found but contained only fee/rate/boilerplate amounts — likely no lump sum ordered
LTB-L-087229-25,L2,Order,2026-05-22,K1J,3186.0,stated_total,1825.0,pattern_1,1.75,"March 12, 2026",True,True,False,True,,True,text,"found in operative 'It is ordered that' section; explicit stated-total phrasing (""...is \$X"")"
LTB-L-087239-25,L2,Order,2026-01-09,M4J,,,,,,"December 17, 2025",True,True,True,False,False,False,text,operative section found but contained only fee/rate/boilerplate amounts — likely no lump sum ordered
LTB-L-087275-25,L2,Order,2026-02-25,L5B,,,2900.0,pattern_1,,,False,,,,,False,text,operative section found but contained only fee/rate/boilerplate amounts — likely no lump sum ordered
LTB-L-087330-25,L2,Order,2026-02-27,K7K,,,716.0,pattern_1,,,False,,,,,False,text,operative section found but contained only fee/rate/boilerplate amounts — likely no lump sum ordered
LTB-L-087421-25,L2,Order,2026-03-09,P1B,,,,,,"February 24, 2026",True,True,False,False,,True,text,no dollar amount found
LTB-L-087438-25,L2,Order,2026-02-26,M5A,,,,,,,False,,,,,False,text,operative section found but contained only fee/rate/boilerplate amounts — likely no lump sum ordered
LTB-L-087490-25,L2,Order,2026-05-04,L3K,,,,,,"March 31, 2026",True,False,True,,False,False,text,operative section found but contained only fee/rate/boilerplate amounts — likely no lump sum ordered
LTB-L-087499-25,L2,Order,2026-01-30,N3T,,,,,,"January 19, 2026",False,,,,,False,text,operative section found but contained only fee/rate/boilerplate amounts — likely no lump sum ordered
LTB-L-087564-25,L2,Order,2026-01-13,M3A,,,2687.0,pattern_4,,"January 5, 2026",True,True,True,True,False,False,text,operative section found but contained only fee/rate/boilerplate amounts — likely no lump sum ordered
LTB-L-087576-25,L2,Order,2026-01-07,L6T,,,,,,"December 18, 2025",False,,,,,False,text,only fee/rate/boilerplate amounts found
LTB-L-087592-25,L2,Order,2026-02-02,M4Y,186.0,stated_total,,,,"January 28, 2026",True,True,False,False,,True,text,"found in operative 'It is ordered that' section; explicit stated-total phrasing (""...is \$X"")"
LTB-L-087652-25,L2,Order,2026-02-18,L7M,,,,,,"February 9, 2026",True,True,False,True,,True,text,no dollar amount found
LTB-L-087685-25,L2,Order,2026-01-07,L4K,,,,,,"December 18, 2025",False,,,,,False,text,operative section found but contained only fee/rate/boilerplate amounts — likely no lump sum ordered
LTB-L-087694-25,L2,Order,2026-01-13,N5A,,,,,,"January 7, 2026",False,,,,,False,text,operative section found but contained only fee/rate/boilerplate amounts — likely no lump sum ordered
LTB-L-087935-25,L2,Order,2026-02-25,N7V,,,,,,"February 10, 2026",True,True,True,True,True,False,text,no dollar amount found
LTB-L-088105-25,L2,Order,2026-01-07,N6L,,,,,,"December 18, 2025",False,,,,,False,text,no dollar amount found
LTB-L-088111-25,L2,Order,2026-02-02,K8V,,,,,,"January 28, 2026",True,True,False,True,,True,text,operative section found but contained only fee/rate/boilerplate amounts — likely no lump sum ordered
LTB-L-088135-25,L2,Order,2026-02-04,P1A,186.0,other,,,,"January 20, 2026",True,True,True,True,True,False,text,"found in operative 'It is ordered that' section; single candidate amount, no strong keyword match"
LTB-L-088186-25,L2,Order,2026-04-01,L5G,,,,,,"February 12, 2026",True,True,False,True,,True,text,no dollar amount found
LTB-L-088207-25,L2,Order,2026-02-12,K1R,1650.0,ambiguous-max,,,,"February 5, 2026",True,True,True,True,False,False,text,"found in operative 'It is ordered that' section; multiple candidate amounts, took max — manual review advised"
LTB-L-088257-25,L2,Order,2026-01-30,L9Z,,,,,,"January 28, 2026",True,True,True,True,False,False,text,no dollar amount found
LTB-L-088348-25,L2,Order,2026-04-16,L3Z,,,,,,"April 8, 2026",True,True,True,False,False,False,text,operative section found but contained only fee/rate/boilerplate amounts — likely no lump sum ordered
LTB-L-088412-25,L2,Order,2026-01-12,L5J,,,,,,"January 5, 2026",False,,,,,False,text,operative section found but contained only fee/rate/boilerplate amounts — likely no lump sum ordered
LTB-L-088790-25,L2,Order,2026-01-09,P6A,,,,,,"January 6, 2026",True,False,True,,False,True,text,no dollar amount found
LTB-L-088998-25,L2,Order,2026-03-19,N7T,1086.0,stated_total,,,,"February 4, 2026",True,True,False,False,,True,text,"found in operative 'It is ordered that' section; explicit stated-total phrasing (""...is \$X"")"
LTB-L-089025-25,L2,Order,2026-02-11,L6W,2000.0,arrears,,,,"January 29, 2026",False,,,,,False,text,found in operative 'It is ordered that' section; matched expected keyword for category
LTB-L-089107-25,L2,Order,2026-03-19,M1C,,,,,,"February 4, 2026",True,True,True,True,False,False,text,no dollar amount found
LTB-L-089112-25,L2,Order,2026-03-10,K1K,,,,,,,False,,,,,False,text,no dollar amount found
LTB-L-089180-25,L2,Order,2026-01-16,N7T,,,,,,"January 8, 2026",True,True,False,True,,True,text,no dollar amount found
LTB-L-089236-25,L2,Order,2026-03-11,L6B,,,,,,"February 10, 2026",True,True,True,True,True,False,text,no dollar amount found
LTB-L-089375-25,L2,Order,2026-01-28,L1W,,,1400.0,pattern_1,,"January 20, 2026",True,True,True,True,True,False,text,"found in operative 'It is ordered that' section; only opposite-direction amount(s) found (money flowing the other way, likely a combined hearing) — no correctly-directed amount found; largest opposite-direction figure was \$2,000.00, excluded"
LTB-L-089450-25,L2,Order,2026-03-13,N0M,293.8,claimed,,,,"February 4, 2026",True,True,True,True,False,False,text,"found in operative 'It is ordered that' section; only requested/testified amounts found, no confirmed award — verify manually; single candidate amount, no strong keyword match"
LTB-L-089478-25,L2,Order,2026-03-05,P1P,,,,,,"January 6, 2026",True,True,False,True,,True,text,operative section found but contained only fee/rate/boilerplate amounts — likely no lump sum ordered
LTB-L-089564-25,L2,Order,2026-04-07,L3B,305.0,arrears,,,,"January 6, 2026",True,True,True,True,False,False,text,found in operative 'It is ordered that' section; matched expected keyword for category
LTB-L-089615-25,L2,Order,2026-03-04,P0K,,,,,,"February 24, 2026",True,True,False,False,,True,text,operative section found but contained only fee/rate/boilerplate amounts — likely no lump sum ordered
LTB-L-089627-25,L2,Order,2026-03-12,P7E,513.6,arrears,,,,"February 5, 2026",True,True,False,True,,True,text,found in operative 'It is ordered that' section; matched expected keyword for category
LTB-L-089668-25,L2,Order,2026-01-15,M6K,,,,,,"January 7, 2026",True,True,True,True,False,False,text,no dollar amount found
LTB-L-089681-25,L2,Order,2026-01-26,L6C,2639.3,arrears,,,,"January 21, 2026",True,True,False,True,,True,text,found in operative 'It is ordered that' section; matched expected keyword for category
LTB-L-089712-25,L2,Order,2026-01-12,N2C,,,,,,"January 5, 2026",True,True,False,True,,True,text,no dollar amount found
LTB-L-089725-25,L2,Order,2026-02-25,N5Y,,,,,,"February 18, 2026",True,True,True,False,False,False,text,operative section found but contained only fee/rate/boilerplate amounts — likely no lump sum ordered
LTB-L-089792-25,L2,Order,2026-03-09,P7E,,,,,,"January 6, 2026",True,True,True,False,False,False,text,no dollar amount found
LTB-L-089805-25,L2,Order,2026-02-11,M1K,,,,,,"February 4, 2026",True,True,True,True,True,False,text,operative section found but contained only fee/rate/boilerplate amounts — likely no lump sum ordered
LTB-L-089854-25,L2,Order,2026-01-06,L2E,,,,,,"November 19, 2025",True,True,True,True,False,False,text,"found in operative 'It is ordered that' section; only opposite-direction amount(s) found (money flowing the other way, likely a combined hearing) — no correctly-directed amount found; largest opposite-direction figure was \$3,408.12, excluded"
LTB-L-089911-25,L2,Order,2026-02-02,L1H,,,,,,"November 17, 2025",True,True,False,False,,True,text,no dollar amount found
LTB-L-089973-24,L2,Order,2026-02-10,L0G,200.0,arrears,,,,"February 2, 2026",False,,,,,False,text,found in operative 'It is ordered that' section; matched expected keyword for category
LTB-L-089990-25,L2,Order,2026-01-09,M4N,,,,,,,False,,,,,False,text,operative section found but contained only fee/rate/boilerplate amounts — likely no lump sum ordered
LTB-L-090317-25,L2,Order,2026-01-14,M9R,,,,,,"January 6, 2026",False,,,,,False,text,only fee/rate/boilerplate amounts found
LTB-L-090328-23,L2,Order,2026-02-19,M5R,,,,,,,False,,,,,False,text,no dollar amount found
LTB-L-090378-25,L2,Order,2026-01-15,N1A,,,,,,"January 7, 2026",True,True,False,True,,True,text,no dollar amount found
LTB-L-090461-25,L2,Order,2026-01-26,L1G,,,,,,"January 19, 2026",True,False,True,,False,False,text,operative section found but contained only fee/rate/boilerplate amounts — likely no lump sum ordered
LTB-L-090488-25,L2,Review Order,2026-04-23,P2N,,,,,,"April 20, 2026",True,False,True,,False,False,text,no dollar amount found
LTB-L-090548-25,L2,Order,2026-01-22,M5V,5320.76,arrears,2350.0,pattern_1,2.26,"January 19, 2026",True,True,False,True,,True,text,found in operative 'It is ordered that' section; matched expected keyword for category
LTB-L-090587-25,L2,Order,2026-01-22,N4K,,,,,,"January 19, 2026",False,,,,,True,text,no dollar amount found
LTB-L-090657-25,L2,Order,2026-02-05,N6B,201.0,stated_total,,,,"January 28, 2026",True,True,True,False,False,False,text,"found in operative 'It is ordered that' section; explicit stated-total phrasing (""...is \$X"")"
LTB-L-090843-25,L2,Order,2026-02-24,L6P,,,,,,"February 17, 2026",True,False,True,,False,True,text,no dollar amount found
LTB-L-090937-25,L2,Order,2026-03-05,L3T,568.68,stated_total,2993.0,pattern_1,0.19,"January 6, 2026",True,True,True,True,True,True,text,"found in operative 'It is ordered that' section; explicit stated-total phrasing (""...is \$X"")"
LTB-L-090979-25,L2,Order,2026-01-16,M6K,,,,,,"January 7, 2026",True,True,True,True,True,False,text,no dollar amount found
LTB-L-091008-25,L2,Order,2026-04-23,L4C,13611.06,ambiguous-max,,,,"January 8, 2026",True,True,True,True,True,False,text,"no operative section found, or it had no dollar mentions at all; fell back to full-document search; multiple candidate amounts, took max — manual review advised"
LTB-L-091028-25,L2,Order,2026-01-22,P7A,773.07,arrears,,,,"January 6, 2026",True,True,False,True,,True,text,found in operative 'It is ordered that' section; matched expected keyword for category
LTB-L-091065-25,L2,Order,2026-03-11,N1R,4692.25,stated_total,1475.12,pattern_1,3.18,"January 20, 2026",True,True,False,True,,True,text,"found in operative 'It is ordered that' section; explicit stated-total phrasing (""...is \$X"")"
LTB-L-091131-25,L2,Order,2026-02-09,L9Y,,,,,,"February 5, 2026",True,True,True,False,False,False,text,no dollar amount found
LTB-L-091180-25,L2,Order,2026-01-09,M4H,146.38,arrears,,,,"January 6, 2026",False,,,,,False,text,found in operative 'It is ordered that' section; matched expected keyword for category
LTB-L-091212-25,L2,ExParte Order,2026-01-27,P0V,,,,,,,False,,,,,False,text,no dollar amount found
LTB-L-091251-25,L2,Order,2026-01-19,P1H,,,,,,"January 8, 2026",True,True,True,True,True,False,text,no dollar amount found
LTB-L-091265-25,L2,Order,2026-01-28,M9A,,,,,,"January 20, 2026",True,True,True,True,False,False,text,operative section found but contained only fee/rate/boilerplate amounts — likely no lump sum ordered
LTB-L-091509-25,L2,Order,2026-04-02,M4X,,,,,,"March 9, 2026",True,True,False,True,,True,text,operative section found but contained only fee/rate/boilerplate amounts — likely no lump sum ordered
LTB-L-091515-25,L2,Order,2026-05-27,N1R,,,,,,"April 15, 2026",True,True,True,True,True,False,text,no dollar amount found
LTB-L-091570-25,L2,Order,2026-02-20,L4M,186.0,stated_total,,,,"February 4, 2026",True,True,False,True,,True,text,"found in operative 'It is ordered that' section; explicit stated-total phrasing (""...is \$X"")"
LTB-L-091670-25,L2,Order,2026-01-23,K8P,1214.76,stated_total,1058.1,pattern_1,1.15,"January 12, 2026",True,True,True,False,False,False,text,"found in operative 'It is ordered that' section; explicit stated-total phrasing (""...is \$X"")"
LTB-L-091738-25,L2,Order,2026-02-06,N6H,1300.0,other,,,,"February 5, 2026",True,True,True,True,False,False,text,"found in operative 'It is ordered that' section; single candidate amount, no strong keyword match"
LTB-L-091781-25,L2,Order,2026-02-23,L2P,1004.57,other,,,,"February 4, 2026",True,True,True,True,False,False,text,"found in operative 'It is ordered that' section; single candidate amount, no strong keyword match"
LTB-L-091792-25,L2,ExParte Order,2026-04-24,L6W,,,,,,,False,,,,,False,text,no dollar amount found
LTB-L-091834-25,L2,Order,2026-01-13,K1Z,,,,,,"January 6, 2026",True,False,True,,False,False,text,operative section found but contained only fee/rate/boilerplate amounts — likely no lump sum ordered
LTB-L-092114-25,L2,Order,2026-01-20,L6P,,,,,,"January 12, 2026",True,True,False,False,,True,text,no dollar amount found
LTB-L-092142-25,L2,Order,2026-03-02,K0H,,,,,,"February 2, 2026",True,True,True,False,False,False,text,no dollar amount found
LTB-L-092214-25,L2,Order,2026-02-03,L6H,3822.96,arrears,,,,"January 27, 2026",True,True,True,True,True,True,text,found in operative 'It is ordered that' section; matched expected keyword for category
LTB-L-092399-25,L2,Order,2026-03-20,N0L,,,,,,"March 9, 2026",True,False,True,,False,True,text,no dollar amount found
LTB-L-092420-25,L2,Order,2026-01-09,K6H,,,,,,"December 15, 2025",True,True,True,True,False,False,text,operative section found but contained only fee/rate/boilerplate amounts — likely no lump sum ordered
LTB-L-092438-25,L2,Order,2026-04-30,M3M,,,,,,,False,,,,,False,text,no dollar amount found
LTB-L-092463-25,L2,Order,2026-01-06,L2V,185.0,stated_total,,,,"December 15, 2025",True,True,False,True,,True,text,"found in operative 'It is ordered that' section; explicit stated-total phrasing (""...is \$X"")"
LTB-L-092635-23,L2,Order,2026-01-05,N2B,,,,,,"October 23, 2025",True,True,True,False,False,False,text,no dollar amount found
LTB-L-092801-25,L2,Order,2026-02-17,P3C,,,,,,,False,,,,,False,text,operative section found but contained only fee/rate/boilerplate amounts — likely no lump sum ordered
LTB-L-092856-25,L2,Order,2026-04-01,L6V,950.0,other,,,,"February 23, 2026",True,True,True,True,True,False,text,"found in operative 'It is ordered that' section; single candidate amount, no strong keyword match"
LTB-L-093248-25,L2,Order,2026-02-19,P3E,400.0,ambiguous-max,,,,"February 11, 2026",True,True,False,False,,True,text,"no operative section found, or it had no dollar mentions at all; fell back to full-document search; multiple candidate amounts, took max — manual review advised"
LTB-L-093331-25,L2,Order,2026-02-23,N7M,2044.6,stated_total,977.5,pattern_1,2.09,"February 11, 2026",True,True,False,False,,True,text,"found in operative 'It is ordered that' section; explicit stated-total phrasing (""...is \$X"")"
LTB-L-093382-25,L2,Review Order,2026-05-25,M3N,,,,,,"May 7, 2026",True,True,True,True,False,False,text,operative section found but contained only fee/rate/boilerplate amounts — likely no lump sum ordered
LTB-L-093382-25,L2,Order,2026-02-23,M3N,,,,,,"May 7, 2026",True,True,True,True,False,False,text,operative section found but contained only fee/rate/boilerplate amounts — likely no lump sum ordered
LTB-L-093548-25,L2,Amended Order,2026-04-16,L5N,25218.02,stated_total,,,,"April 1, 2026",True,True,True,True,False,True,text,"found in operative 'It is ordered that' section; explicit stated-total phrasing (""...is \$X"")"
LTB-L-093556-25,L2,Order,2026-03-11,K1R,186.0,stated_total,,,,"February 10, 2026",True,True,False,True,,True,text,"found in operative 'It is ordered that' section; explicit stated-total phrasing (""...is \$X"")"
LTB-L-093669-25,L2,Order,2026-02-20,M5P,450.15,other,,,,"February 12, 2026",True,True,True,True,False,True,text,"no operative section found, or it had no dollar mentions at all; fell back to full-document search; single candidate amount, no strong keyword match"
LTB-L-093891-25,L2,Order,2026-03-31,P1A,,,,,,,False,,,,,False,text,no dollar amount found
LTB-L-093962-25,L2,Order,2026-01-19,N8X,,,,,,,True,True,True,True,False,False,text,no dollar amount found
LTB-L-094004-25,L2,Order,2026-03-03,L7G,,,,,,"February 25, 2026",True,False,False,,,False,text,only fee/rate/boilerplate amounts found
LTB-L-094065-25,L2,Order,2026-04-08,M1E,,,,,,"February 11, 2026",True,True,True,True,False,True,text,operative section found but contained only fee/rate/boilerplate amounts — likely no lump sum ordered
LTB-L-094204-25,L2,Order,2026-04-14,M1K,850.0,other,,,,"January 8, 2026",True,True,True,True,True,False,text,"no operative section found, or it had no dollar mentions at all; fell back to full-document search; single candidate amount, no strong keyword match"
LTB-L-094264-25,L2,Order,2026-02-24,N9A,44.65,stated_total,1224.94,pattern_1,0.04,"February 19, 2026",True,True,False,False,,True,text,"found in operative 'It is ordered that' section; explicit stated-total phrasing (""...is \$X"")"
LTB-L-094284-25,L2,Order,2026-01-27,L5J,,,,,,"January 8, 2026",True,True,True,False,False,True,text,operative section found but contained only fee/rate/boilerplate amounts — likely no lump sum ordered
LTB-L-094295-25,L2,Order,2026-03-11,P0K,,,,,,"February 10, 2026",True,False,False,,,True,text,no dollar amount found
LTB-L-094420-25,L2,Order,2026-05-01,L1N,,,,,,"April 15, 2026",True,True,True,True,True,False,text,"found in operative 'It is ordered that' section; only opposite-direction amount(s) found (money flowing the other way, likely a combined hearing) — no correctly-directed amount found; largest opposite-direction figure was \$600.00, excluded"
LTB-L-094689-25,L2,Order,2026-03-20,L8H,15000.0,other,,,,,False,,,,,False,text,"found in operative 'It is ordered that' section; single candidate amount, no strong keyword match"
LTB-L-094691-24,L2,Review Order,2026-01-12,N7T,1250.0,ambiguous-max,1250.0,pattern_3,1.0,"November 18, 2025",True,True,True,True,True,False,text,"no operative section found, or it had no dollar mentions at all; fell back to full-document search; multiple candidate amounts, took max — manual review advised"
LTB-L-094763-25,L2,Order,2026-03-10,K9H,,,,,,,False,,,,,False,text,operative section found but contained only fee/rate/boilerplate amounts — likely no lump sum ordered
LTB-L-094861-25,L2,Order,2026-03-23,N5P,,,,,,,False,,,,,False,text,no dollar amount found
LTB-L-094866-25,L2,Order,2026-04-01,N0G,2191.16,stated_total,,,,"January 29, 2026",True,True,False,False,,True,text,"found in operative 'It is ordered that' section; explicit stated-total phrasing (""...is \$X"")"
LTB-L-094893-25,L2,Order,2026-01-06,M3J,1100.0,stated_total,1100.0,pattern_2,1.0,"December 22, 2025",False,,,,,False,text,"no operative section found, or it had no dollar mentions at all; fell back to full-document search; explicit stated-total phrasing (""...is \$X"")"
LTB-L-094933-25,L2,Order,2026-05-26,K1L,,,,,,,False,,,,,False,text,no dollar amount found
LTB-L-094958-25,L2,Order,2026-01-08,N5Z,186.0,other,,,,"December 22, 2025",False,,,,,False,text,"found in operative 'It is ordered that' section; single candidate amount, no strong keyword match"
LTB-L-095026-25,L2,Order,2026-03-04,K0L,,,,,,"February 18, 2026",True,True,True,False,False,False,text,no dollar amount found
LTB-L-095061-24,L2,Review Order,2026-05-26,M6K,,,,,,,False,,,,,False,text,no dollar amount found
LTB-L-095103-25,L2,Order,2026-02-17,K1Z,62.0,other,,,,"February 10, 2026",True,True,True,True,False,False,text,"found in operative 'It is ordered that' section; single candidate amount, no strong keyword match"
LTB-L-095117-24,L2,Order,2026-03-26,K1C,2594.2,ambiguous-max,,,,"December 22, 2025",True,True,True,False,True,True,text,"found in operative 'It is ordered that' section; multiple candidate amounts, took max — manual review advised"
LTB-L-095120-25,L2,Order,2026-02-20,N1H,661.02,stated_total,249.0,pattern_1,2.65,"February 11, 2026",True,True,False,True,,True,text,"found in operative 'It is ordered that' section; explicit stated-total phrasing (""...is \$X"")"
LTB-L-095139-25,L2,Order,2026-02-13,N1H,186.0,other,,,,"February 11, 2026",True,True,True,True,False,False,text,"found in operative 'It is ordered that' section; single candidate amount, no strong keyword match"
LTB-L-095173-25,L2,Order,2026-02-03,L4M,,,,,,"January 20, 2026",True,True,True,True,False,False,text,no dollar amount found
LTB-L-095174-25,L2,ExParte Order,2026-05-21,M4Y,,,,,,,False,,,,,False,text,no dollar amount found
LTB-L-095237-25,L2,Order,2026-02-26,M5R,,,,,,"February 12, 2026",False,,,,,False,text,operative section found but contained only fee/rate/boilerplate amounts — likely no lump sum ordered
LTB-L-095243-25,L2,Order,2026-04-28,L4N,,,,,,"April 22, 2026",True,True,True,True,False,False,text,no dollar amount found
LTB-L-095244-25,L2,Review Order,2026-05-19,L6Y,,,,,,,True,True,True,True,False,False,text,no dollar amount found
LTB-L-095244-25,L2,Order,2026-03-17,L6Y,,,,,,,True,True,True,True,False,False,text,no dollar amount found
LTB-L-095351-25,L2,Order,2026-03-02,N2G,,,,,,"February 23, 2026",True,True,True,False,False,False,text,no dollar amount found
LTB-L-095550-25,L2,Review Order,2026-04-17,P0S,,,,,,"April 14, 2026",True,True,False,False,,True,text,no dollar amount found
LTB-L-095675-24,L2,Order,2026-01-28,M1C,,,,,,"January 21, 2026",True,False,False,,,False,text,no dollar amount found
LTB-L-095678-25,L2,Order,2026-01-08,L5M,186.0,stated_total,,,,"December 22, 2025",True,True,False,False,,True,text,"found in operative 'It is ordered that' section; explicit stated-total phrasing (""...is \$X"")"
LTB-L-095700-25,L2,Order,2026-01-09,M6M,,,,,,"December 16, 2025",True,True,True,True,False,False,text,operative section found but contained only fee/rate/boilerplate amounts — likely no lump sum ordered
LTB-L-095760-25,L2,Order,2026-03-13,L2P,62.0,other,,,,"March 3, 2026",False,,,,,False,text,"found in operative 'It is ordered that' section; single candidate amount, no strong keyword match"
LTB-L-095796-25,L2,Order,2026-03-11,M2K,,,,,,"February 24, 2026",True,True,True,True,True,False,text,no dollar amount found
LTB-L-095809-25,L2,Amended Order,2026-04-10,K7K,,,,,,"February 12, 2026",False,,,,,False,text,no dollar amount found
LTB-L-095815-25,L2,Order,2026-03-25,K7M,1538.61,arrears,,,,"February 10, 2026",True,True,False,True,,True,text,found in operative 'It is ordered that' section; matched expected keyword for category
LTB-L-096011-25,L2,Order,2026-03-02,L1G,,,700.0,pattern_1,,"February 24, 2026",True,True,False,True,,True,text,operative section found but contained only fee/rate/boilerplate amounts — likely no lump sum ordered
LTB-L-096051-25,L2,Order,2026-01-12,L9G,,,,,,"January 8, 2026",True,True,True,True,True,False,text,no dollar amount found
LTB-L-096052-25,L2,Order,2026-01-19,L7J,,,,,,"January 8, 2026",False,,,,,True,text,no dollar amount found
LTB-L-096074-25,L2,Order,2026-03-31,P1B,,,,,,"February 23, 2026",True,True,True,True,False,False,text,no dollar amount found
LTB-L-096119-25,L2,Order,2026-01-27,L4N,,,,,,"December 2, 2025",True,True,True,True,False,False,text,operative section found but contained only fee/rate/boilerplate amounts — likely no lump sum ordered
LTB-L-096224-25,L2,Order,2026-04-09,K1L,,,,,,,False,,,,,False,text,no dollar amount found
LTB-L-096236-25,L2,Order,2026-01-28,N3R,,,868.76,pattern_1,,"January 19, 2026",True,True,False,False,,True,text,operative section found but contained only fee/rate/boilerplate amounts — likely no lump sum ordered
LTB-L-096396-25,L2,Order,2026-01-28,L7K,,,,,,"January 19, 2026",True,True,True,True,False,False,text,operative section found but contained only fee/rate/boilerplate amounts — likely no lump sum ordered
LTB-L-096645-25,L2,Order,2026-03-11,K0L,1215.99,ambiguous-max,,,,"February 19, 2026",False,,,,,False,text,"found in operative 'It is ordered that' section; multiple candidate amounts, took max — manual review advised"
LTB-L-096775-25,L2,Order,2026-03-04,N5A,,,,,,"February 24, 2026",True,True,True,True,False,False,text,operative section found but contained only fee/rate/boilerplate amounts — likely no lump sum ordered
LTB-L-096815-25,L2,Order,2026-04-29,L5W,,,,,,"April 14, 2026",True,True,False,False,,True,text,no dollar amount found
LTB-L-096832-25,L2,Order,2026-01-19,N7M,31.0,other,,,,"January 5, 2026",False,,,,,False,text,"found in operative 'It is ordered that' section; single candidate amount, no strong keyword match"
LTB-L-096932-25,L2,Order,2026-04-14,L3V,1310.42,stated_total,,,,"February 18, 2026",True,True,True,True,True,False,text,"found in operative 'It is ordered that' section; explicit stated-total phrasing (""...is \$X"")"
LTB-L-096981-25,L2,Order,2026-03-02,K1G,,,,,,"February 24, 2026",False,,,,,False,text,no dollar amount found
LTB-L-097032-25,L2,Order,2026-03-02,M9V,,,,,,"February 24, 2026",True,True,True,True,False,False,text,no dollar amount found
LTB-L-097214-25,L2,Order,2026-03-03,M3H,,,,,,"February 11, 2026",True,True,True,True,True,True,text,operative section found but contained only fee/rate/boilerplate amounts — likely no lump sum ordered
LTB-L-097216-25,L2,Order,2026-01-21,N1H,,,,,,,False,,,,,False,text,no dollar amount found
LTB-L-097247-25,L2,Order,2026-01-15,M5E,150.49,other,,,,"January 8, 2026",False,,,,,False,text,"found in operative 'It is ordered that' section; single candidate amount, no strong keyword match"
LTB-L-097288-25,L2,Order,2026-04-02,N0G,,,,,,"February 24, 2026",True,False,True,,False,False,text,operative section found but contained only fee/rate/boilerplate amounts — likely no lump sum ordered
LTB-L-097295-25,L2,Amended Order,2026-01-28,M9N,129.0,other,14980.0,pattern_1,0.01,"December 22, 2025",True,True,True,False,False,False,text,"found in operative 'It is ordered that' section; single candidate amount, no strong keyword match"
LTB-L-097350-24,L2,Order,2026-03-06,L5N,1756.69,arrears,3015.91,pattern_2,0.58,"February 19, 2026",True,True,True,False,False,False,text,found in operative 'It is ordered that' section; matched expected keyword for category
LTB-L-097369-25,L2,Order,2026-02-27,N3T,,,,,,"February 24, 2026",True,True,True,True,False,False,text,no dollar amount found
LTB-L-097403-25,L2,Order,2026-03-17,K1V,,,,,,,False,,,,,False,text,no dollar amount found
LTB-L-097443-25,L2,Order,2026-03-03,N0B,6372.63,arrears,1576.0,pattern_1,4.04,"February 25, 2026",True,True,False,True,,True,text,found in operative 'It is ordered that' section; matched expected keyword for category
LTB-L-097525-25,L2,Order,2026-04-09,K1V,,,,,,"April 28, 2026",False,,,,,False,text,no dollar amount found
LTB-L-097531-25,L2,Order,2026-04-07,P0W,,,,,,"February 24, 2026",True,True,False,True,,True,text,operative section found but contained only fee/rate/boilerplate amounts — likely no lump sum ordered
LTB-L-097583-25,L2,Order,2026-03-10,P7G,,,,,,"February 23, 2026",True,True,False,True,,True,text,operative section found but contained only fee/rate/boilerplate amounts — likely no lump sum ordered
LTB-L-097826-25,L2,Order,2026-03-04,M8V,,,,,,"February 25, 2026",True,True,True,True,True,False,text,no dollar amount found
LTB-L-097846-25,L2,Order,2026-01-28,M3C,19000.0,ambiguous-max,,,,"January 21, 2026",True,True,False,True,,True,text,"no operative section found, or it had no dollar mentions at all; fell back to full-document search; multiple candidate amounts, took max — manual review advised"
LTB-L-097902-25,L2,Order,2026-03-02,K9J,,,,,,"February 24, 2026",True,False,True,,False,False,text,operative section found but contained only fee/rate/boilerplate amounts — likely no lump sum ordered
LTB-L-097925-25,L2,Order,2026-04-08,L5V,1262.19,stated_total,241.0,pattern_1,5.24,"February 24, 2026",True,True,False,True,,True,text,"found in operative 'It is ordered that' section; explicit stated-total phrasing (""...is \$X"")"
LTB-L-097927-25,L2,Order,2026-03-12,L1J,,,,,,"February 25, 2026",False,,,,,False,text,operative section found but contained only fee/rate/boilerplate amounts — likely no lump sum ordered
LTB-L-097928-25,L2,Amended Order,2026-05-07,K0K,6687.35,stated_total,,,,"March 9, 2026",True,True,False,True,,True,text,"found in operative 'It is ordered that' section; explicit stated-total phrasing (""...is \$X"")"
LTB-L-097956-25,L2,Order,2026-04-02,L8H,15708.48,stated_total,,,,"February 25, 2026",True,False,True,,False,True,text,"found in operative 'It is ordered that' section; explicit stated-total phrasing (""...is \$X"")"
LTB-L-098221-25,L2,Order,2026-01-19,M1K,,,,,,"January 13, 2026",True,False,True,,False,True,text,no dollar amount found
LTB-L-098263-25,L2,Order,2026-01-20,M4Y,,,,,,"January 12, 2026",True,True,True,True,False,False,text,operative section found but contained only fee/rate/boilerplate amounts — likely no lump sum ordered
LTB-L-098296-25,L2,Order,2026-01-21,K2C,,,,,,"January 13, 2026",False,,,,,False,text,no dollar amount found
LTB-L-098310-25,L2,Order,2026-04-07,L0G,681.12,arrears,,,,"February 24, 2026",True,False,False,,,True,text,found in operative 'It is ordered that' section; matched expected keyword for category
LTB-L-098320-25,L2,Order,2026-03-06,M6K,,,,,,"February 24, 2026",True,False,False,,,False,text,operative section found but contained only fee/rate/boilerplate amounts — likely no lump sum ordered
LTB-L-098341-25,L2,Order,2026-03-02,L6R,,,,,,"February 23, 2026",True,False,True,,False,False,text,operative section found but contained only fee/rate/boilerplate amounts — likely no lump sum ordered
LTB-L-098346-25,L2,Order,2026-01-07,M9A,5850.19,stated_total,,,,"December 22, 2025",True,True,False,True,,True,text,"found in operative 'It is ordered that' section; explicit stated-total phrasing (""...is \$X"")"
LTB-L-098438-25,L2,Order,2026-03-05,N9G,,,,,,"February 24, 2026",False,,,,,False,text,"found in operative 'It is ordered that' section; only opposite-direction amount(s) found (money flowing the other way, likely a combined hearing) — no correctly-directed amount found; largest opposite-direction figure was \$2,000.00, excluded"
LTB-L-098454-25,L2,Order,2026-01-06,M2M,,,,,,"December 10, 2025",True,True,True,True,False,False,text,operative section found but contained only fee/rate/boilerplate amounts — likely no lump sum ordered
LTB-L-098502-24,L2,Order,2026-01-19,K1K,17244.86,stated_total,1969.0,pattern_1,8.76,"October 16, 2025",True,False,False,,,True,text,"found in operative 'It is ordered that' section; explicit stated-total phrasing (""...is \$X"")"
LTB-L-098526-25,L2,Order,2026-02-04,L7S,1079.19,stated_total,1659.68,pattern_1,0.65,"January 14, 2026",True,True,True,False,False,True,text,"found in operative 'It is ordered that' section; explicit stated-total phrasing (""...is \$X"")"
LTB-L-098601-25,L2,Order,2026-02-23,N2V,,,,,,"January 15, 2026",True,True,True,False,False,False,text,operative section found but contained only fee/rate/boilerplate amounts — likely no lump sum ordered
LTB-L-098690-25,L2,Order,2026-01-23,P1B,,,,,,"January 15, 2026",True,True,True,True,True,False,text,operative section found but contained only fee/rate/boilerplate amounts — likely no lump sum ordered
LTB-L-098709-25,L2,Order,2026-03-27,M1T,,,,,,"March 9, 2026",True,True,True,True,False,False,text,no dollar amount found
LTB-L-098805-25,L2,Order,2026-03-11,L4J,,,,,,"March 9, 2026",True,False,True,,False,True,text,no dollar amount found
LTB-L-098809-25,L2,Order,2026-01-23,M4A,,,,,,,False,,,,,False,text,operative section found but contained only fee/rate/boilerplate amounts — likely no lump sum ordered
LTB-L-098878-25,L2,Order,2026-02-19,K7L,,,,,,"January 15, 2026",True,True,False,True,,True,text,operative section found but contained only fee/rate/boilerplate amounts — likely no lump sum ordered
LTB-L-098909-25,L2,Order,2026-05-15,N5W,,,,,,"March 25, 2026",True,True,True,True,False,False,text,no dollar amount found
LTB-L-098962-25,L2,Order,2026-05-19,M8W,200.0,arrears,,,,"May 14, 2026",False,,,,,False,text,"no operative section found, or it had no dollar mentions at all; fell back to full-document search; matched expected keyword for category"
LTB-L-099005-25,L2,Order,2026-03-18,P2B,,,,,,"March 11, 2026",True,True,True,True,False,False,text,operative section found but contained only fee/rate/boilerplate amounts — likely no lump sum ordered
LTB-L-099018-25,L2,Order,2026-03-19,N3C,10042.65,stated_total,2607.0,pattern_1,3.85,"March 16, 2026",True,True,True,True,False,False,text,"found in operative 'It is ordered that' section; explicit stated-total phrasing (""...is \$X"")"
LTB-L-099042-25,L2,Order,2026-01-27,M5V,,,,,,"January 15, 2026",True,True,True,True,False,False,text,operative section found but contained only fee/rate/boilerplate amounts — likely no lump sum ordered
LTB-L-099055-25,L2,Order,2026-03-04,N5Y,699.0,ambiguous-max,777.22,pattern_1,0.9,"February 26, 2026",False,,,,,False,text,"found in operative 'It is ordered that' section; multiple candidate amounts, took max — manual review advised"
LTB-L-099061-25,L2,Order,2026-01-26,M6H,,,,,,,False,,,,,False,text,"found in operative 'It is ordered that' section; only opposite-direction amount(s) found (money flowing the other way, likely a combined hearing) — no correctly-directed amount found; largest opposite-direction figure was \$21,000.00, excluded"
LTB-L-099063-25,L2,Order,2026-03-24,L2G,828.0,remedy,,,,"March 16, 2026",True,True,True,True,True,False,text,"found in operative 'It is ordered that' section; single candidate amount, no strong keyword match"
LTB-L-099449-25,L2,Order,2026-02-27,N8P,,,,,,"February 26, 2026",True,True,False,True,,True,text,no dollar amount found
LTB-L-099534-25,L2,Order,2026-03-10,L4G,819.41,ambiguous-max,,,,,False,,,,,False,text,"found in operative 'It is ordered that' section; multiple candidate amounts, took max — manual review advised"
LTB-L-099582-25,L2,ExParte Order,2026-02-05,N9A,,,,,,,False,,,,,False,text,no dollar amount found
LTB-L-100119-25,L2,Order,2026-04-13,K1L,,,1730.0,pattern_1,,"February 26, 2026",True,True,True,False,False,False,text,operative section found but contained only fee/rate/boilerplate amounts — likely no lump sum ordered
LTB-L-100129-25,L2,Order,2026-02-27,M4Y,,,,,,"February 26, 2026",True,True,True,True,False,False,text,operative section found but contained only fee/rate/boilerplate amounts — likely no lump sum ordered
LTB-L-100136-25,L2,Order,2026-03-04,L9N,2000.0,arrears,,,,"February 24, 2026",True,True,True,True,False,False,text,"no operative section found, or it had no dollar mentions at all; fell back to full-document search; matched expected keyword for category"
LTB-L-100263-25,L2,Order,2026-03-10,N5Z,1300.0,other,1365.8,pattern_1,0.95,"February 26, 2026",False,,,,,False,text,"found in operative 'It is ordered that' section; single candidate amount, no strong keyword match"
LTB-L-100281-25,L2,Order,2026-01-26,M2R,,,1891.46,pattern_1,,"January 19, 2026",True,True,False,True,,True,text,operative section found but contained only fee/rate/boilerplate amounts — likely no lump sum ordered
LTB-L-100286-25,L2,Order,2026-05-06,M9V,186.0,stated_total,,,,"April 15, 2026",True,True,False,True,,True,text,"found in operative 'It is ordered that' section; explicit stated-total phrasing (""...is \$X"")"
LTB-L-100322-25,L2,Order,2026-01-26,M4V,,,,,,"January 20, 2026",True,True,True,True,False,False,text,operative section found but contained only fee/rate/boilerplate amounts — likely no lump sum ordered
LTB-L-100338-25,L2,Order,2026-04-02,M1L,,,,,,"February 26, 2026",True,True,True,True,False,False,text,no dollar amount found
LTB-L-100350-25,L2,Order,2026-01-23,M2R,,,,,,"January 20, 2026",False,,,,,False,text,operative section found but contained only fee/rate/boilerplate amounts — likely no lump sum ordered
LTB-L-100353-25,L2,Order,2026-03-24,K7L,,,,,,"March 3, 2026",True,True,True,True,False,False,text,no dollar amount found
LTB-L-100409-25,L2,Order,2026-01-23,M1K,,,,,,"January 20, 2026",True,True,False,True,,True,text,operative section found but contained only fee/rate/boilerplate amounts — likely no lump sum ordered
LTB-L-100425-25,L2,Order,2026-04-22,N5X,,,,,,"March 3, 2026",True,True,False,True,,True,text,no dollar amount found
LTB-L-100478-25,L2,Order,2026-01-29,M1K,,,,,,"January 20, 2026",True,True,False,True,,True,text,operative section found but contained only fee/rate/boilerplate amounts — likely no lump sum ordered
LTB-L-100517-25,L2,Order,2026-02-12,N5V,,,,,,"February 5, 2026",True,True,True,True,True,False,text,no dollar amount found
LTB-L-100557-25,L2,Order,2026-01-29,M6P,,,785.0,pattern_1,,,True,True,True,True,True,False,text,operative section found but contained only fee/rate/boilerplate amounts — likely no lump sum ordered
LTB-L-100674-25,L2,Order,2026-03-10,L6K,182.63,stated_total,,,,,False,,,,,False,text,"no operative section found, or it had no dollar mentions at all; fell back to full-document search; explicit stated-total phrasing (""...is \$X"")"
LTB-L-100706-25,L2,Order,2026-02-25,P1L,,,1292.26,pattern_1,,,False,,,,,False,text,operative section found but contained only fee/rate/boilerplate amounts — likely no lump sum ordered
LTB-L-100739-25,L2,Order,2026-02-09,M3A,,,,,,"February 2, 2026",True,False,True,,False,False,text,operative section found but contained only fee/rate/boilerplate amounts — likely no lump sum ordered
LTB-L-100756-25,L2,Order,2026-01-28,M3A,,,,,,"January 20, 2026",True,True,True,True,False,False,text,no dollar amount found
LTB-L-100830-25,L2,Order,2026-01-30,L2R,2057.12,arrears,1415.76,pattern_1,1.45,"January 20, 2026",True,True,False,True,,True,text,found in operative 'It is ordered that' section; matched expected keyword for category
LTB-L-100845-25,L2,Order,2026-01-28,L2A,1198.96,stated_total,1429.87,pattern_1,0.84,"January 21, 2026",True,True,False,True,,True,text,"found in operative 'It is ordered that' section; explicit stated-total phrasing (""...is \$X"")"
LTB-L-100896-25,L2,Order,2026-02-11,N6B,3570.03,stated_total,,,,"January 26, 2026",True,True,True,True,False,False,text,"found in operative 'It is ordered that' section; explicit stated-total phrasing (""...is \$X"")"
LTB-L-100939-25,L2,Order,2026-03-27,L4M,186.0,stated_total,,,,"March 3, 2026",True,True,True,False,False,False,text,"found in operative 'It is ordered that' section; explicit stated-total phrasing (""...is \$X"")"
LTB-L-100978-25,L2,Order,2026-03-20,N0P,2361.58,stated_total,,,,"March 17, 2026",True,True,True,False,False,False,text,"found in operative 'It is ordered that' section; explicit stated-total phrasing (""...is \$X"")"
LTB-L-101025-25,L2,Order,2026-01-21,L6T,,,2769.93,pattern_1,,"January 12, 2026",True,True,False,True,,True,text,operative section found but contained only fee/rate/boilerplate amounts — likely no lump sum ordered
LTB-L-101039-25,L2,Order,2026-04-02,M6B,,,,,,,False,,,,,False,text,no dollar amount found
LTB-L-101048-23,L2,Review Order,2026-02-11,L0R,1350.0,arrears,,,,"June 24, 2025",True,True,True,True,True,True,text,found in operative 'It is ordered that' section; matched expected keyword for category
LTB-L-101055-25,L2,Order,2026-03-11,N7G,121.59,ambiguous-max,,,,"February 25, 2026",True,True,True,False,False,False,text,"found in operative 'It is ordered that' section; multiple candidate amounts, took max — manual review advised"
LTB-L-101102-25,L2,Order,2026-03-16,L3R,,,,,,,False,,,,,False,text,operative section found but contained only fee/rate/boilerplate amounts — likely no lump sum ordered
LTB-L-101149-25,L2,Order,2026-03-20,M1T,5097.5,stated_total,1358.0,pattern_1,3.75,"March 16, 2026",True,True,False,True,,True,text,"found in operative 'It is ordered that' section; explicit stated-total phrasing (""...is \$X"")"
LTB-L-101427-25,L2,Order,2026-03-26,N5Y,,,,,,"March 24, 2026",True,True,False,False,,True,text,no dollar amount found
LTB-L-101660-25,L2,Order,2026-03-13,M8Y,,,,,,"March 3, 2026",True,True,False,True,,True,text,no dollar amount found
LTB-L-101725-25,L2,Order,2026-03-18,L3E,,,,,,"March 9, 2026",True,True,True,False,False,False,text,no dollar amount found
LTB-L-101736-25,L2,Order,2026-01-28,M5R,,,1708.28,pattern_2,,"January 21, 2026",False,,,,,False,text,operative section found but contained only fee/rate/boilerplate amounts — likely no lump sum ordered
LTB-L-101743-25,L2,Order,2026-01-27,M1K,1199.11,stated_total,,,,,False,,,,,False,text,"no operative section found, or it had no dollar mentions at all; fell back to full-document search; explicit stated-total phrasing (""...is \$X"")"
LTB-L-101745-25,L2,Order,2026-01-28,L4N,,,,,,"January 21, 2026",True,True,True,True,False,False,text,only fee/rate/boilerplate amounts found
LTB-L-101821-25,L2,Order,2026-04-20,L4E,,,,,,"April 15, 2026",False,,,,,True,text,no dollar amount found
LTB-L-101832-25,L2,Order,2026-01-26,M9N,,,975.0,pattern_1,,"January 20, 2026",True,True,True,True,True,False,text,operative section found but contained only fee/rate/boilerplate amounts — likely no lump sum ordered
LTB-L-101872-25,L2,Order,2026-01-26,L8R,,,,,,"January 22, 2026",False,,,,,False,text,no dollar amount found
LTB-L-101917-25,L2,Order,2026-02-12,M6S,,,4100.0,pattern_1,,"February 4, 2026",False,,,,,False,text,operative section found but contained only fee/rate/boilerplate amounts — likely no lump sum ordered
LTB-L-102067-25,L2,Order,2026-03-26,P0T,33136.0,stated_total,,,,"March 16, 2026",True,True,False,True,,True,text,"found in operative 'It is ordered that' section; explicit stated-total phrasing (""...is \$X"")"
LTB-L-102170-25,L2,Order,2026-03-20,L3C,,,,,,"March 16, 2026",True,True,False,True,,True,text,no dollar amount found
LTB-L-102321-25,L2,Order,2026-01-26,K1K,1087.0,stated_total,,,,,False,,,,,False,text,"no operative section found, or it had no dollar mentions at all; fell back to full-document search; explicit stated-total phrasing (""...is \$X"")"
LTB-L-102351-25,L2,Order,2026-05-19,M3M,,,,,,,False,,,,,False,text,no dollar amount found
LTB-L-102472-25,L2,Order,2026-03-09,K0K,5800.0,arrears,,,,"March 3, 2026",False,,,,,False,text,found in operative 'It is ordered that' section; matched expected keyword for category
LTB-L-102588-25,L2,Order,2026-02-05,M4X,,,1679.11,pattern_1,,"January 22, 2026",True,True,True,True,False,False,text,operative section found but contained only fee/rate/boilerplate amounts — likely no lump sum ordered
LTB-L-102615-25,L2,Order,2026-03-11,N4K,,,,,,,True,True,False,False,,True,text,no dollar amount found
LTB-L-102649-25,L2,Order,2026-02-06,K2C,,,,,,"February 5, 2026",True,True,False,True,,True,text,no dollar amount found
LTB-L-102781-25,L2,Order,2026-03-16,M5T,,,,,,"March 10, 2026",True,True,True,True,True,False,text,no dollar amount found
LTB-L-102871-25,L2,Order,2026-03-09,L9H,,,,,,"March 4, 2026",False,,,,,False,text,no dollar amount found
LTB-L-102880-25,L2,Order,2026-02-06,K1L,,,,,,"January 26, 2026",True,True,True,True,False,False,text,operative section found but contained only fee/rate/boilerplate amounts — likely no lump sum ordered
LTB-L-103002-25,L2,Order,2026-03-16,M6N,,,,,,"March 11, 2026",False,,,,,False,text,no dollar amount found
LTB-L-103030-25,L2,Order,2026-03-27,N6J,,,,,,"March 25, 2026",True,True,True,True,False,False,text,no dollar amount found
LTB-L-103047-25,L2,Order,2026-03-19,K2B,350.0,other,,,,"March 17, 2026",True,True,True,True,True,False,text,"found in operative 'It is ordered that' section; single candidate amount, no strong keyword match"
LTB-L-103055-24,L2,Order,2026-05-04,K0K,6593.32,stated_total,525.0,pattern_1,12.56,"February 17, 2026",True,True,True,True,True,False,text,"found in operative 'It is ordered that' section; explicit stated-total phrasing (""...is \$X"")"
LTB-L-103085-25,L2,Review Order,2026-05-22,N7M,,,,,,,False,,,,,True,text,no dollar amount found
LTB-L-103143-25,L2,Order,2026-03-10,M9R,,,,,,"March 5, 2026",False,,,,,True,text,no dollar amount found
LTB-L-103150-25,L2,Order,2026-03-27,N7M,,,,,,"March 18, 2026",True,True,True,True,True,False,text,no dollar amount found
LTB-L-103157-25,L2,Order,2026-02-05,L1B,,,,,,"January 26, 2026",True,True,True,True,False,False,text,operative section found but contained only fee/rate/boilerplate amounts — likely no lump sum ordered
LTB-L-103188-25,L2,Order,2026-01-29,K1T,,,,,,"January 26, 2026",True,True,False,True,,True,text,operative section found but contained only fee/rate/boilerplate amounts — likely no lump sum ordered
LTB-L-103263-25,L2,Order,2026-03-03,N2J,,,,,,"February 26, 2026",False,,,,,False,text,no dollar amount found
LTB-L-103479-25,L2,Order,2026-04-08,N3R,,,,,,"May 20, 2026",False,,,,,False,text,no dollar amount found
LTB-L-103540-25,L2,Order,2026-01-30,L9A,,,,,,"January 26, 2026",True,True,False,True,,True,text,operative section found but contained only fee/rate/boilerplate amounts — likely no lump sum ordered
LTB-L-103577-25,L2,Order,2026-03-12,L3V,,,,,,"March 10, 2026",False,,,,,False,text,operative section found but contained only fee/rate/boilerplate amounts — likely no lump sum ordered
LTB-L-103583-25,L2,Order,2026-03-24,L5M,,,1600.0,pattern_2,,"March 10, 2026",False,,,,,False,text,operative section found but contained only fee/rate/boilerplate amounts — likely no lump sum ordered
LTB-L-103588-25,L2,Order,2026-04-30,N2M,1424.42,stated_total,767.55,pattern_1,1.86,"March 9, 2026",True,True,False,True,,True,text,"found in operative 'It is ordered that' section; explicit stated-total phrasing (""...is \$X"")"
LTB-L-103710-25,L2,Order,2026-02-06,L1T,,,,,,"January 12, 2026",True,True,True,True,False,False,text,operative section found but contained only fee/rate/boilerplate amounts — likely no lump sum ordered
LTB-L-103721-25,L2,Order,2026-01-26,L1T,62.0,ambiguous-max,,,,"January 22, 2026",False,,,,,False,text,"found in operative 'It is ordered that' section; multiple candidate amounts, took max — manual review advised"
LTB-L-103757-25,L2,Order,2026-02-05,N3R,,,,,,"January 27, 2026",True,False,False,,,True,text,operative section found but contained only fee/rate/boilerplate amounts — likely no lump sum ordered
LTB-L-103808-25,L2,Order,2026-04-02,L5H,186.0,other,,,,"March 23, 2026",True,True,True,True,True,False,text,"found in operative 'It is ordered that' section; single candidate amount, no strong keyword match"
LTB-L-103818-25,L2,Order,2026-04-02,K7M,262.0,other,1715.0,pattern_2,0.15,"March 23, 2026",True,True,True,True,True,False,text,"found in operative 'It is ordered that' section; single candidate amount, no strong keyword match"
LTB-L-103820-25,L2,Order,2026-03-13,P1A,4068.75,arrears,1650.0,pattern_1,2.47,"March 10, 2026",True,True,False,False,,True,text,found in operative 'It is ordered that' section; matched expected keyword for category
LTB-L-103838-25,L2,Order,2026-03-19,L6S,50.0,ambiguous-max,,,,"March 9, 2026",True,True,True,True,False,False,text,"no operative section found, or it had no dollar mentions at all; fell back to full-document search; multiple candidate amounts, took max — manual review advised"
LTB-L-103861-25,L2,Order,2026-03-23,N1R,,,,,,,False,,,,,False,text,no dollar amount found
LTB-L-103943-25,L2,Order,2026-04-21,L3Z,891.06,arrears,,,,"April 13, 2026",False,,,,,False,text,found in operative 'It is ordered that' section; matched expected keyword for category
LTB-L-103947-25,L2,Order,2026-04-02,N7M,,,,,,"March 24, 2026",True,True,True,True,False,False,text,operative section found but contained only fee/rate/boilerplate amounts — likely no lump sum ordered
LTB-L-104018-25,L2,Order,2026-04-16,L2V,,,,,,"March 25, 2026",True,True,True,True,False,False,text,operative section found but contained only fee/rate/boilerplate amounts — likely no lump sum ordered
LTB-L-104054-25,L2,Order,2026-03-31,M8Z,7200.0,remedy,1600.0,pattern_1,4.5,"March 24, 2026",True,True,True,True,False,False,text,"found in operative 'It is ordered that' section; single candidate amount, no strong keyword match"
LTB-L-104089-25,L2,Order,2026-01-30,L8G,186.0,stated_total,,,,"January 26, 2026",True,True,True,True,False,False,text,"found in operative 'It is ordered that' section; explicit stated-total phrasing (""...is \$X"")"
LTB-L-104099-25,L2,Order,2026-01-30,L8N,,,,,,"January 26, 2026",True,True,True,True,False,False,text,no dollar amount found
LTB-L-104243-25,L2,Order,2026-02-03,L7J,100.0,ambiguous-max,,,,,False,,,,,False,text,"found in operative 'It is ordered that' section; multiple candidate amounts, took max — manual review advised"
LTB-L-104421-25,L2,Order,2026-03-16,M5S,,,,,,"March 10, 2026",True,True,False,True,,False,text,no dollar amount found
LTB-L-104509-25,L2,Order,2026-01-30,P3L,62.0,ambiguous-max,,,,"January 27, 2026",True,True,True,True,False,False,text,"found in operative 'It is ordered that' section; multiple candidate amounts, took max — manual review advised"
LTB-L-104555-25,L2,Order,2026-03-11,N7T,,,1819.0,pattern_1,,"March 9, 2026",True,True,True,True,True,False,text,operative section found but contained only fee/rate/boilerplate amounts — likely no lump sum ordered
LTB-L-104569-25,L2,Order,2026-04-17,N6B,,,,,,"March 25, 2026",True,True,True,True,False,False,text,operative section found but contained only fee/rate/boilerplate amounts — likely no lump sum ordered
LTB-L-104598-25,L2,Order,2026-02-12,M8V,1140.62,stated_total,,,,,False,,,,,False,text,"no operative section found, or it had no dollar mentions at all; fell back to full-document search; explicit stated-total phrasing (""...is \$X"")"
LTB-L-104649-25,L2,Order,2026-03-13,K1V,,,,,,"March 10, 2026",False,,,,,False,text,no dollar amount found
LTB-L-104679-24,L2,Order,2026-01-07,L5V,1700.0,other,,,,"September 15, 2025",True,True,True,True,True,False,text,"no operative section found, or it had no dollar mentions at all; fell back to full-document search; single candidate amount, no strong keyword match"
LTB-L-104862-25,L2,Order,2026-02-03,L8K,,,,,,"January 27, 2026",True,True,True,True,False,False,text,operative section found but contained only fee/rate/boilerplate amounts — likely no lump sum ordered
LTB-L-104951-25,L2,Order,2026-03-23,N5Z,,,,,,,False,,,,,False,text,operative section found but contained only fee/rate/boilerplate amounts — likely no lump sum ordered
LTB-L-104964-25,L2,Order,2026-03-03,M1G,186.0,arrears,,,,"February 24, 2026",True,True,True,True,False,False,text,found in operative 'It is ordered that' section; matched expected keyword for category
LTB-L-105040-25,L2,Review Order,2026-05-12,L2E,,,,,,,False,,,,,False,text,no dollar amount found
LTB-L-105040-25,L2,Order,2026-04-24,L2E,,,,,,,False,,,,,False,text,no dollar amount found
LTB-L-105056-25,L2,Order,2026-04-01,L7R,,,,,,"March 23, 2026",False,,,,,True,text,no dollar amount found
LTB-L-105107-25,L2,Order,2026-05-07,K7K,,,,,,"April 27, 2026",True,True,True,True,True,False,text,operative section found but contained only fee/rate/boilerplate amounts — likely no lump sum ordered
LTB-L-105340-25,L2,Order,2026-02-06,M2P,,,,,,"February 2, 2026",True,True,False,True,,False,text,operative section found but contained only fee/rate/boilerplate amounts — likely no lump sum ordered
LTB-L-105455-25,L2,Order,2026-04-22,L5B,1209.35,stated_total,,,,"April 16, 2026",True,True,False,False,,True,text,"found in operative 'It is ordered that' section; explicit stated-total phrasing (""...is \$X"")"
LTB-L-105605-25,L2,Order,2026-04-15,K2K,,,,,,"April 13, 2026",False,,,,,True,text,no dollar amount found
LTB-L-105690-25,L2,Order,2026-03-20,N0M,,,,,,"February 2, 2026",True,True,False,False,,True,text,operative section found but contained only fee/rate/boilerplate amounts — likely no lump sum ordered
LTB-L-105772-25,L2,Order,2026-03-23,P0T,,,1500.0,pattern_1,,"February 2, 2026",True,True,False,True,,True,text,operative section found but contained only fee/rate/boilerplate amounts — likely no lump sum ordered
LTB-L-105774-25,L2,Order,2026-04-16,K1T,,,,,,,False,,,,,False,text,no dollar amount found
LTB-L-105823-25,L2,Order,2026-03-31,L4N,,,,,,"March 24, 2026",True,True,False,True,,True,text,no dollar amount found
LTB-L-105961-25,L2,Order,2026-03-30,M8X,,,,,,"March 26, 2026",True,True,True,True,True,False,text,only fee/rate/boilerplate amounts found
LTB-L-105963-25,L2,Order,2026-04-21,K0G,6250.0,ambiguous-max,,,,"April 15, 2026",False,,,,,False,text,"found in operative 'It is ordered that' section; multiple candidate amounts, took max — manual review advised"
LTB-L-106158-25,L2,Order,2026-04-02,L2V,100.0,ambiguous-max,1372.0,pattern_2,0.07,,False,,,,,False,text,"found in operative 'It is ordered that' section; multiple candidate amounts, took max — manual review advised"
LTB-L-106298-25,L2,Order,2026-03-12,M6S,,,,,,,False,,,,,False,text,operative section found but contained only fee/rate/boilerplate amounts — likely no lump sum ordered
LTB-L-106365-25,L2,Order,2026-04-15,N8X,,,739.0,pattern_1,,"March 11, 2026",True,True,False,True,,True,text,operative section found but contained only fee/rate/boilerplate amounts — likely no lump sum ordered
LTB-L-106447-25,L2,Order,2026-03-26,P1B,,,,,,"March 23, 2026",True,False,True,,False,True,text,no dollar amount found
LTB-L-106681-25,L2,Order,2026-04-13,L3V,,,,,,"April 09, 2026",False,,,,,False,text,no dollar amount found
LTB-L-106812-25,L2,Order,2026-04-13,M2N,,,,,,"April 2, 2026",True,True,True,True,True,False,text,operative section found but contained only fee/rate/boilerplate amounts — likely no lump sum ordered
LTB-L-106824-25,L2,Order,2026-03-03,M6B,186.0,stated_total,,,,"February 3, 2026",True,True,True,True,False,False,text,"found in operative 'It is ordered that' section; explicit stated-total phrasing (""...is \$X"")"
LTB-L-106948-25,L2,Order,2026-03-05,M6K,940.91,remedy,,,,"January 27, 2026",True,True,True,True,True,False,text,"no operative section found, or it had no dollar mentions at all; fell back to full-document search; single candidate amount, no strong keyword match"
LTB-L-106958-25,L2,ExParte Order,2026-05-12,M6K,,,,,,,False,,,,,False,text,no dollar amount found
LTB-L-107060-25,L2,Order,2026-02-06,M9B,,,,,,"January 13, 2026",True,True,True,True,True,False,text,operative section found but contained only fee/rate/boilerplate amounts — likely no lump sum ordered
LTB-L-107162-25,L2,Order,2026-03-30,L5B,,,,,,"March 24, 2026",False,,,,,False,text,operative section found but contained only fee/rate/boilerplate amounts — likely no lump sum ordered
LTB-L-107178-25,L2,Order,2026-04-23,P6A,,,,,,"April 7, 2026",True,True,False,False,,True,text,operative section found but contained only fee/rate/boilerplate amounts — likely no lump sum ordered
LTB-L-107211-25,L2,Order,2026-03-16,L2R,,,,,,"March 3, 2026",True,True,True,True,True,False,text,no dollar amount found
LTB-L-107213-25,L2,Order,2026-03-31,K6J,,,,,,"March 25, 2026",True,True,False,True,,True,text,no dollar amount found
LTB-L-107254-25,L2,Order,2026-03-03,N0K,,,,,,"February 24, 2026",True,True,True,True,False,False,text,no dollar amount found
LTB-L-107322-25,L2,Order,2026-03-09,L0G,3151.93,arrears,,,,"February 3, 2026",True,True,True,True,False,False,text,found in operative 'It is ordered that' section; matched expected keyword for category
LTB-L-107398-25,L2,Order,2026-03-26,L4M,,,741.2,pattern_1,,,False,,,,,False,text,operative section found but contained only fee/rate/boilerplate amounts — likely no lump sum ordered
LTB-L-107430-25,L2,Order,2026-03-20,N0L,,,,,,"March 16, 2026",True,True,True,True,False,True,text,no dollar amount found
LTB-L-107639-25,L2,Order,2026-03-27,M8V,,,,,,"March 23, 2026",True,True,True,True,False,False,text,no dollar amount found
LTB-L-107691-25,L2,Order,2026-05-25,L8P,1828.0,stated_total,,,,"March 30, 2026",True,True,False,True,,True,text,"found in operative 'It is ordered that' section; explicit stated-total phrasing (""...is \$X"")"
LTB-L-107693-25,L2,Order,2026-04-07,L4K,,,,,,,False,,,,,False,text,operative section found but contained only fee/rate/boilerplate amounts — likely no lump sum ordered
LTB-L-107814-25,L2,Order,2026-02-17,M3M,,,1884.56,pattern_1,,"February 5, 2026",True,True,False,True,,True,text,operative section found but contained only fee/rate/boilerplate amounts — likely no lump sum ordered
LTB-L-107833-25,L2,Order,2026-02-24,L6X,186.0,other,5150.0,pattern_2,0.04,,False,,,,,False,text,"found in operative 'It is ordered that' section; single candidate amount, no strong keyword match"
LTB-L-107857-25,L2,Order,2026-01-15,M4S,50.0,ambiguous-max,,,,"January 13, 2026",True,True,True,True,False,False,text,"found in operative 'It is ordered that' section; multiple candidate amounts, took max — manual review advised"
LTB-L-107921-25,L2,Order,2026-04-13,M2H,,,,,,"March 9, 2026",True,True,False,False,,True,text,no dollar amount found
LTB-L-107926-25,L2,Order,2026-04-01,K8V,,,,,,"March 23, 2026",True,True,True,False,False,False,text,operative section found but contained only fee/rate/boilerplate amounts — likely no lump sum ordered
LTB-L-107976-25,L2,Order,2026-04-22,M4V,1399.04,ambiguous-max,,,,"March 17, 2026",True,True,True,True,True,False,text,"no operative section found, or it had no dollar mentions at all; fell back to full-document search; multiple candidate amounts, took max — manual review advised"
LTB-L-108005-25,L2,Order,2026-02-18,M5A,,,,,,"February 5, 2026",True,True,False,True,,True,text,operative section found but contained only fee/rate/boilerplate amounts — likely no lump sum ordered
LTB-L-108021-25,L2,Order,2026-02-17,M5A,,,,,,"February 5, 2026",True,True,False,True,,True,text,operative section found but contained only fee/rate/boilerplate amounts — likely no lump sum ordered
LTB-L-108097-25,L2,Order,2026-04-23,N1H,6035.88,stated_total,,,,"April 14, 2026",True,True,False,False,,True,text,"found in operative 'It is ordered that' section; explicit stated-total phrasing (""...is \$X"")"
LTB-L-108116-25,L2,Order,2026-04-01,N7M,,,1034.0,pattern_1,,,True,True,True,True,True,False,text,"found in operative 'It is ordered that' section; only opposite-direction amount(s) found (money flowing the other way, likely a combined hearing) — no correctly-directed amount found; largest opposite-direction figure was \$46.00, excluded"
LTB-L-108118-25,L2,Order,2026-03-19,P3C,1600.0,stated_total,,,,,False,,,,,False,text,"no operative section found, or it had no dollar mentions at all; fell back to full-document search; explicit stated-total phrasing (""...is \$X"")"
LTB-L-108250-25,L2,Order,2026-02-13,K8P,299.77,stated_total,767.73,pattern_1,0.39,"February 4, 2026",True,True,False,True,,True,text,"found in operative 'It is ordered that' section; explicit stated-total phrasing (""...is \$X"")"
LTB-L-108597-25,L2,Order,2026-02-19,L4N,,,,,,,False,,,,,False,text,no dollar amount found
LTB-L-108631-25,L2,Order,2026-01-22,L8S,508.05,stated_total,,,,"January 19, 2026",True,True,False,False,,True,text,"found in operative 'It is ordered that' section; explicit stated-total phrasing (""...is \$X"")"
LTB-L-108749-25,L2,Order,2026-04-10,L8H,,,,,,,False,,,,,False,text,operative section found but contained only fee/rate/boilerplate amounts — likely no lump sum ordered
LTB-L-108753-25,L2,Order,2026-04-28,L4C,,,,,,"April 20, 2026",True,True,True,True,True,False,text,no dollar amount found
LTB-L-108799-25,L2,Order,2026-04-24,K1N,,,,,,"April 22, 2026",True,True,False,False,,True,text,no dollar amount found
LTB-L-108811-25,L2,Order,2026-03-09,K8P,,,,,,"February 24, 2026",True,True,False,True,,True,text,no dollar amount found
LTB-L-108934-25,L2,Order,2026-05-19,M3M,8943.9,stated_total,2400.0,pattern_1,3.73,"April 14, 2026",True,True,True,True,False,False,text,"found in operative 'It is ordered that' section; explicit stated-total phrasing (""...is \$X"")"
LTB-L-109100-25,L2,Order,2026-04-10,N4K,,,,,,"March 30, 2026",True,True,True,True,False,False,text,no dollar amount found
LTB-L-109198-25,L2,Order,2026-05-21,K6V,,,,,,,False,,,,,False,text,"found in operative 'It is ordered that' section; only opposite-direction amount(s) found (money flowing the other way, likely a combined hearing) — no correctly-directed amount found; largest opposite-direction figure was \$1,150.00, excluded"
LTB-L-109354-25,L2,Review Order,2026-04-23,L5V,,,,,,,False,,,,,False,text,no dollar amount found
LTB-L-109379-25,L2,Order,2026-04-29,N6J,,,,,,"April 9, 2026",True,True,True,True,True,False,text,no dollar amount found
LTB-L-109388-25,L2,Order,2026-02-24,M4H,,,,,,"February 9, 2026",True,True,True,True,False,False,text,only fee/rate/boilerplate amounts found
LTB-L-109487-25,L2,Order,2026-02-13,L6Y,,,,,,"February 9, 2026",False,,,,,False,text,operative section found but contained only fee/rate/boilerplate amounts — likely no lump sum ordered
LTB-L-109552-25,L2,Order,2026-04-20,N1R,,,,,,"April 13, 2026",False,,,,,False,text,only fee/rate/boilerplate amounts found
LTB-L-000122-26,L4,ExParte Order,2026-01-07,N2E,9346.0,arrears,3360.0,pattern_1,2.78,,False,,,,,False,text,found in operative 'It is ordered that' section; matched expected keyword for category
LTB-L-000165-26,L4,Order,2026-02-04,L5H,,,,,,,False,,,,,False,text,no dollar amount found
LTB-L-000323-26,L4,Order,2026-02-17,K1L,,,,,,"February 10, 2026",True,True,False,True,,True,text,no dollar amount found
LTB-L-000328-26,L4,ExParte Order,2026-01-12,L4C,4986.0,arrears,4100.0,pattern_1,1.22,,False,,,,,False,text,found in operative 'It is ordered that' section; matched expected keyword for category
LTB-L-000420-26,L4,Order,2026-02-13,P6A,,,,,,"February 10, 2026",True,True,True,True,False,False,text,no dollar amount found
LTB-L-000465-26,L4,ExParte Order,2026-01-12,K6H,739.52,arrears,1291.51,pattern_1,0.57,,False,,,,,False,text,found in operative 'It is ordered that' section; matched expected keyword for category
LTB-L-000471-26,L4,Order,2026-02-17,L5N,222.25,arrears,,,,"February 10, 2026",True,True,True,False,False,False,text,"no operative section found, or it had no dollar mentions at all; fell back to full-document search; matched expected keyword for category"
LTB-L-000514-26,L4,ExParte Order,2026-01-20,L4P,0.0,arrears,2836.69,pattern_1,,,False,,,,,False,text,found in operative 'It is ordered that' section; matched expected keyword for category
LTB-L-000600-26,L4,Order,2026-02-06,N9B,20125.0,arrears,,,,,True,False,True,,False,False,text,found in operative 'It is ordered that' section; matched expected keyword for category
LTB-L-000609-26,L4,Order,2026-03-13,P3C,5136.0,arrears,1650.0,pattern_1,3.11,,False,,,,,False,text,found in operative 'It is ordered that' section; matched expected keyword for category
LTB-L-000639-26,L4,ExParte Order,2026-01-12,N5P,4057.16,arrears,863.3,pattern_1,4.7,,False,,,,,False,text,found in operative 'It is ordered that' section; matched expected keyword for category
LTB-L-000656-26,L4,Order,2026-03-11,N3S,7072.85,arrears,,,,"February 10, 2026",True,True,True,True,False,False,text,found in operative 'It is ordered that' section; matched expected keyword for category
LTB-L-000661-26,L4,ExParte Order,2026-01-12,N6G,750.87,arrears,1902.7,pattern_1,0.39,,False,,,,,False,text,found in operative 'It is ordered that' section; matched expected keyword for category
LTB-L-000692-26,L4,Order,2026-01-12,K0G,3984.12,arrears,881.99,pattern_1,4.52,,False,,,,,False,text,found in operative 'It is ordered that' section; matched expected keyword for category
LTB-L-000769-26,L4,Order,2026-02-13,L2R,936.0,other,,,,"February 11, 2026",True,True,True,True,False,True,text,"no operative section found, or it had no dollar mentions at all; fell back to full-document search; single candidate amount, no strong keyword match"
LTB-L-000792-26,L4,ExParte Order,2026-01-12,L7P,1618.29,other,,,,,False,,,,,False,text,"no operative section found, or it had no dollar mentions at all; fell back to full-document search; single candidate amount, no strong keyword match"
LTB-L-000841-26,L4,Order,2026-02-27,K1T,8277.58,arrears,,,,"February 9, 2026",True,False,True,,False,False,text,found in operative 'It is ordered that' section; matched expected keyword for category
LTB-L-000855-26,L4,Order,2026-01-12,N7M,2020.5,arrears,769.0,pattern_1,2.63,,False,,,,,False,text,found in operative 'It is ordered that' section; matched expected keyword for category
LTB-L-000863-26,L4,Order,2026-05-05,M5A,,,,,,"February 11, 2026",True,False,False,,,False,text,no dollar amount found
LTB-L-000866-26,L4,ExParte Order,2026-01-12,L9V,,,,,,,False,,,,,False,text,no dollar amount found
LTB-L-000920-26,L4,Order,2026-02-13,L8L,,,,,,,True,False,True,,False,False,text,no dollar amount found
LTB-L-000976-26,L4,Order,2026-01-14,M6M,3490.0,arrears,1686.0,pattern_1,2.07,,False,,,,,False,text,found in operative 'It is ordered that' section; matched expected keyword for category
LTB-L-001028-26,L4,Order,2026-01-12,N6G,4267.43,arrears,1642.24,pattern_1,2.6,,False,,,,,False,text,found in operative 'It is ordered that' section; matched expected keyword for category
LTB-L-001037-26,L4,Order,2026-02-12,M3N,2300.0,arrears,,,,"February 4, 2026",True,True,True,True,False,False,text,found in operative 'It is ordered that' section; matched expected keyword for category
LTB-L-001059-26,L4,Order,2026-03-13,P3E,,,,,,"February 10, 2026",True,True,True,True,False,False,text,no dollar amount found
LTB-L-001062-26,L4,ExParte Order,2026-01-12,N2L,4133.72,arrears,,,,,False,,,,,False,text,found in operative 'It is ordered that' section; matched expected keyword for category
LTB-L-001067-26,L4,Order,2026-03-19,L1G,,,,,,"February 2, 2026",True,True,True,True,True,False,text,no dollar amount found
LTB-L-001076-26,L4,Order,2026-02-25,N1R,,,,,,"February 18, 2026",True,False,True,,False,False,text,no dollar amount found
LTB-L-001113-26,L4,ExParte Order,2026-01-14,L4K,11286.0,arrears,3700.0,pattern_1,3.05,,False,,,,,False,text,found in operative 'It is ordered that' section; matched expected keyword for category
LTB-L-001118-26,L4,ExParte Order,2026-01-14,L7N,14011.37,arrears,2324.0,pattern_1,6.03,,False,,,,,False,text,found in operative 'It is ordered that' section; matched expected keyword for category
LTB-L-001173-26,L4,Order,2026-01-20,M6G,8547.68,arrears,2736.61,pattern_1,3.12,,False,,,,,False,text,found in operative 'It is ordered that' section; matched expected keyword for category
LTB-L-001184-26,L4,ExParte Order,2026-01-14,M4J,,,,,,,False,,,,,False,text,no dollar amount found
LTB-L-001325-26,L4,Order,2026-02-11,N6H,13058.25,arrears,,,,"February 9, 2026",True,False,True,,False,False,text,found in operative 'It is ordered that' section; matched expected keyword for category
LTB-L-001738-26,L4,ExParte Order,2026-01-13,K7H,992.25,arrears,942.44,pattern_1,1.05,,False,,,,,False,text,found in operative 'It is ordered that' section; matched expected keyword for category
LTB-L-001770-26,L4,Order,2026-02-06,L8K,,,,,,"January 29, 2026",True,True,True,True,True,False,text,no dollar amount found
LTB-L-001790-26,L4,Order,2026-01-13,L8E,5812.17,arrears,2037.15,pattern_1,2.85,,False,,,,,False,text,found in operative 'It is ordered that' section; matched expected keyword for category
LTB-L-001809-26,L4,Amended Order,2026-02-09,N2L,,,,,,,False,,,,,False,text,operative section found but contained only fee/rate/boilerplate amounts — likely no lump sum ordered
LTB-L-001896-26,L4,ExParte Order,2026-01-14,K2B,7782.15,arrears,1502.81,pattern_1,5.18,,False,,,,,False,text,found in operative 'It is ordered that' section; matched expected keyword for category
LTB-L-002027-26,L4,ExParte Order,2026-01-14,K7P,,,,,,,False,,,,,False,text,no dollar amount found
LTB-L-002032-26,L4,ExParte Order,2026-01-14,L4Y,5229.83,arrears,1398.0,pattern_1,3.74,,False,,,,,False,text,found in operative 'It is ordered that' section; matched expected keyword for category
LTB-L-002085-26,L4,Order,2026-02-11,M4T,,,,,,"January 29, 2026",True,True,True,True,False,False,text,no dollar amount found
LTB-L-002101-26,L4,Review Order,2026-05-22,P1A,,,,,,,False,,,,,False,text,no dollar amount found
LTB-L-002295-26,L4,ExParte Order,2026-01-14,N7L,3160.8,arrears,1014.56,pattern_1,3.12,,False,,,,,False,text,found in operative 'It is ordered that' section; matched expected keyword for category
LTB-L-002309-26,L4,ExParte Order,2026-01-14,M3L,4114.99,arrears,1502.1,pattern_1,2.74,,False,,,,,False,text,found in operative 'It is ordered that' section; matched expected keyword for category
LTB-L-002337-26,L4,ExParte Order,2026-01-14,L8P,14265.34,arrears,2311.88,pattern_1,6.17,,False,,,,,False,text,found in operative 'It is ordered that' section; matched expected keyword for category
LTB-L-002339-26,L4,Order,2026-02-13,L6X,8666.0,arrears,,,,"February 5, 2026",True,True,True,True,False,False,text,found in operative 'It is ordered that' section; matched expected keyword for category
LTB-L-002384-26,L4,Order,2026-03-17,M2M,3249.24,arrears,,,,"March 12, 2026",True,True,True,True,False,False,text,found in operative 'It is ordered that' section; matched expected keyword for category
LTB-L-002549-26,L4,Order,2026-02-13,M9R,3468.58,arrears,,,,"February 11, 2026",True,True,True,True,False,False,text,found in operative 'It is ordered that' section; matched expected keyword for category
LTB-L-002567-26,L4,ExParte Order,2026-01-19,M5V,10086.44,arrears,2850.0,pattern_1,3.54,,False,,,,,False,text,found in operative 'It is ordered that' section; matched expected keyword for category
LTB-L-002598-26,L4,Review Order,2026-04-16,L8L,,,,,,"April 14, 2026",True,True,False,True,,True,text,no dollar amount found
LTB-L-002606-26,L4,ExParte Order,2026-01-13,L6Z,,,,,,,False,,,,,False,text,no dollar amount found
LTB-L-002613-26,L4,ExParte Order,2026-01-21,P6C,4091.0,arrears,1108.0,pattern_1,3.69,,False,,,,,False,text,found in operative 'It is ordered that' section; matched expected keyword for category
LTB-L-002625-26,L4,ExParte Order,2026-01-19,M6C,1208.07,ambiguous-max,1208.07,pattern_1,1.0,,False,,,,,False,text,"no operative section found, or it had no dollar mentions at all; fell back to full-document search; multiple candidate amounts, took max — manual review advised"
LTB-L-002657-26,L4,ExParte Order,2026-01-19,P1H,3336.0,arrears,2000.0,pattern_1,1.67,,False,,,,,False,text,found in operative 'It is ordered that' section; matched expected keyword for category
LTB-L-002676-26,L4,Review Order,2026-03-30,M3A,,,,,,,False,,,,,True,text,no dollar amount found
LTB-L-002676-26,L4,ExParte Order,2026-02-09,M3A,,,,,,,False,,,,,True,text,no dollar amount found
LTB-L-002682-26,L4,Order,2026-02-04,K0K,,,,,,,False,,,,,False,text,no dollar amount found
LTB-L-002699-26,L4,Order,2026-02-27,N1T,,,,,,"February 25, 2026",True,True,True,True,True,False,text,no dollar amount found
LTB-L-002724-26,L4,Order,2026-01-19,K1Y,,,,,,,False,,,,,False,text,no dollar amount found
LTB-L-002727-26,L4,ExParte Order,2026-01-19,L4A,5305.9,arrears,3400.0,pattern_1,1.56,,False,,,,,False,text,found in operative 'It is ordered that' section; matched expected keyword for category
LTB-L-002764-26,L4,ExParte Order,2026-01-19,M4V,7496.0,arrears,2072.0,pattern_1,3.62,,False,,,,,False,text,found in operative 'It is ordered that' section; matched expected keyword for category
LTB-L-002765-26,L4,ExParte Order,2026-02-23,N7T,2835.21,arrears,1614.37,pattern_1,1.76,,False,,,,,False,text,found in operative 'It is ordered that' section; matched expected keyword for category
LTB-L-002766-26,L4,ExParte Order,2026-01-19,M9M,5130.0,arrears,2160.0,pattern_1,2.38,,False,,,,,False,text,found in operative 'It is ordered that' section; matched expected keyword for category
LTB-L-002771-26,L4,ExParte Order,2026-01-19,K4K,,,,,,,False,,,,,False,text,no dollar amount found
LTB-L-002785-26,L4,Order,2026-02-25,N1H,5978.46,arrears,1581.67,pattern_1,3.78,,False,,,,,False,text,found in operative 'It is ordered that' section; matched expected keyword for category
LTB-L-002796-26,L4,ExParte Order,2026-01-26,L9V,1302.5,arrears,1038.03,pattern_1,1.25,,False,,,,,False,text,found in operative 'It is ordered that' section; matched expected keyword for category
LTB-L-003003-26,L4,ExParte Order,2026-01-19,L6V,9547.3,arrears,1891.12,pattern_1,5.05,,False,,,,,False,text,found in operative 'It is ordered that' section; matched expected keyword for category
LTB-L-003013-26,L4,Order,2026-02-24,L6T,,,,,,"February 19, 2026",True,True,True,True,False,False,text,no dollar amount found
LTB-L-003050-26,L4,ExParte Order,2026-01-19,L6T,,,2024.54,pattern_1,,,False,,,,,False,text,operative section found but contained only fee/rate/boilerplate amounts — likely no lump sum ordered
LTB-L-003060-26,L4,ExParte Order,2026-01-19,L6T,1376.48,ambiguous-max,1376.48,pattern_1,1.0,,False,,,,,False,text,"no operative section found, or it had no dollar mentions at all; fell back to full-document search; multiple candidate amounts, took max — manual review advised"
LTB-L-003074-26,L4,Order,2026-03-24,L6V,,,,,,"February 23, 2026",True,False,True,,False,False,text,no dollar amount found
LTB-L-003143-26,L4,Order,2026-03-31,N1S,,,,,,"March 24, 2026",True,True,True,True,False,False,text,no dollar amount found
LTB-L-003143-26,L4,ExParte Order,2026-01-20,N1S,,,,,,"March 24, 2026",True,True,True,True,False,False,text,no dollar amount found
LTB-L-003263-26,L4,Order,2026-01-20,M4X,1592.21,ambiguous-max,1592.21,pattern_1,1.0,,False,,,,,False,text,"no operative section found, or it had no dollar mentions at all; fell back to full-document search; multiple candidate amounts, took max — manual review advised"
LTB-L-003444-26,L4,ExParte Order,2026-01-20,M6C,,,1851.74,pattern_1,,,False,,,,,False,text,operative section found but contained only fee/rate/boilerplate amounts — likely no lump sum ordered
LTB-L-003461-26,L4,ExParte Order,2026-01-19,N0M,11786.0,arrears,1450.0,pattern_1,8.13,,False,,,,,False,text,found in operative 'It is ordered that' section; matched expected keyword for category
LTB-L-003519-26,L4,ExParte Order,2026-01-19,L4M,4365.0,arrears,1311.0,pattern_1,3.33,,False,,,,,False,text,found in operative 'It is ordered that' section; matched expected keyword for category
LTB-L-003531-26,L4,ExParte Order,2026-01-19,M9N,,,,,,,False,,,,,False,text,no dollar amount found
LTB-L-003573-26,L4,Order,2026-02-17,N5Z,2810.0,arrears,,,,"February 10, 2026",True,True,True,True,False,False,text,found in operative 'It is ordered that' section; matched expected keyword for category
LTB-L-003660-26,L4,ExParte Order,2026-01-21,M5V,4806.0,arrears,2150.0,pattern_1,2.24,,False,,,,,False,text,found in operative 'It is ordered that' section; matched expected keyword for category
LTB-L-003686-26,L4,Order,2026-03-04,L5G,,,,,,"February 23, 2026",True,True,True,True,True,False,text,no dollar amount found
LTB-L-003778-26,L4,Order,2026-02-26,N6G,2499.06,arrears,,,,"February 11, 2026",True,False,False,,,False,text,found in operative 'It is ordered that' section; matched expected keyword for category
LTB-L-003810-26,L4,ExParte Order,2026-01-19,L1G,11924.42,arrears,1800.0,pattern_1,6.62,,False,,,,,False,text,found in operative 'It is ordered that' section; matched expected keyword for category
LTB-L-003970-26,L4,ExParte Order,2026-01-26,M8W,5188.8,arrears,2034.62,pattern_1,2.55,,False,,,,,False,text,found in operative 'It is ordered that' section; matched expected keyword for category
LTB-L-003997-26,L4,Order,2026-01-20,L1E,,,2250.0,pattern_1,,,False,,,,,False,text,operative section found but contained only fee/rate/boilerplate amounts — likely no lump sum ordered
LTB-L-004070-26,L4,ExParte Order,2026-01-21,M4A,,,,,,"February 12, 2026",True,True,True,True,False,False,text,no dollar amount found
LTB-L-004163-26,L4,ExParte Order,2026-01-26,L4X,13335.01,arrears,2790.68,pattern_1,4.78,,False,,,,,False,text,found in operative 'It is ordered that' section; matched expected keyword for category
LTB-L-004195-26,L4,Order,2026-02-11,L4T,,,,,,"February 3, 2026",True,True,True,True,False,False,text,no dollar amount found
LTB-L-004199-26,L4,ExParte Order,2026-02-09,N4S,3054.16,arrears,1839.35,pattern_1,1.66,,False,,,,,False,text,found in operative 'It is ordered that' section; matched expected keyword for category
LTB-L-004218-26,L4,Order,2026-02-26,M1E,3199.66,arrears,,,,"February 24, 2026",True,True,True,True,False,False,text,found in operative 'It is ordered that' section; matched expected keyword for category
LTB-L-004240-26,L4,ExParte Order,2026-01-21,L5C,3722.49,arrears,1398.0,pattern_1,2.66,,False,,,,,False,text,found in operative 'It is ordered that' section; matched expected keyword for category
LTB-L-004253-26,L4,Order,2026-03-10,N6J,2544.6,arrears,,,,"March 5, 2026",True,True,True,True,False,False,text,found in operative 'It is ordered that' section; matched expected keyword for category
LTB-L-004361-26,L4,Order,2026-05-19,L6G,,,,,,"May 11, 2026",True,True,True,True,True,False,text,no dollar amount found
LTB-L-004395-26,L4,ExParte Order,2026-01-21,M9V,3780.25,arrears,2618.6,pattern_1,1.44,,False,,,,,False,text,found in operative 'It is ordered that' section; matched expected keyword for category
LTB-L-004396-26,L4,ExParte Order,2026-01-26,M6G,1184.4,arrears,590.0,pattern_1,2.01,,False,,,,,False,text,found in operative 'It is ordered that' section; matched expected keyword for category
LTB-L-004463-26,L4,Order,2026-03-10,L2M,,,,,,"March 4, 2026",True,True,False,True,,True,text,no dollar amount found
LTB-L-004470-26,L4,ExParte Order,2026-01-29,L1C,,,,,,,False,,,,,False,text,no dollar amount found
LTB-L-004471-26,L4,Amended Order,2026-05-11,L4Y,5917.95,arrears,,,,"February 26, 2026",True,True,True,True,True,False,text,found in operative 'It is ordered that' section; matched expected keyword for category
LTB-L-004473-26,L4,Order,2026-03-03,P7E,,,,,,"February 26, 2026",True,True,True,True,False,False,text,no dollar amount found
LTB-L-004532-26,L4,ExParte Order,2026-02-03,K1H,7653.61,arrears,209.0,pattern_1,36.62,,False,,,,,False,text,found in operative 'It is ordered that' section; matched expected keyword for category
LTB-L-004568-26,L4,ExParte Order,2026-01-27,K0K,186.0,arrears,3987.25,pattern_1,0.05,,False,,,,,False,text,found in operative 'It is ordered that' section; matched expected keyword for category
LTB-L-004578-26,L4,ExParte Order,2026-01-27,L6H,66170.5,arrears,6000.0,pattern_1,11.03,,False,,,,,False,text,found in operative 'It is ordered that' section; matched expected keyword for category
LTB-L-004583-26,L4,Order,2026-03-24,M1P,,,,,,"February 23, 2026",True,True,True,True,True,False,text,no dollar amount found
LTB-L-004584-26,L4,ExParte Order,2026-01-27,M1R,5498.49,arrears,1591.54,pattern_1,3.45,,False,,,,,False,text,found in operative 'It is ordered that' section; matched expected keyword for category
LTB-L-004654-26,L4,ExParte Order,2026-01-26,K8V,2807.64,arrears,1045.0,pattern_1,2.69,,False,,,,,False,text,found in operative 'It is ordered that' section; matched expected keyword for category
LTB-L-004658-26,L4,Order,2026-01-26,M3N,2213.01,ambiguous-max,2213.01,pattern_1,1.0,,False,,,,,False,text,"no operative section found, or it had no dollar mentions at all; fell back to full-document search; multiple candidate amounts, took max — manual review advised"
LTB-L-004680-26,L4,Order,2026-01-26,N6M,15235.15,arrears,2518.53,pattern_1,6.05,,False,,,,,False,text,found in operative 'It is ordered that' section; matched expected keyword for category
LTB-L-004689-26,L4,ExParte Order,2026-01-26,N9A,2644.0,arrears,1670.0,pattern_1,1.58,,False,,,,,False,text,found in operative 'It is ordered that' section; matched expected keyword for category
LTB-L-004996-26,L4,ExParte Order,2026-04-07,L6V,2500.0,stated_total,2500.0,pattern_1,1.0,"February 27, 2026",True,True,True,True,False,False,text,"found in operative 'It is ordered that' section; explicit stated-total phrasing (""...is \$X"")"
LTB-L-005022-26,L4,ExParte Order,2026-01-26,L5R,6714.75,arrears,1458.0,pattern_1,4.61,,False,,,,,False,text,found in operative 'It is ordered that' section; matched expected keyword for category
LTB-L-005127-26,L4,Order,2026-01-26,K8N,,,,,,,False,,,,,False,text,no dollar amount found
LTB-L-005165-26,L4,ExParte Order,2026-01-26,N2G,8695.5,arrears,2000.0,pattern_1,4.35,,False,,,,,False,text,found in operative 'It is ordered that' section; matched expected keyword for category
LTB-L-005229-26,L4,ExParte Order,2026-01-26,L3Y,5940.84,arrears,3284.0,pattern_1,1.81,,False,,,,,False,text,found in operative 'It is ordered that' section; matched expected keyword for category
LTB-L-005230-26,L4,Order,2026-03-06,L2M,828.93,arrears,,,,"March 5, 2026",True,True,True,True,False,False,text,found in operative 'It is ordered that' section; matched expected keyword for category
LTB-L-005234-26,L4,ExParte Order,2026-01-26,L1A,21849.75,arrears,2000.0,pattern_1,10.92,,False,,,,,False,text,found in operative 'It is ordered that' section; matched expected keyword for category
LTB-L-005371-26,L4,Order,2026-01-26,N8Y,6633.81,arrears,1622.45,pattern_1,4.09,,False,,,,,False,text,found in operative 'It is ordered that' section; matched expected keyword for category
LTB-L-005415-26,L4,ExParte Order,2026-01-26,M3L,23488.64,arrears,932.0,pattern_1,25.2,,False,,,,,False,text,found in operative 'It is ordered that' section; matched expected keyword for category
LTB-L-005451-26,L4,ExParte Order,2026-01-26,M1P,4862.86,arrears,,,,,False,,,,,False,text,found in operative 'It is ordered that' section; matched expected keyword for category
LTB-L-005549-26,L4,Order,2026-03-12,M1E,596.0,arrears,,,,"March 4, 2026",False,,,,,False,text,found in operative 'It is ordered that' section; matched expected keyword for category
LTB-L-005631-26,L4,Order,2026-03-02,L9V,2986.0,arrears,,,,"February 25, 2026",True,True,True,False,False,False,text,found in operative 'It is ordered that' section; matched expected keyword for category
LTB-L-005745-26,L4,ExParte Order,2026-01-26,L7R,4033.81,arrears,2199.23,pattern_1,1.83,,False,,,,,False,text,found in operative 'It is ordered that' section; matched expected keyword for category
LTB-L-005802-26,L4,ExParte Order,2026-01-26,M4K,,,,,,,False,,,,,False,text,no dollar amount found
LTB-L-005855-26,L4,ExParte Order,2026-01-26,L8K,9430.0,arrears,2311.0,pattern_1,4.08,,False,,,,,False,text,found in operative 'It is ordered that' section; matched expected keyword for category
LTB-L-005866-26,L4,Order,2026-01-30,L9M,4139.67,arrears,866.36,pattern_1,4.78,,False,,,,,False,text,found in operative 'It is ordered that' section; matched expected keyword for category
LTB-L-005919-26,L4,Order,2026-03-06,N6A,2916.0,stated_total,,,,"March 2, 2026",True,True,True,True,False,False,text,"no operative section found, or it had no dollar mentions at all; fell back to full-document search; explicit stated-total phrasing (""...is \$X"")"
LTB-L-005920-26,L4,Review Order,2026-05-19,L6T,,,,,,,False,,,,,False,text,no dollar amount found
LTB-L-005937-26,L4,Order,2026-03-26,M6H,8143.7,arrears,,,,"March 16, 2026",True,True,True,True,False,False,text,found in operative 'It is ordered that' section; matched expected keyword for category
LTB-L-005946-26,L4,ExParte Order,2026-02-02,N6B,115.0,ambiguous-max,,,,,False,,,,,False,text,"no operative section found, or it had no dollar mentions at all; fell back to full-document search; multiple candidate amounts, took max — manual review advised"
LTB-L-005983-26,L4,Order,2026-03-10,M2N,300.0,arrears,,,,"March 2, 2026",True,True,True,True,False,False,text,"no operative section found, or it had no dollar mentions at all; fell back to full-document search; matched expected keyword for category"
LTB-L-005997-26,L4,ExParte Order,2026-01-30,M1J,7942.98,arrears,2326.74,pattern_1,3.41,,False,,,,,False,text,found in operative 'It is ordered that' section; matched expected keyword for category
LTB-L-006131-26,L4,Order,2026-03-16,M1J,,,,,,"March 9, 2026",True,False,True,,False,False,text,no dollar amount found
LTB-L-006138-26,L4,ExParte Order,2026-01-26,L3V,3886.0,arrears,3900.0,pattern_1,1.0,,False,,,,,False,text,found in operative 'It is ordered that' section; matched expected keyword for category
LTB-L-006215-26,L4,Order,2026-03-25,N8T,,,,,,"March 19, 2026",True,True,True,True,False,False,text,no dollar amount found
LTB-L-006396-26,L4,ExParte Order,2026-01-30,M8V,6295.77,arrears,1906.87,pattern_1,3.3,,False,,,,,False,text,found in operative 'It is ordered that' section; matched expected keyword for category
LTB-L-006528-26,L4,ExParte Order,2026-01-26,M3N,,,,,,,False,,,,,False,text,no dollar amount found
LTB-L-006586-26,L4,ExParte Order,2026-01-30,L2G,,,900.0,pattern_1,,,False,,,,,False,text,operative section found but contained only fee/rate/boilerplate amounts — likely no lump sum ordered
LTB-L-006612-26,L4,Order,2026-04-14,K1K,350.0,ambiguous-max,,,,"March 16, 2026",True,False,True,,False,False,text,"no operative section found, or it had no dollar mentions at all; fell back to full-document search; multiple candidate amounts, took max — manual review advised"
LTB-L-006618-26,L4,ExParte Order,2026-01-27,M3N,81.04,other,,,,,False,,,,,False,text,"no operative section found, or it had no dollar mentions at all; fell back to full-document search; single candidate amount, no strong keyword match"
LTB-L-006645-26,L4,ExParte Order,2026-02-03,M9V,3591.27,arrears,2967.37,pattern_1,1.21,,False,,,,,False,text,found in operative 'It is ordered that' section; matched expected keyword for category
LTB-L-006648-26,L4,ExParte Order,2026-01-27,N2L,8427.21,arrears,2022.73,pattern_1,4.17,,False,,,,,False,text,found in operative 'It is ordered that' section; matched expected keyword for category
LTB-L-006677-26,L4,Order,2026-02-26,K1V,2850.23,arrears,,,,,True,True,True,True,False,False,text,found in operative 'It is ordered that' section; matched expected keyword for category
LTB-L-006714-26,L4,Order,2026-03-17,L8E,,,,,,"March 10, 2026",True,True,True,True,False,False,text,no dollar amount found
LTB-L-006889-26,L4,ExParte Order,2026-02-02,L0R,10627.84,arrears,2975.0,pattern_1,3.57,,False,,,,,False,text,found in operative 'It is ordered that' section; matched expected keyword for category
LTB-L-006901-26,L4,ExParte Order,2026-01-30,L4N,554.0,arrears,,,,,False,,,,,False,text,"no operative section found, or it had no dollar mentions at all; fell back to full-document search; matched expected keyword for category"
LTB-L-007419-26,L4,ExParte Order,2026-02-02,P0N,0.0,arrears,1896.25,pattern_1,,,False,,,,,False,text,found in operative 'It is ordered that' section; matched expected keyword for category
LTB-L-007469-26,L4,Order,2026-03-06,K8N,,,,,,"March 3, 2026",True,True,True,True,True,False,text,no dollar amount found
LTB-L-007469-26,L4,ExParte Order,2026-02-03,K8N,,,,,,"March 3, 2026",True,True,True,True,True,False,text,no dollar amount found
LTB-L-007484-26,L4,Order,2026-03-31,L5R,17253.12,stated_total,,,,"March 24, 2026",True,True,True,True,False,False,text,"no operative section found, or it had no dollar mentions at all; fell back to full-document search; explicit stated-total phrasing (""...is \$X"")"
LTB-L-007519-26,L4,ExParte Order,2026-02-02,P4N,6602.9,arrears,1943.63,pattern_1,3.4,,False,,,,,False,text,found in operative 'It is ordered that' section; matched expected keyword for category
LTB-L-007539-26,L4,Order,2026-03-13,L8E,,,,,,"March 5, 2026",True,True,True,False,False,False,text,no dollar amount found
LTB-L-007589-26,L4,ExParte Order,2026-02-02,N3A,5157.46,arrears,1102.0,pattern_1,4.68,,False,,,,,False,text,found in operative 'It is ordered that' section; matched expected keyword for category
LTB-L-007655-26,L4,Order,2026-03-19,L1N,,,,,,"March 16, 2026",True,False,True,,False,False,text,no dollar amount found
LTB-L-007663-26,L4,ExParte Order,2026-02-02,M3N,7344.79,arrears,1013.35,pattern_1,7.25,,False,,,,,False,text,found in operative 'It is ordered that' section; matched expected keyword for category
LTB-L-007678-26,L4,ExParte Order,2026-02-02,L4M,11000.0,arrears,2200.0,pattern_1,5.0,,False,,,,,False,text,found in operative 'It is ordered that' section; matched expected keyword for category
LTB-L-007697-26,L4,Order,2026-04-02,M3J,719.4,arrears,,,,"March 31, 2026",True,True,True,True,False,False,text,"no operative section found, or it had no dollar mentions at all; fell back to full-document search; matched expected keyword for category"
LTB-L-007983-26,L4,ExParte Order,2026-02-02,L1S,5247.02,arrears,1122.53,pattern_1,4.67,,False,,,,,False,text,found in operative 'It is ordered that' section; matched expected keyword for category
LTB-L-008047-26,L4,ExParte Order,2026-02-02,K1N,7256.0,arrears,4250.0,pattern_1,1.71,,False,,,,,False,text,found in operative 'It is ordered that' section; matched expected keyword for category
LTB-L-008054-26,L4,Order,2026-03-17,P7B,,,,,,"March 10, 2026",True,True,True,True,False,False,text,no dollar amount found
LTB-L-008110-26,L4,ExParte Order,2026-02-03,M3J,6823.35,arrears,2310.3,pattern_1,2.95,,False,,,,,False,text,found in operative 'It is ordered that' section; matched expected keyword for category
LTB-L-008112-26,L4,ExParte Order,2026-02-02,L6T,,,,,,,False,,,,,False,text,no dollar amount found
LTB-L-008345-26,L4,ExParte Order,2026-02-02,L5B,2839.57,arrears,1438.56,pattern_1,1.97,,False,,,,,False,text,found in operative 'It is ordered that' section; matched expected keyword for category
LTB-L-008525-26,L4,Order,2026-03-18,L1H,9836.0,arrears,,,,"March 10, 2026",True,True,True,True,False,False,text,"no operative section found, or it had no dollar mentions at all; fell back to full-document search; matched expected keyword for category"
LTB-L-008561-26,L4,ExParte Order,2026-02-02,L6P,4177.62,arrears,2680.53,pattern_1,1.56,,False,,,,,False,text,found in operative 'It is ordered that' section; matched expected keyword for category
LTB-L-008563-26,L4,ExParte Order,2026-02-06,M6H,505.64,arrears,1884.0,pattern_1,0.27,,False,,,,,False,text,found in operative 'It is ordered that' section; matched expected keyword for category
LTB-L-008741-26,L4,ExParte Order,2026-02-23,K2B,2634.0,arrears,,,,,False,,,,,False,text,found in operative 'It is ordered that' section; matched expected keyword for category
LTB-L-008800-26,L4,Order,2026-03-20,L8N,,,,,,"March 12, 2026",True,True,True,True,False,False,text,no dollar amount found
LTB-L-008800-26,L4,ExParte Order,2026-02-06,L8N,,,,,,"March 12, 2026",True,True,True,True,False,False,text,no dollar amount found
LTB-L-008829-26,L4,ExParte Order,2026-02-06,N0A,4154.91,arrears,750.0,pattern_1,5.54,,False,,,,,False,text,found in operative 'It is ordered that' section; matched expected keyword for category
LTB-L-008858-26,L4,ExParte Order,2026-02-03,M4Y,1461.0,arrears,1500.0,pattern_1,0.97,,False,,,,,False,text,found in operative 'It is ordered that' section; matched expected keyword for category
LTB-L-008958-26,L4,ExParte Order,2026-02-06,N9A,,,,,,,False,,,,,False,text,no dollar amount found
LTB-L-008987-26,L4,ExParte Order,2026-02-06,N7T,1265.61,arrears,1057.11,pattern_1,1.2,,False,,,,,False,text,found in operative 'It is ordered that' section; matched expected keyword for category
LTB-L-009131-26,L4,Order,2026-03-23,M1M,,,,,,"March 17, 2026",True,True,False,True,,True,text,no dollar amount found
LTB-L-009155-26,L4,Order,2026-02-06,K1N,1171.31,ambiguous-max,1171.31,pattern_1,1.0,,False,,,,,False,text,"no operative section found, or it had no dollar mentions at all; fell back to full-document search; multiple candidate amounts, took max — manual review advised"
LTB-L-009207-26,L4,ExParte Order,2026-02-06,K2G,8136.0,arrears,1200.0,pattern_1,6.78,,False,,,,,False,text,found in operative 'It is ordered that' section; matched expected keyword for category
LTB-L-009261-26,L4,ExParte Order,2026-02-06,L8M,4118.97,arrears,1891.0,pattern_1,2.18,,False,,,,,False,text,found in operative 'It is ordered that' section; matched expected keyword for category
LTB-L-009279-26,L4,ExParte Order,2026-02-06,L9W,10201.0,arrears,4000.0,pattern_1,2.55,,False,,,,,False,text,found in operative 'It is ordered that' section; matched expected keyword for category
LTB-L-009301-26,L4,ExParte Order,2026-02-06,L1E,2600.0,arrears,1650.0,pattern_1,1.58,,False,,,,,False,text,found in operative 'It is ordered that' section; matched expected keyword for category
LTB-L-009301-26,L4,Order,2026-03-23,L1E,2600.0,arrears,1650.0,pattern_1,1.58,,False,,,,,False,text,found in operative 'It is ordered that' section; matched expected keyword for category
LTB-L-009508-26,L4,Order,2026-05-07,K7C,1300.0,ambiguous-max,,,,"March 10, 2026",True,True,True,True,True,False,text,"no operative section found, or it had no dollar mentions at all; fell back to full-document search; multiple candidate amounts, took max — manual review advised"
LTB-L-009542-26,L4,ExParte Order,2026-02-06,L2S,2582.25,arrears,2299.0,pattern_1,1.12,,False,,,,,False,text,found in operative 'It is ordered that' section; matched expected keyword for category
LTB-L-009555-26,L4,ExParte Order,2026-02-06,K6H,1665.62,ambiguous-max,1665.62,pattern_1,1.0,,False,,,,,False,text,"no operative section found, or it had no dollar mentions at all; fell back to full-document search; multiple candidate amounts, took max — manual review advised"
LTB-L-009595-26,L4,ExParte Order,2026-02-06,M5R,,,270.0,pattern_1,,,False,,,,,False,text,operative section found but contained only fee/rate/boilerplate amounts — likely no lump sum ordered
LTB-L-009597-26,L4,ExParte Order,2026-02-09,L4C,2486.0,arrears,1330.0,pattern_1,1.87,,False,,,,,False,text,found in operative 'It is ordered that' section; matched expected keyword for category
LTB-L-009644-26,L4,ExParte Order,2026-02-09,N5Z,1744.56,ambiguous-max,1744.56,pattern_1,1.0,,False,,,,,False,text,"no operative section found, or it had no dollar mentions at all; fell back to full-document search; multiple candidate amounts, took max — manual review advised"
LTB-L-009691-26,L4,Order,2026-03-16,K7A,,,,,,"March 12, 2026",True,True,False,False,,True,text,no dollar amount found
LTB-L-009691-26,L4,ExParte Order,2026-02-06,K7A,,,,,,"March 12, 2026",True,True,False,False,,True,text,no dollar amount found
LTB-L-009745-26,L4,ExParte Order,2026-02-10,N6C,12220.52,arrears,1307.41,pattern_1,9.35,,False,,,,,False,text,found in operative 'It is ordered that' section; matched expected keyword for category
LTB-L-009759-26,L4,ExParte Order,2026-02-17,K6A,,,,,,,False,,,,,False,text,no dollar amount found
LTB-L-009759-26,L4,ExParte Order,2026-02-17,K6A,,,,,,,False,,,,,False,text,no dollar amount found
LTB-L-009870-26,L4,ExParte Order,2026-02-09,L6M,3386.0,arrears,2100.0,pattern_1,1.61,,False,,,,,False,text,found in operative 'It is ordered that' section; matched expected keyword for category
LTB-L-009879-26,L4,ExParte Order,2026-02-09,L6M,26661.89,arrears,3200.0,pattern_1,8.33,,False,,,,,False,text,found in operative 'It is ordered that' section; matched expected keyword for category
LTB-L-009947-26,L4,ExParte Order,2026-02-10,P4N,2520.0,arrears,1260.75,pattern_1,2.0,,False,,,,,False,text,found in operative 'It is ordered that' section; matched expected keyword for category
LTB-L-010086-26,L4,ExParte Order,2026-02-13,N5A,1200.0,arrears,1957.64,pattern_1,0.61,,False,,,,,False,text,found in operative 'It is ordered that' section; matched expected keyword for category
LTB-L-010263-26,L4,Order,2026-03-31,N7M,,,,,,"March 25, 2026",True,True,True,True,True,False,text,no dollar amount found
LTB-L-010295-26,L4,Order,2026-04-01,M9B,1200.0,arrears,,,,"March 19, 2026",True,True,True,False,False,False,text,"no operative section found, or it had no dollar mentions at all; fell back to full-document search; matched expected keyword for category"
LTB-L-010361-26,L4,ExParte Order,2026-02-09,P3E,16228.97,arrears,1525.0,pattern_1,10.64,,False,,,,,False,text,found in operative 'It is ordered that' section; matched expected keyword for category
LTB-L-010453-26,L4,ExParte Order,2026-02-09,N6E,5237.0,arrears,2190.0,pattern_1,2.39,,False,,,,,False,text,found in operative 'It is ordered that' section; matched expected keyword for category
LTB-L-010525-26,L4,Order,2026-03-25,N7G,945.78,ambiguous-max,,,,"March 23, 2026",True,True,True,True,False,False,text,"no operative section found, or it had no dollar mentions at all; fell back to full-document search; multiple candidate amounts, took max — manual review advised"
LTB-L-010544-26,L4,Order,2026-02-24,K0K,,,,,,,False,,,,,False,text,no dollar amount found
LTB-L-010544-26,L4,Amended Order,2026-02-23,K0K,,,,,,,False,,,,,False,text,no dollar amount found
LTB-L-010572-26,L4,ExParte Order,2026-02-17,P2A,13630.56,arrears,2500.0,pattern_1,5.45,,False,,,,,False,text,found in operative 'It is ordered that' section; matched expected keyword for category
LTB-L-010581-26,L4,ExParte Order,2026-02-10,N3H,5250.0,arrears,876.0,pattern_1,5.99,,False,,,,,False,text,found in operative 'It is ordered that' section; matched expected keyword for category
LTB-L-010649-26,L4,ExParte Order,2026-02-06,L8P,,,,,,,False,,,,,False,text,no dollar amount found
LTB-L-010676-26,L4,ExParte Order,2026-02-09,M4X,1131.88,ambiguous-max,1131.88,pattern_1,1.0,,False,,,,,False,text,"no operative section found, or it had no dollar mentions at all; fell back to full-document search; multiple candidate amounts, took max — manual review advised"
LTB-L-010820-26,L4,ExParte Order,2026-02-13,M3J,2648.35,arrears,,,,,False,,,,,False,text,found in operative 'It is ordered that' section; matched expected keyword for category
LTB-L-010859-26,L4,ExParte Order,2026-02-13,K6H,1657.9,arrears,800.0,pattern_1,2.07,,False,,,,,False,text,found in operative 'It is ordered that' section; matched expected keyword for category
LTB-L-010875-26,L4,ExParte Order,2026-02-09,L4E,,,4000.0,pattern_1,,,False,,,,,False,text,operative section found but contained only fee/rate/boilerplate amounts — likely no lump sum ordered
LTB-L-010910-26,L4,ExParte Order,2026-02-09,L6X,21486.7,arrears,3800.0,pattern_1,5.65,,False,,,,,False,text,found in operative 'It is ordered that' section; matched expected keyword for category
LTB-L-010914-26,L4,ExParte Order,2026-02-09,K7K,,,,,,,False,,,,,False,text,no dollar amount found
LTB-L-010952-26,L4,ExParte Order,2026-02-10,M3A,4407.07,arrears,1835.96,pattern_1,2.4,,False,,,,,False,text,found in operative 'It is ordered that' section; matched expected keyword for category
LTB-L-010953-26,L4,ExParte Order,2026-02-10,K6V,2928.9,arrears,465.0,pattern_1,6.3,,False,,,,,False,text,found in operative 'It is ordered that' section; matched expected keyword for category
LTB-L-010959-26,L4,ExParte Order,2026-02-09,N6H,2239.17,arrears,1194.64,pattern_1,1.87,,False,,,,,False,text,found in operative 'It is ordered that' section; matched expected keyword for category
LTB-L-011022-26,L4,ExParte Order,2026-02-19,N0P,5688.47,arrears,1500.0,pattern_1,3.79,,False,,,,,False,text,found in operative 'It is ordered that' section; matched expected keyword for category
LTB-L-011063-26,L4,ExParte Order,2026-02-10,N2M,1672.81,arrears,1212.0,pattern_1,1.38,,False,,,,,False,text,found in operative 'It is ordered that' section; matched expected keyword for category
LTB-L-011078-26,L4,ExParte Order,2026-02-10,L6W,2560.77,ambiguous-max,2560.77,pattern_1,1.0,,False,,,,,False,text,"no operative section found, or it had no dollar mentions at all; fell back to full-document search; multiple candidate amounts, took max — manual review advised"
LTB-L-011198-26,L4,Order,2026-03-26,K9J,1276.0,stated_total,,,,"March 23, 2026",False,,,,,False,text,"no operative section found, or it had no dollar mentions at all; fell back to full-document search; explicit stated-total phrasing (""...is \$X"")"
LTB-L-011204-26,L4,ExParte Order,2026-02-10,N9C,,,,,,,False,,,,,False,text,no dollar amount found
LTB-L-011266-26,L4,ExParte Order,2026-02-10,N1M,8518.1,arrears,1877.41,pattern_1,4.54,,False,,,,,False,text,found in operative 'It is ordered that' section; matched expected keyword for category
LTB-L-011310-26,L4,Order,2026-03-27,M5G,2963.0,arrears,,,,"March 23, 2026",False,,,,,False,text,found in operative 'It is ordered that' section; matched expected keyword for category
LTB-L-011336-26,L4,ExParte Order,2026-02-13,M8V,775.6,arrears,1085.5,pattern_1,0.71,,False,,,,,False,text,found in operative 'It is ordered that' section; matched expected keyword for category
LTB-L-011456-26,L4,Order,2026-03-18,M3L,,,,,,,True,False,False,,,True,text,no dollar amount found
LTB-L-011473-26,L4,Order,2026-04-14,N8T,3510.0,arrears,,,,"April 13, 2026",True,True,True,True,False,False,text,found in operative 'It is ordered that' section; matched expected keyword for category
LTB-L-011495-26,L4,ExParte Order,2026-02-10,L4H,,,,,,,False,,,,,False,text,no dollar amount found
LTB-L-011613-26,L4,Order,2026-04-21,M1T,535.57,arrears,,,,"April 14, 2026",True,True,True,True,False,False,text,"no operative section found, or it had no dollar mentions at all; fell back to full-document search; matched expected keyword for category"
LTB-L-011666-26,L4,ExParte Order,2026-02-13,L1T,3786.0,arrears,1800.0,pattern_1,2.1,,False,,,,,False,text,found in operative 'It is ordered that' section; matched expected keyword for category
LTB-L-011677-26,L4,Order,2026-03-19,L4N,5173.0,arrears,,,,"March 17, 2026",True,True,True,True,False,False,text,found in operative 'It is ordered that' section; matched expected keyword for category
LTB-L-011677-26,L4,ExParte Order,2026-02-13,L4N,5173.0,arrears,,,,"March 17, 2026",True,True,True,True,False,False,text,found in operative 'It is ordered that' section; matched expected keyword for category
LTB-L-011884-26,L4,ExParte Order,2026-02-13,L8S,,,,,,,False,,,,,False,text,no dollar amount found
LTB-L-012028-26,L4,Review Order,2026-05-28,L1J,,,,,,"May 26, 2026",True,True,True,True,False,True,text,no dollar amount found
LTB-L-012164-26,L4,Amended Order,2026-02-26,K0M,9980.2,arrears,1600.0,pattern_1,6.24,,False,,,,,False,text,found in operative 'It is ordered that' section; matched expected keyword for category
LTB-L-012178-26,L4,Order,2026-05-07,N2H,0.0,ambiguous-max,,,,,True,True,False,True,,True,text,"found in operative 'It is ordered that' section; multiple candidate amounts, took max — manual review advised"
LTB-L-012229-26,L4,Order,2026-03-27,L3B,,,,,,"March 24, 2026",True,True,True,True,False,False,text,no dollar amount found
LTB-L-012230-26,L4,Order,2026-03-27,M2J,10321.0,arrears,,,,"March 26, 2026",True,True,True,True,False,False,text,found in operative 'It is ordered that' section; matched expected keyword for category
LTB-L-012257-26,L4,ExParte Order,2026-02-13,M1L,6798.7,arrears,2070.64,pattern_1,3.28,,False,,,,,False,text,found in operative 'It is ordered that' section; matched expected keyword for category
LTB-L-012405-26,L4,ExParte Order,2026-02-17,L1L,9482.0,arrears,5075.0,pattern_1,1.87,,False,,,,,False,text,found in operative 'It is ordered that' section; matched expected keyword for category
LTB-L-012405-26,L4,Order,2026-04-22,L1L,9482.0,arrears,5075.0,pattern_1,1.87,,False,,,,,False,text,found in operative 'It is ordered that' section; matched expected keyword for category
LTB-L-012464-26,L4,Order,2026-03-31,M3M,,,,,,"March 24, 2026",True,True,False,True,,False,text,no dollar amount found
LTB-L-012489-26,L4,ExParte Order,2026-02-17,M3C,,,,,,,False,,,,,False,text,no dollar amount found
LTB-L-012525-26,L4,ExParte Order,2026-02-17,M8V,5376.0,arrears,2700.0,pattern_1,1.99,,False,,,,,False,text,found in operative 'It is ordered that' section; matched expected keyword for category
LTB-L-012557-26,L4,Order,2026-04-30,N2M,8710.0,arrears,,,,"April 20, 2026",True,True,True,True,False,False,text,"no operative section found, or it had no dollar mentions at all; fell back to full-document search; matched expected keyword for category"
LTB-L-012559-26,L4,Order,2026-04-03,N0N,,,,,,"March 26, 2026",True,True,False,True,,True,text,no dollar amount found
LTB-L-012566-26,L4,Order,2026-05-27,M6R,5509.7,arrears,,,,"May 19, 2026",True,True,True,True,False,False,text,found in operative 'It is ordered that' section; matched expected keyword for category
LTB-L-012574-26,L4,Amended Order,2026-03-13,M5E,11523.82,arrears,2662.0,pattern_1,4.33,,False,,,,,False,text,found in operative 'It is ordered that' section; matched expected keyword for category
LTB-L-012578-26,L4,Order,2026-04-02,M1J,,,,,,"March 26, 2026",True,True,True,True,True,False,text,no dollar amount found
LTB-L-012608-26,L4,ExParte Order,2026-02-17,L4M,4710.97,arrears,2202.69,pattern_1,2.14,,False,,,,,False,text,found in operative 'It is ordered that' section; matched expected keyword for category
LTB-L-012612-26,L4,Order,2026-04-09,N9C,7734.0,arrears,,,,"March 30, 2026",True,True,True,True,True,False,text,found in operative 'It is ordered that' section; matched expected keyword for category
LTB-L-012662-26,L4,ExParte Order,2026-02-17,N8S,1440.93,arrears,1440.93,pattern_1,1.0,,False,,,,,False,text,found in operative 'It is ordered that' section; matched expected keyword for category
LTB-L-012787-26,L4,ExParte Order,2026-02-17,L2R,11261.0,arrears,950.0,pattern_1,11.85,,False,,,,,False,text,found in operative 'It is ordered that' section; matched expected keyword for category
LTB-L-012946-26,L4,ExParte Order,2026-02-23,K8P,2196.0,arrears,296.0,pattern_1,7.42,,False,,,,,False,text,found in operative 'It is ordered that' section; matched expected keyword for category
LTB-L-013012-26,L4,ExParte Order,2026-02-17,M1K,1186.64,ambiguous-max,1186.64,pattern_1,1.0,,False,,,,,False,text,"no operative section found, or it had no dollar mentions at all; fell back to full-document search; multiple candidate amounts, took max — manual review advised"
LTB-L-013040-26,L4,ExParte Order,2026-02-17,L6T,5146.45,arrears,1475.78,pattern_1,3.49,,False,,,,,False,text,found in operative 'It is ordered that' section; matched expected keyword for category
LTB-L-013054-26,L4,Order,2026-03-31,N5Y,3871.9,arrears,,,,"March 25, 2026",True,False,True,,False,False,text,found in operative 'It is ordered that' section; matched expected keyword for category
LTB-L-013141-26,L4,ExParte Order,2026-02-17,N5W,6099.94,arrears,1098.0,pattern_1,5.56,,False,,,,,False,text,found in operative 'It is ordered that' section; matched expected keyword for category
LTB-L-013142-26,L4,Order,2026-05-25,N6A,,,,,,"May 20, 2026",True,True,True,True,False,False,text,no dollar amount found
LTB-L-013181-26,L4,Order,2026-03-30,L4K,,,,,,"March 23, 2026",True,True,True,True,False,False,text,no dollar amount found
LTB-L-013256-26,L4,Order,2026-05-27,N1H,,,,,,"May 21, 2026",True,True,True,True,True,True,text,no dollar amount found
LTB-L-013359-26,L4,ExParte Order,2026-02-23,N9A,6080.19,arrears,650.0,pattern_1,9.35,,False,,,,,False,text,found in operative 'It is ordered that' section; matched expected keyword for category
LTB-L-013470-26,L4,ExParte Order,2026-02-17,M5A,,,,,,,False,,,,,False,text,no dollar amount found
LTB-L-013666-26,L4,ExParte Order,2026-02-17,L2R,3436.0,arrears,1500.0,pattern_1,2.29,,False,,,,,False,text,found in operative 'It is ordered that' section; matched expected keyword for category
LTB-L-013679-26,L4,ExParte Order,2026-02-17,M6E,1045.67,arrears,1870.99,pattern_1,0.56,,False,,,,,False,text,found in operative 'It is ordered that' section; matched expected keyword for category
LTB-L-013837-26,L4,ExParte Order,2026-02-17,M1L,8390.21,arrears,1651.12,pattern_1,5.08,,False,,,,,False,text,found in operative 'It is ordered that' section; matched expected keyword for category
LTB-L-013893-26,L4,ExParte Order,2026-02-17,M9V,2720.05,ambiguous-max,2720.05,pattern_1,1.0,,False,,,,,False,text,"no operative section found, or it had no dollar mentions at all; fell back to full-document search; multiple candidate amounts, took max — manual review advised"
LTB-L-014045-26,L4,ExParte Order,2026-02-23,L3Z,8186.0,arrears,3500.0,pattern_1,2.34,,False,,,,,False,text,found in operative 'It is ordered that' section; matched expected keyword for category
LTB-L-014248-26,L4,Order,2026-04-16,L4N,,,,,,"April 7, 2026",True,True,True,False,False,False,text,no dollar amount found
LTB-L-014287-26,L4,ExParte Order,2026-03-11,K1S,11368.68,arrears,1228.0,pattern_1,9.26,,False,,,,,False,text,found in operative 'It is ordered that' section; matched expected keyword for category
LTB-L-014321-26,L4,ExParte Order,2026-02-27,K0L,454.68,arrears,2500.0,pattern_1,0.18,,False,,,,,False,text,found in operative 'It is ordered that' section; matched expected keyword for category
LTB-L-014390-26,L4,ExParte Order,2026-02-23,N1R,,,794.0,pattern_1,,,False,,,,,False,text,operative section found but contained only fee/rate/boilerplate amounts — likely no lump sum ordered
LTB-L-014468-26,L4,ExParte Order,2026-02-23,L8N,1275.0,arrears,1389.5,pattern_1,0.92,,False,,,,,False,text,found in operative 'It is ordered that' section; matched expected keyword for category
LTB-L-014519-26,L4,ExParte Order,2026-02-23,L6S,,,,,,,False,,,,,False,text,no dollar amount found
LTB-L-014626-26,L4,ExParte Order,2026-02-24,L5R,1758.68,arrears,831.0,pattern_1,2.12,,False,,,,,False,text,found in operative 'It is ordered that' section; matched expected keyword for category
LTB-L-014819-26,L4,ExParte Order,2026-02-23,M3J,8068.65,arrears,1534.21,pattern_1,5.26,,False,,,,,False,text,found in operative 'It is ordered that' section; matched expected keyword for category
LTB-L-014889-26,L4,ExParte Order,2026-02-23,N7M,,,,,,,False,,,,,False,text,no dollar amount found
LTB-L-014930-26,L4,ExParte Order,2026-02-23,L2G,3313.52,arrears,1385.37,pattern_1,2.39,,False,,,,,False,text,found in operative 'It is ordered that' section; matched expected keyword for category
LTB-L-015142-26,L4,Order,2026-03-30,M6H,,,,,,"March 24, 2026",True,True,False,True,,False,text,no dollar amount found
LTB-L-015173-26,L4,Order,2026-05-12,L1K,,,,,,"May 6, 2026",True,True,True,False,False,False,text,no dollar amount found
LTB-L-015301-26,L4,ExParte Order,2026-02-23,M1E,4241.9,arrears,1511.35,pattern_1,2.81,,False,,,,,False,text,found in operative 'It is ordered that' section; matched expected keyword for category
LTB-L-015350-26,L4,ExParte Order,2026-02-24,L5N,2493.09,arrears,2523.63,pattern_1,0.99,,False,,,,,False,text,found in operative 'It is ordered that' section; matched expected keyword for category
LTB-L-015523-26,L4,ExParte Order,2026-02-27,L8R,1090.49,ambiguous-max,,,,,False,,,,,False,text,"found in operative 'It is ordered that' section; multiple candidate amounts, took max — manual review advised"
LTB-L-015570-26,L4,ExParte Order,2026-03-02,N4N,5562.6,arrears,1900.0,pattern_1,2.93,,False,,,,,False,text,found in operative 'It is ordered that' section; matched expected keyword for category
LTB-L-015604-26,L4,ExParte Order,2026-02-24,M3N,1834.32,arrears,2324.81,pattern_1,0.79,,False,,,,,False,text,found in operative 'It is ordered that' section; matched expected keyword for category
LTB-L-015625-26,L4,Order,2026-04-13,M8W,,,,,,,True,False,True,,False,False,text,no dollar amount found
LTB-L-015880-26,L4,Order,2026-04-10,P3E,,,,,,"April 1, 2026",True,True,True,False,False,False,text,no dollar amount found
LTB-L-015915-26,L4,ExParte Order,2026-02-27,L7T,1495.91,arrears,3500.0,pattern_1,0.43,,False,,,,,False,text,found in operative 'It is ordered that' section; matched expected keyword for category
LTB-L-015937-26,L4,ExParte Order,2026-02-27,P6B,9954.25,arrears,2000.0,pattern_1,4.98,,False,,,,,False,text,found in operative 'It is ordered that' section; matched expected keyword for category
LTB-L-015943-26,L4,ExParte Order,2026-03-02,N5Y,3951.0,arrears,1780.0,pattern_1,2.22,,False,,,,,False,text,found in operative 'It is ordered that' section; matched expected keyword for category
LTB-L-015978-26,L4,Order,2026-04-09,L8N,,,,,,"April 2, 2026",True,True,True,True,False,False,text,no dollar amount found
LTB-L-016022-26,L4,ExParte Order,2026-03-16,L3V,10162.7,arrears,2500.0,pattern_1,4.07,,False,,,,,False,text,found in operative 'It is ordered that' section; matched expected keyword for category
LTB-L-016045-26,L4,ExParte Order,2026-02-24,P0T,200.0,arrears,,,,,False,,,,,False,text,"no operative section found, or it had no dollar mentions at all; fell back to full-document search; matched expected keyword for category"
LTB-L-016139-26,L4,ExParte Order,2026-03-02,M6E,2618.88,arrears,500.0,pattern_1,5.24,,False,,,,,False,text,found in operative 'It is ordered that' section; matched expected keyword for category
LTB-L-016193-26,L4,Order,2026-04-14,L3Z,4323.88,arrears,,,,"April 7, 2026",True,True,True,True,True,False,text,found in operative 'It is ordered that' section; matched expected keyword for category
LTB-L-016300-26,L4,Order,2026-04-10,K8V,9336.96,arrears,,,,"April 2, 2026",True,True,True,True,False,False,text,found in operative 'It is ordered that' section; matched expected keyword for category
LTB-L-016307-26,L4,ExParte Order,2026-03-02,N5Z,2108.04,arrears,975.0,pattern_1,2.16,,False,,,,,False,text,found in operative 'It is ordered that' section; matched expected keyword for category
LTB-L-016450-26,L4,ExParte Order,2026-03-09,M5N,4008.63,arrears,1636.98,pattern_1,2.45,,False,,,,,False,text,found in operative 'It is ordered that' section; matched expected keyword for category
LTB-L-016455-26,L4,ExParte Order,2026-03-27,N1S,,,,,,,False,,,,,False,text,no dollar amount found
LTB-L-016459-26,L4,Order,2026-05-15,M1M,186.0,arrears,,,,"April 8, 2026",False,,,,,False,text,found in operative 'It is ordered that' section; matched expected keyword for category
LTB-L-016615-26,L4,ExParte Order,2026-03-02,K7K,10845.32,arrears,959.4,pattern_1,11.3,,False,,,,,False,text,found in operative 'It is ordered that' section; matched expected keyword for category
LTB-L-016634-26,L4,ExParte Order,2026-03-02,L4C,4166.4,arrears,5750.0,pattern_1,0.72,,False,,,,,False,text,found in operative 'It is ordered that' section; matched expected keyword for category
LTB-L-016707-26,L4,ExParte Order,2026-03-02,N3R,1243.0,other,,,,,False,,,,,False,text,"no operative section found, or it had no dollar mentions at all; fell back to full-document search; single candidate amount, no strong keyword match"
LTB-L-016927-26,L4,ExParte Order,2026-03-02,M6K,8990.41,arrears,915.0,pattern_1,9.83,,False,,,,,False,text,found in operative 'It is ordered that' section; matched expected keyword for category
LTB-L-016960-26,L4,ExParte Order,2026-03-02,P7C,6200.13,arrears,,,,"April 13, 2026",True,True,True,False,False,False,text,"no operative section found, or it had no dollar mentions at all; fell back to full-document search; matched expected keyword for category"
LTB-L-017057-26,L4,ExParte Order,2026-03-09,N0G,20724.36,arrears,2200.0,pattern_1,9.42,,False,,,,,False,text,found in operative 'It is ordered that' section; matched expected keyword for category
LTB-L-017081-26,L4,ExParte Order,2026-03-02,L0S,10186.0,arrears,2500.0,pattern_1,4.07,,False,,,,,False,text,found in operative 'It is ordered that' section; matched expected keyword for category
LTB-L-017126-26,L4,ExParte Order,2026-03-03,K1V,507.0,arrears,,,,,False,,,,,False,text,found in operative 'It is ordered that' section; matched expected keyword for category
LTB-L-017153-26,L4,ExParte Order,2026-03-02,L2V,818.0,ambiguous-max,818.0,pattern_1,1.0,,False,,,,,False,text,"no operative section found, or it had no dollar mentions at all; fell back to full-document search; multiple candidate amounts, took max — manual review advised"
LTB-L-017314-26,L4,Order,2026-04-28,L0G,2300.0,stated_total,,,,"April 22, 2026",True,True,True,True,False,False,text,"no operative section found, or it had no dollar mentions at all; fell back to full-document search; explicit stated-total phrasing (""...is \$X"")"
LTB-L-017565-26,L4,Order,2026-04-29,N8H,1000.0,arrears,,,,"April 8, 2026",True,True,True,True,False,False,text,"no operative section found, or it had no dollar mentions at all; fell back to full-document search; matched expected keyword for category"
LTB-L-017634-26,L4,ExParte Order,2026-03-03,L1T,3577.92,arrears,865.0,pattern_1,4.14,,False,,,,,False,text,found in operative 'It is ordered that' section; matched expected keyword for category
LTB-L-017641-26,L4,ExParte Order,2026-03-18,K2B,1709.92,arrears,,,,,False,,,,,False,text,found in operative 'It is ordered that' section; matched expected keyword for category
LTB-L-017735-26,L4,ExParte Order,2026-03-09,L2G,15950.0,arrears,2550.0,pattern_1,6.25,,False,,,,,False,text,found in operative 'It is ordered that' section; matched expected keyword for category
LTB-L-017814-26,L4,ExParte Order,2026-03-09,M4K,1783.15,ambiguous-max,1650.0,pattern_1,1.08,,False,,,,,False,text,"found in operative 'It is ordered that' section; multiple candidate amounts, took max — manual review advised"
LTB-L-017900-26,L4,Order,2026-04-17,M6B,,,,,,"April 14, 2026",True,True,False,True,,True,text,no dollar amount found
LTB-L-018174-26,L4,Order,2026-05-05,N2E,,,,,,"April 29, 2026",True,True,True,True,False,False,text,no dollar amount found
LTB-L-018178-26,L4,ExParte Order,2026-03-06,L8J,12982.0,arrears,3280.0,pattern_1,3.96,,False,,,,,False,text,found in operative 'It is ordered that' section; matched expected keyword for category
LTB-L-018191-26,L4,ExParte Order,2026-03-06,M1B,5371.6,arrears,1501.0,pattern_1,3.58,,False,,,,,False,text,found in operative 'It is ordered that' section; matched expected keyword for category
LTB-L-018251-26,L4,ExParte Order,2026-03-06,L5J,,,2195.0,pattern_1,,,False,,,,,False,text,operative section found but contained only fee/rate/boilerplate amounts — likely no lump sum ordered
LTB-L-018251-26,L4,Order,2026-04-27,L5J,,,2195.0,pattern_1,,,False,,,,,False,text,operative section found but contained only fee/rate/boilerplate amounts — likely no lump sum ordered
LTB-L-018263-26,L4,ExParte Order,2026-03-06,K0E,1352.42,arrears,,,,,False,,,,,False,text,found in operative 'It is ordered that' section; matched expected keyword for category
LTB-L-018383-26,L4,ExParte Order,2026-03-06,L4R,3030.0,arrears,950.0,pattern_1,3.19,,False,,,,,False,text,found in operative 'It is ordered that' section; matched expected keyword for category
LTB-L-018492-26,L4,ExParte Order,2026-03-06,P3B,9902.28,arrears,1350.0,pattern_1,7.34,,False,,,,,False,text,found in operative 'It is ordered that' section; matched expected keyword for category
LTB-L-018718-26,L4,ExParte Order,2026-03-06,L3Z,5401.0,other,,,,,False,,,,,False,text,"no operative section found, or it had no dollar mentions at all; fell back to full-document search; single candidate amount, no strong keyword match"
LTB-L-018725-26,L4,Order,2026-04-22,M8V,,,,,,"April 15, 2026",True,True,True,True,False,False,text,no dollar amount found
LTB-L-018763-26,L4,Order,2026-05-05,K1Y,,,,,,"April 27, 2026",True,True,False,True,,True,text,no dollar amount found
LTB-L-018814-26,L4,Order,2026-05-05,L3K,,,,,,"April 27, 2026",True,True,True,True,False,False,text,no dollar amount found
LTB-L-018893-26,L4,ExParte Order,2026-03-06,P0J,1640.38,arrears,834.23,pattern_1,1.97,,False,,,,,False,text,found in operative 'It is ordered that' section; matched expected keyword for category
LTB-L-018953-26,L4,Order,2026-05-05,M1E,7669.28,arrears,,,,"April 28, 2026",True,True,True,True,True,False,text,"no operative section found, or it had no dollar mentions at all; fell back to full-document search; matched expected keyword for category"
LTB-L-018988-26,L4,ExParte Order,2026-03-10,M4H,,,,,,,False,,,,,False,text,no dollar amount found
LTB-L-019001-26,L4,ExParte Order,2026-03-06,M1K,5378.18,arrears,1611.96,pattern_1,3.34,,False,,,,,False,text,found in operative 'It is ordered that' section; matched expected keyword for category
LTB-L-019019-26,L4,Order,2026-05-22,M1P,1575.0,stated_total,,,,"May 19, 2026",True,True,True,True,True,False,text,"no operative section found, or it had no dollar mentions at all; fell back to full-document search; explicit stated-total phrasing (""...is \$X"")"
LTB-L-019094-26,L4,ExParte Order,2026-03-09,L6T,13538.98,arrears,2547.75,pattern_1,5.31,,False,,,,,False,text,found in operative 'It is ordered that' section; matched expected keyword for category
LTB-L-019517-26,L4,ExParte Order,2026-03-09,M3N,3775.45,arrears,1824.61,pattern_1,2.07,,False,,,,,False,text,found in operative 'It is ordered that' section; matched expected keyword for category
LTB-L-019538-26,L4,ExParte Order,2026-03-10,L6Y,3761.32,arrears,2719.91,pattern_1,1.38,,False,,,,,False,text,found in operative 'It is ordered that' section; matched expected keyword for category
LTB-L-019688-26,L4,ExParte Order,2026-03-10,K7M,6698.0,arrears,1133.0,pattern_1,5.91,,False,,,,,False,text,found in operative 'It is ordered that' section; matched expected keyword for category
LTB-L-019759-26,L4,Order,2026-04-24,L8M,,,,,,"April 16, 2026",True,True,False,True,,True,text,no dollar amount found
LTB-L-019765-26,L4,ExParte Order,2026-03-09,K1R,22138.45,arrears,2937.0,pattern_1,7.54,,False,,,,,False,text,found in operative 'It is ordered that' section; matched expected keyword for category
LTB-L-019786-26,L4,Order,2026-04-15,K2B,209.0,stated_total,,,,"April 9, 2026",True,True,True,True,False,False,text,"no operative section found, or it had no dollar mentions at all; fell back to full-document search; explicit stated-total phrasing (""...is \$X"")"
LTB-L-019816-26,L4,ExParte Order,2026-03-09,M1K,,,,,,,False,,,,,False,text,no dollar amount found
LTB-L-019911-26,L4,Order,2026-04-20,N3T,1200.0,arrears,,,,"April 13, 2026",True,True,True,True,False,False,text,"no operative section found, or it had no dollar mentions at all; fell back to full-document search; matched expected keyword for category"
LTB-L-019993-26,L4,ExParte Order,2026-03-10,M2J,5385.62,arrears,2075.17,pattern_1,2.6,,False,,,,,False,text,found in operative 'It is ordered that' section; matched expected keyword for category
LTB-L-020042-26,L4,ExParte Order,2026-03-10,N3P,2391.84,arrears,1132.0,pattern_1,2.11,,False,,,,,False,text,found in operative 'It is ordered that' section; matched expected keyword for category
LTB-L-020074-26,L4,ExParte Order,2026-03-09,M6L,28082.28,arrears,1002.0,pattern_1,28.03,,False,,,,,False,text,found in operative 'It is ordered that' section; matched expected keyword for category
LTB-L-020100-26,L4,Order,2026-05-29,K7K,750.0,ambiguous-max,,,,"May 11, 2026",True,True,True,True,False,False,text,"found in operative 'It is ordered that' section; multiple candidate amounts, took max — manual review advised"
LTB-L-020162-26,L4,ExParte Order,2026-03-23,L1H,10461.7,arrears,1340.86,pattern_1,7.8,,False,,,,,False,text,found in operative 'It is ordered that' section; matched expected keyword for category
LTB-L-020191-26,L4,ExParte Order,2026-03-10,L5B,8786.0,arrears,2650.0,pattern_1,3.32,,False,,,,,False,text,found in operative 'It is ordered that' section; matched expected keyword for category
LTB-L-020208-26,L4,Order,2026-05-14,M4J,13542.0,arrears,1027.0,pattern_2,13.19,"April 20, 2026",True,True,True,True,False,False,text,found in operative 'It is ordered that' section; matched expected keyword for category
LTB-L-020257-26,L4,ExParte Order,2026-03-16,K1W,2725.0,ambiguous-max,2725.0,pattern_1,1.0,,False,,,,,False,text,"no operative section found, or it had no dollar mentions at all; fell back to full-document search; multiple candidate amounts, took max — manual review advised"
LTB-L-020333-26,L4,Order,2026-05-06,M3N,7704.0,arrears,,,,"May 4, 2026",True,True,True,True,False,False,text,found in operative 'It is ordered that' section; matched expected keyword for category
LTB-L-020349-26,L4,Order,2026-04-17,M4S,,,,,,"April 15, 2026",True,True,False,True,,True,text,no dollar amount found
LTB-L-020360-26,L4,Order,2026-05-01,M1M,,,,,,"April 28, 2026",True,True,False,True,,True,text,no dollar amount found
LTB-L-020428-26,L4,Order,2026-04-16,L8K,,,,,,"April 13, 2026",True,True,True,True,False,False,text,no dollar amount found
LTB-L-020711-26,L4,ExParte Order,2026-03-10,M4L,2106.78,arrears,1669.17,pattern_1,1.26,,False,,,,,False,text,found in operative 'It is ordered that' section; matched expected keyword for category
LTB-L-020737-26,L4,ExParte Order,2026-03-10,L8E,16610.3,arrears,2130.0,pattern_1,7.8,,False,,,,,False,text,found in operative 'It is ordered that' section; matched expected keyword for category
LTB-L-020750-26,L4,Order,2026-05-08,M9V,28400.0,arrears,,,,"April 27, 2026",True,True,True,True,False,False,text,"no operative section found, or it had no dollar mentions at all; fell back to full-document search; matched expected keyword for category"
LTB-L-020792-26,L4,ExParte Order,2026-03-10,M4Y,1718.84,arrears,1853.65,pattern_1,0.93,,False,,,,,False,text,found in operative 'It is ordered that' section; matched expected keyword for category
LTB-L-020811-26,L4,Order,2026-04-20,M1L,14661.75,other,,,,,True,True,True,True,False,False,text,"no operative section found, or it had no dollar mentions at all; fell back to full-document search; single candidate amount, no strong keyword match"
LTB-L-020877-26,L4,ExParte Order,2026-03-10,L6X,0.0,arrears,2772.0,pattern_1,,,False,,,,,False,text,found in operative 'It is ordered that' section; matched expected keyword for category
LTB-L-020904-26,L4,ExParte Order,2026-03-13,L8P,0.0,remedy,1525.0,pattern_1,,,False,,,,,False,text,"found in operative 'It is ordered that' section; single candidate amount, no strong keyword match"
LTB-L-020906-26,L4,Order,2026-05-06,L3X,400.0,arrears,,,,"April 28, 2026",True,True,True,True,True,False,text,"no operative section found, or it had no dollar mentions at all; fell back to full-document search; matched expected keyword for category"
LTB-L-020981-26,L4,ExParte Order,2026-03-10,K7K,1050.38,ambiguous-max,,,,,False,,,,,False,text,"found in operative 'It is ordered that' section; multiple candidate amounts, took max — manual review advised"
LTB-L-020988-26,L4,ExParte Order,2026-03-10,L6A,19736.0,arrears,3050.0,pattern_1,6.47,,False,,,,,False,text,found in operative 'It is ordered that' section; matched expected keyword for category
LTB-L-021390-26,L4,Order,2026-05-01,M9R,,,,,,"April 28, 2026",True,True,False,True,,True,text,no dollar amount found
LTB-L-021428-26,L4,Order,2026-05-07,N0B,7100.0,stated_total,,,,"April 28, 2026",True,True,True,False,False,False,text,"no operative section found, or it had no dollar mentions at all; fell back to full-document search; explicit stated-total phrasing (""...is \$X"")"
LTB-L-021463-26,L4,ExParte Order,2026-03-13,M5V,3074.73,stated_total,3062.05,pattern_1,1.0,,False,,,,,False,text,"found in operative 'It is ordered that' section; explicit stated-total phrasing (""...is \$X"")"
LTB-L-021481-26,L4,ExParte Order,2026-03-20,L4K,11286.0,arrears,2175.0,pattern_1,5.19,,False,,,,,False,text,found in operative 'It is ordered that' section; matched expected keyword for category
LTB-L-021483-26,L4,ExParte Order,2026-03-13,L4A,16424.68,arrears,3600.0,pattern_1,4.56,,False,,,,,False,text,found in operative 'It is ordered that' section; matched expected keyword for category
LTB-L-021507-26,L4,ExParte Order,2026-03-23,L1L,17942.91,arrears,3300.0,pattern_1,5.44,,False,,,,,False,text,found in operative 'It is ordered that' section; matched expected keyword for category
LTB-L-021547-26,L4,ExParte Order,2026-03-16,K7K,2175.62,arrears,1716.4,pattern_1,1.27,,False,,,,,False,text,found in operative 'It is ordered that' section; matched expected keyword for category
LTB-L-021582-26,L4,Order,2026-05-04,N5C,2862.0,arrears,,,,"April 30, 2026",True,True,True,True,True,False,text,"no operative section found, or it had no dollar mentions at all; fell back to full-document search; matched expected keyword for category"
LTB-L-021593-26,L4,Order,2026-05-19,K8A,500.0,other,,,,"May 11, 2026",True,True,True,False,False,False,text,"no operative section found, or it had no dollar mentions at all; fell back to full-document search; single candidate amount, no strong keyword match"
LTB-L-021601-26,L4,ExParte Order,2026-03-16,L6V,,,,,,,False,,,,,False,text,no dollar amount found
LTB-L-021637-26,L4,Order,2026-05-21,N3S,,,,,,"May 13, 2026",True,True,True,True,False,False,text,no dollar amount found
LTB-L-021637-26,L4,Amended Order,2026-05-28,N3S,,,,,,"May 13, 2026",True,True,True,True,False,False,text,no dollar amount found
LTB-L-021641-26,L4,ExParte Order,2026-03-16,L5B,7236.0,arrears,2350.0,pattern_1,3.08,,False,,,,,False,text,found in operative 'It is ordered that' section; matched expected keyword for category
LTB-L-021691-26,L4,Order,2026-05-11,M4C,,,,,,"May 4, 2026",True,True,True,True,False,False,text,no dollar amount found
LTB-L-021742-26,L4,Order,2026-05-04,M8V,700.0,stated_total,,,,"April 30, 2026",True,True,True,False,False,False,text,"no operative section found, or it had no dollar mentions at all; fell back to full-document search; explicit stated-total phrasing (""...is \$X"")"
LTB-L-021792-26,L4,ExParte Order,2026-03-16,N9A,,,,,,,False,,,,,False,text,no dollar amount found
LTB-L-021820-26,L4,ExParte Order,2026-03-16,L1G,,,,,,,False,,,,,False,text,no dollar amount found
LTB-L-021848-26,L4,ExParte Order,2026-03-16,L2E,3461.52,arrears,653.0,pattern_1,5.3,,False,,,,,False,text,found in operative 'It is ordered that' section; matched expected keyword for category
LTB-L-021853-26,L4,ExParte Order,2026-03-16,N0L,9686.0,arrears,3000.0,pattern_1,3.23,,False,,,,,False,text,found in operative 'It is ordered that' section; matched expected keyword for category
LTB-L-021860-26,L4,ExParte Order,2026-03-16,M6N,3838.09,arrears,1453.8,pattern_1,2.64,,False,,,,,False,text,found in operative 'It is ordered that' section; matched expected keyword for category
LTB-L-021910-26,L4,Order,2026-05-08,M4Y,1471.1,stated_total,,,,"May 4, 2026",True,True,True,True,False,False,text,"no operative section found, or it had no dollar mentions at all; fell back to full-document search; explicit stated-total phrasing (""...is \$X"")"
LTB-L-021974-26,L4,Order,2026-05-25,K1V,,,,,,,False,,,,,False,text,no dollar amount found
LTB-L-021974-26,L4,Order,2026-05-25,K1V,,,,,,,False,,,,,False,text,no dollar amount found
LTB-L-022102-26,L4,Order,2026-05-19,M1P,7166.0,arrears,2695.0,pattern_1,2.66,,False,,,,,False,text,found in operative 'It is ordered that' section; matched expected keyword for category
LTB-L-022180-26,L4,ExParte Order,2026-03-16,K2J,2750.0,arrears,2760.0,pattern_1,1.0,,False,,,,,False,text,found in operative 'It is ordered that' section; matched expected keyword for category
LTB-L-022262-26,L4,Order,2026-05-11,K1Y,,,,,,"May 5, 2026",True,True,False,True,,True,text,no dollar amount found
LTB-L-022266-26,L4,ExParte Order,2026-03-16,L3T,3351.28,arrears,2337.0,pattern_1,1.43,,False,,,,,False,text,found in operative 'It is ordered that' section; matched expected keyword for category
LTB-L-022352-26,L4,ExParte Order,2026-03-20,P0K,,,,,,,False,,,,,False,text,no dollar amount found
LTB-L-022428-26,L4,Order,2026-05-07,M1V,,,,,,"May 6, 2026",True,True,False,True,,False,text,no dollar amount found
LTB-L-022464-26,L4,Order,2026-05-12,L7A,27286.0,arrears,4500.0,pattern_2,6.06,"May 7, 2026",True,True,True,True,False,False,text,found in operative 'It is ordered that' section; matched expected keyword for category
LTB-L-022537-26,L4,ExParte Order,2026-03-16,L3W,15936.0,arrears,3250.0,pattern_1,4.9,,False,,,,,False,text,found in operative 'It is ordered that' section; matched expected keyword for category
LTB-L-022576-26,L4,ExParte Order,2026-03-16,M3J,4945.98,arrears,1038.99,pattern_1,4.76,,False,,,,,False,text,found in operative 'It is ordered that' section; matched expected keyword for category
LTB-L-022609-26,L4,ExParte Order,2026-03-16,N6B,3072.39,arrears,1705.78,pattern_1,1.8,,False,,,,,False,text,found in operative 'It is ordered that' section; matched expected keyword for category
LTB-L-022687-26,L4,ExParte Order,2026-03-23,K6V,4557.93,arrears,1205.04,pattern_1,3.78,,False,,,,,False,text,found in operative 'It is ordered that' section; matched expected keyword for category
LTB-L-022748-26,L4,ExParte Order,2026-03-16,N1M,8886.0,arrears,2175.0,pattern_1,4.09,,False,,,,,False,text,found in operative 'It is ordered that' section; matched expected keyword for category
LTB-L-022793-26,L4,Order,2026-05-05,K1G,,,,,,"April 28, 2026",True,True,True,True,False,False,text,no dollar amount found
LTB-L-022793-26,L4,ExParte Order,2026-03-20,K1G,,,,,,"April 28, 2026",True,True,True,True,False,False,text,no dollar amount found
LTB-L-022801-26,L4,ExParte Order,2026-03-20,M9C,3110.97,arrears,2007.67,pattern_1,1.55,,False,,,,,False,text,found in operative 'It is ordered that' section; matched expected keyword for category
LTB-L-022834-26,L4,ExParte Order,2026-03-20,M4K,16832.31,arrears,1837.53,pattern_1,9.16,,False,,,,,False,text,found in operative 'It is ordered that' section; matched expected keyword for category
LTB-L-022838-26,L4,ExParte Order,2026-03-20,K8P,1066.14,arrears,1778.37,pattern_1,0.6,,False,,,,,False,text,found in operative 'It is ordered that' section; matched expected keyword for category
LTB-L-022915-26,L4,Order,2026-05-13,N8T,,,,,,"May 4, 2026",True,True,True,True,False,False,text,no dollar amount found
LTB-L-022975-26,L4,ExParte Order,2026-03-23,M1J,1156.52,arrears,1926.84,pattern_1,0.6,,False,,,,,False,text,found in operative 'It is ordered that' section; matched expected keyword for category
LTB-L-023115-26,L4,ExParte Order,2026-03-17,N5P,3044.6,arrears,1997.19,pattern_1,1.52,,False,,,,,False,text,found in operative 'It is ordered that' section; matched expected keyword for category
LTB-L-023118-26,L4,ExParte Order,2026-03-17,P0K,2928.62,arrears,817.0,pattern_1,3.58,,False,,,,,False,text,found in operative 'It is ordered that' section; matched expected keyword for category
LTB-L-023201-26,L4,Order,2026-05-19,L4J,,,,,,"May 12, 2026",True,True,True,True,False,False,text,no dollar amount found
LTB-L-023235-26,L4,ExParte Order,2026-03-20,L8E,32738.0,arrears,3060.0,pattern_1,10.7,,False,,,,,False,text,found in operative 'It is ordered that' section; matched expected keyword for category
LTB-L-023249-26,L4,ExParte Order,2026-03-23,L6X,4686.0,arrears,2000.0,pattern_1,2.34,,False,,,,,False,text,found in operative 'It is ordered that' section; matched expected keyword for category
LTB-L-023375-26,L4,ExParte Order,2026-03-20,L1Z,,,500.0,pattern_1,,,False,,,,,False,text,operative section found but contained only fee/rate/boilerplate amounts — likely no lump sum ordered
LTB-L-023517-26,L4,ExParte Order,2026-03-20,L1J,6266.0,arrears,1595.0,pattern_1,3.93,,False,,,,,False,text,found in operative 'It is ordered that' section; matched expected keyword for category
LTB-L-023528-26,L4,Order,2026-05-07,P1H,,,,,,"April 30, 2026",True,True,True,True,False,False,text,no dollar amount found
LTB-L-023666-26,L4,Order,2026-05-13,K8P,,,,,,,False,,,,,False,text,no dollar amount found
LTB-L-023668-26,L4,Order,2026-05-28,N5A,,,,,,,False,,,,,False,text,no dollar amount found
LTB-L-023723-26,L4,ExParte Order,2026-03-23,L9Y,5300.0,arrears,2278.0,pattern_1,2.33,,False,,,,,False,text,found in operative 'It is ordered that' section; matched expected keyword for category
LTB-L-023799-26,L4,Order,2026-05-29,N8X,4891.5,arrears,,,,"May 21, 2026",True,True,True,True,False,False,text,"no operative section found, or it had no dollar mentions at all; fell back to full-document search; matched expected keyword for category"
LTB-L-023810-26,L4,ExParte Order,2026-03-23,N5A,2965.48,arrears,1818.12,pattern_1,1.63,,False,,,,,False,text,found in operative 'It is ordered that' section; matched expected keyword for category
LTB-L-023828-26,L4,ExParte Order,2026-03-18,K2B,,,,,,,False,,,,,False,text,no dollar amount found
LTB-L-023873-26,L4,ExParte Order,2026-03-23,L1J,3324.87,arrears,1481.0,pattern_1,2.25,,False,,,,,False,text,found in operative 'It is ordered that' section; matched expected keyword for category
LTB-L-024027-26,L4,Order,2026-05-28,M4H,,,,,,"May 21, 2026",True,True,True,True,False,False,text,no dollar amount found
LTB-L-024114-26,L4,ExParte Order,2026-03-23,M3L,,,,,,,False,,,,,False,text,no dollar amount found
LTB-L-024147-26,L4,Order,2026-04-30,L9L,,,,,,,True,True,False,True,,True,text,no dollar amount found
LTB-L-024225-26,L4,ExParte Order,2026-03-27,N5R,3570.69,arrears,805.0,pattern_1,4.44,,False,,,,,False,text,found in operative 'It is ordered that' section; matched expected keyword for category
LTB-L-024255-26,L4,Order,2026-05-13,M3N,3475.7,arrears,,,,"May 7, 2026",True,False,False,,,False,text,found in operative 'It is ordered that' section; matched expected keyword for category
LTB-L-024330-26,L4,ExParte Order,2026-03-23,K7V,6701.64,arrears,1055.0,pattern_1,6.35,,False,,,,,False,text,found in operative 'It is ordered that' section; matched expected keyword for category
LTB-L-024335-26,L4,ExParte Order,2026-03-23,P1B,2346.0,arrears,1830.0,pattern_1,1.28,,False,,,,,False,text,found in operative 'It is ordered that' section; matched expected keyword for category
LTB-L-024335-26,L4,Order,2026-05-13,P1B,2346.0,arrears,1830.0,pattern_1,1.28,,False,,,,,False,text,found in operative 'It is ordered that' section; matched expected keyword for category
LTB-L-024360-26,L4,ExParte Order,2026-03-23,L8P,2334.56,arrears,1144.28,pattern_1,2.04,,False,,,,,False,text,found in operative 'It is ordered that' section; matched expected keyword for category
LTB-L-024368-26,L4,Order,2026-05-07,L7P,9125.0,arrears,,,,,True,True,True,True,False,False,text,found in operative 'It is ordered that' section; matched expected keyword for category
LTB-L-024396-26,L4,ExParte Order,2026-03-23,M4L,,,,,,,False,,,,,False,text,no dollar amount found
LTB-L-024486-26,L4,ExParte Order,2026-03-23,M6P,,,,,,,False,,,,,False,text,no dollar amount found
LTB-L-024500-26,L4,ExParte Order,2026-03-23,M6G,0.0,arrears,634.0,pattern_1,,,False,,,,,False,text,found in operative 'It is ordered that' section; matched expected keyword for category
LTB-L-024509-26,L4,Order,2026-05-15,M1M,,,,,,"May 11, 2026",True,True,True,True,True,False,text,no dollar amount found
LTB-L-024590-26,L4,ExParte Order,2026-03-31,L6A,27203.42,arrears,3100.0,pattern_1,8.78,,False,,,,,False,text,found in operative 'It is ordered that' section; matched expected keyword for category
LTB-L-024653-26,L4,ExParte Order,2026-04-02,K1Z,8260.26,arrears,658.0,pattern_1,12.55,,False,,,,,False,text,found in operative 'It is ordered that' section; matched expected keyword for category
LTB-L-024798-26,L4,ExParte Order,2026-03-23,M1E,599.92,arrears,1367.05,pattern_1,0.44,,False,,,,,False,text,found in operative 'It is ordered that' section; matched expected keyword for category
LTB-L-024876-26,L4,ExParte Order,2026-03-27,L8L,6728.37,arrears,985.0,pattern_1,6.83,,False,,,,,False,text,found in operative 'It is ordered that' section; matched expected keyword for category
LTB-L-024889-26,L4,ExParte Order,2026-04-13,K1Z,9755.5,arrears,1597.0,pattern_1,6.11,,False,,,,,False,text,found in operative 'It is ordered that' section; matched expected keyword for category
LTB-L-024900-26,L4,ExParte Order,2026-04-02,N1H,,,1181.66,pattern_1,,,False,,,,,False,text,operative section found but contained only fee/rate/boilerplate amounts — likely no lump sum ordered
LTB-L-024945-26,L4,ExParte Order,2026-03-24,L4X,10699.77,arrears,1402.4,pattern_1,7.63,,False,,,,,False,text,found in operative 'It is ordered that' section; matched expected keyword for category
LTB-L-025005-26,L4,Order,2026-05-06,M1K,,,,,,,True,True,False,True,,True,text,operative section found but contained only fee/rate/boilerplate amounts — likely no lump sum ordered
LTB-L-025185-26,L4,ExParte Order,2026-03-24,M5N,,,1047.0,pattern_1,,,False,,,,,False,text,operative section found but contained only fee/rate/boilerplate amounts — likely no lump sum ordered
LTB-L-025257-26,L4,ExParte Order,2026-03-24,N4K,4458.64,arrears,566.0,pattern_1,7.88,,False,,,,,False,text,found in operative 'It is ordered that' section; matched expected keyword for category
LTB-L-025623-26,L4,ExParte Order,2026-03-27,N7L,4476.0,arrears,1650.0,pattern_1,2.71,,False,,,,,False,text,found in operative 'It is ordered that' section; matched expected keyword for category
LTB-L-025759-26,L4,ExParte Order,2026-03-30,M9C,29752.3,arrears,1433.0,pattern_1,20.76,,False,,,,,False,text,found in operative 'It is ordered that' section; matched expected keyword for category
LTB-L-025781-25,L4,Order,2026-01-19,M4B,5553.51,arrears,,,,"October 22, 2025",True,False,False,,,False,text,found in operative 'It is ordered that' section; matched expected keyword for category
LTB-L-025799-26,L4,Order,2026-04-24,N6H,2279.95,arrears,,,,"April 20, 2026",True,True,True,True,True,False,text,found in operative 'It is ordered that' section; matched expected keyword for category
LTB-L-025806-26,L4,ExParte Order,2026-03-27,K2P,5219.16,arrears,1851.15,pattern_1,2.82,,False,,,,,False,text,found in operative 'It is ordered that' section; matched expected keyword for category
LTB-L-025952-26,L4,Order,2026-05-20,K1N,,,,,,"May 11, 2026",True,True,True,True,True,False,text,no dollar amount found
LTB-L-025976-26,L4,Order,2026-05-27,M3H,,,,,,"May 19, 2026",True,True,True,True,False,False,text,no dollar amount found
LTB-L-026040-26,L4,ExParte Order,2026-03-30,M6M,,,,,,,False,,,,,False,text,no dollar amount found
LTB-L-026173-26,L4,Order,2026-05-19,K8N,,,,,,"May 13, 2026",True,True,True,True,False,False,text,no dollar amount found
LTB-L-026194-26,L4,ExParte Order,2026-03-30,M1B,2516.34,arrears,1474.0,pattern_1,1.71,,False,,,,,False,text,found in operative 'It is ordered that' section; matched expected keyword for category
LTB-L-026272-26,L4,Order,2026-05-20,L4M,6961.0,arrears,,,,"May 11, 2026",True,True,True,True,False,False,text,found in operative 'It is ordered that' section; matched expected keyword for category
LTB-L-026318-26,L4,ExParte Order,2026-03-30,M9M,4486.0,arrears,1250.0,pattern_1,3.59,,False,,,,,False,text,found in operative 'It is ordered that' section; matched expected keyword for category
LTB-L-026416-26,L4,ExParte Order,2026-04-10,N1H,,,,,,,False,,,,,False,text,no dollar amount found
LTB-L-026470-26,L4,ExParte Order,2026-03-30,M1P,,,,,,,False,,,,,False,text,no dollar amount found
LTB-L-026479-26,L4,ExParte Order,2026-03-30,L5R,1802.13,arrears,630.0,pattern_1,2.86,,False,,,,,False,text,found in operative 'It is ordered that' section; matched expected keyword for category
LTB-L-026546-26,L4,ExParte Order,2026-03-30,L0L,151.37,arrears,,,,,False,,,,,False,text,"no operative section found, or it had no dollar mentions at all; fell back to full-document search; matched expected keyword for category"
LTB-L-026689-26,L4,ExParte Order,2026-03-30,M5A,,,,,,,False,,,,,False,text,no dollar amount found
LTB-L-026692-26,L4,ExParte Order,2026-04-07,N3R,6997.53,arrears,2166.33,pattern_1,3.23,,False,,,,,False,text,found in operative 'It is ordered that' section; matched expected keyword for category
LTB-L-026869-26,L4,ExParte Order,2026-03-30,K1S,7876.0,arrears,1400.0,pattern_1,5.63,,False,,,,,False,text,found in operative 'It is ordered that' section; matched expected keyword for category
LTB-L-026963-26,L4,Order,2026-05-19,K7K,200.0,arrears,,,,"May 14, 2026",True,False,True,,False,True,text,"no operative section found, or it had no dollar mentions at all; fell back to full-document search; matched expected keyword for category"
LTB-L-027024-26,L4,ExParte Order,2026-03-30,L1J,,,,,,,False,,,,,False,text,no dollar amount found
LTB-L-027097-26,L4,ExParte Order,2026-03-31,M2R,2213.25,arrears,2266.82,pattern_1,0.98,,False,,,,,False,text,found in operative 'It is ordered that' section; matched expected keyword for category
LTB-L-027129-26,L4,ExParte Order,2026-03-31,M6K,,,2241.0,pattern_1,,,False,,,,,False,text,operative section found but contained only fee/rate/boilerplate amounts — likely no lump sum ordered
LTB-L-027372-26,L4,ExParte Order,2026-04-07,N1R,,,,,,,False,,,,,False,text,no dollar amount found
LTB-L-027889-26,L4,ExParte Order,2026-04-07,M4S,7724.19,arrears,1555.04,pattern_1,4.97,,False,,,,,False,text,found in operative 'It is ordered that' section; matched expected keyword for category
LTB-L-027967-26,L4,Order,2026-05-22,K7A,,,,,,"May 20, 2026",True,True,False,True,,True,text,no dollar amount found
LTB-L-027967-26,L4,ExParte Order,2026-04-02,K7A,,,,,,"May 20, 2026",True,True,False,True,,True,text,no dollar amount found
LTB-L-028013-26,L4,ExParte Order,2026-04-13,L4N,12590.3,arrears,885.0,pattern_1,14.23,,False,,,,,False,text,found in operative 'It is ordered that' section; matched expected keyword for category
LTB-L-028033-26,L4,ExParte Order,2026-04-07,M4V,5405.4,arrears,1660.0,pattern_1,3.26,,False,,,,,False,text,found in operative 'It is ordered that' section; matched expected keyword for category
LTB-L-028056-26,L4,ExParte Order,2026-04-21,K1J,,,,,,,False,,,,,False,text,no dollar amount found
LTB-L-028219-26,L4,ExParte Order,2026-04-07,N9C,,,,,,,False,,,,,False,text,no dollar amount found
LTB-L-028549-26,L4,ExParte Order,2026-04-07,L3B,,,556.0,pattern_1,,,False,,,,,False,text,operative section found but contained only fee/rate/boilerplate amounts — likely no lump sum ordered
LTB-L-028558-26,L4,ExParte Order,2026-04-07,M6K,8223.45,arrears,1361.14,pattern_1,6.04,,False,,,,,False,text,found in operative 'It is ordered that' section; matched expected keyword for category
LTB-L-028691-26,L4,ExParte Order,2026-04-07,N5V,13310.68,other,1072.0,pattern_1,12.42,,False,,,,,False,text,"found in operative 'It is ordered that' section; single candidate amount, no strong keyword match"
LTB-L-028704-26,L4,Order,2026-04-09,L4G,,,,,,,True,True,True,False,False,False,text,no dollar amount found
LTB-L-028745-26,L4,ExParte Order,2026-04-07,M9R,17644.09,arrears,2610.0,pattern_1,6.76,,False,,,,,False,text,found in operative 'It is ordered that' section; matched expected keyword for category
LTB-L-028765-26,L4,ExParte Order,2026-04-13,P3A,24139.83,arrears,862.0,pattern_1,28.0,,False,,,,,False,text,found in operative 'It is ordered that' section; matched expected keyword for category
LTB-L-029019-26,L4,ExParte Order,2026-04-13,L9S,0.0,arrears,,,,,False,,,,,False,text,found in operative 'It is ordered that' section; matched expected keyword for category
LTB-L-029048-25,L4,Order,2026-02-20,N5Y,,,,,,"November 17, 2025",True,True,True,True,False,True,text,no dollar amount found
LTB-L-029207-26,L4,ExParte Order,2026-04-13,N0M,,,,,,,False,,,,,False,text,no dollar amount found
LTB-L-029376-26,L4,ExParte Order,2026-04-14,L3T,,,,,,,False,,,,,False,text,no dollar amount found
LTB-L-029397-26,L4,ExParte Order,2026-04-13,N0P,10179.67,arrears,1890.0,pattern_1,5.39,,False,,,,,False,text,found in operative 'It is ordered that' section; matched expected keyword for category
LTB-L-029429-26,L4,ExParte Order,2026-04-24,L7A,3946.0,arrears,1145.0,pattern_1,3.45,,False,,,,,False,text,found in operative 'It is ordered that' section; matched expected keyword for category
LTB-L-029661-26,L4,ExParte Order,2026-04-13,L1H,18011.7,arrears,2400.0,pattern_1,7.5,,False,,,,,False,text,found in operative 'It is ordered that' section; matched expected keyword for category
LTB-L-029682-26,L4,ExParte Order,2026-04-17,N0G,9155.0,arrears,1750.0,pattern_1,5.23,,False,,,,,False,text,found in operative 'It is ordered that' section; matched expected keyword for category
LTB-L-029849-26,L4,ExParte Order,2026-04-13,L4H,8286.0,arrears,4400.0,pattern_1,1.88,,False,,,,,False,text,found in operative 'It is ordered that' section; matched expected keyword for category
LTB-L-029951-26,L4,ExParte Order,2026-04-27,M4M,5686.0,arrears,2500.0,pattern_1,2.27,,False,,,,,False,text,found in operative 'It is ordered that' section; matched expected keyword for category
LTB-L-029979-26,L4,ExParte Order,2026-04-13,L1J,8866.67,arrears,3156.97,pattern_1,2.81,,False,,,,,False,text,found in operative 'It is ordered that' section; matched expected keyword for category
LTB-L-030021-26,L4,ExParte Order,2026-04-13,L4Y,823.48,arrears,1929.03,pattern_1,0.43,,False,,,,,False,text,found in operative 'It is ordered that' section; matched expected keyword for category
LTB-L-030064-26,L4,ExParte Order,2026-04-13,L4K,7570.89,arrears,2850.0,pattern_1,2.66,,False,,,,,False,text,found in operative 'It is ordered that' section; matched expected keyword for category
LTB-L-030064-26,L4,Order,2026-05-26,L4K,7570.89,arrears,2850.0,pattern_1,2.66,,False,,,,,False,text,found in operative 'It is ordered that' section; matched expected keyword for category
LTB-L-030161-26,L4,ExParte Order,2026-04-14,L9E,0.0,arrears,3126.25,pattern_1,,,False,,,,,False,text,found in operative 'It is ordered that' section; matched expected keyword for category
LTB-L-030249-26,L4,ExParte Order,2026-04-13,L6K,19096.87,arrears,2950.0,pattern_1,6.47,,False,,,,,False,text,found in operative 'It is ordered that' section; matched expected keyword for category
LTB-L-030317-26,L4,Amended Order,2026-04-15,M9W,2483.79,arrears,1357.5,pattern_1,1.83,,False,,,,,False,text,found in operative 'It is ordered that' section; matched expected keyword for category
LTB-L-030384-26,L4,ExParte Order,2026-04-27,K6H,4052.44,arrears,663.65,pattern_1,6.11,,False,,,,,False,text,found in operative 'It is ordered that' section; matched expected keyword for category
LTB-L-030404-26,L4,ExParte Order,2026-04-13,P3B,4939.33,arrears,1509.0,pattern_1,3.27,,False,,,,,False,text,found in operative 'It is ordered that' section; matched expected keyword for category
LTB-L-030435-26,L4,Order,2026-05-27,N2M,,,,,,"May 25, 2026",True,True,True,True,False,False,text,no dollar amount found
LTB-L-030435-26,L4,ExParte Order,2026-04-13,N2M,,,,,,"May 25, 2026",True,True,True,True,False,False,text,no dollar amount found
LTB-L-030436-26,L4,ExParte Order,2026-04-28,L6W,4864.0,arrears,1392.0,pattern_1,3.49,,False,,,,,False,text,found in operative 'It is ordered that' section; matched expected keyword for category
LTB-L-030456-26,L4,ExParte Order,2026-04-13,N5Z,4861.0,arrears,1891.12,pattern_1,2.57,,False,,,,,False,text,found in operative 'It is ordered that' section; matched expected keyword for category
LTB-L-030460-26,L4,ExParte Order,2026-04-13,M6A,2972.86,arrears,1345.0,pattern_1,2.21,,False,,,,,False,text,found in operative 'It is ordered that' section; matched expected keyword for category
LTB-L-030497-26,L4,ExParte Order,2026-04-13,N1A,8137.51,arrears,1155.0,pattern_1,7.05,,False,,,,,False,text,found in operative 'It is ordered that' section; matched expected keyword for category
LTB-L-030512-26,L4,ExParte Order,2026-04-14,N7M,5458.0,arrears,1749.0,pattern_1,3.12,,False,,,,,False,text,found in operative 'It is ordered that' section; matched expected keyword for category
LTB-L-030535-26,L4,ExParte Order,2026-04-13,M3M,122.12,arrears,1907.76,pattern_1,0.06,,False,,,,,False,text,found in operative 'It is ordered that' section; matched expected keyword for category
LTB-L-030537-26,L4,Order,2026-05-28,P1L,6307.4,arrears,,,,"May 26, 2026",True,True,True,True,True,False,text,"no operative section found, or it had no dollar mentions at all; fell back to full-document search; matched expected keyword for category"
LTB-L-030550-26,L4,Order,2026-05-29,L2G,,,,,,"May 26, 2026",True,True,False,True,,True,text,no dollar amount found
LTB-L-030565-26,L4,ExParte Order,2026-04-13,M1J,2081.77,arrears,1744.37,pattern_1,1.19,,False,,,,,False,text,found in operative 'It is ordered that' section; matched expected keyword for category
LTB-L-030622-26,L4,ExParte Order,2026-04-13,K7S,0.0,arrears,1501.77,pattern_1,,,False,,,,,False,text,found in operative 'It is ordered that' section; matched expected keyword for category
LTB-L-030626-26,L4,ExParte Order,2026-04-13,N5Z,6112.57,arrears,1700.0,pattern_1,3.6,,False,,,,,False,text,found in operative 'It is ordered that' section; matched expected keyword for category
LTB-L-030668-26,L4,ExParte Order,2026-04-13,M5R,2961.0,arrears,1450.0,pattern_1,2.04,,False,,,,,False,text,found in operative 'It is ordered that' section; matched expected keyword for category
LTB-L-030894-26,L4,ExParte Order,2026-04-13,L4Y,5769.15,arrears,2125.34,pattern_1,2.71,,False,,,,,False,text,found in operative 'It is ordered that' section; matched expected keyword for category
LTB-L-030926-26,L4,ExParte Order,2026-04-13,P3C,8541.21,arrears,934.58,pattern_1,9.14,,False,,,,,False,text,found in operative 'It is ordered that' section; matched expected keyword for category
LTB-L-030945-26,L4,ExParte Order,2026-04-13,M2J,3606.49,arrears,600.0,pattern_1,6.01,,False,,,,,False,text,found in operative 'It is ordered that' section; matched expected keyword for category
LTB-L-031065-26,L4,ExParte Order,2026-04-14,L2H,7500.5,arrears,2123.0,pattern_1,3.53,,False,,,,,False,text,found in operative 'It is ordered that' section; matched expected keyword for category
LTB-L-031252-26,L4,ExParte Order,2026-04-13,M6H,4925.0,arrears,1560.0,pattern_1,3.16,,False,,,,,False,text,found in operative 'It is ordered that' section; matched expected keyword for category
LTB-L-031297-26,L4,ExParte Order,2026-04-14,P3B,6478.0,arrears,1269.0,pattern_1,5.1,,False,,,,,False,text,found in operative 'It is ordered that' section; matched expected keyword for category
LTB-L-031498-26,L4,ExParte Order,2026-04-27,L8L,,,,,,,False,,,,,False,text,no dollar amount found
LTB-L-031579-26,L4,ExParte Order,2026-04-14,L6W,,,,,,,False,,,,,False,text,no dollar amount found
LTB-L-031702-26,L4,ExParte Order,2026-04-17,L1J,,,1432.0,pattern_1,,,False,,,,,False,text,operative section found but contained only fee/rate/boilerplate amounts — likely no lump sum ordered
LTB-L-031811-26,L4,ExParte Order,2026-04-14,K0K,7561.0,arrears,3175.0,pattern_1,2.38,,False,,,,,False,text,found in operative 'It is ordered that' section; matched expected keyword for category
LTB-L-031917-26,L4,ExParte Order,2026-04-21,L2M,3963.04,arrears,1749.25,pattern_1,2.27,,False,,,,,False,text,found in operative 'It is ordered that' section; matched expected keyword for category
LTB-L-031941-26,L4,ExParte Order,2026-04-17,L6R,10645.09,arrears,2700.0,pattern_1,3.94,,False,,,,,False,text,found in operative 'It is ordered that' section; matched expected keyword for category
LTB-L-031999-26,L4,Order,2026-05-29,M9R,,,,,,"May 25, 2026",True,True,True,True,False,False,text,no dollar amount found
LTB-L-032011-26,L4,ExParte Order,2026-04-17,K8P,1593.0,arrears,1291.0,pattern_1,1.23,,False,,,,,False,text,found in operative 'It is ordered that' section; matched expected keyword for category
LTB-L-032142-26,L4,ExParte Order,2026-04-17,L8L,1885.0,arrears,800.0,pattern_1,2.36,,False,,,,,False,text,found in operative 'It is ordered that' section; matched expected keyword for category
LTB-L-032161-26,L4,ExParte Order,2026-04-20,N1K,,,,,,,False,,,,,False,text,no dollar amount found
LTB-L-032169-26,L4,ExParte Order,2026-04-20,L3K,5990.8,arrears,1300.0,pattern_1,4.61,,False,,,,,False,text,found in operative 'It is ordered that' section; matched expected keyword for category
LTB-L-032381-26,L4,ExParte Order,2026-04-17,M6E,17598.12,arrears,3600.0,pattern_1,4.89,,False,,,,,False,text,found in operative 'It is ordered that' section; matched expected keyword for category
LTB-L-032412-26,L4,ExParte Order,2026-04-20,L9Z,16803.8,arrears,1700.0,pattern_1,9.88,,False,,,,,False,text,found in operative 'It is ordered that' section; matched expected keyword for category
LTB-L-032430-26,L4,ExParte Order,2026-04-28,M4C,232.78,arrears,,,,,False,,,,,False,text,"no operative section found, or it had no dollar mentions at all; fell back to full-document search; matched expected keyword for category"
LTB-L-032459-26,L4,ExParte Order,2026-04-17,M6K,1049.75,arrears,1878.36,pattern_1,0.56,,False,,,,,False,text,found in operative 'It is ordered that' section; matched expected keyword for category
LTB-L-032483-26,L4,ExParte Order,2026-04-17,L9C,3181.05,arrears,1731.98,pattern_1,1.84,,False,,,,,False,text,found in operative 'It is ordered that' section; matched expected keyword for category
LTB-L-032489-26,L4,ExParte Order,2026-04-17,M1P,14686.0,arrears,2900.0,pattern_1,5.06,,False,,,,,False,text,found in operative 'It is ordered that' section; matched expected keyword for category
LTB-L-032503-26,L4,ExParte Order,2026-04-17,K0A,9886.0,arrears,2000.0,pattern_1,4.94,,False,,,,,False,text,found in operative 'It is ordered that' section; matched expected keyword for category
LTB-L-032517-26,L4,ExParte Order,2026-04-24,M6P,2222.0,arrears,968.0,pattern_1,2.3,,False,,,,,False,text,found in operative 'It is ordered that' section; matched expected keyword for category
LTB-L-032545-26,L4,ExParte Order,2026-04-20,K7N,6029.7,arrears,2384.9,pattern_1,2.53,,False,,,,,False,text,found in operative 'It is ordered that' section; matched expected keyword for category
LTB-L-032715-26,L4,ExParte Order,2026-04-20,L8V,3936.0,arrears,1000.0,pattern_1,3.94,,False,,,,,False,text,found in operative 'It is ordered that' section; matched expected keyword for category
LTB-L-032722-26,L4,ExParte Order,2026-04-20,L8L,,,,,,,False,,,,,False,text,no dollar amount found
LTB-L-032754-26,L4,ExParte Order,2026-04-20,M3M,8186.0,arrears,1939.9,pattern_1,4.22,,False,,,,,False,text,found in operative 'It is ordered that' section; matched expected keyword for category
LTB-L-032909-26,L4,ExParte Order,2026-04-20,M9M,384.47,arrears,2058.47,pattern_1,0.19,,False,,,,,False,text,found in operative 'It is ordered that' section; matched expected keyword for category
LTB-L-032942-26,L4,ExParte Order,2026-04-21,M9W,9861.4,arrears,1517.32,pattern_1,6.5,,False,,,,,False,text,found in operative 'It is ordered that' section; matched expected keyword for category
LTB-L-032976-26,L4,ExParte Order,2026-04-20,N8N,186.0,arrears,498.17,pattern_1,0.37,,False,,,,,False,text,found in operative 'It is ordered that' section; matched expected keyword for category
LTB-L-033056-26,L4,ExParte Order,2026-04-20,L8H,1163.0,arrears,1768.62,pattern_1,0.66,,False,,,,,False,text,found in operative 'It is ordered that' section; matched expected keyword for category
LTB-L-033102-26,L4,ExParte Order,2026-04-20,L8E,1643.8,arrears,2500.0,pattern_1,0.66,,False,,,,,False,text,found in operative 'It is ordered that' section; matched expected keyword for category
LTB-L-033168-26,L4,ExParte Order,2026-04-20,L8V,1723.02,arrears,1723.02,pattern_1,1.0,,False,,,,,False,text,found in operative 'It is ordered that' section; matched expected keyword for category
LTB-L-033207-26,L4,ExParte Order,2026-04-20,N4S,2286.6,arrears,1750.0,pattern_1,1.31,,False,,,,,False,text,found in operative 'It is ordered that' section; matched expected keyword for category
LTB-L-033213-26,L4,ExParte Order,2026-04-29,L3V,4201.45,arrears,1750.0,pattern_1,2.4,,False,,,,,False,text,found in operative 'It is ordered that' section; matched expected keyword for category
LTB-L-033225-25,L4,Review Order,2026-01-21,N4K,,,,,,"July 30, 2025",True,True,True,True,False,True,text,no dollar amount found
LTB-L-033291-26,L4,ExParte Order,2026-04-20,N2C,1949.0,ambiguous-max,1989.92,pattern_1,0.98,,False,,,,,False,text,"found in operative 'It is ordered that' section; multiple candidate amounts, took max — manual review advised"
LTB-L-033340-26,L4,ExParte Order,2026-04-20,M4Y,8677.92,arrears,2487.57,pattern_1,3.49,,False,,,,,False,text,found in operative 'It is ordered that' section; matched expected keyword for category
LTB-L-033424-26,L4,ExParte Order,2026-04-21,P3A,6158.88,arrears,1465.0,pattern_1,4.2,,False,,,,,False,text,found in operative 'It is ordered that' section; matched expected keyword for category
LTB-L-033456-26,L4,ExParte Order,2026-04-20,M3N,4050.0,arrears,1999.0,pattern_1,2.03,,False,,,,,False,text,found in operative 'It is ordered that' section; matched expected keyword for category
LTB-L-033508-26,L4,ExParte Order,2026-04-21,L1T,8283.0,arrears,1247.0,pattern_1,6.64,,False,,,,,False,text,found in operative 'It is ordered that' section; matched expected keyword for category
LTB-L-033610-26,L4,Order,2026-05-29,N7T,,,,,,,True,True,False,False,,True,text,no dollar amount found
LTB-L-033854-26,L4,ExParte Order,2026-04-21,L4J,3500.0,arrears,3587.5,pattern_1,0.98,,False,,,,,False,text,found in operative 'It is ordered that' section; matched expected keyword for category
LTB-L-033913-26,L4,ExParte Order,2026-04-21,M1E,,,,,,,False,,,,,False,text,no dollar amount found
LTB-L-033928-26,L4,ExParte Order,2026-04-21,M1K,,,,,,,False,,,,,False,text,no dollar amount found
LTB-L-034147-26,L4,ExParte Order,2026-04-24,M9V,7834.31,arrears,1181.28,pattern_1,6.63,,False,,,,,False,text,found in operative 'It is ordered that' section; matched expected keyword for category
LTB-L-034615-26,L4,ExParte Order,2026-04-27,M4S,7380.43,arrears,2044.87,pattern_1,3.61,,False,,,,,False,text,found in operative 'It is ordered that' section; matched expected keyword for category
LTB-L-034740-26,L4,ExParte Order,2026-04-27,L4S,,,2889.22,pattern_1,,,False,,,,,False,text,operative section found but contained only fee/rate/boilerplate amounts — likely no lump sum ordered
LTB-L-034819-26,L4,Order,2026-05-08,K1V,,,,,,,False,,,,,False,text,no dollar amount found
LTB-L-034872-26,L4,ExParte Order,2026-04-27,L6V,1865.16,arrears,2101.23,pattern_1,0.89,,False,,,,,False,text,found in operative 'It is ordered that' section; matched expected keyword for category
LTB-L-035097-26,L4,ExParte Order,2026-04-27,K2A,2997.0,arrears,1900.0,pattern_1,1.58,,False,,,,,False,text,found in operative 'It is ordered that' section; matched expected keyword for category
LTB-L-035199-26,L4,ExParte Order,2026-04-27,M6H,6501.0,arrears,2100.0,pattern_1,3.1,,False,,,,,False,text,found in operative 'It is ordered that' section; matched expected keyword for category
LTB-L-035226-26,L4,ExParte Order,2026-04-28,M9M,11186.0,arrears,2400.0,pattern_1,4.66,,False,,,,,False,text,found in operative 'It is ordered that' section; matched expected keyword for category
LTB-L-035239-26,L4,ExParte Order,2026-04-27,K4K,646.0,arrears,965.0,pattern_1,0.67,,False,,,,,False,text,found in operative 'It is ordered that' section; matched expected keyword for category
LTB-L-035258-26,L4,ExParte Order,2026-04-27,K1J,863.61,arrears,1792.91,pattern_1,0.48,,False,,,,,False,text,found in operative 'It is ordered that' section; matched expected keyword for category
LTB-L-035284-26,L4,ExParte Order,2026-04-27,L6S,4670.57,arrears,1524.0,pattern_1,3.06,,False,,,,,False,text,found in operative 'It is ordered that' section; matched expected keyword for category
LTB-L-035382-26,L4,ExParte Order,2026-04-28,M6K,15386.0,arrears,2000.0,pattern_1,7.69,,False,,,,,False,text,found in operative 'It is ordered that' section; matched expected keyword for category
LTB-L-035549-26,L4,ExParte Order,2026-04-27,M4A,,,,,,,False,,,,,False,text,no dollar amount found
LTB-L-035577-26,L4,ExParte Order,2026-04-27,L3C,1057.32,arrears,1191.23,pattern_1,0.89,,False,,,,,False,text,found in operative 'It is ordered that' section; matched expected keyword for category
LTB-L-035622-26,L4,ExParte Order,2026-04-27,M1K,,,,,,,False,,,,,False,text,no dollar amount found
LTB-L-035737-26,L4,ExParte Order,2026-04-27,N2M,,,1000.0,pattern_1,,,False,,,,,False,text,operative section found but contained only fee/rate/boilerplate amounts — likely no lump sum ordered
LTB-L-035826-26,L4,Amended Order,2026-05-13,M6E,0.0,remedy,476.0,pattern_1,,,False,,,,,False,text,"found in operative 'It is ordered that' section; single candidate amount, no strong keyword match"
LTB-L-035955-26,L4,ExParte Order,2026-05-25,N2C,,,,,,,False,,,,,False,text,no dollar amount found
LTB-L-036118-26,L4,ExParte Order,2026-05-01,N9A,,,,,,,False,,,,,False,text,operative section found but contained only fee/rate/boilerplate amounts — likely no lump sum ordered
LTB-L-036169-26,L4,ExParte Order,2026-05-01,M1E,,,,,,,False,,,,,False,text,no dollar amount found
LTB-L-036391-26,L4,ExParte Order,2026-05-04,M5V,26197.19,arrears,1878.0,pattern_1,13.95,,False,,,,,False,text,found in operative 'It is ordered that' section; matched expected keyword for category
LTB-L-036509-26,L4,ExParte Order,2026-05-01,M4L,1169.04,arrears,2100.0,pattern_1,0.56,,False,,,,,False,text,found in operative 'It is ordered that' section; matched expected keyword for category
LTB-L-036589-26,L4,ExParte Order,2026-05-01,N6B,2036.0,arrears,1410.0,pattern_1,1.44,,False,,,,,False,text,found in operative 'It is ordered that' section; matched expected keyword for category
LTB-L-036747-26,L4,ExParte Order,2026-04-29,L4C,3036.0,arrears,,,,,False,,,,,False,text,"no operative section found, or it had no dollar mentions at all; fell back to full-document search; matched expected keyword for category"
LTB-L-036831-26,L4,ExParte Order,2026-05-08,N4K,250.0,ambiguous-max,,,,,False,,,,,False,text,"no operative section found, or it had no dollar mentions at all; fell back to full-document search; multiple candidate amounts, took max — manual review advised"
LTB-L-036869-26,L4,ExParte Order,2026-05-04,K0C,500.0,arrears,,,,,False,,,,,False,text,"no operative section found, or it had no dollar mentions at all; fell back to full-document search; matched expected keyword for category"
LTB-L-036905-26,L4,ExParte Order,2026-05-04,M1M,5966.24,arrears,595.0,pattern_1,10.03,,False,,,,,False,text,found in operative 'It is ordered that' section; matched expected keyword for category
LTB-L-037478-26,L4,ExParte Order,2026-05-04,L4C,5672.04,arrears,2520.82,pattern_1,2.25,,False,,,,,False,text,found in operative 'It is ordered that' section; matched expected keyword for category
LTB-L-037799-26,L4,ExParte Order,2026-05-04,L5R,19845.09,arrears,2665.0,pattern_1,7.45,,False,,,,,False,text,found in operative 'It is ordered that' section; matched expected keyword for category
LTB-L-037940-26,L4,ExParte Order,2026-05-05,N1L,9589.16,arrears,2870.0,pattern_1,3.34,,False,,,,,False,text,found in operative 'It is ordered that' section; matched expected keyword for category
LTB-L-037952-26,L4,ExParte Order,2026-05-04,L8G,3744.0,arrears,2525.0,pattern_1,1.48,,False,,,,,False,text,found in operative 'It is ordered that' section; matched expected keyword for category
LTB-L-038097-26,L4,ExParte Order,2026-05-05,M9P,1547.65,other,,,,,False,,,,,False,text,"no operative section found, or it had no dollar mentions at all; fell back to full-document search; single candidate amount, no strong keyword match"
LTB-L-038121-26,L4,ExParte Order,2026-05-13,M8V,8000.0,ambiguous-max,8000.0,pattern_1,1.0,,False,,,,,False,text,"no operative section found, or it had no dollar mentions at all; fell back to full-document search; multiple candidate amounts, took max — manual review advised"
LTB-L-038365-26,L4,ExParte Order,2026-05-08,L9T,18720.56,arrears,3500.0,pattern_1,5.35,,False,,,,,False,text,found in operative 'It is ordered that' section; matched expected keyword for category
LTB-L-038412-26,L4,ExParte Order,2026-05-08,M4T,,,,,,,False,,,,,False,text,no dollar amount found
LTB-L-038508-26,L4,ExParte Order,2026-05-08,K2B,3671.54,arrears,2957.64,pattern_1,1.24,,False,,,,,False,text,found in operative 'It is ordered that' section; matched expected keyword for category
LTB-L-038700-26,L4,ExParte Order,2026-05-08,L8V,3091.61,ambiguous-max,,,,,False,,,,,False,text,"found in operative 'It is ordered that' section; multiple candidate amounts, took max — manual review advised"
LTB-L-038808-26,L4,ExParte Order,2026-05-08,L2R,6586.0,arrears,1600.0,pattern_1,4.12,,False,,,,,False,text,found in operative 'It is ordered that' section; matched expected keyword for category
LTB-L-038911-26,L4,ExParte Order,2026-05-20,P1B,8802.5,arrears,903.5,pattern_1,9.74,,False,,,,,False,text,found in operative 'It is ordered that' section; matched expected keyword for category
LTB-L-038918-26,L4,ExParte Order,2026-05-11,L6R,11886.0,arrears,3300.0,pattern_1,3.6,,False,,,,,False,text,found in operative 'It is ordered that' section; matched expected keyword for category
LTB-L-038923-26,L4,ExParte Order,2026-05-11,N4X,,,,,,,False,,,,,False,text,no dollar amount found
LTB-L-038943-26,L4,ExParte Order,2026-05-11,M1B,2452.0,arrears,1436.0,pattern_1,1.71,,False,,,,,False,text,found in operative 'It is ordered that' section; matched expected keyword for category
LTB-L-039088-26,L4,ExParte Order,2026-05-11,N1A,2586.0,arrears,1100.0,pattern_1,2.35,,False,,,,,False,text,found in operative 'It is ordered that' section; matched expected keyword for category
LTB-L-039105-26,L4,ExParte Order,2026-05-11,L6Y,5724.0,arrears,2600.0,pattern_1,2.2,,False,,,,,False,text,found in operative 'It is ordered that' section; matched expected keyword for category
LTB-L-039286-26,L4,ExParte Order,2026-05-11,M9W,826.0,arrears,1055.0,pattern_1,0.78,,False,,,,,False,text,found in operative 'It is ordered that' section; matched expected keyword for category
LTB-L-039305-26,L4,ExParte Order,2026-05-11,P4N,642.0,ambiguous-max,642.0,pattern_1,1.0,,False,,,,,False,text,"no operative section found, or it had no dollar mentions at all; fell back to full-document search; multiple candidate amounts, took max — manual review advised"
LTB-L-039329-26,L4,ExParte Order,2026-05-11,L8P,3206.93,arrears,1741.47,pattern_1,1.84,,False,,,,,False,text,found in operative 'It is ordered that' section; matched expected keyword for category
LTB-L-039409-26,L4,ExParte Order,2026-05-12,M1T,2880.25,arrears,2880.25,pattern_1,1.0,,False,,,,,False,text,found in operative 'It is ordered that' section; matched expected keyword for category
LTB-L-039881-26,L4,ExParte Order,2026-05-11,L4C,1545.0,ambiguous-max,1545.0,pattern_1,1.0,,False,,,,,False,text,"no operative section found, or it had no dollar mentions at all; fell back to full-document search; multiple candidate amounts, took max — manual review advised"
LTB-L-040119-26,L4,ExParte Order,2026-05-11,L8K,3519.26,arrears,1417.19,pattern_1,2.48,,False,,,,,False,text,found in operative 'It is ordered that' section; matched expected keyword for category
LTB-L-040137-26,L4,ExParte Order,2026-05-12,K9J,0.0,arrears,1915.0,pattern_1,,,False,,,,,False,text,found in operative 'It is ordered that' section; matched expected keyword for category
LTB-L-040274-26,L4,ExParte Order,2026-05-12,L8L,6186.0,arrears,500.0,pattern_1,12.37,,False,,,,,False,text,found in operative 'It is ordered that' section; matched expected keyword for category
LTB-L-040372-26,L4,ExParte Order,2026-05-12,L8S,2229.0,other,,,,,False,,,,,False,text,"no operative section found, or it had no dollar mentions at all; fell back to full-document search; single candidate amount, no strong keyword match"
LTB-L-040622-26,L4,ExParte Order,2026-05-19,M9P,9790.05,arrears,2132.0,pattern_1,4.59,,False,,,,,False,text,found in operative 'It is ordered that' section; matched expected keyword for category
LTB-L-040676-26,L4,ExParte Order,2026-05-25,M3N,1407.36,arrears,2401.27,pattern_1,0.59,,False,,,,,False,text,found in operative 'It is ordered that' section; matched expected keyword for category
LTB-L-041082-26,L4,ExParte Order,2026-05-19,P6A,2668.9,arrears,995.84,pattern_1,2.68,,False,,,,,False,text,found in operative 'It is ordered that' section; matched expected keyword for category
LTB-L-041485-26,L4,ExParte Order,2026-05-19,M9M,7021.56,arrears,1959.0,pattern_1,3.58,,False,,,,,False,text,found in operative 'It is ordered that' section; matched expected keyword for category
LTB-L-041578-26,L4,ExParte Order,2026-05-19,M5P,,,,,,,False,,,,,False,text,no dollar amount found
LTB-L-041593-26,L4,ExParte Order,2026-05-19,L8S,,,,,,,False,,,,,False,text,no dollar amount found
LTB-L-041671-26,L4,ExParte Order,2026-05-20,P7B,,,925.0,pattern_1,,,False,,,,,False,text,operative section found but contained only fee/rate/boilerplate amounts — likely no lump sum ordered
LTB-L-041787-26,L4,ExParte Order,2026-05-19,P7E,,,,,,,False,,,,,False,text,no dollar amount found
LTB-L-041806-26,L4,ExParte Order,2026-05-19,K9H,1946.12,other,,,,,False,,,,,False,text,"no operative section found, or it had no dollar mentions at all; fell back to full-document search; single candidate amount, no strong keyword match"
LTB-L-041816-26,L4,ExParte Order,2026-05-19,L2M,2488.51,arrears,1190.06,pattern_1,2.09,,False,,,,,False,text,found in operative 'It is ordered that' section; matched expected keyword for category
LTB-L-041949-26,L4,ExParte Order,2026-05-19,L6T,2646.0,arrears,2551.47,pattern_1,1.04,,False,,,,,False,text,found in operative 'It is ordered that' section; matched expected keyword for category
LTB-L-042059-26,L4,ExParte Order,2026-05-19,N5W,26.66,arrears,1144.28,pattern_1,0.02,,False,,,,,False,text,found in operative 'It is ordered that' section; matched expected keyword for category
LTB-L-042150-26,L4,ExParte Order,2026-05-19,N8Y,10326.0,arrears,1600.0,pattern_1,6.45,,False,,,,,False,text,found in operative 'It is ordered that' section; matched expected keyword for category
LTB-L-042275-26,L4,ExParte Order,2026-05-20,N6J,,,1071.65,pattern_1,,,False,,,,,False,text,operative section found but contained only fee/rate/boilerplate amounts — likely no lump sum ordered
LTB-L-042333-26,L4,ExParte Order,2026-05-25,L1N,1196.0,ambiguous-max,1196.0,pattern_1,1.0,,False,,,,,False,text,"no operative section found, or it had no dollar mentions at all; fell back to full-document search; multiple candidate amounts, took max — manual review advised"
LTB-L-042443-26,L4,ExParte Order,2026-05-25,N3T,7799.65,arrears,2331.53,pattern_1,3.35,,False,,,,,False,text,found in operative 'It is ordered that' section; matched expected keyword for category
LTB-L-042495-26,L4,ExParte Order,2026-05-25,M4B,6698.24,arrears,1918.24,pattern_1,3.49,,False,,,,,False,text,found in operative 'It is ordered that' section; matched expected keyword for category
LTB-L-042579-26,L4,ExParte Order,2026-05-20,N5X,2281.29,arrears,2594.0,pattern_1,0.88,,False,,,,,False,text,found in operative 'It is ordered that' section; matched expected keyword for category
LTB-L-042631-26,L4,ExParte Order,2026-05-25,L5A,5678.34,arrears,2255.0,pattern_1,2.52,,False,,,,,False,text,found in operative 'It is ordered that' section; matched expected keyword for category
LTB-L-043109-26,L4,ExParte Order,2026-05-25,L1S,7072.0,arrears,1452.0,pattern_1,4.87,,False,,,,,False,text,found in operative 'It is ordered that' section; matched expected keyword for category
LTB-L-043232-26,L4,ExParte Order,2026-05-26,N1R,1655.26,arrears,2221.99,pattern_1,0.74,,False,,,,,False,text,found in operative 'It is ordered that' section; matched expected keyword for category
LTB-L-043236-26,L4,ExParte Order,2026-05-26,L9A,2986.0,arrears,1400.0,pattern_1,2.13,,False,,,,,False,text,found in operative 'It is ordered that' section; matched expected keyword for category
LTB-L-043250-26,L4,ExParte Order,2026-05-25,N6B,,,,,,,False,,,,,False,text,no dollar amount found
LTB-L-043327-26,L4,ExParte Order,2026-05-25,K1G,2068.33,arrears,1608.11,pattern_1,1.29,,False,,,,,False,text,found in operative 'It is ordered that' section; matched expected keyword for category
LTB-L-043338-26,L4,ExParte Order,2026-05-21,N1R,1.71,stated_total,1071.17,pattern_4,0.0,,False,,,,,False,text,"no operative section found, or it had no dollar mentions at all; fell back to full-document search; explicit stated-total phrasing (""...is \$X"")"
LTB-L-043448-26,L4,ExParte Order,2026-05-25,P3C,500.0,arrears,,,,,False,,,,,False,text,"no operative section found, or it had no dollar mentions at all; fell back to full-document search; matched expected keyword for category"
LTB-L-043492-26,L4,ExParte Order,2026-05-25,N6H,662.0,arrears,1109.58,pattern_1,0.6,,False,,,,,False,text,found in operative 'It is ordered that' section; matched expected keyword for category
LTB-L-043510-26,L4,ExParte Order,2026-05-26,N2L,5663.72,arrears,2135.9,pattern_1,2.65,,False,,,,,False,text,found in operative 'It is ordered that' section; matched expected keyword for category
LTB-L-043518-26,L4,ExParte Order,2026-05-25,K7K,4006.5,arrears,1850.0,pattern_1,2.17,,False,,,,,False,text,found in operative 'It is ordered that' section; matched expected keyword for category
LTB-L-043519-26,L4,ExParte Order,2026-05-25,N6H,3796.57,arrears,957.4,pattern_1,3.97,,False,,,,,False,text,found in operative 'It is ordered that' section; matched expected keyword for category
LTB-L-043607-26,L4,ExParte Order,2026-05-25,M5T,3387.01,arrears,1343.44,pattern_1,2.52,,False,,,,,False,text,found in operative 'It is ordered that' section; matched expected keyword for category
LTB-L-043655-26,L4,ExParte Order,2026-05-29,N2P,13098.27,arrears,3500.0,pattern_1,3.74,,False,,,,,False,text,found in operative 'It is ordered that' section; matched expected keyword for category
LTB-L-043833-26,L4,ExParte Order,2026-05-29,N5W,6506.0,arrears,820.0,pattern_1,7.93,,False,,,,,False,text,found in operative 'It is ordered that' section; matched expected keyword for category
LTB-L-044249-26,L4,ExParte Order,2026-05-29,M2N,24418.85,arrears,2500.0,pattern_1,9.77,,False,,,,,False,text,found in operative 'It is ordered that' section; matched expected keyword for category
LTB-L-044323-26,L4,ExParte Order,2026-05-26,N0J,1378.63,ambiguous-max,1378.63,pattern_1,1.0,,False,,,,,False,text,"no operative section found, or it had no dollar mentions at all; fell back to full-document search; multiple candidate amounts, took max — manual review advised"
LTB-L-044327-26,L4,ExParte Order,2026-05-26,L8N,5062.43,arrears,951.46,pattern_1,5.32,,False,,,,,False,text,found in operative 'It is ordered that' section; matched expected keyword for category
LTB-L-045000-26,L4,ExParte Order,2026-05-29,K7N,100.0,arrears,,,,,False,,,,,False,text,"no operative section found, or it had no dollar mentions at all; fell back to full-document search; matched expected keyword for category"
LTB-L-045833-25,L4,Order,2026-03-24,L1J,,,,,,"January 19, 2026",True,True,True,False,False,False,text,no dollar amount found
LTB-L-045965-25,L4,Review Order,2026-04-15,L2G,,,,,,,False,,,,,False,text,no dollar amount found
LTB-L-048706-25,L4,Amended Order,2026-04-01,N3R,,,,,,"December 10, 2025",True,True,False,True,,True,text,no dollar amount found
LTB-L-065014-25,L4,Review Order,2026-01-06,L1G,2000.0,ambiguous-max,,,,"November 17, 2025",True,True,True,True,False,False,text,"no operative section found, or it had no dollar mentions at all; fell back to full-document search; multiple candidate amounts, took max — manual review advised"
LTB-L-069063-25,L4,Order,2026-01-19,N5Y,4200.0,ambiguous-max,,,,"November 3, 2025",False,,,,,True,text,"no operative section found, or it had no dollar mentions at all; fell back to full-document search; multiple candidate amounts, took max — manual review advised"
LTB-L-069229-25,L4,Order,2026-01-23,N6A,,,,,,"January 15, 2026",True,True,True,True,False,False,text,no dollar amount found
LTB-L-072096-25,L4,Order,2026-01-07,M3J,36000.0,ambiguous-max,,,,"October 22, 2025",True,False,True,,False,False,text,"no operative section found, or it had no dollar mentions at all; fell back to full-document search; multiple candidate amounts, took max — manual review advised"
LTB-L-073067-25,L4,Review Order,2026-01-28,L8K,,,,,,,False,,,,,False,text,no dollar amount found
LTB-L-073338-25,L4,Review Order,2026-02-17,N6K,,,,,,,False,,,,,False,text,no dollar amount found
LTB-L-073342-25,L4,Order,2026-04-14,M5V,,,,,,"March 16, 2026",True,False,True,,False,False,text,no dollar amount found
LTB-L-074036-25,L4,Order,2026-02-04,M4X,,,,,,"January 28, 2026",True,False,True,,False,False,text,operative section found but contained only fee/rate/boilerplate amounts — likely no lump sum ordered
LTB-L-075510-25,L4,Order,2026-01-22,L1T,4867.0,arrears,,,,"January 8, 2026",True,True,True,True,False,False,text,"no operative section found, or it had no dollar mentions at all; fell back to full-document search; matched expected keyword for category"
LTB-L-076296-25,L4,Review Order,2026-01-16,L6T,8904.45,arrears,,,,"November 20, 2025",True,True,True,True,False,False,text,found in operative 'It is ordered that' section; matched expected keyword for category
LTB-L-078629-25,L4,Order,2026-01-09,K7M,,,,,,"December 22, 2025",True,True,True,True,False,False,text,no dollar amount found
LTB-L-081071-25,L4,Order,2026-03-16,K2B,,,,,,"March 2, 2026",True,True,False,True,,True,text,no dollar amount found
LTB-L-081071-25,L4,Review Order,2026-05-26,K2B,,,,,,"March 2, 2026",True,True,False,True,,True,text,no dollar amount found
LTB-L-082529-25,L4,Order,2026-03-06,L8E,32738.0,arrears,,,,"March 2, 2026",True,True,True,True,True,False,text,found in operative 'It is ordered that' section; matched expected keyword for category
LTB-L-083680-25,L4,Review Order,2026-01-05,L6M,3386.0,arrears,,,,,False,,,,,False,text,"no operative section found, or it had no dollar mentions at all; fell back to full-document search; matched expected keyword for category"
LTB-L-084523-25,L4,Review Order,2026-01-28,K2J,,,,,,,False,,,,,False,text,no dollar amount found
LTB-L-085267-25,L4,Order,2026-02-05,K0E,1080.0,other,,,,"December 15, 2025",True,True,True,True,True,False,text,"no operative section found, or it had no dollar mentions at all; fell back to full-document search; single candidate amount, no strong keyword match"
LTB-L-085331-25,L4,Order,2026-01-05,L3K,,,,,,"November 20, 2025",True,True,False,True,,True,text,no dollar amount found
LTB-L-085586-25,L4,Order,2026-02-23,N6B,1996.0,arrears,,,,"February 9, 2026",True,False,True,,False,False,text,found in operative 'It is ordered that' section; matched expected keyword for category
LTB-L-085697-24,L4,Order,2026-03-12,M6K,,,,,,,True,True,True,True,True,False,text,no dollar amount found
LTB-L-086934-25,L4,Review Order,2026-03-03,M2J,,,,,,,False,,,,,False,text,no dollar amount found
LTB-L-088155-25,L4,Order,2026-01-07,K8N,4899.12,stated_total,,,,"December 22, 2025",True,True,True,True,False,False,text,"found in operative 'It is ordered that' section; explicit stated-total phrasing (""...is \$X"")"
LTB-L-088156-25,L4,Order,2026-01-28,M2R,,,,,,,False,,,,,False,text,no dollar amount found
LTB-L-088949-25,L4,Order,2026-02-06,L3X,,,,,,"January 29, 2026",True,True,True,True,False,False,text,no dollar amount found
LTB-L-089027-25,L4,Order,2026-01-29,N6K,10154.72,arrears,,,,"January 27, 2026",True,True,True,True,False,False,text,found in operative 'It is ordered that' section; matched expected keyword for category
LTB-L-089099-25,L4,Review Order,2026-01-23,N9J,,,,,,,False,,,,,False,text,no dollar amount found
LTB-L-090622-25,L4,Order,2026-01-19,M3L,8686.0,arrears,,,,"January 13, 2026",True,True,True,True,False,False,text,found in operative 'It is ordered that' section; matched expected keyword for category
LTB-L-091452-25,L4,Order,2026-01-19,L2R,,,,,,"January 15, 2026",True,True,False,False,,True,text,no dollar amount found
LTB-L-091496-25,L4,Order,2026-01-14,N3A,,,,,,"December 17, 2025",True,True,False,True,,True,text,no dollar amount found
LTB-L-091699-25,L4,Review Order,2026-04-17,K7K,15327.6,arrears,,,,"April 13, 2026",True,False,True,,False,False,text,found in operative 'It is ordered that' section; matched expected keyword for category
LTB-L-092430-25,L4,Order,2026-01-09,N8W,,,,,,"December 8, 2025",True,True,True,True,True,False,text,no dollar amount found
LTB-L-092828-25,L4,Order,2026-02-05,L4N,,,,,,"December 15, 2025",True,True,True,True,False,False,text,no dollar amount found
LTB-L-092973-25,L4,Order,2026-01-05,N0B,696.0,ambiguous-max,,,,"December 8, 2025",True,True,True,True,False,False,text,"no operative section found, or it had no dollar mentions at all; fell back to full-document search; only requested/testified amounts found, no confirmed award — verify manually; multiple candidate amounts, took max — manual review advised"
LTB-L-092997-25,L4,Order,2026-01-08,N1R,3926.0,arrears,,,,"December 18, 2025",True,True,True,True,True,False,text,found in operative 'It is ordered that' section; matched expected keyword for category
LTB-L-092999-25,L4,Order,2026-02-06,K2B,12562.0,arrears,,,,"December 15, 2025",True,True,True,True,False,False,text,"no operative section found, or it had no dollar mentions at all; fell back to full-document search; matched expected keyword for category"
LTB-L-093115-25,L4,Order,2026-01-07,N2H,9500.0,arrears,,,,"December 16, 2025",True,True,True,True,True,False,text,found in operative 'It is ordered that' section; matched expected keyword for category
LTB-L-093386-25,L4,Order,2026-01-14,L1J,17187.04,arrears,2125.13,pattern_1,8.09,"January 5, 2026",False,,,,,False,text,found in operative 'It is ordered that' section; matched expected keyword for category
LTB-L-093502-25,L4,Order,2026-01-28,K0C,,,,,,"December 18, 2025",True,True,False,True,,True,text,no dollar amount found
LTB-L-093502-25,L4,Order,2026-01-28,K0C,,,,,,"December 18, 2025",True,True,False,True,,True,text,no dollar amount found
LTB-L-093998-25,L4,Order,2026-01-08,P3C,500.0,arrears,,,,"December 16, 2025",False,,,,,False,text,found in operative 'It is ordered that' section; matched expected keyword for category
LTB-L-094106-25,L4,Order,2026-01-14,M1L,,,,,,"December 17, 2025",True,True,True,True,False,False,text,no dollar amount found
LTB-L-094493-25,L4,Review Order,2026-02-23,N2H,2870.21,arrears,,,,,False,,,,,False,text,"no operative section found, or it had no dollar mentions at all; fell back to full-document search; matched expected keyword for category"
LTB-L-094702-25,L4,Order,2026-02-02,L2N,2638.38,ambiguous-max,,,,"December 15, 2025",True,True,True,False,False,False,text,"no operative section found, or it had no dollar mentions at all; fell back to full-document search; multiple candidate amounts, took max — manual review advised"
LTB-L-095143-25,L4,Order,2026-02-03,M3J,,,,,,"January 27, 2026",True,False,True,,False,False,text,no dollar amount found
LTB-L-095366-25,L4,Order,2026-01-28,L8T,2145.64,stated_total,,,,"January 20, 2026",True,True,True,True,False,False,text,"no operative section found, or it had no dollar mentions at all; fell back to full-document search; explicit stated-total phrasing (""...is \$X"")"
LTB-L-095464-25,L4,Order,2026-01-28,L4N,,,,,,,False,,,,,True,text,no dollar amount found
LTB-L-095560-25,L4,Review Order,2026-02-27,N5V,,,,,,"January 2, 2026",True,False,False,,,False,text,no dollar amount found
LTB-L-095600-25,L4,Order,2026-01-09,M1E,200.0,arrears,,,,"December 8, 2025",True,True,True,True,False,False,text,"no operative section found, or it had no dollar mentions at all; fell back to full-document search; matched expected keyword for category"
LTB-L-095975-25,L4,Order,2026-01-07,P4N,,,,,,"December 22, 2025",True,True,False,True,,True,text,no dollar amount found
LTB-L-096187-25,L4,Order,2026-01-15,L5A,,,,,,"January 7, 2026",True,True,True,True,False,False,text,no dollar amount found
LTB-L-096242-25,L4,Order,2026-01-05,K7M,,,,,,"December 23, 2025",True,False,False,,,True,text,no dollar amount found
LTB-L-096330-25,L4,Order,2026-01-16,L9N,,,,,,"January 6, 2026",True,True,True,False,False,False,text,no dollar amount found
LTB-L-096378-25,L4,Order,2026-03-27,K1G,,,,,,,False,,,,,False,text,no dollar amount found
LTB-L-096516-25,L4,Order,2026-03-06,M5V,,,,,,"December 23, 2025",False,,,,,False,text,no dollar amount found
LTB-L-096586-25,L4,Order,2026-01-07,K6J,,,,,,"January 5, 2026",True,True,False,False,,True,text,no dollar amount found
LTB-L-096688-25,L4,Order,2026-01-08,N2M,,,,,,"December 22, 2025",True,True,True,True,False,False,text,no dollar amount found
LTB-L-096713-25,L4,Order,2026-01-06,K7R,,,,,,"December 23, 2025",True,True,False,True,,True,text,no dollar amount found
LTB-L-096839-25,L4,Order,2026-03-13,K7K,5835.02,ambiguous-max,,,,"January 13, 2026",True,True,True,True,False,False,text,"no operative section found, or it had no dollar mentions at all; fell back to full-document search; multiple candidate amounts, took max — manual review advised"
LTB-L-096875-25,L4,Order,2026-01-07,L6S,3051.49,arrears,,,,"December 23, 2025",True,False,True,,False,False,text,found in operative 'It is ordered that' section; matched expected keyword for category
LTB-L-096972-25,L4,Order,2026-02-23,K7K,,,,,,,True,False,False,,,True,text,no dollar amount found
LTB-L-097207-25,L4,Order,2026-01-08,L1C,1800.0,stated_total,,,,"December 22, 2025",True,True,True,False,True,False,text,"no operative section found, or it had no dollar mentions at all; fell back to full-document search; explicit stated-total phrasing (""...is \$X"")"
LTB-L-097268-25,L4,Review Order,2026-01-09,M2R,,,,,,,True,False,True,,False,True,text,no dollar amount found
LTB-L-097766-25,L4,Order,2026-04-01,L4Y,3301.6,arrears,,,,"March 30, 2026",True,True,True,True,False,False,text,found in operative 'It is ordered that' section; matched expected keyword for category
LTB-L-097892-25,L4,Order,2026-01-19,N1H,,,,,,"January 14, 2026",True,True,True,False,False,False,text,no dollar amount found
LTB-L-098050-25,L4,Order,2026-01-09,L8L,,,,,,"December 22, 2025",True,True,True,False,False,False,text,no dollar amount found
LTB-L-098324-25,L4,Order,2026-03-24,K0C,902.1,arrears,,,,"March 16, 2026",True,True,True,True,True,False,text,found in operative 'It is ordered that' section; matched expected keyword for category
LTB-L-098337-25,L4,Order,2026-01-15,M4S,,,,,,"January 7, 2026",True,False,True,,False,False,text,no dollar amount found
LTB-L-098683-25,L4,Review Order,2026-04-01,M9M,,,,,,,False,,,,,False,text,no dollar amount found
LTB-L-098841-25,L4,Order,2026-02-02,M1R,,,,,,"January 7, 2026",True,False,False,,,False,text,no dollar amount found
LTB-L-099010-25,L4,Order,2026-01-16,K7A,2842.0,arrears,,,,"January 12, 2026",True,True,True,True,True,False,text,found in operative 'It is ordered that' section; matched expected keyword for category
LTB-L-099147-25,L4,Order,2026-01-15,L7A,25786.0,arrears,,,,"January 8, 2026",True,True,True,False,False,False,text,found in operative 'It is ordered that' section; matched expected keyword for category
LTB-L-099285-25,L4,Order,2026-01-28,L6L,11584.66,arrears,,,,"January 21, 2026",True,True,True,True,False,False,text,found in operative 'It is ordered that' section; matched expected keyword for category
LTB-L-099587-25,L4,Order,2026-01-08,L3K,1.3,other,,,,"December 18, 2025",True,True,True,True,False,False,text,"no operative section found, or it had no dollar mentions at all; fell back to full-document search; single candidate amount, no strong keyword match"
LTB-L-099641-25,L4,Order,2026-02-02,L8L,400.0,arrears,,,,"January 7, 2026",False,,,,,False,text,"no operative section found, or it had no dollar mentions at all; fell back to full-document search; matched expected keyword for category"
LTB-L-099729-25,L4,ExParte Order,2026-01-05,L1W,,,,,,,False,,,,,False,text,no dollar amount found
LTB-L-099811-25,L4,Order,2026-02-02,L5B,26.5,other,,,,"January 6, 2026",True,True,True,True,True,False,text,"found in operative 'It is ordered that' section; single candidate amount, no strong keyword match"
LTB-L-100301-25,L4,Review Order,2026-02-12,L4Y,,,,,,,False,,,,,True,text,no dollar amount found
LTB-L-100407-25,L4,Order,2026-02-05,K2P,4413.36,arrears,,,,"January 28, 2026",True,False,True,,False,False,text,found in operative 'It is ordered that' section; matched expected keyword for category
LTB-L-100527-25,L4,Order,2026-01-22,N2C,2264.0,arrears,,,,"January 14, 2026",True,True,True,True,False,False,text,found in operative 'It is ordered that' section; matched expected keyword for category
LTB-L-100560-25,L4,Order,2026-01-23,M1L,,,,,,"January 14, 2026",True,True,False,True,,True,text,no dollar amount found
LTB-L-100665-25,L4,Order,2026-01-21,M5A,1579.95,arrears,,,,"January 15, 2026",True,True,True,True,False,False,text,found in operative 'It is ordered that' section; matched expected keyword for category
LTB-L-100668-25,L4,Order,2026-01-15,M1R,2773.49,arrears,,,,"January 12, 2026",True,True,True,True,False,False,text,found in operative 'It is ordered that' section; matched expected keyword for category
LTB-L-101620-25,L4,Review Order,2026-03-06,L1J,3000.0,other,,,,"February 24, 2026",True,True,True,True,False,True,text,"no operative section found, or it had no dollar mentions at all; fell back to full-document search; single candidate amount, no strong keyword match"
LTB-L-101666-25,L4,Order,2026-01-14,L3V,,,,,,"January 12, 2026",True,False,True,,False,True,text,no dollar amount found
LTB-L-101737-25,L4,Order,2026-01-22,M4Y,,,,,,"January 14, 2026",True,True,True,False,False,False,text,no dollar amount found
LTB-L-101841-25,L4,Order,2026-01-19,L0E,10186.0,arrears,,,,"January 7, 2026",True,True,True,True,False,False,text,found in operative 'It is ordered that' section; matched expected keyword for category
LTB-L-101871-25,L4,Order,2026-02-23,P3A,10000.0,ambiguous-max,,,,"February 6, 2026",True,True,True,True,False,False,text,"no operative section found, or it had no dollar mentions at all; fell back to full-document search; multiple candidate amounts, took max — manual review advised"
LTB-L-101995-25,L4,Order,2026-02-04,N4S,8211.0,arrears,,,,"February 2, 2026",True,False,True,,False,False,text,found in operative 'It is ordered that' section; matched expected keyword for category
LTB-L-102015-25,L4,Order,2026-03-04,M1H,,,,,,"January 13, 2026",True,True,True,True,False,False,text,no dollar amount found
LTB-L-102069-25,L4,Order,2026-02-13,L1Y,,,,,,"February 9, 2026",True,False,True,,False,False,text,no dollar amount found
LTB-L-102074-25,L4,Order,2026-02-03,L1J,4252.32,arrears,,,,,True,True,True,True,False,False,text,found in operative 'It is ordered that' section; matched expected keyword for category
LTB-L-102146-25,L4,Order,2026-01-20,M4N,,,,,,"January 15, 2026",True,True,True,False,False,False,text,no dollar amount found
LTB-L-102305-25,L4,Order,2026-01-28,K8N,,,,,,"January 26, 2026",True,True,False,True,,True,text,no dollar amount found
LTB-L-102305-25,L4,ExParte Order,2026-01-05,K8N,,,,,,"January 26, 2026",True,True,False,True,,True,text,no dollar amount found
LTB-L-102422-25,L4,Order,2026-02-20,N5W,,,,,,,False,,,,,False,text,no dollar amount found
LTB-L-102596-25,L4,Order,2026-03-12,M4X,2886.09,arrears,,,,"January 19, 2026",True,True,True,False,False,False,text,found in operative 'It is ordered that' section; matched expected keyword for category
LTB-L-102722-25,L4,ExParte Order,2026-01-09,M2L,6945.56,arrears,2871.74,pattern_1,2.42,,False,,,,,False,text,found in operative 'It is ordered that' section; matched expected keyword for category
LTB-L-102879-25,L4,Order,2026-03-13,M2M,,,,,,"January 13, 2026",True,True,True,True,False,False,text,no dollar amount found
LTB-L-102914-25,L4,Order,2026-02-24,L8N,,,,,,"February 19, 2026",True,True,True,False,False,False,text,no dollar amount found
LTB-L-102951-25,L4,Order,2026-01-26,L1P,,,,,,"January 14, 2026",True,True,True,True,False,False,text,no dollar amount found
LTB-L-102952-25,L4,ExParte Order,2026-01-05,L1P,4314.18,arrears,1871.81,pattern_1,2.3,,False,,,,,False,text,found in operative 'It is ordered that' section; matched expected keyword for category
LTB-L-103055-25,L4,ExParte Order,2026-01-05,L6Y,,,,,,,False,,,,,False,text,no dollar amount found
LTB-L-103067-25,L4,Order,2026-02-19,K1Z,,,,,,,False,,,,,False,text,no dollar amount found
LTB-L-103067-25,L4,Order,2026-02-19,K1Z,,,,,,,False,,,,,False,text,no dollar amount found
LTB-L-103328-25,L4,Order,2026-01-29,L4Y,4118.68,arrears,,,,"January 19, 2026",True,False,True,,False,False,text,found in operative 'It is ordered that' section; matched expected keyword for category
LTB-L-103462-25,L4,ExParte Order,2026-01-07,K6H,4654.76,arrears,1845.0,pattern_1,2.52,,False,,,,,False,text,found in operative 'It is ordered that' section; matched expected keyword for category
LTB-L-103653-25,L4,ExParte Order,2026-01-06,N2P,2611.94,arrears,2181.62,pattern_1,1.2,,False,,,,,False,text,found in operative 'It is ordered that' section; matched expected keyword for category
LTB-L-103717-25,L4,Review Order,2026-03-12,L8H,,,,,,"January 15, 2026",True,True,True,True,False,True,text,no dollar amount found
LTB-L-103784-25,L4,Order,2026-01-13,M4X,5955.48,arrears,,,,"January 8, 2026",True,True,True,True,False,False,text,found in operative 'It is ordered that' section; matched expected keyword for category
LTB-L-103794-25,L4,ExParte Order,2026-01-05,M5V,,,,,,"April 22, 2026",True,True,True,True,False,False,text,no dollar amount found
LTB-L-104015-25,L4,Order,2026-03-25,M4P,3397.29,arrears,,,,"March 24, 2026",True,True,False,True,,True,text,"no operative section found, or it had no dollar mentions at all; fell back to full-document search; matched expected keyword for category"
LTB-L-104073-25,L4,Order,2026-01-20,L4T,,,,,,"January 14, 2026",True,True,True,True,False,False,text,no dollar amount found
LTB-L-104199-25,L4,Order,2026-01-16,L1G,4232.74,arrears,,,,"January 14, 2026",False,,,,,False,text,found in operative 'It is ordered that' section; matched expected keyword for category
LTB-L-104491-25,L4,Order,2026-02-02,L5A,7294.96,arrears,,,,"January 29, 2026",True,True,True,True,False,False,text,found in operative 'It is ordered that' section; matched expected keyword for category
LTB-L-104500-25,L4,ExParte Order,2026-01-05,L2V,3119.83,arrears,1450.0,pattern_1,2.15,,False,,,,,False,text,found in operative 'It is ordered that' section; matched expected keyword for category
LTB-L-104549-25,L4,ExParte Order,2026-01-06,M9M,8074.96,arrears,2257.24,pattern_1,3.58,,False,,,,,False,text,found in operative 'It is ordered that' section; matched expected keyword for category
LTB-L-104554-25,L4,ExParte Order,2026-01-06,L1J,,,,,,,False,,,,,False,text,no dollar amount found
LTB-L-104648-25,L4,ExParte Order,2026-01-06,L1P,6359.04,arrears,3690.0,pattern_1,1.72,,False,,,,,False,text,found in operative 'It is ordered that' section; matched expected keyword for category
LTB-L-104663-25,L4,Order,2026-02-10,L8K,1359.8,arrears,1135.76,pattern_1,1.2,,False,,,,,False,text,found in operative 'It is ordered that' section; matched expected keyword for category
LTB-L-104677-25,L4,ExParte Order,2026-01-05,K0K,11516.39,arrears,2200.0,pattern_1,5.23,,False,,,,,False,text,found in operative 'It is ordered that' section; matched expected keyword for category
LTB-L-104686-25,L4,Order,2026-03-18,L5A,,,,,,"January 27, 2026",True,True,True,True,False,False,text,no dollar amount found
LTB-L-104721-25,L4,ExParte Order,2026-01-05,L8N,2650.26,arrears,1549.0,pattern_1,1.71,,False,,,,,False,text,found in operative 'It is ordered that' section; matched expected keyword for category
LTB-L-104854-25,L4,ExParte Order,2026-01-05,M4C,,,,,,,False,,,,,False,text,no dollar amount found
LTB-L-104940-25,L4,Order,2026-01-30,M6C,3000.0,stated_total,,,,"January 22, 2026",True,True,True,False,False,False,text,"no operative section found, or it had no dollar mentions at all; fell back to full-document search; explicit stated-total phrasing (""...is \$X"")"
LTB-L-104949-25,L4,ExParte Order,2026-01-05,P0A,,,,,,"January 28, 2026",False,,,,,False,text,no dollar amount found
LTB-L-105046-25,L4,ExParte Order,2026-01-05,N0L,,,,,,,False,,,,,False,text,no dollar amount found
LTB-L-105072-25,L4,ExParte Order,2026-01-08,M3A,11832.68,arrears,1658.96,pattern_1,7.13,,False,,,,,False,text,found in operative 'It is ordered that' section; matched expected keyword for category
LTB-L-105122-25,L4,ExParte Order,2026-01-06,N5W,2349.01,arrears,1569.52,pattern_1,1.5,,False,,,,,False,text,found in operative 'It is ordered that' section; matched expected keyword for category
LTB-L-105132-25,L4,ExParte Order,2026-01-05,L6T,7763.37,arrears,1882.22,pattern_1,4.12,,False,,,,,False,text,found in operative 'It is ordered that' section; matched expected keyword for category
LTB-L-105201-25,L4,ExParte Order,2026-01-08,M1K,,,,,,"February 2, 2026",True,False,True,,False,False,text,no dollar amount found
LTB-L-105227-25,L4,Order,2026-01-22,N6K,,,,,,,True,True,True,True,False,False,text,no dollar amount found
LTB-L-105276-25,L4,ExParte Order,2026-01-06,N4S,3872.7,arrears,622.0,pattern_1,6.23,,False,,,,,False,text,found in operative 'It is ordered that' section; matched expected keyword for category
LTB-L-105298-25,L4,Order,2026-01-06,L6V,2013.7,arrears,2194.81,pattern_1,0.92,,False,,,,,False,text,found in operative 'It is ordered that' section; matched expected keyword for category
LTB-L-105388-25,L4,Order,2026-05-21,M8W,1000.0,arrears,,,,"April 20, 2026",True,True,True,True,False,False,text,"no operative section found, or it had no dollar mentions at all; fell back to full-document search; matched expected keyword for category"
LTB-L-105450-25,L4,Review Order,2026-01-19,M2N,,,,,,,False,,,,,False,text,no dollar amount found
LTB-L-105580-25,L4,ExParte Order,2026-01-05,K1V,13249.0,arrears,1600.0,pattern_1,8.28,,False,,,,,False,text,found in operative 'It is ordered that' section; matched expected keyword for category
LTB-L-105765-25,L4,ExParte Order,2026-01-07,M4Y,31945.84,arrears,2288.58,pattern_1,13.96,,False,,,,,False,text,found in operative 'It is ordered that' section; matched expected keyword for category
LTB-L-105765-25,L4,Review Order,2026-04-13,M4Y,31945.84,arrears,2288.58,pattern_1,13.96,,False,,,,,False,text,found in operative 'It is ordered that' section; matched expected keyword for category
LTB-L-105769-25,L4,Order,2026-02-05,L8M,186.0,arrears,,,,"February 3, 2026",False,,,,,False,text,found in operative 'It is ordered that' section; matched expected keyword for category
LTB-L-105991-25,L4,Order,2026-03-12,M4Y,662.0,arrears,,,,"March 4, 2026",False,,,,,False,text,found in operative 'It is ordered that' section; matched expected keyword for category
LTB-L-105993-25,L4,ExParte Order,2026-01-06,N6G,26758.04,arrears,2900.0,pattern_1,9.23,,False,,,,,False,text,found in operative 'It is ordered that' section; matched expected keyword for category
LTB-L-106057-25,L4,Order,2026-03-19,L8K,,,,,,"February 3, 2026",False,,,,,False,text,no dollar amount found
LTB-L-106105-25,L4,ExParte Order,2026-01-07,L4M,7222.0,arrears,2870.0,pattern_1,2.52,,False,,,,,False,text,found in operative 'It is ordered that' section; matched expected keyword for category
LTB-L-106106-25,L4,ExParte Order,2026-01-06,L1V,1196.18,arrears,940.0,pattern_1,1.27,,False,,,,,False,text,found in operative 'It is ordered that' section; matched expected keyword for category
LTB-L-106189-25,L4,Order,2026-02-06,L8T,,,,,,"February 3, 2026",True,True,True,True,True,False,text,no dollar amount found
LTB-L-106333-25,L4,Order,2026-01-27,L1J,,,,,,"January 22, 2026",True,True,True,True,True,False,text,no dollar amount found
LTB-L-106414-25,L4,ExParte Order,2026-01-07,L9N,3993.13,arrears,900.0,pattern_1,4.44,,False,,,,,False,text,found in operative 'It is ordered that' section; matched expected keyword for category
LTB-L-106481-25,L4,ExParte Order,2026-01-07,N5Z,3184.59,arrears,2500.0,pattern_1,1.27,,False,,,,,False,text,found in operative 'It is ordered that' section; matched expected keyword for category
LTB-L-106488-25,L4,Order,2026-02-05,P9A,,,,,,"February 2, 2026",False,,,,,False,text,no dollar amount found
LTB-L-106536-25,L4,ExParte Order,2026-01-07,L8G,1338.98,ambiguous-max,1285.34,pattern_1,1.04,,False,,,,,False,text,"found in operative 'It is ordered that' section; multiple candidate amounts, took max — manual review advised"
LTB-L-106553-25,L4,Order,2026-01-08,N7T,1749.2,arrears,1670.0,pattern_1,1.05,,False,,,,,False,text,found in operative 'It is ordered that' section; matched expected keyword for category
LTB-L-106616-25,L4,Order,2026-03-18,M5S,,,,,,"March 12, 2026",True,True,True,True,False,False,text,no dollar amount found
LTB-L-106651-25,L4,ExParte Order,2026-01-06,L1Z,,,500.0,pattern_1,,,False,,,,,False,text,operative section found but contained only fee/rate/boilerplate amounts — likely no lump sum ordered
LTB-L-106658-25,L4,ExParte Order,2026-01-07,M8W,5062.1,arrears,1569.02,pattern_1,3.23,,False,,,,,False,text,found in operative 'It is ordered that' section; matched expected keyword for category
LTB-L-106696-25,L4,Order,2026-03-04,K9J,1000.0,stated_total,1000.0,pattern_3,1.0,"February 24, 2026",True,True,True,False,False,False,text,"no operative section found, or it had no dollar mentions at all; fell back to full-document search; explicit stated-total phrasing (""...is \$X"")"
LTB-L-106701-25,L4,ExParte Order,2026-01-09,N4N,300.0,arrears,,,,,False,,,,,False,text,"no operative section found, or it had no dollar mentions at all; fell back to full-document search; matched expected keyword for category"
LTB-L-106868-25,L4,Order,2026-02-05,N2Z,,,,,,"February 3, 2026",True,True,True,True,False,False,text,no dollar amount found
LTB-L-106874-25,L4,Order,2026-05-19,M5A,,,,,,"May 4, 2026",True,True,True,True,False,False,text,no dollar amount found
LTB-L-106924-25,L4,ExParte Order,2026-01-07,M4Y,16426.35,arrears,2009.0,pattern_1,8.18,,False,,,,,False,text,found in operative 'It is ordered that' section; matched expected keyword for category
LTB-L-107132-25,L4,Order,2026-02-09,L6T,,,,,,"February 3, 2026",False,,,,,False,text,no dollar amount found
LTB-L-107191-25,L4,ExParte Order,2026-01-07,N1R,3296.0,arrears,1998.75,pattern_1,1.65,,False,,,,,False,text,found in operative 'It is ordered that' section; matched expected keyword for category
LTB-L-107268-25,L4,Order,2026-02-19,L6X,,,,,,"February 12, 2026",True,True,True,True,False,False,text,no dollar amount found
LTB-L-107284-25,L4,Order,2026-02-10,P3C,,,,,,"February 5, 2026",True,False,False,,,True,text,no dollar amount found
LTB-L-107285-25,L4,ExParte Order,2026-01-08,L6Y,5618.9,arrears,1221.0,pattern_1,4.6,,False,,,,,False,text,found in operative 'It is ordered that' section; matched expected keyword for category
LTB-L-107431-25,L4,Order,2026-02-09,P3B,,,,,,"February 3, 2026",True,True,False,True,,True,text,no dollar amount found
LTB-L-107479-25,L4,ExParte Order,2026-01-09,N0N,3541.28,arrears,1640.0,pattern_1,2.16,,False,,,,,False,text,found in operative 'It is ordered that' section; matched expected keyword for category
LTB-L-107576-25,L4,ExParte Order,2026-01-08,L9Y,1833.2,arrears,940.0,pattern_1,1.95,,False,,,,,False,text,found in operative 'It is ordered that' section; matched expected keyword for category
LTB-L-107609-25,L4,Order,2026-01-30,K9J,8674.28,arrears,811.0,pattern_1,10.7,,False,,,,,False,text,found in operative 'It is ordered that' section; matched expected keyword for category
LTB-L-107634-25,L4,Order,2026-02-24,M5V,5001.0,arrears,,,,"January 26, 2026",True,True,True,False,False,False,text,"no operative section found, or it had no dollar mentions at all; fell back to full-document search; matched expected keyword for category"
LTB-L-107724-25,L4,ExParte Order,2026-01-09,M6K,15761.41,arrears,532.0,pattern_1,29.63,,False,,,,,False,text,found in operative 'It is ordered that' section; matched expected keyword for category
LTB-L-107780-25,L4,ExParte Order,2026-01-08,L1C,,,,,,,False,,,,,False,text,no dollar amount found
LTB-L-107984-25,L4,ExParte Order,2026-01-15,M9V,684.78,arrears,,,,,False,,,,,False,text,"no operative section found, or it had no dollar mentions at all; fell back to full-document search; matched expected keyword for category"
LTB-L-108142-25,L4,ExParte Order,2026-01-09,K1K,1614.18,arrears,244.0,pattern_1,6.62,,False,,,,,False,text,found in operative 'It is ordered that' section; matched expected keyword for category
LTB-L-108156-25,L4,Order,2026-04-08,N2P,,,,,,"February 5, 2026",True,True,False,True,,True,text,no dollar amount found
LTB-L-108176-25,L4,ExParte Order,2026-01-09,M6C,,,,,,,False,,,,,False,text,no dollar amount found
LTB-L-108324-25,L4,Order,2026-01-27,K0L,,,,,,,True,True,True,True,False,False,text,no dollar amount found
LTB-L-108770-25,L4,Order,2026-02-06,M9B,,,,,,"February 3, 2026",True,True,True,True,False,False,text,no dollar amount found
LTB-L-108806-25,L4,ExParte Order,2026-01-09,M4M,3560.26,arrears,1800.0,pattern_1,1.98,,False,,,,,False,text,found in operative 'It is ordered that' section; matched expected keyword for category
LTB-L-108830-25,L4,Order,2026-01-30,L6K,,,,,,"January 28, 2026",True,False,True,,False,False,text,no dollar amount found
LTB-L-108830-25,L4,ExParte Order,2026-01-09,L6K,,,,,,"January 28, 2026",True,False,True,,False,False,text,no dollar amount found
LTB-L-108991-25,L4,ExParte Order,2026-01-09,M1B,6633.54,arrears,1800.0,pattern_1,3.69,,False,,,,,False,text,found in operative 'It is ordered that' section; matched expected keyword for category
LTB-L-109002-25,L4,Order,2026-02-18,L4M,,,,,,"February 12, 2026",True,True,True,True,True,False,text,no dollar amount found
LTB-L-109258-25,L4,ExParte Order,2026-01-20,K1N,1836.9,arrears,,,,,False,,,,,False,text,found in operative 'It is ordered that' section; matched expected keyword for category
LTB-L-109282-25,L4,ExParte Order,2026-01-12,N1S,2180.68,arrears,2650.0,pattern_1,0.82,,False,,,,,False,text,found in operative 'It is ordered that' section; matched expected keyword for category
LTB-L-109289-25,L4,Order,2026-02-06,N3C,3679.08,arrears,,,,"February 2, 2026",True,False,True,,False,False,text,found in operative 'It is ordered that' section; matched expected keyword for category
LTB-L-109346-25,L4,ExParte Order,2026-02-10,M6K,3276.81,arrears,1926.57,pattern_1,1.7,,False,,,,,False,text,found in operative 'It is ordered that' section; matched expected keyword for category
LTB-L-109377-25,L4,Order,2026-02-12,K7M,10205.4,arrears,,,,"February 2, 2026",True,True,True,True,False,False,text,found in operative 'It is ordered that' section; matched expected keyword for category
LTB-L-109393-25,L4,Review Order,2026-04-07,L5A,84.47,other,,,,,False,,,,,False,text,"no operative section found, or it had no dollar mentions at all; fell back to full-document search; single candidate amount, no strong keyword match"
LTB-L-109393-25,L4,Order,2026-03-31,L5A,84.47,other,,,,,False,,,,,False,text,"no operative section found, or it had no dollar mentions at all; fell back to full-document search; single candidate amount, no strong keyword match"
LTB-L-109444-25,L4,ExParte Order,2026-01-09,K1E,2163.02,arrears,2626.55,pattern_1,0.82,,False,,,,,False,text,found in operative 'It is ordered that' section; matched expected keyword for category
LTB-L-109482-25,L4,Order,2026-01-26,M5S,6235.0,arrears,,,,,True,True,True,False,False,False,text,found in operative 'It is ordered that' section; matched expected keyword for category
LTB-L-109486-25,L4,Amended Order,2026-02-18,M5B,7446.0,arrears,,,,"February 2, 2026",True,True,True,True,False,False,text,found in operative 'It is ordered that' section; matched expected keyword for category
LTB-L-109499-25,L4,Review Order,2026-03-27,K8N,,,,,,"March 24, 2026",True,True,False,False,,True,text,no dollar amount found
﻿LTB-L-031390-26,L4,ExParte Order,2026-04-17,N9C,,,,,,,False,,,,,False,text,no dollar amount found
