file_number,category,doc_type,order_date,fsa,url,extraction_method,all_amounts_found,fee_amounts_found,primary_amount,amount_type,matched_context,notes
LTB-L-002642-26,L1,Order,2026-03-30,M8Y,https://d3hf2qahezjxpx.cloudfront.net/attachments/exportedBinaries20260723_175229/069N300000wcC8UIAU/LTB-L-002642-26-HR.pdf,text,"[1390.6, 45.72, 1390.6, 1422.9]",[],1390.6,stated_total,", the Tenant was still in possession of the rental unit.  3. The lawful rent is >>>$1,390.60<<<. It is due on the 1st day of each month.  4. Based on the Monthly rent, the dai","no operative section found, or it had no dollar mentions at all; fell back to full-document search; explicit stated-total phrasing (""...is \$X"")"
LTB-L-082046-25,L1,Order,2026-01-07,M6K,https://d3hf2qahezjxpx.cloudfront.net/attachments/exportedBinaries20260723_175229/069N300000qwg5oIAA/LTB-L-082046-25-HR.pdf,text,"[1838.59, 3047.59, 186.0, 1794.84, 36.02, 1402.73, 3047.59, 186.0, 1794.84, 36.02, 1402.73]","[3047.59, 186.0, 1794.84]",1402.73,arrears,"e Tenant moved out of the rental unit.  2. The Tenant shall pay to the Landlord >>>$1,402.73<<<. This amount includes rent arrears owing  up to the date the Tenant moved out o",found in operative 'It is ordered that' section; matched expected keyword for category
LTB-L-091481-25,L1,Order,2026-01-26,N5A,https://d3hf2qahezjxpx.cloudfront.net/attachments/exportedBinaries20260723_175229/069N300000sjIBWIA2/Consent Order LTB-L-091481-25-L1-2026-01-26.pdf,text,"[1837.98, 1651.98, 186.0, 300.0, 300.0, 300.0, 300.0, 300.0, 337.98]",[],1837.98,arrears,"It is ordered on consent that:  1. The Tenant shall pay to the Landlord >>>$1,837.98<<< which represents $1,651.98 for arrears of  rent and costs of $186.00 for the pe",found in operative 'It is ordered that' section; matched expected keyword for category
LTB-L-034585-25,L1,Review Order,2026-05-06,L9H,https://d3hf2qahezjxpx.cloudfront.net/attachments/exportedBinaries20260723_175229/069N300000zGYFWIA4/LTB-L-034585-25-RV - May 6 2026.pdf,text,[],[],,,,no dollar amount found
LTB-L-005770-26,L1,Order,2026-04-17,M2R,https://d3hf2qahezjxpx.cloudfront.net/attachments/exportedBinaries20260723_175229/069N300000xiqYoIAI/LTB-L-005770-26-HR.pdf,text,"[1471.25, 48.37, 1471.25, 2940.0, 8390.46, 186.0, 1200.0, 150.0, 90.0, 150.0, 62.68, 2400.0, 1471.25, 476.47, 390.0, 62.68, 8576.46, 10047.71, 7492.17, 48.37, 11330.46, 186.0, 2940.0, 8576.46, 12801.71, 186.0, 2940.0, 10047.71, 10246.17, 186.0, 2940.0, 7492.17, 50000.0, 48.37]","[11330.46, 186.0, 12801.71, 186.0, 10246.17, 186.0]",10047.71,arrears,"e April 30, 2026. See Schedule 1 for the calculation of the amount owing. OR  • >>>$10,047.71<<< if the payment is made on or before May 31, 2026. See Schedule 1 for the calcul",found in operative 'It is ordered that' section; matched expected keyword for category
LTB-L-018205-26,L1,Order,2026-05-20,M1L,https://d3hf2qahezjxpx.cloudfront.net/attachments/exportedBinaries20260723_175229/069N300000zuRfEIAU/LTB-L-018205-26-L1 - May 20 2026.pdf,text,"[3195.0, 105.04, 3195.0, 8520.0, 4260.0, 186.0, 3395.0, 140.74, 4446.0, 1024.26, 105.04, 12780.0, 186.0, 8520.0, 4446.0, 10845.48, 186.0, 8520.0, 3395.0, 140.74, 50000.0, 105.04]","[1024.26, 12780.0, 186.0, 10845.48, 186.0]",4446.0,arrears,"ion was filed  - $8,520.00  Total the Tenants must pay to continue the tenancy  >>>$4,446.00<<<  B. Amount the Tenants must pay if the tenancy is terminated  Rent Owing to Hea",found in operative 'It is ordered that' section; matched expected keyword for category
LTB-L-105403-25,L1,Order,2026-03-20,L8N,https://d3hf2qahezjxpx.cloudfront.net/attachments/exportedBinaries20260723_175229/069N300000w01nVIAQ/LTB-L-105403-25-HR -SIGN.pdf,text,"[446.0, 120.0, 120.0, 120.0, 866.0]",[],446.0,arrears,"It is ordered on consent that: 1. The Tenant shall pay to the Landlord >>>$446<<<6.00 for arrears of rent up to March 31,  2026, and costs.  2. The Tenant shall",found in operative 'It is ordered that' section; matched expected keyword for category
LTB-L-081968-25,L1,Order,2026-01-08,K6V,https://d3hf2qahezjxpx.cloudfront.net/attachments/exportedBinaries20260723_175229/069N300000rBAGsIAO/LTB-L-081968-25 V-HR.pdf,text,"[1792.72, 5453.65, 186.0, 1749.0, 52.35, 3838.3, 5453.65, 186.0, 1749.0, 52.35, 3838.3]","[5453.65, 186.0, 1749.0]",3838.3,arrears,"e Tenant moved out of the rental unit.  2. The Tenant shall pay to the Landlord >>>$3,838.30<<<. This amount includes rent arrears owing  up to the date the Tenant moved out o",found in operative 'It is ordered that' section; matched expected keyword for category
LTB-L-018334-26,L1,ExParte Order,2026-03-18,L8N,https://d3hf2qahezjxpx.cloudfront.net/attachments/exportedBinaries20260723_175229/069N300000vwmcwIAA/LTB-L-018334-26-EX Certified.pdf,text,[],[],,,,no dollar amount found
LTB-L-099862-25,L1,ExParte Order,2026-01-12,M9N,https://d3hf2qahezjxpx.cloudfront.net/attachments/exportedBinaries20260723_175229/069N300000ridggIAA/LTB-L-099862-25-EX-signed.pdf,ocr,[],[],,,,no dollar amount found
LTB-L-090986-25,L1,ExParte Order,2026-01-19,P1B,https://d3hf2qahezjxpx.cloudfront.net/attachments/exportedBinaries20260723_175229/069N300000sUpXUIA0/LTB-L-090986-25-EX-signed.pdf,text,[],[],,,,no dollar amount found
LTB-L-096286-25,L1,Order,2026-02-06,M5G,https://d3hf2qahezjxpx.cloudfront.net/attachments/exportedBinaries20260723_175229/069N300000tVLAAIA4/LTB-L-096286-25-SIGN.pdf,text,"[75.13, 2285.11, 11233.09, 186.0, 2175.0, 2744.57, 1897.01, 75.13, 13791.66, 186.0, 11233.09, 2744.57, 11325.08, 186.0, 11233.09, 2175.0, 50000.0, 75.13]","[1897.01, 13791.66, 186.0, 11325.08, 186.0]",2744.57,arrears,"tion was filed  - $11,233.09  Total the Tenant must pay to continue the tenancy >>>$2,744.57<<< B. Amount the Tenant must pay if the tenancy is terminated  Rent Owing to Heari",found in operative 'It is ordered that' section; matched expected keyword for category
LTB-L-012064-26,L1,Order,2026-05-05,K8N,https://d3hf2qahezjxpx.cloudfront.net/attachments/exportedBinaries20260723_175229/069N300000yz3MdIAI/LTB-L-012064-26-HR.pdf,text,"[1852.47, 60.9, 1852.47, 4000.0, 5106.76, 186.0, 5292.76, 1852.47, 600.0, 492.76]",[],5292.76,arrears,"It is ordered that:  1. The Tenants shall pay to the Landlords >>>$5,292.76<<< for arrears of rent up to April 30, 2026  and costs.  2. The Tenants shall pay",found in operative 'It is ordered that' section; matched expected keyword for category
LTB-L-031431-26,L1,ExParte Order,2026-05-27,L8L,https://d3hf2qahezjxpx.cloudfront.net/attachments/exportedBinaries20260723_175229/069N3000010dtfFIAQ/LTB-L-031431-26-EX signed.pdf,ocr,[],[],,,,no dollar amount found
LTB-L-011807-26,L1,Order,2026-05-27,M3J,https://d3hf2qahezjxpx.cloudfront.net/attachments/exportedBinaries20260723_175229/069N3000010TfDmIAK/LTB-L-011807-26-HR - May 27 2026.doc.pdf,text,"[3583.16, 1750.0, 1833.16]",[],3583.16,arrears,"It is ordered on consent that:  1. The Tenant shall pay to the Landlord >>>$3,583.16<<< for arrears of rent up to April 30,  2026, and costs.  2. The Tenant shall pay",found in operative 'It is ordered that' section; matched expected keyword for category
LTB-L-022324-26,L1,Order,2026-05-05,L7G,https://d3hf2qahezjxpx.cloudfront.net/attachments/exportedBinaries20260723_175229/069N300000yrwzOIAQ/LTB-L-022324-26_L1_2026_05_05 - cert.pdf,text,"[8064.93, 1300.0, 8064.93, 75.0, 39.93]","[8064.93, 1300.0]",8064.93,arrears,"It is ordered on consent that:  1. The Tenant shall pay to the Landlord >>>$8,064.93<<< for arrears of rent up to April 30, 2026 and  costs.         File Number: LTB-L",found in operative 'It is ordered that' section; matched expected keyword for category
LTB-L-104869-25,L1,Order,2026-04-24,L7N,https://d3hf2qahezjxpx.cloudfront.net/attachments/exportedBinaries20260723_175229/069N300000yMu9FIAS/LTB-L-104869-25-VO-SA.pdf,text,[],[],,,,no dollar amount found
LTB-L-103059-25,L1,Order,2026-03-06,M8V,https://d3hf2qahezjxpx.cloudfront.net/attachments/exportedBinaries20260723_175229/069N300000ur9cqIAA/LTB-L-103059-25-HR.pdf,text,[],[],,,,no dollar amount found
LTB-L-030049-26,L1,ExParte Order,2026-05-29,L7L,https://d3hf2qahezjxpx.cloudfront.net/attachments/exportedBinaries20260723_175229/069N3000010qBYLIA2/LTB-L-030049-26-EX signed.pdf,text,[],[],,,,no dollar amount found
LTB-L-106822-25,L1,Order,2026-03-16,K1G,https://d3hf2qahezjxpx.cloudfront.net/attachments/exportedBinaries20260723_175229/069N300000vewpIIAQ/LTB-L-106822-25-HR - March 16 2026.pdf,text,"[2475.0, 81.37, 2475.0, 12375.0, 186.0, 2475.0, 39.73, 12561.0, 8384.97, 81.37, 12375.0, 186.0, 12561.0, 10713.7, 186.0, 2475.0, 39.73, 8384.97, 50000.0, 81.37]","[12375.0, 186.0, 12561.0, 10713.7, 186.0, 2475.0]",8384.97,arrears,"5. If the Tenant does not void the order, the Tenant shall pay to the Landlord >>>$8,384.97<<<. This  amount includes rent arrears owing up to the date of the hearing and the",found in operative 'It is ordered that' section; matched expected keyword for category
LTB-L-093852-25,L1,ExParte Order,2026-01-22,L6H,https://d3hf2qahezjxpx.cloudfront.net/attachments/exportedBinaries20260723_175229/069N300000sdXBeIAM/LTB-L-093852-25-EX-signed.pdf,text,[],[],,,,no dollar amount found
LTB-L-106740-25,L1,Order,2026-03-20,L4T,https://d3hf2qahezjxpx.cloudfront.net/attachments/exportedBinaries20260723_175229/069N300000vzNBnIAM/LTB-L-106740-25_Consent - March 20 2026.pdf,text,"[5892.49, 186.0, 902.32, 600.0, 790.17]",[186.0],5892.49,arrears,"it is ordered that:    1.  The Tenants shall pay to the Landlord >>>$5 892.49<<<, representing the rent arrears up to and  including March 31, 2026 and the $186",found in operative 'It is ordered that' section; matched expected keyword for category
LTB-L-091351-25,L1,Order,2026-01-26,M3H,https://d3hf2qahezjxpx.cloudfront.net/attachments/exportedBinaries20260723_175229/069N300000sduxmIAA/LTB-L-091351-25-HR Order_CERT.pdf,text,[],[],,,,no dollar amount found
LTB-L-087442-25,L1,Order,2026-01-19,K2G,https://d3hf2qahezjxpx.cloudfront.net/attachments/exportedBinaries20260723_175229/069N300000sHgLaIAK/LTB-L-087442-25-HR -Signed.pdf,text,"[2395.0, 78.74, 2395.0, 1595.0, 10180.0, 186.0, 2395.0, 78.34, 10366.0, 12761.0, 6442.54, 78.74, 11775.0, 186.0, 1595.0, 10366.0, 14170.0, 186.0, 1595.0, 12761.0, 10324.88, 186.0, 1595.0, 2395.0, 78.34, 6442.54, 50000.0, 78.74]","[11775.0, 186.0, 14170.0, 186.0, 10324.88, 186.0]",12761.0,arrears,"ary 31, 2026. See Schedule 1  for the calculation of the amount owing.   OR  •  >>>$12,761.00<<< if the payment is made on or before February 12, 2026. See Schedule 1  for the",found in operative 'It is ordered that' section; matched expected keyword for category
LTB-L-019115-26,L1,Order,2026-05-27,M3M,https://d3hf2qahezjxpx.cloudfront.net/attachments/exportedBinaries20260723_175229/069N3000010FSRjIAO/LTB-L-019115-26_L1_2026 05 27.pdf,text,"[1873.74, 61.6, 1873.74, 2500.0, 4917.9, 186.0, 1769.59, 14.25, 5103.9, 6977.64, 2678.32, 61.6, 7417.9, 186.0, 2500.0, 5103.9, 9291.64, 186.0, 2500.0, 6977.64, 6776.16, 186.0, 2500.0, 1769.59, 14.25, 2678.32, 50000.0, 61.6]","[7417.9, 186.0, 9291.64, 186.0, 6776.16, 186.0]",6977.64,arrears,"May 31, 2026. See Schedule 1 for the  calculation of the amount owing.   OR  •  >>>$6,977.64<<< if the payment is made on or before June 30, 2026. See Schedule 1 for the  calc",found in operative 'It is ordered that' section; matched expected keyword for category
LTB-L-011717-26,L1,Order,2026-04-23,L4K,https://d3hf2qahezjxpx.cloudfront.net/attachments/exportedBinaries20260723_175229/069N300000yNI9lIAG/LTB-L-011717-26 (L1) - Consent Order.pdf,text,"[11366.0, 91.89, 11366.0]",[],11366.0,arrears,"t of the unit.  5. On or before May 06, 2026, the Tenant shall pay the Landlord >>>$11,366.00<<< which  represents the arrears of rent owing up to April 30, 2026, including the",found in operative 'It is ordered that' section; matched expected keyword for category
LTB-L-100573-25,L1,Order,2026-02-03,M3N,https://d3hf2qahezjxpx.cloudfront.net/attachments/exportedBinaries20260723_175229/069N300000tJLVlIAO/LTB-L-100573-25-HR - February 3 2026.pdf,text,"[1282.64, 3790.55, 4.63, 186.0, 190.63]",[],190.63,arrears,"It is ordered that:  1. The Tenant shall pay to the Landlord >>>$190.63<<<. This amount includes rent arrears owing up  to January 31, 2026, and the cost",found in operative 'It is ordered that' section; matched expected keyword for category
LTB-L-099429-25,L1,Order,2026-02-06,K2J,https://d3hf2qahezjxpx.cloudfront.net/attachments/exportedBinaries20260723_175229/069N300000tYyyCIAS/LTB-L-099429-25 U-HR.pdf,text,"[2550.0, 83.84, 2550.0, 13100.0, 186.0, 2550.0, 78.13, 13286.0, 8443.23, 83.84, 13100.0, 186.0, 13286.0, 10885.36, 186.0, 2550.0, 78.13, 8443.23, 50000.0, 83.84]","[13100.0, 186.0, 13286.0, 10885.36, 186.0, 2550.0]",8443.23,arrears,"5. If the Tenants do not void the order, the Tenants shall pay to the Landlord >>>$8,443.23<<<. This  amount includes rent arrears owing up to the date of the hearing and the",found in operative 'It is ordered that' section; matched expected keyword for category
LTB-L-007978-26,L1,Order,2026-04-16,M4X,https://d3hf2qahezjxpx.cloudfront.net/attachments/exportedBinaries20260723_175229/069N300000xr5XTIAY/LTB-L-007978-26-HR - April 16 2026.pdf,text,"[1355.11, 44.55, 1355.11, 2200.0, 2965.33, 186.0, 1355.11, 8.03, 700.0, 3151.33, 4506.44, 5861.55, 1012.23, 44.55, 5165.33, 186.0, 2200.0, 3151.33, 6520.44, 186.0, 2200.0, 4506.44, 7875.55, 186.0, 2200.0, 5861.55, 4389.37, 186.0, 2200.0, 1355.11, 8.03, 1012.23, 50000.0, 44.55]","[5165.33, 186.0, 6520.44, 186.0, 7875.55, 186.0, 4389.37, 186.0]",5861.55,arrears,"May 31, 2026. See Schedule 1 for  the calculation of the amount owing.   OR  •  >>>$5,861.55<<< if the payment is made on or before June 30, 2026. See Schedule 1 for  the calc",found in operative 'It is ordered that' section; matched expected keyword for category
LTB-L-003996-26,L1,Order,2026-03-25,N5Z,https://d3hf2qahezjxpx.cloudfront.net/attachments/exportedBinaries20260723_175229/069N300000wIlByIAK/LTB-L-003996-26.pdf,text,"[5367.63, 186.0, 1910.0, 785.0, 223.0, 219.63]",[186.0],5367.63,arrears,"it is ordered that:    1. The Tenants shall pay to the Landlord >>>$5 367.63<<<, representing the rent arrears up to and  including March 31, 2026 and the $186",found in operative 'It is ordered that' section; matched expected keyword for category
LTB-L-009440-26,L1,Order,2026-05-15,L8H,https://d3hf2qahezjxpx.cloudfront.net/attachments/exportedBinaries20260723_175229/069N300000zduLvIAI/22. STAMPED LTB-L-009440-26-HR - May 15 2026 rev by JV May 11.pdf,text,"[1905.0, 3252.0, 6574.0, 186.0, 6760.0, 500.0, 300.0, 300.0, 300.0, 500.0, 676.0, 500.0, 500.0, 500.0, 500.0, 500.0, 500.0, 500.0, 500.0, 500.0, 500.0, 500.0, 500.0, 500.0, 260.0]",[],676.0,arrears,"It is ordered that:  1. The Tenant shall pay to the Landlord >>>$676<<<0.00 for arrears of rent up to April 30,  2026, and costs.  2. The Tenant shall",found in operative 'It is ordered that' section; matched expected keyword for category
LTB-L-013016-26,L1,Order,2026-04-22,N5V,https://d3hf2qahezjxpx.cloudfront.net/attachments/exportedBinaries20260723_175229/069N300000yN7W5IAK/LTB-L-013016-26 certified.pdf,text,"[5610.0, 470.0, 440.0]",[],5610.0,arrears,"it is ordered that:  1. The Tenant shall pay to the Landlord >>>$5,610.00<<< for arrears of rent up to April 30, 2026, and  costs.  2. The Tenant shall pay",found in operative 'It is ordered that' section; matched expected keyword for category
LTB-L-013704-26,L1,Order,2026-05-12,K1S,https://d3hf2qahezjxpx.cloudfront.net/attachments/exportedBinaries20260723_175229/069N300000zPTGcIAO/LTB-L-013704-26_L1_2026_05_12 - cert.pdf,text,"[1198.05, 39.39, 1198.05, 12523.03, 39.39, 12523.03, 12523.03, 0.0, 0.0, 12523.03, 39.39]","[12523.03, 12523.03, 0.0]",12523.03,arrears,"ate the Tenants move out of the unit.  5. The Tenants shall pay to the Landlord >>>$12,523.03<<< representing rent arrears to the date of  the agreement, in full on before July",found in operative 'It is ordered that' section; matched expected keyword for category
LTB-L-093495-25,L1,Review Order,2026-02-20,M4P,https://d3hf2qahezjxpx.cloudfront.net/attachments/exportedBinaries20260723_175229/069N300000uRUmZIAW/LTB-L-093495-25-RV - February 20 2026.pdf,text,[],[],,,,no dollar amount found
LTB-L-107880-25,L1,Order,2026-03-27,M8Y,https://d3hf2qahezjxpx.cloudfront.net/attachments/exportedBinaries20260723_175229/069N300000vxzZpIAI/LTB-L-107880-25_Consent - March 27 2026.pdf,text,"[2832.0, 2646.0, 186.0, 944.0]","[2832.0, 2646.0, 186.0]",944.0,other,o the Landlord the amount set out in paragraph 1 of this order as  follows:  a) >>>$944.00<<< per month due on or before the 20th day of each month for a 3-month period  sta,"found in operative 'It is ordered that' section; single candidate amount, no strong keyword match"
LTB-L-005510-26,L1,Order,2026-04-09,M6A,https://d3hf2qahezjxpx.cloudfront.net/attachments/exportedBinaries20260723_175229/069N300000xVMohIAG/LTB-L-005510-26-Certified.pdf,text,"[6968.94, 186.0, 7154.94, 300.0, 500.0, 254.94]","[186.0, 7154.94]",6968.94,arrears,"It is ordered on consent that:  1. The Tenant shall pay to the Landlord >>>$6,968.94<<< for arrears of rent up to April 30, 2026,  plus $186.00 for the application fil",found in operative 'It is ordered that' section; matched expected keyword for category
LTB-L-089828-25,L1,Order,2026-02-05,M6R,"https://d3hf2qahezjxpx.cloudfront.net/attachments/exportedBinaries20260723_175229/069N300000tLYiMIAW/LTB-L-089828-25_Consent - February 5, 2026 cert.pdf",text,"[2090.0, 33.67, 8512.33, 68.71]",[8512.33],2090.0,ambiguous-max,"t terminates on January 31, 2026.   2. The Landlord collected a rent deposit of >>>$2,090.00<<< from the Tenants and this deposit is still  being held by the Landlord. The ren","found in operative 'It is ordered that' section; multiple candidate amounts, took max — manual review advised"
LTB-L-089548-25,L1,Order,2026-01-22,N4S,https://d3hf2qahezjxpx.cloudfront.net/attachments/exportedBinaries20260723_175229/069N300000sI4faIAC/LTB-L-089548-25-HR.pdf,text,[],[],,,,no dollar amount found
LTB-L-107840-25,L1,Order,2026-03-20,L7R,https://d3hf2qahezjxpx.cloudfront.net/attachments/exportedBinaries20260723_175229/069N300000vqu6zIAA/LTB-L-107840-25-HR.pdf,text,"[1794.32, 58.99, 1794.32, 8897.8, 186.0, 1075.0, 21.4, 9083.8, 6900.96, 58.99, 8897.8, 186.0, 9083.8, 7811.36, 186.0, 1075.0, 21.4, 6900.96, 50000.0, 58.99]","[8897.8, 186.0, 9083.8, 7811.36, 186.0, 1075.0]",6900.96,arrears,"5. If the Tenants do not void the order, the Tenants shall pay to the Landlord >>>$6,900.96<<<. This  amount includes rent arrears owing up to the date of the hearing and the",found in operative 'It is ordered that' section; matched expected keyword for category
LTB-L-097180-25,L1,Order,2026-02-13,K6V,https://d3hf2qahezjxpx.cloudfront.net/attachments/exportedBinaries20260723_175229/069N300000tav1sIAA/LTB-L-097180-25-HR.pdf,text,"[895.0, 29.42, 895.0, 7560.0, 186.0, 7746.0, 8641.0, 6939.26, 29.42, 7560.0, 186.0, 7746.0, 8455.0, 186.0, 8641.0, 6753.26, 186.0, 6939.26, 50000.0, 29.42]","[7560.0, 186.0, 7746.0, 8455.0, 186.0, 8641.0, 6753.26]",8641.0,arrears,"ary 28, 2026. See Schedule 1  for the calculation of the amount owing.   OR  •  >>>$8,641.00<<< if the payment is made on or before March 15, 2026. See Schedule 1 for  the cal",found in operative 'It is ordered that' section; matched expected keyword for category
LTB-L-102336-25,L1,ExParte Order,2026-02-18,L6H,https://d3hf2qahezjxpx.cloudfront.net/attachments/exportedBinaries20260723_175229/069N300000uIYUSIA4/LTB-L-102336-25-EX-signed.pdf,text,[],[],,,,no dollar amount found
LTB-L-023155-26,L1,Order,2026-05-27,L8M,https://d3hf2qahezjxpx.cloudfront.net/attachments/exportedBinaries20260723_175229/069N3000010hTFzIAM/LTB Order_LTB-L-023155-26_27MAY26.pdf,text,"[2115.3, 69.54, 2115.3, 8115.5, 345.7, 40.0, 186.0, 1964.28, 203.6, 571.7, 2687.0, 1972.98, 69.54, 8461.2, 186.0, 40.0, 8115.5, 571.7, 10576.5, 186.0, 40.0, 8115.5, 2687.0, 8084.4, 186.0, 40.0, 8115.5, 1964.28, 203.6, 50000.0, 69.54]","[8461.2, 186.0, 40.0, 10576.5, 186.0, 40.0, 8084.4, 186.0, 40.0]",2687.0,arrears,"May 31, 2026. See Schedule 1 for the  calculation of the amount owing.   OR  •  >>>$2,687.00<<< if the payment is made on or before June 15, 2026. See Schedule 1 for  the calc",found in operative 'It is ordered that' section; matched expected keyword for category
LTB-L-104113-25,L1,Order,2026-03-03,L4M,https://d3hf2qahezjxpx.cloudfront.net/attachments/exportedBinaries20260723_175229/069N300000un71kIAA/LTB-L-104113-25-HR.pdf,text,"[1800.0, 59.18, 1800.0, 7200.0, 186.0, 1800.0, 27.75, 1000.0, 17.77, 615.0, 4408.0, 1425.0, 568.0, 6368.23, 615.0, 5753.23, 615.0, 5138.23, 615.0, 4523.23, 615.0, 3908.23, 615.0, 3293.23, 615.0, 2678.23, 615.0, 2063.23, 615.0, 1448.23, 615.0, 833.23, 615.0, 218.23, 218.23, 0.0]",[],6368.23,arrears,"It is ordered that:  1. The Tenant shall pay to the Landlord >>>$6,368.23<<< for arrears of rent up to February  28, 2026, and costs.  2. The Tenant shall p",found in operative 'It is ordered that' section; matched expected keyword for category
LTB-L-001127-26,L1,Order,2026-03-19,M9N,https://d3hf2qahezjxpx.cloudfront.net/attachments/exportedBinaries20260723_175229/069N300000vh33RIAQ/LTB-L-001127-26_HR.pdf,text,"[1282.35, 42.16, 1282.35, 3020.0, 1099.4, 186.0, 1026.03, 208.89, 1285.4, 725.95, 42.16, 4119.4, 186.0, 3020.0, 1285.4, 3342.97, 186.0, 3020.0, 1026.03, 208.89, 50000.0, 42.16]","[725.95, 4119.4, 186.0, 3342.97, 186.0]",1285.4,arrears,"tion was filed  - $3,020.00  Total the Tenant must pay to continue the tenancy  >>>$1,285.40<<<  B. Amount the Tenant must pay if the tenancy is terminated  Rent Owing to Hear",found in operative 'It is ordered that' section; matched expected keyword for category
LTB-L-009874-26,L1,Order,2026-04-14,L1R,https://d3hf2qahezjxpx.cloudfront.net/attachments/exportedBinaries20260723_175229/069N300000xVD2IIAW/LTB-L-009874-26-HR.pdf,text,[],[],,,,no dollar amount found
LTB-L-102927-25,L1,Amended Order,2026-04-21,N8W,"https://d3hf2qahezjxpx.cloudfront.net/attachments/exportedBinaries20260723_175229/069N300000yKh7uIAC/LTB-L-102927-25-AM - apr 21, 2026.pdf",text,"[10586.0, 2641.6, 7944.4, 85.47]",[10586.0],7944.4,arrears,"$2,641.60.  3. On or before March 1, 2026, the Tenant must pay to the Landlord >>>$7,944.40<<<. This  amount represents outstanding arrears and costs to February 28, 2026, le",found in operative 'It is ordered that' section; matched expected keyword for category
LTB-L-033659-23,L1,Review Order,2026-03-03,M5R,https://d3hf2qahezjxpx.cloudfront.net/attachments/exportedBinaries20260723_175229/069N300000uvmu6IAA/LTB-L-033659-23-RV - March 3 2026.pdf,text,[30000.0],[],30000.0,arrears,"2025.  Moreover, the outstanding rent arrears were  significant (approximately >>>$30,000<<<) and the member found the tenancy to no longer be  viable.  In the circumstance","no operative section found, or it had no dollar mentions at all; fell back to full-document search; matched expected keyword for category"
LTB-L-085166-25,L1,Order,2026-01-14,M9N,https://d3hf2qahezjxpx.cloudfront.net/attachments/exportedBinaries20260723_175229/069N300000s4vh5IAA/LTB-L-085166-25-HR.pdf,text,"[1749.0, 57.5, 1749.0, 4832.82, 1753.88, 186.0, 1939.88, 3688.88, 478.38, 57.5, 6586.7, 186.0, 4832.82, 1939.88, 8335.7, 186.0, 4832.82, 3688.88, 5125.2, 186.0, 4832.82, 478.38, 50000.0, 57.5]","[6586.7, 186.0, 8335.7, 186.0, 5125.2, 186.0]",3688.88,arrears,"ary 31, 2026. See Schedule 1  for the calculation of the amount owing.   OR  •  >>>$3,688.88<<< if the payment is made on or before February 28, 2026. See Schedule 1  for the",found in operative 'It is ordered that' section; matched expected keyword for category
LTB-L-009657-26,L1,Order,2026-04-23,N2C,https://d3hf2qahezjxpx.cloudfront.net/attachments/exportedBinaries20260723_175229/069N300000yLNbtIAG/LTB-L-009657-26.pdf,text,"[9102.0, 8916.0, 9102.0]",[],9102.0,arrears,"It is ordered on consent that:  1. The Tenant shall pay to the Landlord >>>$9,102.00<<<. This amount represents $8,916.00 for  arrears of rent up to April 30, 2026, an",found in operative 'It is ordered that' section; matched expected keyword for category
LTB-L-075562-25,L1,Order,2026-01-12,M5V,https://d3hf2qahezjxpx.cloudfront.net/attachments/exportedBinaries20260723_175229/069N300000rfj7XIAQ/LTB-L-075562-25.pdf,text,"[6192.12, 203.58, 6192.12, 24768.48, 40.0, 186.0, 6192.12, 109.0, 37378.72, 15147.78, 203.58, 37152.72, 186.0, 40.0, 37378.72, 21222.9, 186.0, 40.0, 6192.12, 109.0, 15147.78, 50000.0, 203.58]","[37152.72, 186.0, 40.0, 21222.9, 186.0, 40.0]",37378.72,arrears,"186.00  NSF Charges  $40.00  Total the Tenant must pay to continue the tenancy  >>>$37,378.72<<<  B. Amount the Tenant must pay if the tenancy is terminated  Rent Owing To Hear",found in operative 'It is ordered that' section; matched expected keyword for category
LTB-L-094231-25,L1,Amended Order,2026-03-03,L3C,https://d3hf2qahezjxpx.cloudfront.net/attachments/exportedBinaries20260723_175229/069N300000ucFnTIAU/LTB-L-089064-25_LTB-L-094231-25-L1L2 - Mar 3 2026- AM.pdf,text,"[2418.91, 186.0, 12926.4, 12926.4, 186.0, 150.0, 300.0, 2426.4]","[186.0, 12926.4, 12926.4, 186.0]",2426.4,ambiguous-max,"26, and continuing each month until April 15, 2026; and   c. A final payment of >>>$2,426.40<<< on or before May 15, 2026.    3. The Tenant shall also pay to the Landlord the","found in operative 'It is ordered that' section; multiple candidate amounts, took max — manual review advised"
LTB-L-013529-26,L1,Order,2026-04-24,P0N,https://d3hf2qahezjxpx.cloudfront.net/attachments/exportedBinaries20260723_175229/069N300000ySMb1IAG/LTB-L-013529-26-HR.pdf,text,[],[],,,,no dollar amount found
LTB-L-095822-25,L1,Order,2026-02-02,N6A,https://d3hf2qahezjxpx.cloudfront.net/attachments/exportedBinaries20260723_175229/069N300000t5A3vIAE/LTB-L-095822-25 - L1 Non Voidable - Cert.pdf,text,"[1418.34, 46.63, 1418.34, 5673.35, 186.0, 1418.34, 29.46, 4252.22, 46.63, 5514.02, 186.0, 1418.34, 29.46, 4252.22, 50000.0, 46.63]","[5514.02, 186.0, 1418.34]",4252.22,arrears,"inated on or before January 31,  2026.  2. The Tenant shall pay to the Landlord >>>$4,252.22<<<. This amount includes rent arrears owing  up to the date of the hearing and the",found in operative 'It is ordered that' section; matched expected keyword for category
LTB-L-000350-26,L1,Amended Order,2026-04-10,K1E,https://d3hf2qahezjxpx.cloudfront.net/attachments/exportedBinaries20260723_175229/069N300000xTSYQIA4/LTB-L-000350-26-AM.pdf,text,"[2423.1, 186.0, 3060.38, 2250.0, 2250.0, 2250.0, 262.08, 734.3, 3060.38, 186.0, 2250.0, 262.08, 734.3]","[3060.38, 186.0, 2250.0]",734.3,arrears,enants moved out of the rental unit.  2. The Tenants shall pay to the Landlords >>>$734.30<<<. This amount includes rent arrears owing  up to the date the Tenants moved out,found in operative 'It is ordered that' section; matched expected keyword for category
LTB-L-030480-26,L1,ExParte Order,2026-05-13,P1B,https://d3hf2qahezjxpx.cloudfront.net/attachments/exportedBinaries20260723_175229/069N300000zlUxHIAU/LTB-L-030480-26-EX.pdf,ocr,[],[],,,,no dollar amount found
LTB-L-099966-25,L1,Order,2026-02-18,L1K,https://d3hf2qahezjxpx.cloudfront.net/attachments/exportedBinaries20260723_175229/069N300000tzfMnIAI/LTB-L-099966-25-HR - February 18 2026.pdf,text,"[2574.45, 84.64, 2574.45, 6000.0, 3563.95, 186.0, 2400.0, 3749.95, 3749.95, 6324.4, 293.46, 84.64, 9563.95, 186.0, 6000.0, 3749.95, 12138.4, 186.0, 6000.0, 6324.4, 7920.54, 186.0, 6000.0, 2400.0, 50000.0, 84.64]","[293.46, 9563.95, 186.0, 12138.4, 186.0, 7920.54, 186.0]",6324.4,arrears,"ary 28, 2026. See Schedule 1  for the calculation of the amount owing.   OR  •  >>>$6,324.40<<< if the payment is made on or before March 1, 2026. See Schedule 1 for  the calc",found in operative 'It is ordered that' section; matched expected keyword for category
LTB-L-015444-26,L1,Order,2026-05-12,M1P,https://d3hf2qahezjxpx.cloudfront.net/attachments/exportedBinaries20260723_175229/069N300000zVQXmIAO/LTB-L-015444-26-HR - May 12 2026.pdf,text,"[2400.0, 78.9, 2400.0, 2400.0, 7200.0, 186.0, 2400.0, 82.65, 7386.0, 3055.65, 78.9, 9600.0, 186.0, 2400.0, 7386.0, 7752.3, 186.0, 2400.0, 2400.0, 82.65, 3055.65, 50000.0, 78.9]","[9600.0, 186.0, 7752.3, 186.0]",7386.0,arrears,"tion was filed  - $2,400.00  Total the Tenant must pay to continue the tenancy  >>>$7,386.00<<<  B. Amount the Tenant must pay if the tenancy is terminated  Rent Owing To Hear",found in operative 'It is ordered that' section; matched expected keyword for category
LTB-L-100476-25,L1,Order,2026-02-11,L5H,https://d3hf2qahezjxpx.cloudfront.net/attachments/exportedBinaries20260723_175229/069N300000tovTSIAY/LTB-L-100476-25_Feb 11 2026.pdf,text,"[8223.0, 8037.0, 186.0, 1000.0, 1000.0, 1000.0, 1000.0, 1000.0, 1000.0, 1000.0, 1223.0]",[186.0],8223.0,arrears,"It is ordered on consent that:  1. The Tenant shall pay to the Landlord >>>$8,223.00<<<. This amount represents $8,037.00 for  arrears of rent up to February 28, 2026,",found in operative 'It is ordered that' section; matched expected keyword for category
LTB-L-009110-26,L1,Order,2026-04-17,L5K,https://d3hf2qahezjxpx.cloudfront.net/attachments/exportedBinaries20260723_175229/069N300000y07yEIAQ/LTB-L-009110-26.pdf,text,"[2489.65, 4000.0, 4248.25, 186.0, 4.43, 3500.0, 500.0, 100.0, 1000.0, 4434.25, 1000.0, 1000.0, 1000.0, 1000.0, 434.35]",[],4434.25,arrears,"It is ordered that:  1. The Tenant shall pay to the Landlord >>>$4,434.25<<< for arrears of rent and the filing  fee up April 30, 2026.  2. The Tenant shall",found in operative 'It is ordered that' section; matched expected keyword for category
LTB-L-078204-25,L1,Order,2026-01-13,P7C,https://d3hf2qahezjxpx.cloudfront.net/attachments/exportedBinaries20260723_175229/069N300000rsjZeIAI/LTB-L-078204-25-HR.pdf,text,"[950.0, 31.23, 950.0, 1605.0, 3320.0, 186.0, 950.0, 121.03, 535.0, 1214.0, 3506.0, 1703.58, 31.23, 4925.0, 186.0, 1605.0, 3506.0, 4193.61, 186.0, 1605.0, 950.0, 121.03, 1703.58, 50000.0, 31.23]","[4925.0, 186.0, 4193.61, 186.0]",3506.0,arrears,"tion was filed  - $1,605.00  Total the Tenant must pay to continue the tenancy  >>>$3,506.00<<<  B. Amount the Tenant must pay if the tenancy is terminated  Rent Owing To Hear",found in operative 'It is ordered that' section; matched expected keyword for category
LTB-L-109014-25,L1,Order,2026-03-24,L6E,https://d3hf2qahezjxpx.cloudfront.net/attachments/exportedBinaries20260723_175229/069N300000wHkORIA0/LTB-L-109014-25-Consent Order final.pdf,text,"[2533.6, 5141.05, 449.0, 1920.53, 300.0, 2570.53, 186.0, 7786.8, 10357.33, 10357.33, 466.4, 1920.53, 300.0, 300.0, 300.0, 300.0, 300.0, 300.0, 120.53, 10357.33, 466.4, 466.4, 466.4, 466.4, 466.4, 466.4, 466.4, 466.4, 466.4, 466.4, 466.4, 466.4, 466.4, 466.4, 466.4, 466.4, 466.4, 466.4, 466.4, 466.4, 466.4, 466.4, 96.53]","[186.0, 7786.8, 10357.33]",1920.53,arrears,"rdered on consent that:  1. The Tenant, Fatona Funmi, shall pay to the Landlord >>>$1,920.53<<< for arrears of  rent up to December 27, 2025.  2. The Tenant, Fatona Funmi, sha",found in operative 'It is ordered that' section; matched expected keyword for category
LTB-L-017213-26,L1,ExParte Order,2026-04-21,L2R,https://d3hf2qahezjxpx.cloudfront.net/attachments/exportedBinaries20260723_175229/069N300000yMlSPIA0/LTB-L-017213-26-EX.pdf,text,[],[],,,,no dollar amount found
LTB-L-088658-25,L1,Order,2026-01-22,L4S,"https://d3hf2qahezjxpx.cloudfront.net/attachments/exportedBinaries20260723_175229/069N300000sMybJIAS/LTB-L-088658-25-HR January 22, 2026 cert.pdf",text,"[3969.75, 130.51, 3969.75, 5000.0, 36667.25, 186.0, 36853.25, 40823.0, 33666.56, 130.51, 41667.25, 186.0, 5000.0, 36853.25, 45637.0, 186.0, 5000.0, 40823.0, 38480.56, 186.0, 5000.0, 33666.56, 50000.0, 130.51]","[41667.25, 186.0, 45637.0, 186.0, 38480.56, 186.0]",40823.0,arrears,"ary 31, 2026. See Schedule 1  for the calculation of the amount owing.   OR  •  >>>$40,823.00<<< if the payment is made on or before February 2, 2026. See Schedule 1  for the c",found in operative 'It is ordered that' section; matched expected keyword for category
LTB-L-013862-26,L1,Order,2026-04-27,P6B,https://d3hf2qahezjxpx.cloudfront.net/attachments/exportedBinaries20260723_175229/069N300000yaqTnIAI/LTB-L-013862-26-HR.pdf,text,"[976.68, 32.11, 976.68, 1900.0, 903.82, 186.0, 986.21, 4.65, 1089.82, 2066.5, 3043.18, 139.19, 32.11, 2803.82, 186.0, 1900.0, 1089.82, 3780.5, 186.0, 1900.0, 2066.5, 4757.18, 186.0, 1900.0, 3043.18, 2565.67, 186.0, 1900.0, 986.21, 4.65, 50000.0, 32.11]","[139.19, 2803.82, 186.0, 3780.5, 186.0, 4757.18, 186.0, 2565.67, 186.0]",3043.18,arrears,"May 31, 2026. See Schedule 1 for  the calculation of the amount owing.   OR  •  >>>$3,043.18<<< if the payment is made on or before June 30, 2026. See Schedule 1 for  the calc",found in operative 'It is ordered that' section; matched expected keyword for category
LTB-L-103088-25,L1,Order,2026-04-23,M1T,https://d3hf2qahezjxpx.cloudfront.net/attachments/exportedBinaries20260723_175229/069N300000y51YoIAI/LTB-L-103088-25-HR.pdf,text,"[1728.49, 56.83, 1728.49, 7475.7, 304.39, 887.0, 554.41, 554.41, 887.0, 304.39, 186.0, 1703.22, 8.82, 490.39]",[],490.39,arrears,"It is ordered that:  1. The Tenants shall pay to the Landlord >>>$490.39<<<, which represents the balance of rent  arrears and costs owing to March 31, 202",found in operative 'It is ordered that' section; matched expected keyword for category
LTB-L-102421-25,L1,ExParte Order,2026-01-23,M3L,https://d3hf2qahezjxpx.cloudfront.net/attachments/exportedBinaries20260723_175229/069N300000slHxbIAE/LTB-L-102421-25-EX-signed.pdf,text,[],[],,,,no dollar amount found
LTB-L-000089-26,L1,Order,2026-03-20,L6X,https://d3hf2qahezjxpx.cloudfront.net/attachments/exportedBinaries20260723_175229/069N300000vesKNIAY/LTB-L-000089-26-HR.pdf,text,"[3000.0, 98.63, 3000.0, 12900.0, 186.0, 3000.0, 45.39, 13086.0, 5026.91, 98.63, 12900.0, 186.0, 13086.0, 10886.3, 186.0, 3000.0, 45.39, 8026.91, 50000.0, 98.63]","[12900.0, 186.0, 13086.0, 10886.3, 186.0, 3000.0]",5026.91,arrears,"5. If the Tenant does not void the order, the Tenant shall pay to the Landlord >>>$5,026.91<<<. This  amount includes rent arrears owing up to the date of the hearing and the",found in operative 'It is ordered that' section; matched expected keyword for category
LTB-L-108109-25,L1,Order,2026-03-19,M1V,https://d3hf2qahezjxpx.cloudfront.net/attachments/exportedBinaries20260723_175229/069N300000vdyulIAA/LTB-L-108109-25_Consent - March 19 2026.pdf,text,"[8021.0, 7835.0, 186.0, 2000.0, 1003.5]","[8021.0, 7835.0, 186.0]",2000.0,arrears,"o the Landlord the amount set out in paragraph 1 of this order as  follows:  a) >>>$2,000.00<<< on or before March 31, 2026 (arrears); AND    b) $1,003.50 per month due on or",found in operative 'It is ordered that' section; matched expected keyword for category
LTB-L-083566-25,L1,Order,2026-01-14,L5A,https://d3hf2qahezjxpx.cloudfront.net/attachments/exportedBinaries20260723_175229/069N300000qoWl7IAE/LTB-L-083566-25-L1 - Jan 14 2026.pdf,text,"[1827.13, 60.07, 1827.13, 5652.32, 526.74, 186.0, 1763.26, 141.66, 712.74, 1998.12, 60.07, 6179.06, 186.0, 5652.32, 712.74, 5373.12, 186.0, 5652.32, 1763.26, 141.66, 50000.0, 60.07]","[1998.12, 6179.06, 186.0, 5373.12, 186.0]",712.74,arrears,"ion was filed  - $5,652.32  Total the Tenants must pay to continue the tenancy  >>>$712.74<<<  B. Amount the Tenants must pay if the tenancy is terminated  Rent Owing to Hea",found in operative 'It is ordered that' section; matched expected keyword for category
LTB-L-099004-25,L1,Order,2026-02-17,L4X,https://d3hf2qahezjxpx.cloudfront.net/attachments/exportedBinaries20260723_175229/069N300000tpV3mIAE/LTB-L-099004-25-HR.pdf,text,"[3065.2, 100.77, 3065.2, 1600.0, 12529.32, 186.0, 3412.05, 6.87, 3500.0, 12715.32, 6634.28, 100.77, 14129.32, 186.0, 1600.0, 12715.32, 11467.2, 186.0, 1600.0, 3412.05, 6.87, 6634.28, 50000.0, 100.77]","[14129.32, 186.0, 11467.2, 186.0]",12715.32,arrears,"tion was filed  - $1,600.00  Total the Tenant must pay to continue the tenancy  >>>$12,715.32<<<  B. Amount the Tenant must pay if the tenancy is terminated  Rent Owing to Hear",found in operative 'It is ordered that' section; matched expected keyword for category
LTB-L-001706-26,L1,Order,2026-03-26,L6H,https://d3hf2qahezjxpx.cloudfront.net/attachments/exportedBinaries20260723_175229/069N300000wSlAlIAK/LTB-L-001706-26-HR.pdf,text,"[5069.0, 282.0, 275.0]",[],5069.0,arrears,"It is ordered on consent that:  1. The Tenant shall pay to the Landlord >>>$5,069.00<<< for arrears of rent up to March 31, 2026  and costs.  2. The Tenant shall pay t",found in operative 'It is ordered that' section; matched expected keyword for category
LTB-L-009685-26,L1,Order,2026-05-13,N5L,https://d3hf2qahezjxpx.cloudfront.net/attachments/exportedBinaries20260723_175229/069N300000zSjwlIAC/LTB-L-009685-26-HR - May 13 2026.pdf,text,[],[],,,,no dollar amount found
LTB-L-087563-25,L1,Amended Order,2026-02-10,M6H,https://d3hf2qahezjxpx.cloudfront.net/attachments/exportedBinaries20260723_175229/069N300000tlGxnIAE/LTB-L-087563-25-AM-Signed.pdf,text,"[1470.87, 48.36, 1470.87, 2940.1, 8825.22, 7356.09, 186.0, 1711.66, 9011.32, 7542.09, 10482.19, 9012.96, 6380.72, 4743.59, 48.36, 11765.22, 10296.19, 186.0, 2940.1, 9011.32, 7542.09, 13236.09, 11767.06, 186.0, 2940.1, 10482.19, 9012.96, 10846.48, 9377.35, 186.0, 2940.1, 1711.66, 6380.72, 4743.59, 50000.0, 48.36]","[11765.22, 10296.19, 186.0, 13236.09, 11767.06, 186.0, 10846.48, 9377.35, 186.0]",10482.19,arrears,"ary 31, 2026. See  Schedule 1 for the calculation of the amount owing.   OR  •  >>>$10,482.19<<<  $9,012.96 if the payment is made on or before February 28, 2026. See  Schedule",found in operative 'It is ordered that' section; matched expected keyword for category
LTB-L-080631-25,L1,Order,2026-04-07,M6M,https://d3hf2qahezjxpx.cloudfront.net/attachments/exportedBinaries20260723_175229/069N300000wnHRhIAM/LTB-L-080631-25-HR - April 7 2026.pdf,text,"[2701.0, 13132.0, 4845.0, 186.0, 5031.0, 200.0, 5031.0, 200.0, 31.0]",[],5031.0,arrears,"It is ordered that:  1. The Tenants shall pay to the Landlord >>>$5,031.00<<< for arrears of rent up to March  31, 2026, and costs.  2. The Tenants shall pay",found in operative 'It is ordered that' section; matched expected keyword for category
LTB-L-021399-26,L1,Order,2026-05-29,N4B,https://d3hf2qahezjxpx.cloudfront.net/attachments/exportedBinaries20260723_175229/069N3000010O3XMIA0/LTB-L-021399-26 cert.pdf,text,"[380.0, 600.0, 202.0]",[380.0],600.0,ambiguous-max,"paragraph 1 in accordance with  the following schedule:  AMOUNT DUE  DUE DATE  >>>$600.00<<<  On or before the 15th day of each month for 6  months from June 15, 2026 to No","found in operative 'It is ordered that' section; multiple candidate amounts, took max — manual review advised"
LTB-L-005073-26,L1,Order,2026-04-07,M4H,https://d3hf2qahezjxpx.cloudfront.net/attachments/exportedBinaries20260723_175229/069N300000x8JGRIA2/LTB-L-005073-26-HR.pdf,text,"[1148.98, 37.77, 1148.98, 3200.0, 2176.55, 186.0, 1097.91, 33.26, 2362.55, 157.94, 37.77, 5376.55, 186.0, 3200.0, 2362.55, 4303.11, 186.0, 3200.0, 1097.91, 33.26, 157.94, 50000.0, 37.77]","[5376.55, 186.0, 4303.11, 186.0]",2362.55,arrears,"ion was filed  - $3,200.00  Total the Tenants must pay to continue the tenancy  >>>$2,362.55<<<  B. Amount the Tenants must pay if the tenancy is terminated  Rent Owing to Hea",found in operative 'It is ordered that' section; matched expected keyword for category
LTB-L-021606-26,L1,Order,2026-05-13,L1P,https://d3hf2qahezjxpx.cloudfront.net/attachments/exportedBinaries20260723_175229/069N300000zc47ZIAQ/LTB-L-021606-26.pdf,text,"[3470.95, 186.0, 270.95, 400.0, 400.0]",[186.0],3470.95,arrears,"it is ordered that:    1. The Tenant shall pay to the Landlord >>>$3 470.95<<<, representing the rent arrears up to and  including May 31, 2026 and the $186.0",found in operative 'It is ordered that' section; matched expected keyword for category
LTB-L-105417-25,L1,Order,2026-03-05,L4T,https://d3hf2qahezjxpx.cloudfront.net/attachments/exportedBinaries20260723_175229/069N300000ustnLIAQ/LTB-L-105417-25-HR.pdf,text,"[2700.0, 88.77, 2700.0, 4036.0, 2728.0, 186.0, 2700.0, 13.51, 5614.0, 280.26, 88.77, 9464.0, 186.0, 4036.0, 5614.0, 6283.25, 186.0, 4036.0, 2700.0, 13.51, 50000.0, 88.77]","[280.26, 9464.0, 186.0, 6283.25, 186.0]",5614.0,arrears,"tion was filed  - $4,036.00  Total the Tenant must pay to continue the tenancy  >>>$5,614.00<<<  B. Amount the Tenant must pay if the tenancy is terminated  Rent Owing To Hear",found in operative 'It is ordered that' section; matched expected keyword for category
LTB-L-006908-24,L1,Order,2026-02-26,L8N,https://d3hf2qahezjxpx.cloudfront.net/attachments/exportedBinaries20260723_175229/069N300000uIMt5IAG/LTB-L-006908-24 LTB-T-007688-24 and LTB-T-095569-23 Unit 2 - 17 Wentworth.pdf,text,[],[],,,,no dollar amount found
LTB-L-007581-26,L1,Order,2026-04-07,M4S,https://d3hf2qahezjxpx.cloudfront.net/attachments/exportedBinaries20260723_175229/069N300000x0XdHIAU/LTB-L-007581-26-HR.pdf,text,"[4253.01, 1500.0, 700.0, 1500.0, 1253.01]",[],4253.01,arrears,"It is ordered on consent that:  1. The Tenant shall pay to the Landlord >>>$4,253.01<<< for arrears of rent up to April 30, 2026 and  costs.  2. The Tenant shall pay t",found in operative 'It is ordered that' section; matched expected keyword for category
LTB-L-098768-25,L1,Order,2026-02-19,N4S,https://d3hf2qahezjxpx.cloudfront.net/attachments/exportedBinaries20260723_175229/069N300000uIhuRIAS/LTB-L-098768-25-HR.pdf,text,"[1950.0, 64.11, 1950.0, 18400.0, 186.0, 1950.0, 64.68, 18586.0, 20536.0, 15775.3, 64.11, 18400.0, 186.0, 18586.0, 20350.0, 186.0, 20536.0, 17603.98, 186.0, 1950.0, 64.68, 15775.3, 50000.0, 64.11]","[18400.0, 186.0, 18586.0, 20350.0, 186.0, 20536.0, 17603.98, 186.0, 1950.0]",20536.0,arrears,"ary 28, 2026. See Schedule 1  for the calculation of the amount owing.   OR  •  >>>$20,536.00<<< if the payment is made on or before March 2, 2026. See Schedule 1 for  the calc",found in operative 'It is ordered that' section; matched expected keyword for category
LTB-L-006001-26,L1,ExParte Order,2026-02-20,M9C,https://d3hf2qahezjxpx.cloudfront.net/attachments/exportedBinaries20260723_175229/069N300000uMIEEIA4/LTB-L-006001-26-EX-signed.pdf,text,[],[],,,,no dollar amount found
LTB-L-102574-25,L1,Order,2026-02-24,N5Y,https://d3hf2qahezjxpx.cloudfront.net/attachments/exportedBinaries20260723_175229/069N300000uXmiQIAS/LTB-L-102574-25-HR_L1Standard(DRO).pdf,text,"[1832.69, 60.25, 1832.69, 9250.38, 186.0, 9436.38, 11269.07, 8748.44, 60.25, 9250.38, 186.0, 9436.38, 11083.07, 186.0, 11269.07, 8562.44, 186.0, 8748.44, 50000.0, 60.25]","[9250.38, 186.0, 9436.38, 11083.07, 186.0, 11269.07, 8562.44]",11269.07,arrears,"ary 28, 2026. See Schedule 1  for the calculation of the amount owing.   OR  •  >>>$11,269.07<<< if the payment is made on or before March 31, 2026. See Schedule 1  for the cal",found in operative 'It is ordered that' section; matched expected keyword for category
LTB-L-010768-26,L1,Order,2026-04-30,N6C,https://d3hf2qahezjxpx.cloudfront.net/attachments/exportedBinaries20260723_175229/069N300000yV0pHIAS/12. LTB-L-010768-26-HR - April 30 2026 (CERTIFIED).pdf,text,"[1561.5, 51.34, 1561.5, 6246.0, 186.0, 1450.0, 6.17, 6432.0, 7993.5, 4184.43, 51.34, 6246.0, 186.0, 6432.0, 7807.5, 186.0, 7993.5, 5454.6, 186.0, 1450.0, 6.17, 4184.43, 50000.0, 51.34]","[6246.0, 186.0, 6432.0, 7807.5, 186.0, 7993.5, 5454.6, 186.0, 1450.0]",4184.43,arrears,"5. If the Tenant does not void the order, the Tenant shall pay to the Landlord >>>$4,184.43<<<. This  amount includes rent arrears owing up to the date of the hearing and the",found in operative 'It is ordered that' section; matched expected keyword for category
LTB-L-010945-26,L1,Review Order,2026-05-21,L6H,https://d3hf2qahezjxpx.cloudfront.net/attachments/exportedBinaries20260723_175229/069N3000010JNWfIAO/LTB-L-010945-26-RV.pdf,text,[],[],,,,no dollar amount found
LTB-L-097757-25,L1,Order,2026-02-12,L8V,https://d3hf2qahezjxpx.cloudfront.net/attachments/exportedBinaries20260723_175229/069N300000td1SoIAI/LTB-L-097757-25 - February 12 2026.pdf,text,"[1799.0, 5751.9, 80.0, 186.0, 1799.0, 29.08, 4189.82, 5751.9, 186.0, 80.0, 1799.0, 29.08, 4189.82]","[5751.9, 186.0, 80.0]",4189.82,arrears,"e Tenant moved out of the rental unit.  2. The Tenant shall pay to the Landlord >>>$4,189.82<<<. This amount includes rent arrears owing  up to the date the Tenant moved out o",found in operative 'It is ordered that' section; matched expected keyword for category
LTB-L-103876-25,L1,Amended Order,2026-03-31,K7P,https://d3hf2qahezjxpx.cloudfront.net/attachments/exportedBinaries20260723_175229/069N300000wrvN3IAI/LTB-L-103876-25-HR-AM.pdf,text,"[17986.0, 1500.0, 1486.0]",[],17986.0,arrears,"It is ordered on consent that:  1. The Tenant shall pay to the Landlord >>>$17,986.00<<< for arrears of rent up to February 28,  2026 and costs.  2. The Tenant shall pa",found in operative 'It is ordered that' section; matched expected keyword for category
LTB-L-014178-26,L1,Order,2026-04-16,K1V,https://d3hf2qahezjxpx.cloudfront.net/attachments/exportedBinaries20260723_175229/069N300000xdIOHIA2/LTB-L-014178-26-HR_Certified.pdf,text,[],[],,,,no dollar amount found
LTB-L-031559-26,L1,ExParte Order,2026-05-07,L5R,https://d3hf2qahezjxpx.cloudfront.net/attachments/exportedBinaries20260723_175229/069N300000zMJYnIAO/LTB-L-031559-26-EX.pdf,ocr,[],[],,,,no dollar amount found
LTB-L-102211-25,L1,Order,2026-03-02,L8H,https://d3hf2qahezjxpx.cloudfront.net/attachments/exportedBinaries20260723_175229/069N300000uSFKEIA4/LTB-L-102211-25-HR.pdf,text,"[1691.25, 5406.95, 186.0, 1650.0, 25.88, 3917.07, 5406.95, 186.0, 1650.0, 25.88, 3917.07]","[5406.95, 186.0, 1650.0]",3917.07,arrears,"e Tenant moved out of the rental unit.  2. The Tenant shall pay to the Landlord >>>$3,917.07<<<. This amount includes rent arrears owing  up to the date the Tenant moved out o",found in operative 'It is ordered that' section; matched expected keyword for category
LTB-L-108794-25,L1,Order,2026-01-22,L4N,https://d3hf2qahezjxpx.cloudfront.net/attachments/exportedBinaries20260723_175229/069N300000siq3pIAA/LTB-L-098107-25+ LTB-L-108794-25.pdf,,,,,,,download failed: 403 Client Error: Forbidden for url: https://d3hf2qahezjxpx.cloudfront.net/attachments/exportedBinaries20260723_175229/069N300000siq3pIAA/LTB-L-098107-25+%20LTB-L-108794-25.pdf
LTB-L-093550-25,L1,ExParte Order,2026-01-13,N5Y,https://d3hf2qahezjxpx.cloudfront.net/attachments/exportedBinaries20260723_175229/069N300000rsHjlIAE/LTB-L-093550-25-EX-signed.pdf,text,[],[],,,,no dollar amount found
LTB-L-018269-26,L1,Order,2026-05-22,N3H,https://d3hf2qahezjxpx.cloudfront.net/attachments/exportedBinaries20260723_175229/069N3000010C2bqIAC/LTB-L-018269-26-HR - May 22 2026.pdf,text,"[1781.0, 1595.0, 186.0, 600.0, 200.0, 200.0, 200.0, 200.0, 200.0, 181.0]",[],1781.0,arrears,"it is ordered that:  1. The Tenant shall pay to the Landlord >>>$1,781.00<<<, which represents the arrears of rent  ($1,595.00) and costs ($186.00) outstand",found in operative 'It is ordered that' section; matched expected keyword for category
LTB-L-103081-25,L1,Order,2026-04-07,M5A,https://d3hf2qahezjxpx.cloudfront.net/attachments/exportedBinaries20260723_175229/069N300000wt7x7IAA/LTB-L-103081-25-HR.pdf,text,"[1097.89, 36.1, 1097.89, 400.0, 3864.79, 186.0, 1045.0, 4.75, 700.0, 6246.57, 2516.85, 36.1, 6460.57, 186.0, 400.0, 6246.57, 3780.6, 186.0, 400.0, 1045.0, 4.75, 2516.85, 50000.0, 36.1]","[6460.57, 186.0, 3780.6, 186.0]",6246.57,arrears,"cation was filed  - $400.00  Total the Tenant must pay to continue the tenancy  >>>$6,246.57<<<  B. Amount the Tenant must pay if the tenancy is terminated  Rent Owing To Hear",found in operative 'It is ordered that' section; matched expected keyword for category
LTB-L-017390-26,L1,Order,2026-05-15,P2A,https://d3hf2qahezjxpx.cloudfront.net/attachments/exportedBinaries20260723_175229/069N300000zSCJQIA4/LTB-L-017390-26-HR.pdf,text,"[947.0, 31.13, 947.0, 2841.0, 1558.02, 186.0, 1744.02, 983.8, 31.13, 4399.02, 186.0, 2841.0, 1744.02, 3638.8, 186.0, 2841.0, 983.8, 50000.0, 31.13]","[4399.02, 186.0, 3638.8, 186.0]",1744.02,arrears,"ion was filed  - $2,841.00  Total the Tenants must pay to continue the tenancy  >>>$1,744.02<<<  B. Amount the Tenants must pay if the tenancy is terminated  Rent Owing To Hea",found in operative 'It is ordered that' section; matched expected keyword for category
LTB-L-081479-25,L1,Order,2026-01-30,M3K,https://d3hf2qahezjxpx.cloudfront.net/attachments/exportedBinaries20260723_175229/069N300000t8vPnIAI/LTB-L-081479-25-HR.pdf,text,"[2900.0, 1450.0, 47.67, 1450.0, 8700.0, 8700.0, 8700.0]",[8700.0],8700.0,arrears,"It is ordered that:  1. The Tenant shall pay to the Landlord >>>$8,700.00<<<. This amount includes rent arrears owing  up to December 31, 2025.         File",found in operative 'It is ordered that' section; matched expected keyword for category
LTB-L-091307-25,L1,Order,2026-01-29,M1K,https://d3hf2qahezjxpx.cloudfront.net/attachments/exportedBinaries20260723_175229/069N300000souERIAY/LTB-L-091307-25-HR.pdf,text,"[850.0, 1409.0, 186.0, 850.0, 8.33, 736.67, 1409.0, 186.0, 850.0, 8.33, 736.67]","[1409.0, 186.0, 850.0]",736.67,arrears,e Tenant moved out of the rental unit.  2. The Tenant shall pay to the Landlord >>>$736.67<<<. This amount includes rent arrears owing up  to the date the Tenant moved out o,found in operative 'It is ordered that' section; matched expected keyword for category
LTB-L-088562-25,L1,Order,2026-01-05,L4L,https://d3hf2qahezjxpx.cloudfront.net/attachments/exportedBinaries20260723_175229/069N300000qeDF8IAM/LTB-L-088562-25-HR.pdf,text,"[1000.0, 32.88, 1000.0, 7000.0, 186.0, 8186.0, 6712.08, 32.88, 8000.0, 186.0, 8186.0, 6526.08, 186.0, 6712.08, 50000.0, 32.88]","[8000.0, 186.0, 8186.0, 6526.08]",6712.08,arrears,"5. If the Tenant does not void the order, the Tenant shall pay to the Landlord >>>$6,712.08<<<. This  amount includes rent arrears owing up to the date of the hearing and the",found in operative 'It is ordered that' section; matched expected keyword for category
LTB-L-094490-25,L1,Order,2026-02-06,K1V,https://d3hf2qahezjxpx.cloudfront.net/attachments/exportedBinaries20260723_175229/069N300000tJ3grIAC/LTB-L-094490-25-HR.pdf,text,"[115.0, 3.78, 115.0, 230.0, 230.0, 186.0, 531.0, 646.0, 406.84, 3.78, 575.0, 186.0, 230.0, 531.0, 690.0, 186.0, 230.0, 646.0, 450.84, 186.0, 230.0, 406.84, 50000.0, 3.78]","[575.0, 186.0, 690.0, 186.0, 450.84, 186.0]",646.0,arrears,"ary 28, 2026. See Schedule 1 for  the calculation of the amount owing.   OR  •  >>>$646.00<<< if the payment is made on or before March 31, 2026. See Schedule 1 for  the cal",found in operative 'It is ordered that' section; matched expected keyword for category
LTB-L-101385-25,L1,Order,2026-04-01,N5A,https://d3hf2qahezjxpx.cloudfront.net/attachments/exportedBinaries20260723_175229/069N300000wTrpAIAS/LTB-L-101385-25-HR.pdf,text,"[2295.99, 2295.99, 6982.94, 40.0, 186.0, 2165.0, 62.1, 4981.84, 6982.94, 186.0, 40.0, 2165.0, 62.1, 4981.84]","[6982.94, 186.0, 40.0]",4981.84,arrears,"e Tenant moved out of the rental unit.  2. The Tenant shall pay to the Landlord >>>$4,981.84<<<. This amount includes rent arrears owing  up to the date the Tenant moved out o",found in operative 'It is ordered that' section; matched expected keyword for category
LTB-L-095628-25,L1,Order,2026-02-12,M1P,https://d3hf2qahezjxpx.cloudfront.net/attachments/exportedBinaries20260723_175229/069N300000tiasxIAA/LTB-L-095628-25-HR.pdf,text,"[262.0, 8.61, 262.0, 524.0, 1444.0, 186.0, 373.42, 39.84, 1630.0, 997.79, 8.61, 1968.0, 186.0, 524.0, 1630.0, 1749.05, 186.0, 524.0, 373.42, 39.84, 997.79, 50000.0, 8.61]","[1968.0, 186.0, 1749.05, 186.0]",1630.0,arrears,"cation was filed  - $524.00  Total the Tenant must pay to continue the tenancy  >>>$1,630.00<<<  B. Amount the Tenant must pay if the tenancy is terminated  Rent Owing to Hear",found in operative 'It is ordered that' section; matched expected keyword for category
LTB-L-010418-26,L1,ExParte Order,2026-04-15,M3L,https://d3hf2qahezjxpx.cloudfront.net/attachments/exportedBinaries20260723_175229/069N300000xr5kTIAQ/LTB-L-010418-26-EX.pdf,text,[],[],,,,no dollar amount found
LTB-L-022548-26,L1,Order,2026-05-28,N5R,https://d3hf2qahezjxpx.cloudfront.net/attachments/exportedBinaries20260723_175229/069N3000010NqiJIAS/LTB-L-022548-26_L1_2026 05 28.pdf,text,"[536.0, 9072.0, 8846.0, 40.0, 186.0, 200.0, 72.0]","[40.0, 186.0]",9072.0,arrears,"It is ordered on consent that:  1. The Tenant shall pay to the Landlord >>>$9,072.00<<<. This amount represents  $8,846.00 for arrears of rent up to May 31, 2026, $40.",found in operative 'It is ordered that' section; matched expected keyword for category
LTB-L-019737-26,L1,Order,2026-05-07,M5V,https://d3hf2qahezjxpx.cloudfront.net/attachments/exportedBinaries20260723_175229/069N300000zJwiKIAS/LTB-L-019737-26.pdf,text,"[7400.0, 243.29, 7400.0, 1000.0, 26200.0, 186.0, 26386.0, 20202.45, 243.29, 27200.0, 186.0, 1000.0, 26386.0, 21016.45, 186.0, 1000.0, 20202.45, 50000.0, 243.29]","[27200.0, 186.0, 21016.45, 186.0]",26386.0,arrears,"tion was filed  - $1,000.00  Total the Tenant must pay to continue the tenancy  >>>$26,386.00<<<  B. Amount the Tenant must pay if the tenancy is terminated  Rent Owing to Hear",found in operative 'It is ordered that' section; matched expected keyword for category
LTB-L-005555-26,L1,Order,2026-04-15,K9V,https://d3hf2qahezjxpx.cloudfront.net/attachments/exportedBinaries20260723_175229/069N300000xTMrCIAW/LTB-L-005555-26-L1- April 15 2026.pdf,text,"[2200.0, 72.33, 2200.0, 13200.0, 186.0, 2200.0, 82.09, 13.0, 72.33, 13117.91, 72.33]","[13200.0, 186.0, 2200.0]",13117.91,arrears,"t comply with paragraph 1 of this order, the Tenants shall pay to the  Landlord >>>$13,117.91<<<. This amount represents rent arrears owing up to February 28, 2026.  The intere",found in operative 'It is ordered that' section; matched expected keyword for category
LTB-L-084990-25,L1,Order,2026-01-09,K1T,https://d3hf2qahezjxpx.cloudfront.net/attachments/exportedBinaries20260723_175229/069N300000rc8EHIAY/LTB-L-084990-25 cert.pdf,text,"[1259.24, 41.4, 1259.24, 1274.0, 3964.54, 186.0, 4150.54, 3098.3, 41.4, 5238.54, 186.0, 1274.0, 4150.54, 4186.3, 186.0, 1274.0, 3098.3, 50000.0, 41.4]","[5238.54, 186.0, 4186.3, 186.0]",4150.54,arrears,"tion was filed  - $1,274.00  Total the Tenant must pay to continue the tenancy  >>>$4,150.54<<<  B. Amount the Tenant must pay if the tenancy is terminated  Rent Owing To Hear",found in operative 'It is ordered that' section; matched expected keyword for category
LTB-L-001800-26,L1,Order,2026-03-20,L7C,https://d3hf2qahezjxpx.cloudfront.net/attachments/exportedBinaries20260723_175229/069N300000w6Kp6IAE/LTB-L-001800-26-HR.pdf,text,[],[],,,,no dollar amount found
LTB-L-107134-25,L1,ExParte Order,2026-03-12,M4J,https://d3hf2qahezjxpx.cloudfront.net/attachments/exportedBinaries20260723_175229/069N300000vaOnwIAE/LTB-L-107134-25-VO.pdf,text,[1226.4],[],1226.4,other,"became enforceable.  2. The Tenant's total payment to the Landlord is at least >>>$1,226.40<<<, the amount required to  void order LTB-L-107134-25 if the payment was to be ma","no operative section found, or it had no dollar mentions at all; fell back to full-document search; single candidate amount, no strong keyword match"
LTB-L-104205-25,L1,Order,2026-02-25,N8X,https://d3hf2qahezjxpx.cloudfront.net/attachments/exportedBinaries20260723_175229/069N300000uYojhIAC/LTB-L-104205-25-HR.pdf,text,"[954.05, 31.37, 954.05, 4743.33, 186.0, 720.0, 20.03, 4743.33, 900.0, 900.0, 900.0, 900.0, 900.0, 243.33]",[],4743.33,arrears,"It is ordered that:  1. The Tenant shall pay to the Landlord >>>$4,743.33<<< for arrears of rent up to February 28,  2026, and costs.  2. The Tenant shall p",found in operative 'It is ordered that' section; matched expected keyword for category
LTB-L-020289-26,L1,ExParte Order,2026-03-26,L8N,https://d3hf2qahezjxpx.cloudfront.net/attachments/exportedBinaries20260723_175229/069N300000wWduVIAS/LTB-L-020289-26-EX Certified..pdf,ocr,[],[],,,,no dollar amount found
LTB-L-107144-25,L1,Order,2026-03-10,M9C,https://d3hf2qahezjxpx.cloudfront.net/attachments/exportedBinaries20260723_175229/069N300000vAWp8IAG/LTB-L-107144-25-HR - March 10 2026.pdf,text,"[1534.0, 7670.0, 186.0, 7922.0, 200.0, 7922.0, 200.0, 122.0]",[],7922.0,arrears,"It is ordered that:  1. The Tenant shall pay to the Landlords >>>$7,922.00<<< for arrears of rent up to March  31, 2026, and costs.  2. The Tenant shall pay",found in operative 'It is ordered that' section; matched expected keyword for category
LTB-L-019240-26,L1,Order,2026-05-29,M3N,https://d3hf2qahezjxpx.cloudfront.net/attachments/exportedBinaries20260723_175229/069N3000010XyHxIAK/LTB-L-019240-26.pdf,text,"[2299.33, 3870.44, 308.37, 51.65, 2113.33, 186.0, 2299.33, 3684.44, 186.0, 3870.44, 1626.87, 186.0, 1492.39, 12.11, 308.37, 50000.0, 51.65]","[2113.33, 186.0, 2299.33, 3684.44, 186.0, 3870.44, 1626.87, 186.0, 1492.39]",3870.44,arrears,"May 31, 2026. See Schedule 1 for  the calculation of the amount owing.   OR  •  >>>$3 870.44<<< if the payment is made on or before June 21, 2026. See Schedule 1 for  the calc",found in operative 'It is ordered that' section; matched expected keyword for category
LTB-L-000779-26,L1,Order,2026-03-20,M4Y,https://d3hf2qahezjxpx.cloudfront.net/attachments/exportedBinaries20260723_175229/069N300000w4cVKIAY/LTB-L-000779-26-HR.pdf,text,"[2539.0, 83.47, 2539.0, 15170.53, 186.0, 2539.0, 10.96, 15356.53, 11603.09, 83.47, 15170.53, 186.0, 15356.53, 13967.05, 186.0, 2539.0, 10.96, 11603.09, 50000.0, 83.47]","[15170.53, 186.0, 15356.53, 13967.05, 186.0, 2539.0]",11603.09,arrears,"5. If the Tenant does not void the order, the Tenant shall pay to the Landlord >>>$11,603.09<<<.  This amount includes rent arrears owing up to the date of the hearing and the",found in operative 'It is ordered that' section; matched expected keyword for category
LTB-L-006162-26,L1,Order,2026-04-08,L7N,https://d3hf2qahezjxpx.cloudfront.net/attachments/exportedBinaries20260723_175229/069N300000wmsD2IAI/LTB-L-006162-26-HR.pdf,text,[],[],,,,no dollar amount found
LTB-L-005129-26,L1,ExParte Order,2026-02-27,N1R,https://d3hf2qahezjxpx.cloudfront.net/attachments/exportedBinaries20260723_175229/069N300000ulmydIAA/LTB-L-005129-26-EX-signed.pdf,ocr,[],[],,,,no dollar amount found
LTB-L-020153-25,L1,Order,2026-02-10,N5H,https://d3hf2qahezjxpx.cloudfront.net/attachments/exportedBinaries20260723_175229/069N300000tako6IAA/LTB-L-020153-25-HR.pdf,text,[],[],,,,no dollar amount found
LTB-L-005858-26,L1,Order,2026-04-16,L3X,https://d3hf2qahezjxpx.cloudfront.net/attachments/exportedBinaries20260723_175229/069N300000xTO09IAG/LTB-L-005858-26-HR.pdf,text,"[2746.06, 68.64, 5380.54, 186.0, 2679.0, 9.09, 2878.45, 5449.18, 186.0, 68.64, 2679.0, 9.09, 2878.45]","[5449.18, 186.0]",2878.45,arrears,"e Tenant moved out of the rental unit.  2. The Tenant shall pay to the Landlord >>>$2,878.45<<<. This amount includes rent arrears owing  up to the date the Tenant moved out o",found in operative 'It is ordered that' section; matched expected keyword for category
LTB-L-002581-26,L1,ExParte Order,2026-03-11,M3A,https://d3hf2qahezjxpx.cloudfront.net/attachments/exportedBinaries20260723_175229/069N300000vPfOvIAK/LTB-L-002581-26-EX-signed.pdf,text,[],[],,,,no dollar amount found
LTB-L-084247-25,L1,Order,2026-01-22,L1Z,https://d3hf2qahezjxpx.cloudfront.net/attachments/exportedBinaries20260723_175229/069N300000sS8y4IAC/LTB-L-084247-25-HR.pdf,text,[],[],,,,no dollar amount found
LTB-L-006149-26,L1,Order,2026-04-01,N0M,https://d3hf2qahezjxpx.cloudfront.net/attachments/exportedBinaries20260723_175229/069N300000wvj0gIAA/LTB-L-006149-26_Consent Order Certified.pdf,text,"[885.0, 1956.0, 654.0, 186.0, 840.0, 654.0, 186.0, 140.0, 200.0, 100.0, 200.0, 1.0, 100.0]","[840.0, 654.0, 186.0]",200.0,ambiguous-max,"Due  Amount of  Payment  a.    March 31, 2026  $140.00    b.    April 3, 2026  >>>$200.00<<<    c.    April 31, 2026  $100.00    d.    May 5, 2026  $200.00    e.    May 29,","found in operative 'It is ordered that' section; multiple candidate amounts, took max — manual review advised"
LTB-L-101068-25,L1,ExParte Order,2026-02-12,L8L,https://d3hf2qahezjxpx.cloudfront.net/attachments/exportedBinaries20260723_175229/069N300000tucxRIAQ/LTB-L-101068-25-EX-signed.pdf,text,[],[],,,,no dollar amount found
LTB-L-021109-26,L1,Order,2026-05-22,M9V,https://d3hf2qahezjxpx.cloudfront.net/attachments/exportedBinaries20260723_175229/069N300000zxLVBIA2/LTB-L-021109-26-HR - May 22 2026.pdf,text,"[1435.0, 47.18, 1435.0, 7175.0, 2870.0, 186.0, 1300.0, 116.65, 3056.0, 4491.0, 790.11, 47.18, 10045.0, 186.0, 7175.0, 3056.0, 11480.0, 186.0, 7175.0, 4491.0, 9195.76, 186.0, 7175.0, 1300.0, 116.65, 790.11, 50000.0, 47.18]","[10045.0, 186.0, 11480.0, 186.0, 9195.76, 186.0]",4491.0,arrears,"May 31, 2026. See Schedule 1 for  the calculation of the amount owing.   OR  •  >>>$4,491.00<<< if the payment is made on or before June 2, 2026. See Schedule 1 for  the calcu",found in operative 'It is ordered that' section; matched expected keyword for category
LTB-L-059483-25,L1,Order,2026-01-20,M3N,https://d3hf2qahezjxpx.cloudfront.net/attachments/exportedBinaries20260723_175229/069N300000sOf4ZIAS/LTB-L-059483-25-HR.pdf,text,"[2200.0, 72.33, 2200.0, 3000.0, 2300.0, 2300.0, 16000.0, 1276.62, 506.31, 101.26, 4701.45, 1175.36, 16923.38, 19123.38, 12668.04, 72.33, 23500.0, 3000.0, 1276.62, 2300.0, 16923.38, 25700.0, 3000.0, 1276.62, 2300.0, 19123.38, 19244.66, 3000.0, 1276.62, 2300.0, 12668.04, 50000.0, 72.33]",[],25700.0,arrears,"ayment is made on or before February 28, 2026  Rent Owing To February 28, 2026  >>>$25,700.00<<<  Less the amount the Tenant paid to the Landlord since the  application was fil",found in operative 'It is ordered that' section; matched expected keyword for category
LTB-L-098724-25,L1,Order,2026-02-10,L2R,https://d3hf2qahezjxpx.cloudfront.net/attachments/exportedBinaries20260723_175229/069N300000te3ysIAA/LTB-L-098724-25~CONSENT ORDER MEDIATED~FEBRUARY 10.pdf,text,"[992.53, 267.66, 189.55]",[],992.53,arrears,"it is ordered that:    1. The Tenant shall pay to the Landlord >>>$992.53<<< for arrears of rent up to February 28,  2026, and costs.     2. The Tenant shal",found in operative 'It is ordered that' section; matched expected keyword for category
LTB-L-018456-26,L1,ExParte Order,2026-05-04,M3N,https://d3hf2qahezjxpx.cloudfront.net/attachments/exportedBinaries20260723_175229/069N300000z2UwcIAE/LTB-L-018456-26 -EX signed.pdf,text,[],[],,,,no dollar amount found
LTB-L-103078-25,L1,ExParte Order,2026-02-12,M1T,https://d3hf2qahezjxpx.cloudfront.net/attachments/exportedBinaries20260723_175229/069N300000tw4lHIAQ/LTB-L-103078-25-EX-signed.pdf,ocr,[],[],,,,no dollar amount found
LTB-L-011220-26,L1,Order,2026-04-17,M9W,https://d3hf2qahezjxpx.cloudfront.net/attachments/exportedBinaries20260723_175229/069N300000xzGPGIA2/LTB-L-011220-26 C-HR.pdf,text,"[6317.28, 500.0, 317.28]",[],6317.28,arrears,"it is ordered that:  1. The Tenants shall pay to the Landlord >>>$6,317.28<<< for arrears of rent up to April 30,  2026, and costs.  2. The Tenants shall pay",found in operative 'It is ordered that' section; matched expected keyword for category
LTB-L-105773-25,L1,Order,2026-03-17,L5N,https://d3hf2qahezjxpx.cloudfront.net/attachments/exportedBinaries20260723_175229/069N300000vexWtIAI/LTB-L-105773-25 -HR.pdf,text,"[2665.0, 87.62, 2665.0, 10660.0, 186.0, 2600.0, 78.76, 10846.0, 5677.48, 87.62, 10660.0, 186.0, 10846.0, 8170.24, 186.0, 2600.0, 78.76, 5677.48, 50000.0, 87.62]","[10660.0, 186.0, 10846.0, 8170.24, 186.0, 2600.0]",5677.48,arrears,"5. If the Tenants do not void the order, the Tenants shall pay to the Landlords >>>$5,677.48<<<.  This amount includes rent arrears owing to the date of the hearing and the co",found in operative 'It is ordered that' section; matched expected keyword for category
LTB-L-106196-25,L1,Order,2026-03-04,L6P,https://d3hf2qahezjxpx.cloudfront.net/attachments/exportedBinaries20260723_175229/069N300000uyoBVIAY/LTB-L-106196-25.pdf,text,"[9936.0, 186.0, 5000.0, 500.0, 436.0]",[186.0],9936.0,arrears,"it is ordered that:    1. The Tenants shall pay to the Landlord >>>$9 936.00<<<, representing the rent arrears up to and  including March 14, 2026 and the $186",found in operative 'It is ordered that' section; matched expected keyword for category
LTB-L-097550-25,L1,Order,2026-02-13,M6L,https://d3hf2qahezjxpx.cloudfront.net/attachments/exportedBinaries20260723_175229/069N300000tynr3IAA/LTB-L-097550-25_L1_CONSENT payment.pdf,text,"[8393.5, 8207.5, 186.0, 532.0, 532.0, 2000.0, 532.0, 541.5]",[186.0],8393.5,arrears,"It is ordered on consent that:  1. The Tenant shall pay to the Landlord >>>$8,393.50<<<. This amount represents $8,207.50 for  arrears of rent up to February 28, 2026,",found in operative 'It is ordered that' section; matched expected keyword for category
LTB-L-021863-26,L1,Order,2026-05-05,L1R,https://d3hf2qahezjxpx.cloudfront.net/attachments/exportedBinaries20260723_175229/069N300000yyXOMIA2/LTB-L-021863-26.pdf,text,"[1335.0, 4840.0, 186.0, 5026.0, 500.0, 500.0, 500.0, 500.0, 500.0, 500.0, 500.0, 500.0, 500.0, 526.0]",[],1335.0,stated_total,"right to a hearing on this application.  Agreed Facts:  1) The current rent is >>>$1,335.00<<<. It is due on the 1st day of each month.  2) The rent arrears owing to April 30","no operative section found, or it had no dollar mentions at all; fell back to full-document search; explicit stated-total phrasing (""...is \$X"")"
LTB-L-097576-25,L1,Order,2026-02-18,L2H,https://d3hf2qahezjxpx.cloudfront.net/attachments/exportedBinaries20260723_175229/069N300000trJjGIAU/LTB-L-097576-25-HR.pdf,text,"[2450.0, 80.55, 2450.0, 6200.0, 4850.0, 186.0, 4500.0, 21.23, 5036.0, 7486.0, 1210.28, 80.55, 11050.0, 186.0, 6200.0, 5036.0, 13500.0, 186.0, 6200.0, 7486.0, 9324.95, 186.0, 6200.0, 4500.0, 21.23, 50000.0, 80.55]","[1210.28, 11050.0, 186.0, 13500.0, 186.0, 9324.95, 186.0]",7486.0,arrears,"ary 28, 2026. See Schedule 1  for the calculation of the amount owing.   OR  •  >>>$7,486.00<<< if the payment is made on or before March 1, 2026. See Schedule 1 for  the calc",found in operative 'It is ordered that' section; matched expected keyword for category
LTB-L-092119-25,L1,Order,2026-01-30,L3X,https://d3hf2qahezjxpx.cloudfront.net/attachments/exportedBinaries20260723_175229/069N300000sk3dOIAQ/LTB-L-092119-25-HR - signed.pdf,text,"[2994.28, 98.44, 2994.28, 14366.09, 20.0, 0.0, 186.0, 2850.0, 276.55, 14572.09, 17566.37, 10223.18, 98.44, 14366.09, 186.0, 20.0, 14572.09, 17360.37, 186.0, 20.0, 17566.37, 13143.73, 186.0, 20.0, 2850.0, 276.55, 10223.18, 50000.0, 98.44]","[14366.09, 186.0, 20.0, 17360.37, 186.0, 20.0, 13143.73, 186.0, 20.0]",17566.37,arrears,"uary 3, 2026. See Schedule 1  for the calculation of the amount owing.   OR  •  >>>$17,566.37<<< if the payment is made on or before February 10, 2026. See Schedule 1  for the",found in operative 'It is ordered that' section; matched expected keyword for category
LTB-L-016526-26,L1,Order,2026-05-06,M9A,https://d3hf2qahezjxpx.cloudfront.net/attachments/exportedBinaries20260723_175229/069N300000zElDfIAK/LTB-L-016526-26-HR.pdf,text,"[2580.0, 84.82, 2580.0, 6500.0, 1240.0, 186.0, 2577.65, 22.39, 75.0, 4006.0, 1174.04, 84.82, 10320.0, 186.0, 6500.0, 4006.0, 7740.0, 186.0, 6500.0, 2577.65, 22.39, 50000.0, 84.82]","[1174.04, 10320.0, 186.0, 7740.0, 186.0]",4006.0,arrears,"tion was filed  - $6,500.00  Total the Tenant must pay to continue the tenancy  >>>$4,006.00<<<  B. Amount the Tenant must pay if the tenancy is terminated  Rent Owing to Hear",found in operative 'It is ordered that' section; matched expected keyword for category
LTB-L-008292-26,L1,Order,2026-03-30,L9M,https://d3hf2qahezjxpx.cloudfront.net/attachments/exportedBinaries20260723_175229/069N300000wj1jNIAQ/LTB-L-008292-26-HR - March 30 2026.pdf,text,"[850.5, 27.96, 850.5, 950.0, 1939.5, 186.0, 2125.5, 2976.0, 1974.0, 27.96, 2889.5, 186.0, 950.0, 2125.5, 3740.0, 186.0, 950.0, 2976.0, 2738.0, 186.0, 950.0, 1974.0, 50000.0, 27.96]","[2889.5, 186.0, 3740.0, 186.0, 2738.0, 186.0]",2976.0,arrears,"rch 31, 2026. See Schedule 1 for  the calculation of the amount owing.   OR  •  >>>$2,976.00<<< if the payment is made on or before April 10, 2026. See Schedule 1 for  the cal",found in operative 'It is ordered that' section; matched expected keyword for category
LTB-L-008495-26,L1,Order,2026-04-22,M9R,https://d3hf2qahezjxpx.cloudfront.net/attachments/exportedBinaries20260723_175229/069N300000yEQrKIAW/LTB-L-008495-26-HR.pdf,text,"[1626.3, 53.47, 1626.3, 1626.3, 6505.2, 186.0, 1626.3, 9.73, 6691.2, 8317.5, 4177.45, 53.47, 8131.5, 186.0, 1626.3, 6691.2, 9757.8, 186.0, 1626.3, 8317.5, 7253.78, 186.0, 1626.3, 1626.3, 9.73, 4177.45, 50000.0, 53.47]","[8131.5, 186.0, 9757.8, 186.0, 7253.78, 186.0]",8317.5,arrears,"ril 30, 2026. See Schedule 1 for  the calculation of the amount owing.   OR  •  >>>$8,317.50<<< if the payment is made on or before May 3, 2026. See Schedule 1 for the  calcul",found in operative 'It is ordered that' section; matched expected keyword for category
LTB-L-094032-25,L1,ExParte Order,2026-01-14,M3C,https://d3hf2qahezjxpx.cloudfront.net/attachments/exportedBinaries20260723_175229/069N300000sCC6LIAW/LTB-L-094032-25-EX-signed.pdf,ocr,[],[],,,,no dollar amount found
LTB-L-086667-25,L1,Order,2026-01-12,M6H,https://d3hf2qahezjxpx.cloudfront.net/attachments/exportedBinaries20260723_175229/069N300000rtS8VIAU/ltb-l-086667-25.pdf,text,[2000.0],[],2000.0,arrears,"fter January 14, 2026.  4.  On or before, January 13, 2026, the Tenant will pay >>>$2,000.00<<< representing all  arrears to January 13, 2026.  5.  In the event that the Tenan",found in operative 'It is ordered that' section; matched expected keyword for category
LTB-L-093579-25,L1,Order,2026-01-30,M3A,https://d3hf2qahezjxpx.cloudfront.net/attachments/exportedBinaries20260723_175229/069N300000sk9KZIAY/LTB-L-093579-25-HR.pdf,text,"[0.0, 186.0, 185.6, 185.6]",[185.6],185.6,arrears,"that:  1. On or before February 20, 2026, the Tenants shall pay to the Landlord >>>$185.60<<<.          File Number: LTB-L-093579-25      Order Page 2 of 2       2. If the T",found in operative 'It is ordered that' section; matched expected keyword for category
LTB-L-092533-25,L1,ExParte Order,2026-01-12,M9V,https://d3hf2qahezjxpx.cloudfront.net/attachments/exportedBinaries20260723_175229/069N300000rwUP7IAM/LTB-L-092533-25-EX-signed.pdf,text,[],[],,,,no dollar amount found
LTB-L-097092-25,L1,Order,2026-02-18,M6K,https://d3hf2qahezjxpx.cloudfront.net/attachments/exportedBinaries20260723_175229/069N300000u0bXKIAY/LTB-L-097092-25.pdf,text,"[1198.61, 3195.0, 2052.04, 186.0, 2238.04]",[],3195.0,arrears,"nuary 1, 2026. It is due on the 1st day of  each month.  3) The Tenant has paid >>>$3,195.00<<< to the Landlord since the application was filed.  4) The rent arrears owing to","no operative section found, or it had no dollar mentions at all; fell back to full-document search; matched expected keyword for category"
LTB-L-004683-26,L1,ExParte Order,2026-03-20,L4X,https://d3hf2qahezjxpx.cloudfront.net/attachments/exportedBinaries20260723_175229/069N300000w8PpRIAU/LTB-L-004683-26-EX Certified.pdf,text,[],[],,,,no dollar amount found
LTB-L-008597-26,L1,Order,2026-04-16,M6G,https://d3hf2qahezjxpx.cloudfront.net/attachments/exportedBinaries20260723_175229/069N300000y2iLvIAI/LTB-L-008597-26-HR.pdf,text,[],[],,,,no dollar amount found
LTB-L-005281-26,L1,Order,2026-03-30,L1K,https://d3hf2qahezjxpx.cloudfront.net/attachments/exportedBinaries20260723_175229/069N300000wbr2MIAQ/LTB-L-005281-26-HR - March 30 2026 cert.pdf,text,[],[],,,,no dollar amount found
LTB-L-091637-25,L1,Order,2026-01-22,K1L,https://d3hf2qahezjxpx.cloudfront.net/attachments/exportedBinaries20260723_175229/069N300000sQmBeIAK/LTB-L-091637-25.pdf,text,"[1545.0, 50.79, 1545.0, 1500.0, 4730.79, 186.0, 1545.0, 53.47, 4916.79, 6461.79, 2484.38, 50.79, 6230.79, 186.0, 1500.0, 4916.79, 7775.79, 186.0, 1500.0, 6461.79, 5396.85, 186.0, 1500.0, 1545.0, 53.47, 2484.38, 50000.0, 50.79]","[6230.79, 186.0, 7775.79, 186.0, 5396.85, 186.0]",6461.79,arrears,"ary 31, 2026. See Schedule 1  for the calculation of the amount owing.   OR  •  >>>$6,461.79<<< if the payment is made on or before February 2, 2026. See Schedule 1  for the c",found in operative 'It is ordered that' section; matched expected keyword for category
LTB-L-085097-25,L1,Order,2026-01-29,N1R,https://d3hf2qahezjxpx.cloudfront.net/attachments/exportedBinaries20260723_175229/069N300000sxe7EIAQ/LTB-L-085097-25-HR.pdf,text,"[2074.97, 2195.78, 4270.75, 2074.97, 6345.72, 186.0, 2090.0, 47.81, 4393.91, 6345.72, 186.0, 2090.0, 47.81, 4393.91]","[6345.72, 186.0, 2090.0]",4393.91,arrears,"e Tenant moved out of the rental unit.  2. The Tenant shall pay to the Landlord >>>$4,393.91<<<. This amount includes rent arrears owing  up to the date the Tenant moved out o",found in operative 'It is ordered that' section; matched expected keyword for category
LTB-L-009404-26,L1,Order,2026-05-05,L5N,https://d3hf2qahezjxpx.cloudfront.net/attachments/exportedBinaries20260723_175229/069N300000yzVpAIAU/LTB-L-009404-26-HR.pdf,text,"[3000.0, 98.63, 3000.0, 15000.0, 186.0, 3000.0, 35.9, 18186.0, 11418.59, 98.63, 18000.0, 186.0, 18186.0, 14268.49, 186.0, 3000.0, 35.9, 11418.59, 50000.0, 98.63]","[18000.0, 186.0, 18186.0, 14268.49, 186.0, 3000.0]",11418.59,arrears,"5. If the Tenant does not void the order, the Tenant shall pay to the Landlord >>>$11,418.59<<<.  This amount includes rent arrears owing up to the date of the hearing and the",found in operative 'It is ordered that' section; matched expected keyword for category
LTB-L-022645-26,L1,Order,2026-05-27,P1B,https://d3hf2qahezjxpx.cloudfront.net/attachments/exportedBinaries20260723_175229/069N3000010NnzOIAS/LTB-L-022645-26-HR.pdf,text,[],[],,,,no dollar amount found
LTB-L-016613-26,L1,Order,2026-05-26,L6Y,https://d3hf2qahezjxpx.cloudfront.net/attachments/exportedBinaries20260723_175229/069N3000010NNkzIAG/LTB-L-016613-26-HR.pdf,text,[],[],,,,no dollar amount found
LTB-L-016499-26,L1,Order,2026-05-08,M4Y,https://d3hf2qahezjxpx.cloudfront.net/attachments/exportedBinaries20260723_175229/069N300000zH6CNIA0/LTB-L-016499-26.pdf,text,"[1988.9, 65.39, 1988.9, 46412.99, 186.0, 1825.0, 175.05, 46598.99, 42871.6, 65.39, 46412.99, 186.0, 46598.99, 44685.65, 186.0, 1825.0, 175.05, 42871.6, 50000.0, 65.39]","[46412.99, 186.0, 46598.99, 44685.65, 186.0, 1825.0]",42871.6,arrears,"5. If the Tenant does not void the order, the Tenant shall pay to the Landlord >>>$42,871.60<<<.  This amount includes rent arrears owing up to the date of the hearing and the",found in operative 'It is ordered that' section; matched expected keyword for category
LTB-L-102869-25,L1,Order,2026-02-20,L8P,https://d3hf2qahezjxpx.cloudfront.net/attachments/exportedBinaries20260723_175229/069N300000u5e7rIAA/LTB-L-102869-25.pdf,text,[],[],,,,no dollar amount found
LTB-L-095395-25,L1,Order,2026-01-28,M2K,https://d3hf2qahezjxpx.cloudfront.net/attachments/exportedBinaries20260723_175229/069N300000swjNdIAI/LTB-L-095395-25_L1_January-28-2026.pdf,text,"[2020.0, 20386.0, 20200.0, 186.0, 1700.0, 1700.0, 1700.0, 1700.0, 1700.0, 1700.0, 1700.0, 1700.0, 1700.0, 1700.0, 1700.0, 1686.0]","[20386.0, 20200.0, 186.0]",1700.0,ambiguous-max,"g schedule:             Date Payment Due  Amount of Payment  February 10, 2026  >>>$1,700.00<<<     File Number: LTB-L-095395-25      Order Page 2 of 2       March 10, 2026  $","found in operative 'It is ordered that' section; multiple candidate amounts, took max — manual review advised"
LTB-L-011833-26,L1,Order,2026-05-05,L1G,https://d3hf2qahezjxpx.cloudfront.net/attachments/exportedBinaries20260723_175229/069N300000yy9pGIAQ/LTB-L-011833-26-HR.pdf,text,[],[],,,,no dollar amount found
LTB-L-093468-25,L1,Order,2026-01-29,P3C,https://d3hf2qahezjxpx.cloudfront.net/attachments/exportedBinaries20260723_175229/069N300000svmP2IAI/LTB-L-093468-25-HR -Extended standard order.pdf,text,"[1100.0, 36.16, 1100.0, 5298.0, 186.0, 1100.0, 101.23, 5484.0, 6584.0, 2280.29, 36.16, 5298.0, 186.0, 5484.0, 6398.0, 186.0, 6584.0, 4993.52, 186.0, 1100.0, 101.23, 3978.29, 50000.0, 36.16]","[5298.0, 186.0, 5484.0, 6398.0, 186.0, 6584.0, 4993.52, 186.0, 1100.0]",6584.0,arrears,"ary 31, 2026. See Schedule 1  for the calculation of the amount owing.   OR  •  >>>$6,584.00<<< if the payment is made on or before February 28, 2026. See Schedule 1  for the",found in operative 'It is ordered that' section; matched expected keyword for category
LTB-L-015822-26,L1,Order,2026-05-11,M1T,https://d3hf2qahezjxpx.cloudfront.net/attachments/exportedBinaries20260723_175229/069N300000zQkQhIAK/LTB-L-015822-26-HR - May 11 2026.pdf,text,"[3100.0, 101.92, 3100.0, 50.0, 15450.0, 186.0, 18736.0, 15287.84, 101.92, 18600.0, 186.0, 50.0, 18736.0, 15151.84, 186.0, 50.0, 15287.84, 50000.0, 101.92]","[18600.0, 186.0, 15151.84, 186.0]",18736.0,arrears,"ication was filed  - $50.00  Total the Tenant must pay to continue the tenancy  >>>$18,736.00<<<  B. Amount the Tenant must pay if the tenancy is terminated  Rent Owing To Hear",found in operative 'It is ordered that' section; matched expected keyword for category
LTB-L-059570-25,L1,Amended Order,2026-02-06,L6X,https://d3hf2qahezjxpx.cloudfront.net/attachments/exportedBinaries20260723_175229/069N300000tOmiuIAC/LTB-L-059570-25-AM.pdf,text,"[1700.0, 55.89, 1700.0, 17000.0, 186.0, 1200.0, 20586.0, 16603.8, 55.89, 20400.0, 186.0, 20586.0, 16417.8, 186.0, 16603.8, 50000.0, 55.89]","[20400.0, 186.0, 20586.0, 16417.8]",16603.8,arrears,"5. If the Tenant does not void the order, the Tenant shall pay to the Landlord >>>$16,603.80<<<.  This amount includes rent arrears owing up to the date of the hearing and the",found in operative 'It is ordered that' section; matched expected keyword for category
LTB-L-096676-25,L1,Order,2026-02-04,L1J,https://d3hf2qahezjxpx.cloudfront.net/attachments/exportedBinaries20260723_175229/069N300000t9xkNIAQ/LTB-L-096676-25-HR - February 4 2026.pdf,text,"[1800.0, 59.18, 1800.0, 5150.0, 186.0, 1800.0, 20.3, 7136.0, 3372.74, 59.18, 6950.0, 186.0, 7136.0, 5007.04, 186.0, 1800.0, 20.3, 3372.74, 50000.0, 59.18]","[6950.0, 186.0, 7136.0, 5007.04, 186.0, 1800.0]",3372.74,arrears,". If the Tenants does not void the order, the Tenants shall pay to the Landlord >>>$3,372.74<<<.  This amount includes rent arrears owing up to the date of the hearing and the",found in operative 'It is ordered that' section; matched expected keyword for category
LTB-L-022830-26,L1,Order,2026-05-29,N1H,https://d3hf2qahezjxpx.cloudfront.net/attachments/exportedBinaries20260723_175229/069N3000010i5gMIAQ/LTB-L-022830-26-HR_Certified.pdf,text,"[916.0, 30.12, 916.0, 2939.0, 725.0, 186.0, 911.0, 1827.0, 627.52, 30.12, 3664.0, 186.0, 2939.0, 911.0, 4580.0, 186.0, 2939.0, 1827.0, 3380.52, 186.0, 2939.0, 627.52, 50000.0, 30.12]","[3664.0, 186.0, 4580.0, 186.0, 3380.52, 186.0]",1827.0,arrears,"May 31, 2026. See Schedule 1 for the  calculation of the amount owing.   OR  •  >>>$1,827.00<<< if the payment is made on or before June 30, 2026. See Schedule 1 for  the calc",found in operative 'It is ordered that' section; matched expected keyword for category
LTB-L-006569-26,L1,Order,2026-04-13,N9A,https://d3hf2qahezjxpx.cloudfront.net/attachments/exportedBinaries20260723_175229/069N300000xiOvvIAE/LTB-L-006569-26-SIGN.pdf,text,"[468.0, 390.5, 390.5, 390.5, 390.5, 390.5, 390.5, 390.5, 390.5, 390.5, 390.5, 390.5, 390.5]",[],468.0,arrears,"It is ordered on consent that: 1. The Tenants shall pay to the Landlord >>>$468<<<6.00 for arrears of rent up to April 30, 2026,  and costs.  2. The Tenants shall",found in operative 'It is ordered that' section; matched expected keyword for category
LTB-L-094941-25,L1,Order,2026-02-02,N5A,https://d3hf2qahezjxpx.cloudfront.net/attachments/exportedBinaries20260723_175229/069N300000szycrIAA/LTB-L-094941-25-HR.pdf,text,"[2292.61, 75.37, 2292.61, 9170.44, 186.0, 2262.74, 59.95, 11649.05, 6700.76, 75.37, 11463.05, 186.0, 11649.05, 8837.45, 186.0, 2262.74, 59.95, 6700.76, 50000.0, 75.37]","[11463.05, 186.0, 11649.05, 8837.45, 186.0, 2262.74]",6700.76,arrears,"5. If the Tenant does not void the order, the Tenant shall pay to the Landlord >>>$6,700.76<<<. This  amount includes rent arrears owing up to the date of the hearing and the",found in operative 'It is ordered that' section; matched expected keyword for category
LTB-L-103914-25,L1,Order,2026-02-24,L5B,https://d3hf2qahezjxpx.cloudfront.net/attachments/exportedBinaries20260723_175229/069N300000uLhmZIAS/LTB-L-103914-25-HR.pdf,text,"[2350.0, 77.26, 2350.0, 5050.0, 2350.0, 186.0, 2350.0, 48.0, 2536.0, 4886.0, 821.32, 77.26, 7400.0, 186.0, 5050.0, 2536.0, 9750.0, 186.0, 5050.0, 4886.0, 6440.68, 186.0, 5050.0, 2350.0, 48.0, 50000.0, 77.26]","[821.32, 7400.0, 186.0, 9750.0, 186.0, 6440.68, 186.0]",4886.0,arrears,"ary 28, 2026. See Schedule 1  for the calculation of the amount owing.   OR  •  >>>$4,886.00<<< if the payment is made on or before March 7, 2026. See Schedule 1 for  the calc",found in operative 'It is ordered that' section; matched expected keyword for category
LTB-L-008556-26,L1,Order,2026-04-08,N2J,https://d3hf2qahezjxpx.cloudfront.net/attachments/exportedBinaries20260723_175229/069N300000xME2RIAW/LTB-L-008556-26-Certified.pdf,text,"[16111.0, 13818.7, 40.27, 15925.0, 186.0, 0.0, 0.0, 0.0, 0.0, 0.0, 16111.0, 14981.89, 186.0, 0.0, 0.0, 0.0, 1225.0, 124.19, 0.0, 0.0, 13818.7, 40.27]","[15925.0, 186.0, 0.0, 14981.89, 186.0, 0.0]",16111.0,arrears,"ant is entitled to  - $0.00  Total the Tenant must pay to continue the tenancy  >>>$16,111.00<<<  B. Amount the Tenant must pay if the tenancy is terminated  Rent Owing To Hear",found in operative 'It is ordered that' section; matched expected keyword for category
LTB-L-004383-26,L1,Order,2026-03-10,L9T,https://d3hf2qahezjxpx.cloudfront.net/attachments/exportedBinaries20260723_175229/069N300000vGTJmIAO/LTB-L-004383-26-HR - March 10 2026 (1).doc.pdf,text,[],[],,,,no dollar amount found
LTB-L-103174-25,L1,Order,2026-02-25,M1W,https://d3hf2qahezjxpx.cloudfront.net/attachments/exportedBinaries20260723_175229/069N300000ucoQAIAY/LTB-L-103174-25-SIGN.pdf,text,"[1560.9, 51.32, 1560.9, 1000.0, 5899.22, 186.0, 1450.19, 6876.32, 3279.41, 51.32, 7690.32, 186.0, 1000.0, 6876.32, 5543.6, 186.0, 1000.0, 1450.19, 3279.41, 50000.0, 51.32]","[7690.32, 186.0, 5543.6, 186.0]",1560.9,stated_total,"It is ordered on consent that: 1. The lawful rent is >>>$1,560.90<<<. It is due on the first day of each month.  2. Based on the Monthly rent, the d","found in operative 'It is ordered that' section; explicit stated-total phrasing (""...is \$X"")"
LTB-L-001379-26,L1,Order,2026-03-20,N0H,https://d3hf2qahezjxpx.cloudfront.net/attachments/exportedBinaries20260723_175229/069N300000w3i1VIAQ/LTB-L-001379-26-HR.pdf,text,"[363.88, 11.96, 363.88, 3972.2, 186.0, 4158.2, 3985.68, 11.96, 3972.2, 186.0, 4158.2, 3799.68, 186.0, 3985.68, 50000.0, 11.96]","[3972.2, 186.0, 4158.2, 3799.68]",3985.68,arrears,"5. If the Tenant does not void the order, the Tenant shall pay to the Landlord >>>$3,985.68<<<. This  amount includes rent arrears owing up to the date of the hearing and the",found in operative 'It is ordered that' section; matched expected keyword for category
LTB-L-008210-26,L1,Order,2026-03-13,K2P,https://d3hf2qahezjxpx.cloudfront.net/attachments/exportedBinaries20260723_175229/069N300000vZzcTIAS/LTB-L-008210-26-HR -EN.pdf,text,"[1218.0, 40.04, 1218.0, 1218.0, 3654.0, 186.0, 121.0, 5058.0, 6276.0, 3582.96, 40.04, 6090.0, 186.0, 1218.0, 5058.0, 7308.0, 186.0, 1218.0, 6276.0, 4614.96, 186.0, 1218.0, 3582.96, 50000.0, 40.04]","[6090.0, 186.0, 7308.0, 186.0, 4614.96, 186.0]",6276.0,arrears,"rch 31, 2026. See Schedule 1 for  the calculation of the amount owing.   OR  •  >>>$6,276.00<<< if the payment is made on or before April 10, 2026. See Schedule 1 for  the cal",found in operative 'It is ordered that' section; matched expected keyword for category
LTB-L-020943-26,L1,ExParte Order,2026-04-09,M2R,https://d3hf2qahezjxpx.cloudfront.net/attachments/exportedBinaries20260723_175229/069N300000xKEUiIAO/LTB-L-020943-26-EX-signed.pdf,ocr,[],[],,,,no dollar amount found
LTB-L-014324-26,L1,Order,2026-04-28,N9A,https://d3hf2qahezjxpx.cloudfront.net/attachments/exportedBinaries20260723_175229/069N300000ydCwPIAU/LTB-L-014324-26 U-HR.pdf,text,"[1250.67, 41.12, 1250.67, 5504.02, 186.0, 1100.0, 146.79, 5690.02, 6940.69, 4097.2, 41.12, 5504.02, 186.0, 5690.02, 6754.69, 186.0, 6940.69, 5157.99, 186.0, 1100.0, 146.79, 4097.2, 50000.0, 41.12]","[5504.02, 186.0, 5690.02, 6754.69, 186.0, 6940.69, 5157.99, 186.0, 1100.0]",6940.69,arrears,"ril 30, 2026. See Schedule 1 for  the calculation of the amount owing.   OR  •  >>>$6,940.69<<< if the payment is made on or before May 9, 2026. See Schedule 1 for the  calcul",found in operative 'It is ordered that' section; matched expected keyword for category
LTB-L-091991-25,L1,Order,2026-02-09,K2H,https://d3hf2qahezjxpx.cloudfront.net/attachments/exportedBinaries20260723_175229/069N300000thudaIAA/LTB-L-091991-25_PAYPLAN.pdf,text,"[1370.17, 800.0, 570.17]",[],1370.17,arrears,"It is ordered on consent that:  1. The Tenant shall pay to the Landlord >>>$1,370.17<<< for arrears of rent up to January 31, 2026,   and costs.  2. The Tenant shall p",found in operative 'It is ordered that' section; matched expected keyword for category
LTB-L-098740-25,L1,ExParte Order,2026-01-27,K1G,https://d3hf2qahezjxpx.cloudfront.net/attachments/exportedBinaries20260723_175229/069N300000suvHXIAY/LTB-L-098740-25_EX-Signed.pdf,text,"[3859.8, 3673.8, 186.0, 600.0, 600.0, 600.0, 600.0, 600.0, 600.0, 259.8]","[3673.8, 186.0]",3859.8,arrears,"it is ordered that:   1. The Tenants shall pay the Landlord >>>$3,859.80<<<, which includes:   o $3,673.80 for arrears owing up to January 31, 2026; and  o",found in operative 'It is ordered that' section; matched expected keyword for category
LTB-L-098302-25,L1,Order,2026-02-23,N2L,https://d3hf2qahezjxpx.cloudfront.net/attachments/exportedBinaries20260723_175229/069N300000u7PPdIAM/L1 Payment Plan Consent (Order)_SD-1664808_LTBL09830225 - DRO CAMPBELL DHM STAMPED.pdf,text,"[4152.94, 700.0, 575.0, 575.0, 575.0, 575.0, 575.0, 577.94]",[],4152.94,arrears,"It is ordered on consent that:  1. The Tenant shall pay to the Landlord >>>$4,152.94<<< for arrears of rent up to February 28, 2026  and costs.  2. The Tenant shall pa",found in operative 'It is ordered that' section; matched expected keyword for category
LTB-L-018416-26,L1,ExParte Order,2026-04-28,M3N,https://d3hf2qahezjxpx.cloudfront.net/attachments/exportedBinaries20260723_175229/069N300000yjc57IAA/LTB-L-018416-26 -EX signed.pdf,text,[],[],,,,no dollar amount found
LTB-L-091476-25,L1,Order,2026-01-28,M4P,https://d3hf2qahezjxpx.cloudfront.net/attachments/exportedBinaries20260723_175229/069N300000szdF4IAI/LTB-L-091476-25 Consent Order January 28 2026 Certf..pdf,text,"[2767.5, 90.99, 2767.5, 1500.0, 9570.0, 186.0, 2767.3, 56.52, 9756.0, 12523.5, 6075.47, 90.99, 11070.0, 186.0, 1500.0, 9756.0, 13837.5, 186.0, 1500.0, 12523.5, 10213.29, 186.0, 1500.0, 2767.3, 56.52, 6075.47, 50000.0, 90.99]","[11070.0, 186.0, 13837.5, 186.0, 10213.29, 186.0]",12523.5,arrears,"ary 31, 2026. See Schedule 1 for  the calculation of the amount owing.   OR  •  >>>$12,523.50<<< if the payment is made on or before February 28, 2026. See Schedule 1  for the",found in operative 'It is ordered that' section; matched expected keyword for category
LTB-L-005115-26,L1,Order,2026-03-25,M2M,https://d3hf2qahezjxpx.cloudfront.net/attachments/exportedBinaries20260723_175229/069N300000wJdKYIA0/LTB-L-005115-26-HR.pdf,text,"[4800.0, 157.81, 4800.0, 14400.0, 186.0, 4800.0, 29.0, 14586.0, 19386.0, 8586.63, 157.81, 14400.0, 186.0, 14586.0, 19200.0, 186.0, 19386.0, 13229.63, 186.0, 4800.0, 29.0, 8586.63, 50000.0, 157.81]","[14400.0, 186.0, 14586.0, 19200.0, 186.0, 19386.0, 13229.63, 186.0, 4800.0]",19386.0,arrears,"rch 31, 2026. See Schedule 1  for the calculation of the amount owing.   OR  •  >>>$19,386.00<<< if the payment is made on or before April 5, 2026. See Schedule 1 for  the calc",found in operative 'It is ordered that' section; matched expected keyword for category
LTB-L-014129-26,L1,Order,2026-05-12,K1G,https://d3hf2qahezjxpx.cloudfront.net/attachments/exportedBinaries20260723_175229/069N300000zbR4qIAE/LTB-L-014129-26-ENG.pdf,text,"[115.0, 3.78, 115.0, 200.0, 184.0, 186.0, 485.0, 357.06, 3.78, 499.0, 186.0, 200.0, 485.0, 371.06, 186.0, 200.0, 357.06, 50000.0, 3.78]","[499.0, 186.0, 371.06, 186.0]",485.0,arrears,ation  was filed  - $200.00  Total the Tenant must pay to continue the tenancy  >>>$485.00<<<  B. Amount the Tenant must pay if the tenancy is terminated  Rent Owing To Hear,found in operative 'It is ordered that' section; matched expected keyword for category
LTB-L-089285-25,L1,Order,2026-02-04,M9M,https://d3hf2qahezjxpx.cloudfront.net/attachments/exportedBinaries20260723_175229/069N300000tNsJNIA0/LTB-L-089285-25-HR.pdf,text,"[4811.0, 1000.0, 762.2]",[],4811.0,arrears,"It is ordered on consent that:  1. The Tenant shall pay to the Landlord >>>$4,811.00<<< for arrears of rent up to January 31, 2026  including costs.  2. The Tenant sha",found in operative 'It is ordered that' section; matched expected keyword for category
LTB-L-000257-26,L1,Order,2026-03-19,L6S,https://d3hf2qahezjxpx.cloudfront.net/attachments/exportedBinaries20260723_175229/069N300000vofIUIAY/LTB-L-000257-26 U-HR.pdf,text,"[2350.0, 77.26, 2350.0, 3000.0, 10500.0, 186.0, 2350.0, 259.21, 10686.0, 6576.65, 77.26, 13500.0, 186.0, 3000.0, 10686.0, 11999.86, 186.0, 3000.0, 2350.0, 259.21, 6576.65, 50000.0, 77.26]","[13500.0, 186.0, 11999.86, 186.0]",10686.0,arrears,"tion was filed  - $3,000.00  Total the Tenant must pay to continue the tenancy  >>>$10,686.00<<<  B. Amount the Tenant must pay if the tenancy is terminated  Rent Owing To Hear",found in operative 'It is ordered that' section; matched expected keyword for category
LTB-L-090496-25,L1,Order,2026-01-21,M4P,https://d3hf2qahezjxpx.cloudfront.net/attachments/exportedBinaries20260723_175229/069N300000sZVZlIAO/LTB-L-090496-25 U-HR.pdf,text,"[2807.0, 92.28, 2807.0, 897.0, 12455.57, 186.0, 2807.0, 2.26, 12641.57, 15448.57, 8317.23, 92.28, 13352.57, 186.0, 897.0, 12641.57, 16159.57, 186.0, 897.0, 15448.57, 11837.49, 186.0, 897.0, 2807.0, 2.26, 8317.23, 50000.0, 92.28]","[13352.57, 186.0, 16159.57, 186.0, 11837.49, 186.0]",15448.57,arrears,"ary 31, 2026. See Schedule 1  for the calculation of the amount owing.   OR  •  >>>$15,448.57<<< if the payment is made on or before February 1, 2026. See Schedule 1  for the c",found in operative 'It is ordered that' section; matched expected keyword for category
LTB-L-031688-26,L1,ExParte Order,2026-05-06,L5R,https://d3hf2qahezjxpx.cloudfront.net/attachments/exportedBinaries20260723_175229/069N300000zM4jNIAS/LTB-L-031688-26-EX.pdf,text,[],[],,,,no dollar amount found
LTB-L-095942-25,L1,Order,2026-03-09,M4C,https://d3hf2qahezjxpx.cloudfront.net/attachments/exportedBinaries20260723_175229/069N300000uw5s0IAA/LTB-L-095942-25-HR.pdf,text,"[2325.0, 76.44, 2325.0, 12640.28, 186.0, 2325.0, 4.55, 10496.73, 76.44, 12640.28, 186.0, 2325.0, 4.55, 10496.73, 50000.0, 76.44]","[12640.28, 186.0, 2325.0]",10496.73,arrears,"r before February 28, 2026.  2. The Tenant shall pay the Landlord the amount of >>>$10,496.73<<<, representing arrears owing  to February 28, 2026, and costs. This amount inclu",found in operative 'It is ordered that' section; matched expected keyword for category
LTB-L-069320-25,L1,Review Order,2026-05-01,M6S,https://d3hf2qahezjxpx.cloudfront.net/attachments/exportedBinaries20260723_175229/069N300000ya5RlIAI/LTB-L-069320-25-RV - May 1 2026.pdf,text,"[1600.0, 1800.0, 1800.0, 200.0]",[],1600.0,stated_total,"23, 2025, hearing.  2. The Tenant also alleges that the lawful monthly rent is >>>$1,600.00<<< not $1,800.00 as outlined  in the order and that the Tenants do not have access","no operative section found, or it had no dollar mentions at all; fell back to full-document search; explicit stated-total phrasing (""...is \$X"")"
LTB-L-093543-25,L1,Order,2026-01-27,L4Z,https://d3hf2qahezjxpx.cloudfront.net/attachments/exportedBinaries20260723_175229/069N300000soP4CIAU/LTB-L-093543-25-Consent Order.pdf,text,"[1103.0, 36.26, 1103.0, 186.0, 5177.0, 420.15, 5177.0, 4342.79, 36.26, 4991.0, 186.0, 5177.0, 4576.94, 186.0, 420.15, 4342.79, 50000.0, 36.26]","[186.0, 5177.0, 420.15, 4991.0, 186.0, 5177.0, 4576.94, 186.0]",4342.79,arrears,"5. If the Tenant does not void the order, the Tenant shall pay to the Landlord >>>$4,342.79<<<. This  amount includes rent arrears owing up to the date of the hearing and the",found in operative 'It is ordered that' section; matched expected keyword for category
LTB-L-104385-25,L1,Amended Order,2026-04-07,K1G,https://d3hf2qahezjxpx.cloudfront.net/attachments/exportedBinaries20260723_175229/069N300000x16XfIAI/LTB-L-104385-25-HR-AM.pdf,text,"[1062.0, 34.92, 1062.0, 100.0, 7970.0, 186.0, 9218.0, 7967.0, 34.92, 9132.0, 186.0, 100.0, 9218.0, 7881.0, 186.0, 100.0, 7967.0, 50000.0, 34.92]","[9132.0, 186.0, 7881.0, 186.0]",9218.0,arrears,"cation was filed  - $100.00  Total the Tenant must pay to continue the tenancy  >>>$9,218.00<<<  B. Amount the Tenant must pay if the tenancy is terminated  Rent Owing To Hear",found in operative 'It is ordered that' section; matched expected keyword for category
LTB-L-098835-25,L1,Order,2026-02-18,M6M,https://d3hf2qahezjxpx.cloudfront.net/attachments/exportedBinaries20260723_175229/069N300000twDRuIAM/LTB-L-098835-25-HR.pdf,text,"[663.0, 21.8, 663.0, 18083.0, 186.0, 18932.0, 17507.2, 21.8, 18746.0, 186.0, 18932.0, 17420.0, 186.0, 17507.2, 50000.0, 21.8]","[18746.0, 186.0, 18932.0, 17420.0]",17507.2,arrears,"5. If the Tenant does not void the order, the Tenant shall pay to the Landlord >>>$17,507.20<<<.  This amount includes rent arrears owing up to the date of the hearing and the",found in operative 'It is ordered that' section; matched expected keyword for category
LTB-L-013187-26,L1,Order,2026-04-30,L9S,https://d3hf2qahezjxpx.cloudfront.net/attachments/exportedBinaries20260723_175229/069N300000yntIaIAI/Consent Order LTB-L-013187-26-L1-2026-04-30.pdf,text,"[2319.46, 480.0, 399.46, 3441.0, 3255.0, 186.0, 480.0, 81.0]",[],3441.0,arrears,"It is ordered on consent that:  1. The Tenants shall pay to the Landlord >>>$3,441.00<<< which represents $3,255.00 for arrears of  rent and costs of $186.00 for the pe",found in operative 'It is ordered that' section; matched expected keyword for category
LTB-L-016469-26,L1,Order,2026-05-08,M1J,https://d3hf2qahezjxpx.cloudfront.net/attachments/exportedBinaries20260723_175229/069N300000z9vk0IAA/LTB-L-016469-26-HR.pdf,text,"[1394.09, 45.83, 1394.09, 5554.24, 186.0, 1150.0, 198.03, 7134.33, 8528.42, 4392.21, 45.83, 6948.33, 186.0, 7134.33, 8342.42, 186.0, 8528.42, 5554.24, 186.0, 1150.0, 198.03, 4392.21, 50000.0, 45.83]","[6948.33, 186.0, 7134.33, 8342.42, 186.0, 8528.42, 5554.24, 186.0, 1150.0]",8528.42,arrears,"May 31, 2026. See Schedule 1 for  the calculation of the amount owing.   OR  •  >>>$8,528.42<<< if the payment is made on or before June 1, 2026. See Schedule 1 for  the calcu",found in operative 'It is ordered that' section; matched expected keyword for category
LTB-L-077181-25,L1,Review Order,2026-01-05,N6G,https://d3hf2qahezjxpx.cloudfront.net/attachments/exportedBinaries20260723_175229/069N300000r25I5IAI/LTB-L-077181-25-RV - January 5 2026.pdf,text,"[2799.0, 27988.0, 33954.08, 186.0, 2799.0, 123.65, 31217.43, 33954.08, 186.0, 2799.0, 123.65, 31217.43]","[33954.08, 186.0, 2799.0]",31217.43,arrears,"Tenants moved out of the rental unit.  3. The Tenants shall pay to the Landlord >>>$31,217.43<<<. This amount includes rent arrears  owing up to the date all the Tenants vacate",found in operative 'It is ordered that' section; matched expected keyword for category
LTB-L-018899-26,L1,Order,2026-05-15,N1G,https://d3hf2qahezjxpx.cloudfront.net/attachments/exportedBinaries20260723_175229/069N300000zqg09IAA/LTB-L-018899-26-HR.pdf,text,"[1556.89, 51.19, 1556.89, 2413.78, 2575.65, 186.0, 1450.0, 144.75, 2761.65, 173.1, 51.19, 4989.43, 186.0, 2413.78, 2761.65, 3995.63, 186.0, 2413.78, 1450.0, 144.75, 173.1, 50000.0, 51.19]","[4989.43, 186.0, 3995.63, 186.0]",2761.65,arrears,"tion was filed  - $2,413.78  Total the Tenant must pay to continue the tenancy  >>>$2,761.65<<<  B. Amount the Tenant must pay if the tenancy is terminated  Rent Owing to Hear",found in operative 'It is ordered that' section; matched expected keyword for category
LTB-L-005107-26,L1,Review Order,2026-04-07,L6W,https://d3hf2qahezjxpx.cloudfront.net/attachments/exportedBinaries20260723_175229/069N300000xKCw9IAG/LTB-L-005107-26-RV-cert.pdf,text,[],[],,,,no dollar amount found
LTB-L-106396-25,L1,Order,2026-03-11,N8X,https://d3hf2qahezjxpx.cloudfront.net/attachments/exportedBinaries20260723_175229/069N300000vIJBRIA4/LTB-L-106396-25-HR - March 11 2026.pdf,text,"[1074.0, 888.0, 186.0, 100.0, 100.0, 100.0, 100.0, 100.0, 100.0, 100.0, 100.0, 100.0, 100.0, 74.0]",[],1074.0,arrears,"it is ordered that:  1. The Tenant shall pay to the Landlord >>>$1,074.00<<<, which represents the arrears of rent  ($888.00) and costs ($186.00) outstandin",found in operative 'It is ordered that' section; matched expected keyword for category
LTB-L-103275-25,L1,Order,2026-02-25,M4G,https://d3hf2qahezjxpx.cloudfront.net/attachments/exportedBinaries20260723_175229/069N300000uc0RlIAI/LTB-L-103275-25-HR.pdf,text,"[3335.0, 109.64, 3335.0, 1500.0, 1500.0, 1000.0, 30935.0, 186.0, 3335.0, 93.74, 30935.0, 31121.0, 34456.0, 26878.98, 109.64, 30935.0, 186.0, 31121.0, 34270.0, 186.0, 34456.0, 30121.72, 186.0, 3335.0, 93.74, 26878.98, 50000.0, 109.64]","[30935.0, 186.0, 31121.0, 34270.0, 186.0, 34456.0, 30121.72, 186.0, 3335.0]",26878.98,arrears,"5. If the Tenant does not void the order, the Tenant shall pay to the Landlord >>>$26,878.98<<<.  This amount includes rent arrears owing up to the date of the hearing and the",found in operative 'It is ordered that' section; matched expected keyword for category
LTB-L-005334-26,L1,Order,2026-03-31,M3M,https://d3hf2qahezjxpx.cloudfront.net/attachments/exportedBinaries20260723_175229/069N300000wXc59IAC/LTB-L-0005334-26-HR - March 31 2026.pdf,text,"[1900.0, 8186.0, 8186.0]",[],8186.0,arrears,"It is ordered on consent that:  1. The Tenant shall pay to the Landlord >>>$8,186.00<<< for arrears of rent up to March 31, 2026,  and costs.  2. The Tenant shall pay",found in operative 'It is ordered that' section; matched expected keyword for category
LTB-L-081778-25,L1,Order,2026-01-08,M3A,https://d3hf2qahezjxpx.cloudfront.net/attachments/exportedBinaries20260723_175229/069N300000rG5ZtIAK/LTB-L-081778-25 Consent Order January 8 2026 Certf..pdf,text,"[1620.09, 3400.0, 4687.11, 186.0, 4873.11, 4873.11, 406.09, 406.12]",[],4873.11,arrears,"It is ordered on consent that:  1. The Tenant shall pay to the Landlord >>>$4,873.11<<<. This amount includes rent arrears  owing up to December 31, 2025, and the cost",found in operative 'It is ordered that' section; matched expected keyword for category
LTB-L-005005-26,L1,Order,2026-04-08,M9P,https://d3hf2qahezjxpx.cloudfront.net/attachments/exportedBinaries20260723_175229/069N300000xGQatIAG/LTB-L-005005-26-Signed.pdf,text,"[7771.54, 777.15, 777.15, 777.14]",[],7771.54,arrears,"It is ordered on consent that:  1. The Tenant shall pay to the Landlord >>>$7,771.54<<< for arrears of rent up to March 31, 2026  and costs.  2. The Tenant shall pay t",found in operative 'It is ordered that' section; matched expected keyword for category
LTB-L-004336-26,L1,Order,2026-04-01,K9K,https://d3hf2qahezjxpx.cloudfront.net/attachments/exportedBinaries20260723_175229/069N300000wY6CuIAK/LTB-L-004336-26-HR.pdf,text,"[3395.0, 111.62, 3395.0, 9065.0, 7910.0, 186.0, 3395.0, 185.96, 11491.0, 3798.92, 111.62, 20370.0, 186.0, 9065.0, 11491.0, 16258.88, 186.0, 9065.0, 3395.0, 185.96, 3798.92, 50000.0, 111.62]","[20370.0, 186.0, 16258.88, 186.0]",11491.0,arrears,"tion was filed  - $9,065.00  Total the Tenant must pay to continue the tenancy  >>>$11,491.00<<<  B. Amount the Tenant must pay if the tenancy is terminated.  Rent Owing to Hea",found in operative 'It is ordered that' section; matched expected keyword for category
LTB-L-106792-25,L1,Order,2026-03-16,K1V,https://d3hf2qahezjxpx.cloudfront.net/attachments/exportedBinaries20260723_175229/069N300000vJfZkIAK/LTB-L-106792-25~CONSENT ORDER MEDIATED~MARCH 16.pdf,text,"[1722.99, 56.65, 1722.99, 4687.6, 1870.57, 186.0, 1648.0, 47.08, 2056.57, 1191.55, 56.65, 6558.17, 186.0, 4687.6, 2056.57, 5005.13, 186.0, 4687.6, 1648.0, 47.08, 50000.0, 56.65]","[1191.55, 6558.17, 186.0, 5005.13, 186.0]",2056.57,arrears,"tion was filed  - $4,687.60  Total the Tenant must pay to continue the tenancy  >>>$2,056.57<<<  B. Amount the Tenant must pay if the tenancy is terminated  Rent Owing to Hear",found in operative 'It is ordered that' section; matched expected keyword for category
LTB-L-097890-25,L1,Order,2026-02-13,P4N,https://d3hf2qahezjxpx.cloudfront.net/attachments/exportedBinaries20260723_175229/069N300000tfQv1IAE/LTB-L-097890-25 V-HR.pdf,text,"[1947.5, 21422.5, 186.0, 21608.5, 21422.5, 186.0, 21608.5]","[21422.5, 186.0, 21608.5]",21608.5,arrears,"Tenants moved out of the rental unit.  2. The Tenants shall pay to the Landlord >>>$21,608.50<<<. This amount includes rent arrears  owing up to the date the Tenants moved out",found in operative 'It is ordered that' section; matched expected keyword for category
LTB-L-100140-25,L1,Order,2026-02-20,K1S,https://d3hf2qahezjxpx.cloudfront.net/attachments/exportedBinaries20260723_175229/069N300000uHpsRIAS/LTB-L-100140-25.pdf,text,[],[],,,,no dollar amount found
LTB-L-102466-25,L1,ExParte Order,2026-01-26,N2M,https://d3hf2qahezjxpx.cloudfront.net/attachments/exportedBinaries20260723_175229/069N300000so9fTIAQ/LTB-L-102466-25-EX-signed.pdf,text,[],[],,,,no dollar amount found
LTB-L-013458-26,L1,Order,2026-05-07,M5R,https://d3hf2qahezjxpx.cloudfront.net/attachments/exportedBinaries20260723_175229/069N300000yzwNwIAI/LTB-L-013458-26-HR.pdf,text,"[2150.0, 4300.0, 186.0, 2150.0, 64.88, 2271.12, 4300.0, 186.0, 2150.0, 64.88, 2271.12]","[4300.0, 186.0, 2150.0]",2271.12,arrears,"e Tenant moved out of the rental unit.  2. The Tenant shall pay to the Landlord >>>$2,271.12<<<. This amount includes rent arrears owing  up to the date the Tenant moved out o",found in operative 'It is ordered that' section; matched expected keyword for category
LTB-L-004978-26,L1,Order,2026-04-16,M1J,https://d3hf2qahezjxpx.cloudfront.net/attachments/exportedBinaries20260723_175229/069N300000xupp3IAA/LTB-L-004978-26-HR.pdf,text,"[2026.64, 66.63, 2026.64, 7159.0, 1974.2, 186.0, 1870.54, 36.81, 2160.2, 1307.38, 66.63, 9133.2, 186.0, 7159.0, 2160.2, 7572.97, 186.0, 7159.0, 1870.54, 36.81, 50000.0, 66.63]","[1307.38, 9133.2, 186.0, 7572.97, 186.0]",2160.2,arrears,"ion was filed  - $7,159.00  Total the Tenants must pay to continue the tenancy  >>>$2,160.20<<<  B. Amount the Tenants must pay if the tenancy is terminated.  Rent Owing to He",found in operative 'It is ordered that' section; matched expected keyword for category
LTB-L-100486-25,L1,ExParte Order,2026-02-06,L2M,https://d3hf2qahezjxpx.cloudfront.net/attachments/exportedBinaries20260723_175229/069N300000teZsMIAU/LTB-L-100486-25-EX Certified.pdf,ocr,[],[],,,,no dollar amount found
LTB-L-007099-26,L1,Order,2026-04-17,K1G,https://d3hf2qahezjxpx.cloudfront.net/attachments/exportedBinaries20260723_175229/069N300000xrdR4IAI/LTB-L-007099-26-HR April 17 2026.pdf,text,"[5168.17, 4982.17, 186.0]",[186.0],5168.17,arrears,"It is ordered on consent that:  1. The Tenant shall pay to the Landlord >>>$5,168.17<<< for arrears of rent up to April 30, 2026, and  costs.  2. The Tenant shall pay",found in operative 'It is ordered that' section; matched expected keyword for category
LTB-L-016067-26,L1,Order,2026-05-07,K9K,https://d3hf2qahezjxpx.cloudfront.net/attachments/exportedBinaries20260723_175229/069N300000zK7gXIAS/LTB-L-016067-26_HR-Cert.pdf,text,"[101.92, 3100.0, 12900.0, 186.0, 3100.0, 39.88, 9946.12, 101.92]",[],9946.12,arrears,"e rental unit on or before May 31, 2026.   2. The Tenant shall pay the Landlord >>>$9,946.12<<< on or before May 31, 2026. This amount  reflects the arrears, plus costs, minus",found in operative 'It is ordered that' section; matched expected keyword for category
LTB-L-005948-26,L1,Order,2026-04-09,L1G,https://d3hf2qahezjxpx.cloudfront.net/attachments/exportedBinaries20260723_175229/069N300000x76mfIAA/LTB-L-005948-26-HR.pdf,text,[],[],,,,no dollar amount found
LTB-L-107754-25,L1,Order,2026-03-10,N5V,https://d3hf2qahezjxpx.cloudfront.net/attachments/exportedBinaries20260723_175229/069N300000vGLfaIAG/LTB-L-107754-25-HR - March 10 2026.doc.pdf,text,"[887.0, 29.16, 887.0, 2577.0, 160.0, 80.0, 186.0, 3003.0, 2232.64, 29.16, 2577.0, 186.0, 240.0, 3003.0, 1806.64, 186.0, 240.0, 2232.64, 50000.0, 29.16]","[2577.0, 186.0, 240.0, 1806.64, 186.0]",3003.0,arrears,"86.00  NSF Charges  $240.00  Total the Tenant must pay to continue the tenancy  >>>$3,003.00<<<  B. Amount the Tenant must pay if the tenancy is terminated  Rent Owing To Hear",found in operative 'It is ordered that' section; matched expected keyword for category
LTB-L-005882-26,L1,ExParte Order,2026-04-08,M3M,https://d3hf2qahezjxpx.cloudfront.net/attachments/exportedBinaries20260723_175229/069N300000xIVkvIAG/LTB-L-005882-26-EX-signed.pdf,text,[],[],,,,no dollar amount found
LTB-L-020815-26,L1,Order,2026-04-29,K7L,https://d3hf2qahezjxpx.cloudfront.net/attachments/exportedBinaries20260723_175229/069N300000yTfgLIAS/LTB-L-020815-26-HR.pdf,text,"[1730.59, 56.9, 1730.59, 3230.65, 951.06, 186.0, 1730.59, 60.29, 1137.06, 2867.65, 1246.41, 56.9, 4181.71, 186.0, 3230.65, 1137.06, 5912.3, 186.0, 3230.65, 2867.65, 3589.12, 186.0, 3230.65, 1730.59, 60.29, 50000.0, 56.9]","[1246.41, 4181.71, 186.0, 5912.3, 186.0, 3589.12, 186.0]",2867.65,arrears,"ril 30, 2026. See Schedule 1 for  the calculation of the amount owing.   OR  •  >>>$2,867.65<<< if the payment is made on or before May 31, 2026. See Schedule 1 for  the calcu",found in operative 'It is ordered that' section; matched expected keyword for category
LTB-L-091750-25,L1,Order,2026-02-06,M6B,https://d3hf2qahezjxpx.cloudfront.net/attachments/exportedBinaries20260723_175229/069N300000tXKbQIAW/LTB-L-091750-25-HR.pdf,text,"[901.0, 29.62, 901.0, 7100.0, 186.0, 7286.0, 6473.86, 29.62, 7100.0, 186.0, 7286.0, 6287.86, 186.0, 6473.86, 50000.0, 29.62]","[7100.0, 186.0, 7286.0, 6287.86]",6473.86,arrears,"5. If the Tenant does not void the order, the Tenant shall pay to the Landlord >>>$6,473.86<<<. This  amount includes rent arrears owing up to the date of the hearing and the",found in operative 'It is ordered that' section; matched expected keyword for category
LTB-L-010349-26,L1,ExParte Order,2026-03-24,N6G,https://d3hf2qahezjxpx.cloudfront.net/attachments/exportedBinaries20260723_175229/069N300000wKxx0IAC/LTB-L-010349-26-EX Certified.pdf,ocr,[],[],,,,no dollar amount found
LTB-L-105667-25,L1,Order,2026-03-05,M5B,https://d3hf2qahezjxpx.cloudfront.net/attachments/exportedBinaries20260723_175229/069N300000uhSlZIAU/LTB-L-105667-25.pdf,text,"[2300.0, 4202.48, 186.0, 2300.0, 14.16, 2074.32, 4202.48, 186.0, 2300.0, 14.16, 2074.32]","[4202.48, 186.0, 2300.0]",2074.32,arrears,"e Tenant moved out of the rental unit.  2. The Tenant shall pay to the Landlord >>>$2,074.32<<<. This amount includes rent arrears owing  up to the date the Tenant moved out o",found in operative 'It is ordered that' section; matched expected keyword for category
LTB-L-022259-26,L1,ExParte Order,2026-05-19,M1K,https://d3hf2qahezjxpx.cloudfront.net/attachments/exportedBinaries20260723_175229/069N300000zxDvlIAE/LTB-L-022259-26-EX.pdf,text,[],[],,,,no dollar amount found
LTB-L-106382-25,L1,Order,2026-05-25,L8J,https://d3hf2qahezjxpx.cloudfront.net/attachments/exportedBinaries20260723_175229/069N30000102F0vIAE/LTB-L-106382-25-HR - May 25 2026.pdf,text,"[3235.0, 106.36, 3235.0, 23645.0, 186.0, 3235.0, 24.75, 23831.0, 27066.0, 18718.93, 106.36, 23645.0, 186.0, 23831.0, 26880.0, 186.0, 27066.0, 21792.68, 186.0, 3235.0, 24.75, 18718.93, 50000.0, 106.36]","[23645.0, 186.0, 23831.0, 26880.0, 186.0, 27066.0, 21792.68, 186.0, 3235.0]",27066.0,arrears,"May 31, 2026. See Schedule 1 for  the calculation of the amount owing.   OR  •  >>>$27,066.00<<< if the payment is made on or before June 5, 2026. See Schedule 1 for  the calcu",found in operative 'It is ordered that' section; matched expected keyword for category
LTB-L-107710-25,L1,Order,2026-03-06,P3E,https://d3hf2qahezjxpx.cloudfront.net/attachments/exportedBinaries20260723_175229/069N300000v2ntWIAQ/LTB-L-107710-25-HR - March 6 2026.pdf,text,"[2000.0, 65.75, 2000.0, 9350.0, 186.0, 2000.0, 64.38, 9536.0, 5668.87, 65.75, 9350.0, 186.0, 9536.0, 7547.25, 186.0, 0.0, 2000.0, 64.38, 5668.87, 50000.0, 65.75]","[9350.0, 186.0, 7547.25, 186.0, 0.0]",9536.0,arrears,"$186.00  NSF Charges  0.00  Total the Tenants must pay to continue the tenancy  >>>$9,536.00<<<  B. Amount the Tenants must pay if the tenancy is terminated  Rent Owing To Hea",found in operative 'It is ordered that' section; matched expected keyword for category
LTB-L-003418-26,L1,Amended Order,2026-04-23,M5B,https://d3hf2qahezjxpx.cloudfront.net/attachments/exportedBinaries20260723_175229/069N300000yRYETIA4/LTB-L-003418-26-AM-Signed.pdf,text,"[250.0, 8.22, 250.0, 35.62, 250.0, 5000.0, 500.0, 186.0, 686.0, 936.0, 1186.0, 1436.0, 1686.0, 1936.0, 636.68, 649.72, 35.62, 5500.0, 186.0, 5000.0, 686.0, 6000.0, 186.0, 5000.0, 1186.0, 5750.0, 186.0, 5000.0, 936.0, 6250.0, 186.0, 5000.0, 1436.0, 6500.0, 186.0, 5000.0, 1686.0, 6750.0, 186.0, 5000.0, 1936.0, 5463.72, 186.0, 5000.0, 649.72, 50000.0, 35.62, 5450.68, 186.0, 5000.0, 636.68, 50000.0, 8.22]","[5500.0, 186.0, 686.0, 6000.0, 186.0, 5750.0, 186.0, 6250.0, 186.0, 6500.0, 186.0, 6750.0, 186.0, 5463.72, 186.0, 5450.68, 186.0]",5000.0,arrears,"the amount the Tenant paid to the Landlord since the  application was filed  - >>>$5,000.00<<<  Total the Tenant must pay to continue the tenancy  $686.00  Rent Owing To Apri",found in operative 'It is ordered that' section; matched expected keyword for category
LTB-L-007256-26,L1,Order,2026-04-08,N6K,https://d3hf2qahezjxpx.cloudfront.net/attachments/exportedBinaries20260723_175229/069N300000xC9ojIAC/L1 Hearing LTB-L-007256-26-HR - DRO CAMPBELL DHM STAMPED.pdf,text,"[1982.0, 65.16, 1982.0, 2582.0, 5385.64, 186.0, 1895.0, 87.28, 5571.64, 7553.64, 1672.52, 65.16, 7967.64, 186.0, 2582.0, 5571.64, 9949.64, 186.0, 2582.0, 7553.64, 6050.8, 186.0, 2582.0, 1895.0, 87.28, 1672.52, 50000.0, 65.16]","[7967.64, 186.0, 9949.64, 186.0, 6050.8, 186.0]",7553.64,arrears,"re April 30, 2026. See Schedule 1 for the calculation of the amount owing. OR • >>>$7,553.64<<< if the payment is made on or before May 15, 2026. See Schedule 1 for the calcul",found in operative 'It is ordered that' section; matched expected keyword for category
LTB-L-093260-25,L1,Order,2026-01-30,M4R,https://d3hf2qahezjxpx.cloudfront.net/attachments/exportedBinaries20260723_175229/069N300000t97fMIAQ/LTB-L-093260-25 U-HR.pdf,text,"[3367.63, 110.72, 3367.63, 13869.12, 186.0, 3499.0, 226.28, 14055.12, 17422.75, 10062.37, 110.72, 13869.12, 186.0, 14055.12, 17236.75, 186.0, 17422.75, 13601.65, 186.0, 3499.0, 226.28, 10062.37, 50000.0, 110.72]","[13869.12, 186.0, 14055.12, 17236.75, 186.0, 17422.75, 13601.65, 186.0, 3499.0]",17422.75,arrears,"ary 31, 2026. See Schedule 1  for the calculation of the amount owing.   OR  •  >>>$17,422.75<<< if the payment is made on or before February 10, 2026. See Schedule 1  for the",found in operative 'It is ordered that' section; matched expected keyword for category
LTB-L-106745-25,L1,Order,2026-03-04,L4R,https://d3hf2qahezjxpx.cloudfront.net/attachments/exportedBinaries20260723_175229/069N300000ujbg3IAA/LTB-L-106745-25-HR.pdf,text,"[850.0, 27.95, 850.0, 2650.0, 550.0, 186.0, 850.0, 25.46, 1586.0, 290.71, 27.95, 4050.0, 186.0, 2650.0, 1586.0, 3048.75, 186.0, 2650.0, 850.0, 25.46, 50000.0, 27.95]","[290.71, 4050.0, 186.0, 3048.75, 186.0]",1586.0,arrears,"tion was filed  - $2,650.00  Total the Tenant must pay to continue the tenancy  >>>$1,586.00<<<  B. Amount the Tenant must pay if the tenancy is terminated  Rent Owing to Hear",found in operative 'It is ordered that' section; matched expected keyword for category
LTB-L-105224-25,L1,ExParte Order,2026-02-20,L6S,https://d3hf2qahezjxpx.cloudfront.net/attachments/exportedBinaries20260723_175229/069N300000uLlN7IAK/LTB-L-105224-25-EX-signed.pdf,ocr,[],[],,,,no dollar amount found
LTB-L-101792-25,L1,Order,2026-03-30,L3C,https://d3hf2qahezjxpx.cloudfront.net/attachments/exportedBinaries20260723_175229/069N300000wTwK9IAK/LTB-L-101792-25-HR.pdf,text,"[1400.0, 46.03, 1400.0, 5600.0, 186.0, 1400.0, 25.45, 7186.0, 8586.0, 3420.85, 46.03, 7000.0, 186.0, 7186.0, 8400.0, 186.0, 8586.0, 4660.3, 186.0, 1400.0, 25.45, 3420.85, 50000.0, 46.03]","[7000.0, 186.0, 7186.0, 8400.0, 186.0, 8586.0, 4660.3, 186.0, 1400.0]",8586.0,arrears,"rch 31, 2026. See Schedule 1 for  the calculation of the amount owing.   OR    >>>$8,586.00<<< if the payment is made on or before April 10, 2026. See Schedule 1 for  the cal",found in operative 'It is ordered that' section; matched expected keyword for category
LTB-L-082184-25,L1,Order,2026-01-13,M9A,https://d3hf2qahezjxpx.cloudfront.net/attachments/exportedBinaries20260723_175229/069N300000rkIugIAE/LTB-L-082184-25-HR.pdf,text,"[1488.79, 48.95, 1488.79, 7262.4, 10643.06, 186.0, 1234.8, 31.23, 10829.06, 6830.2, 48.95, 17905.46, 186.0, 7262.4, 10829.06, 15172.63, 186.0, 7262.4, 1234.8, 31.23, 6830.2, 50000.0, 48.95]","[17905.46, 186.0, 15172.63, 186.0]",10829.06,arrears,"ion was filed  - $7,262.40  Total the Tenants must pay to continue the tenancy  >>>$10,829.06<<<  B. Amount the Tenants must pay if the tenancy is terminated  Rent Owing to Hea",found in operative 'It is ordered that' section; matched expected keyword for category
LTB-L-027997-25,L1,Order,2026-04-14,M3N,https://d3hf2qahezjxpx.cloudfront.net/attachments/exportedBinaries20260723_175229/069N300000xt6cIIAQ/LTB-L-027997-25  Unit 3401 - 10 San RomanoWay.pdf,text,"[1284.33, 6307.65, 186.0, 1284.33, 500.0, 523.32, 6307.65, 1284.0, 500.0, 523.32]","[6307.65, 186.0, 6307.65, 1284.0, 500.0]",523.32,other,"ontinuing on the 20th day of each month up to and  including April  2026;    c) >>>$523.32<<< on May 20, 2026, for the remainder    [2]   In addition to paragraph [1], the T","found in operative 'It is ordered that' section; single candidate amount, no strong keyword match"
LTB-L-017667-26,L1,ExParte Order,2026-05-08,N3T,https://d3hf2qahezjxpx.cloudfront.net/attachments/exportedBinaries20260723_175229/069N300000zVRteIAG/LTB-L-017667-26-EX.pdf,text,[],[],,,,no dollar amount found
LTB-L-081928-25,L1,Order,2026-01-08,N0C,https://d3hf2qahezjxpx.cloudfront.net/attachments/exportedBinaries20260723_175229/069N300000qHStEIAW/LTB-L-081928-25-HR.pdf,text,"[2024.38, 66.55, 2024.38, 20243.8, 186.0, 1975.0, 143.66, 22454.18, 16952.26, 66.55, 22268.18, 186.0, 22454.18, 18884.92, 186.0, 1975.0, 143.66, 16952.26, 50000.0, 66.55]","[22268.18, 186.0, 22454.18, 18884.92, 186.0, 1975.0]",16952.26,arrears,"5. If the Tenant does not void the order, the Tenant shall pay to the Landlord >>>$16,952.26<<<.  This amount includes rent arrears owing up to the date of the hearing and the",found in operative 'It is ordered that' section; matched expected keyword for category
LTB-L-021168-26,L1,ExParte Order,2026-05-04,M9N,https://d3hf2qahezjxpx.cloudfront.net/attachments/exportedBinaries20260723_175229/069N300000zBRWQIA4/LTB-L-021168-26-EX.pdf,ocr,[],[],,,,no dollar amount found
LTB-L-032443-25,L1,Review Order,2026-03-30,M1C,https://d3hf2qahezjxpx.cloudfront.net/attachments/exportedBinaries20260723_175229/069N300000wlSInIAM/LTB-L-032443-25-RV2 - March 30 2026_FR.pdf,text,[],[],,,,no dollar amount found
LTB-L-091015-25,L1,Order,2026-01-20,K9J,https://d3hf2qahezjxpx.cloudfront.net/attachments/exportedBinaries20260723_175229/069N300000sM4M3IAK/LTB-L-091015-25 & LTB-L-091403-25 - HR - Cert.pdf,text,"[796.0, 26.17, 796.0, 796.0, 2388.0, 186.0, 740.0, 9.45, 2574.0, 3370.0, 1237.91, 26.17, 3184.0, 186.0, 796.0, 2574.0, 3980.0, 186.0, 796.0, 3370.0, 2597.36, 186.0, 796.0, 740.0, 9.45, 1237.91, 26.17]","[3184.0, 186.0, 3980.0, 186.0, 2597.36, 186.0]",3370.0,arrears,"ary 31, 2026. See Schedule 1  for the calculation of the amount owing.   OR  •  >>>$3,370.00<<< if the payment is made on or before February 14, 2026. See Schedule 1  for the",found in operative 'It is ordered that' section; matched expected keyword for category
LTB-L-011128-26,L1,Order,2026-05-07,L0S,https://d3hf2qahezjxpx.cloudfront.net/attachments/exportedBinaries20260723_175229/069N300000yt7b0IAA/LTB-L-011128-26-HR-cert.pdf,text,"[1632.57, 53.67, 1632.57, 5327.71, 186.0, 1599.0, 7.91, 7146.28, 3723.32, 53.67, 6960.28, 186.0, 7146.28, 5144.23, 186.0, 1599.0, 7.91, 3723.32, 50000.0, 53.67]","[6960.28, 186.0, 7146.28, 5144.23, 186.0, 1599.0]",3723.32,arrears,"5. If the Tenant does not void the order, the Tenant shall pay to the Landlord >>>$3,723.32<<<. This  amount includes rent arrears owing up to the date of the hearing and the",found in operative 'It is ordered that' section; matched expected keyword for category
LTB-L-078782-25,L1,Order,2026-01-05,M2J,https://d3hf2qahezjxpx.cloudfront.net/attachments/exportedBinaries20260723_175229/069N300000rC8coIAC/LTB-L-078782-25-HR.pdf,text,"[1790.62, 58.87, 1790.62, 10736.79, 1805.34, 20.03, 12527.41, 7650.63, 58.87, 12527.41, 12527.41, 9476.0, 1805.34, 20.03, 7650.63, 50000.0, 58.87]",[],12527.41,arrears,"payment is made on or before January 16, 2026  Rent Owing To January 31, 2026  >>>$12,527.41<<<  Total the Tenant must pay to continue the tenancy  $12,527.41  B. Amount the T",found in operative 'It is ordered that' section; matched expected keyword for category
LTB-L-096093-25,L1,Order,2026-02-10,L5A,https://d3hf2qahezjxpx.cloudfront.net/attachments/exportedBinaries20260723_175229/069N300000taWg5IAE/LTB Order_LTB-L-096093-25_10FEB26.pdf,text,"[8937.68, 745.0, 742.68]",[],8937.68,arrears,"It is ordered on consent that:  1. The Tenant shall pay to the Landlord >>>$8,937.68<<< for arrears of rent up to February 28,  2026, and costs.  2. The Tenant shall p",found in operative 'It is ordered that' section; matched expected keyword for category
LTB-L-082156-25,L1,Order,2026-01-07,N3H,https://d3hf2qahezjxpx.cloudfront.net/attachments/exportedBinaries20260723_175229/069N300000rns7EIAQ/LTB-L-082156-25_Jan 7 2026.pdf,text,"[186.0, 31.0, 31.0, 31.0, 31.0, 31.0, 31.0]",[],186.0,arrears,"It is ordered on consent that:  1. The Tenants shall pay to the Landlord >>>$186.00<<< for arrears outstanding to December 31,  2025. This amount represents the appli",found in operative 'It is ordered that' section; matched expected keyword for category
LTB-L-006301-26,L1,Order,2026-04-20,N5Y,"https://d3hf2qahezjxpx.cloudfront.net/attachments/exportedBinaries20260723_175229/069N300000xxOfZIAU/LTB-L-006301-26_L1_April 20, 2026.pdf",text,"[5735.08, 186.0, 250.0, 250.0, 250.0, 250.0, 250.0, 250.0, 250.0, 250.0, 250.0, 250.0, 250.0, 250.0, 250.0, 250.0, 250.0, 250.0, 250.0, 250.0, 250.0, 250.0, 250.0, 250.0, 235.08]",[186.0],5735.08,arrears,"It is ordered on consent that:  1. The Tenant shall pay to the Landlord >>>$5,735.08<<< for arrears of rent up to April 30, 2026. This  amount also includes $186.00 fo",found in operative 'It is ordered that' section; matched expected keyword for category
LTB-L-000933-26,L1,Order,2026-03-17,K2P,https://d3hf2qahezjxpx.cloudfront.net/attachments/exportedBinaries20260723_175229/069N300000vo98wIAA/LTB-L-000933-26 U-HR.pdf,text,"[945.0, 31.07, 945.0, 4661.0, 186.0, 4847.0, 4243.77, 31.07, 4661.0, 186.0, 4847.0, 4057.77, 186.0, 4243.77, 50000.0, 31.07]","[4661.0, 186.0, 4847.0, 4057.77]",4243.77,arrears,"5. If the Tenant does not void the order, the Tenant shall pay to the Landlord >>>$4,243.77<<<. This  amount includes rent arrears owing up to the date of the hearing and the",found in operative 'It is ordered that' section; matched expected keyword for category
LTB-L-096241-25,L1,Order,2026-02-17,M9M,https://d3hf2qahezjxpx.cloudfront.net/attachments/exportedBinaries20260723_175229/069N300000tqOBWIA2/LTB-L-096241-25 - Order.pdf,text,"[1450.62, 400.0, 400.0, 400.0, 250.62]",[],1450.62,arrears,"It is ordered on consent that:  1. The Tenant shall pay to the Landlord >>>$1,450.62<<< for arrears of rent up to February 28, 2026  and costs.  2. The Tenant shall pa",found in operative 'It is ordered that' section; matched expected keyword for category
LTB-L-105013-25,L1,Order,2026-03-03,N2G,https://d3hf2qahezjxpx.cloudfront.net/attachments/exportedBinaries20260723_175229/069N300000uly0gIAA/LTB-L-105013-25-HR - March 3 2026 cert.pdf,text,[],[],,,,no dollar amount found
LTB-L-008732-26,L1,ExParte Order,2026-03-11,N1E,https://d3hf2qahezjxpx.cloudfront.net/attachments/exportedBinaries20260723_175229/069N300000vQIIIIA4/LTB-L-008732-26-EX-signed.pdf,text,[],[],,,,no dollar amount found
LTB-L-006348-26,L1,Order,2026-04-16,M9V,https://d3hf2qahezjxpx.cloudfront.net/attachments/exportedBinaries20260723_175229/069N300000xrAk2IAE/LTB-L-006348-26_Consent - April 16 2026 (1).pdf,text,"[1441.1, 1069.19, 883.19, 186.0, 1069.19, 883.19, 186.0, 250.0, 250.0, 250.0, 319.19]",[],1069.19,arrears,"it is ordered that:    1.  The Tenant shall pay to the Landlord >>>$1,069.19<<< which represents the arrears of rent  ($883.19) and costs ($186.00) outstanding",found in operative 'It is ordered that' section; matched expected keyword for category
LTB-L-102968-25,L1,ExParte Order,2026-02-17,N2M,https://d3hf2qahezjxpx.cloudfront.net/attachments/exportedBinaries20260723_175229/069N300000u9hqSIAQ/LTB-L-102968-25-EX-signed.pdf,ocr,[],[],,,,no dollar amount found
LTB-L-018377-26,L1,Order,2026-05-14,L4P,https://d3hf2qahezjxpx.cloudfront.net/attachments/exportedBinaries20260723_175229/069N300000ziSDdIAM/LTB-L-018377-26-HR.pdf,text,"[688.0, 98.02, 688.0, 46377.0, 186.0, 47251.0, 47939.0, 46377.0, 98.02, 47251.0, 186.0, 47437.0, 47939.0, 186.0, 48125.0, 46377.0, 186.0, 46563.0, 50000.0, 98.02]","[47251.0, 186.0, 47437.0, 47939.0, 186.0, 48125.0, 46377.0]",47939.0,arrears,"May 18, 2026. See Schedule 1 for  the calculation of the amount owing.   OR  •  >>>$47,939.00<<< if the payment is made on or before May 25, 2026. See Schedule 1 for  the calcu",found in operative 'It is ordered that' section; matched expected keyword for category
LTB-L-100354-25,L1,Order,2026-03-03,M3J,https://d3hf2qahezjxpx.cloudfront.net/attachments/exportedBinaries20260723_175229/069N300000uvbgwIAA/LTB-L-100354-25-L1VD - Mar 3 2026.pdf,text,"[1614.61, 53.08, 1614.61, 307.0, 186.0, 1614.61, 27.78, 4877.49, 235.55, 53.08, 4691.49, 186.0, 4877.49, 1220.84, 186.0, 1614.61, 27.78, 235.55, 50000.0, 53.08]","[235.55, 4691.49, 186.0, 4877.49, 1220.84, 186.0, 1614.61]",4877.49,other,"nd continue the tenancy by paying to the Landlord  or to the LTB in trust:   •  >>>$4,877.49<<< if the payment is made on or before March 9, 2026. See Schedule 1 for  the calc","found in operative 'It is ordered that' section; single candidate amount, no strong keyword match"
LTB-L-011228-26,L1,Order,2026-05-07,M3C,https://d3hf2qahezjxpx.cloudfront.net/attachments/exportedBinaries20260723_175229/069N300000yzas5IAA/LTB-L-011228-26-HR.pdf,text,"[1648.22, 54.19, 1648.22, 4048.22, 2540.58, 186.0, 1654.66, 10.76, 4374.8, 659.31, 54.19, 8237.02, 186.0, 4048.22, 4374.8, 6186.95, 186.0, 4048.22, 1654.66, 10.76, 659.31, 50000.0, 54.19]","[8237.02, 186.0, 6186.95, 186.0]",4374.8,arrears,"tion was filed  - $4,048.22  Total the Tenant must pay to continue the tenancy  >>>$4,374.80<<<  B. Amount the Tenant must pay if the tenancy is terminated  Rent Owing To Hear",found in operative 'It is ordered that' section; matched expected keyword for category
LTB-L-085974-25,L1,Order,2026-03-10,M6B,https://d3hf2qahezjxpx.cloudfront.net/attachments/exportedBinaries20260723_175229/069N300000uyrilIAA/LTB-L-085974-25-HR - signed.pdf,text,"[750.0, 24.66, 750.0, 5250.0, 201.0, 5451.0, 4774.98, 24.66, 5250.0, 201.0, 5451.0, 4573.98, 201.0, 4774.98, 50000.0, 24.66]","[5250.0, 201.0, 5451.0, 4573.98]",4774.98,arrears,"5. If the Tenant does not void the order, the Tenant shall pay to the Landlord >>>$4,774.98<<<. This  amount includes rent arrears owing up to the date of the hearing and the",found in operative 'It is ordered that' section; matched expected keyword for category
LTB-L-005970-26,L1,Order,2026-04-27,M2M,https://d3hf2qahezjxpx.cloudfront.net/attachments/exportedBinaries20260723_175229/069N300000ye0TNIAY/LTB-L-005970-26-HR.pdf,text,"[2000.0, 65.75, 2000.0, 80000.0, 80000.0, 50000.0, 50000.0, 186.0, 50000.0, 30186.0, 80186.0, 82186.0, 50186.0, 80000.0, 186.0, 80186.0, 82000.0, 186.0, 82186.0, 78854.75, 186.0, 50186.0]","[50000.0, 80000.0, 186.0, 80186.0, 82000.0, 186.0, 82186.0, 78854.75, 186.0]",82186.0,arrears,"ril 30, 2026. See  Schedule 1 for the calculation of the amount owing.   OR  •  >>>$82,186.00<<< if the payment is made on or before May 8, 2026. See  Schedule 1 for the calcul",found in operative 'It is ordered that' section; matched expected keyword for category
LTB-L-022001-26,L1,Order,2026-05-25,L9N,https://d3hf2qahezjxpx.cloudfront.net/attachments/exportedBinaries20260723_175229/069N3000010NN1sIAG/LTB-L-022001-26-HR - May 25 2026.pdf,text,[],[],,,,no dollar amount found
LTB-L-088123-25,L1,Order,2026-01-20,P6C,https://d3hf2qahezjxpx.cloudfront.net/attachments/exportedBinaries20260723_175229/069N300000sTuVyIAK/LTB-L-088123-25-HR - January 20 2026.pdf,text,"[3191.07, 3005.07, 186.0, 700.0, 700.0, 180.0, 171.07]",[],3191.07,arrears,"it is ordered that:  1. The Tenant shall pay to the Landlord >>>$3,191.07<<<, which represents the arrears of rent  ($3,005.07) and costs ($186.00) outstand",found in operative 'It is ordered that' section; matched expected keyword for category
LTB-L-068944-25,L1,Order,2026-02-17,K0E,https://d3hf2qahezjxpx.cloudfront.net/attachments/exportedBinaries20260723_175229/069N300000tx0NhIAI/LTB-L-068944-25-HR.pdf,text,"[1975.0, 987.5, 1975.0, 64.93, 1975.0, 3950.0, 12713.0, 186.0, 1975.0, 14.66, 1000.0, 180.0, 250.0, 14874.0, 16849.0, 9388.85, 64.93, 18638.0, 186.0, 3950.0, 14874.0, 20613.0, 186.0, 3950.0, 16849.0, 15142.51, 186.0, 3950.0, 1975.0, 14.66, 9388.85, 50000.0, 64.93]","[18638.0, 186.0, 20613.0, 186.0, 15142.51, 186.0]",16849.0,arrears,"ary 28, 2026. See Schedule 1  for the calculation of the amount owing.   OR  •  >>>$16,849.00<<< if the payment is made on or before March 31, 2026. See Schedule 1  for the cal",found in operative 'It is ordered that' section; matched expected keyword for category
LTB-L-013488-26,L1,Order,2026-04-23,K2E,https://d3hf2qahezjxpx.cloudfront.net/attachments/exportedBinaries20260723_175229/069N300000yR3NTIA0/L1 Hearing LTB-L-013488-26-HR - DRO CAMPBELL DHM STAMPED.pdf,text,"[2381.2, 78.29, 2381.2, 7373.55, 1879.2, 186.0, 2396.0, 11.17, 2065.2, 1000.79, 78.29, 9252.75, 186.0, 7373.55, 2065.2, 8593.93, 186.0, 7373.55, 2396.0, 11.17, 50000.0, 78.29]","[1000.79, 9252.75, 186.0, 8593.93, 186.0]",2065.2,arrears,"ion  was filed  - $7,373.55 Total the Tenants must pay to continue the tenancy  >>>$2,065.20<<<  B. Amount the Tenants must pay if the tenancy is terminated Rent Owing To Hear",found in operative 'It is ordered that' section; matched expected keyword for category
LTB-L-094503-25,L1,Order,2026-01-27,N0R,https://d3hf2qahezjxpx.cloudfront.net/attachments/exportedBinaries20260723_175229/069N300000seRC7IAM/LTB-L-094503-25-HR - January 27 2026.pdf,text,[],[],,,,no dollar amount found
LTB-L-103408-25,L1,Order,2026-02-26,N0P,https://d3hf2qahezjxpx.cloudfront.net/attachments/exportedBinaries20260723_175229/069N300000uUUjcIAG/LTB-L-103408-25-HR.pdf,text,"[9456.0, 400.0, 400.0, 256.0]",[],9456.0,arrears,"It is ordered on consent that:  1. The Tenant shall pay to the Landlord >>>$9,456.00<<< for arrears of rent up to February 28, 2026  and costs.  2. The Tenant shall pa",found in operative 'It is ordered that' section; matched expected keyword for category
LTB-L-079536-25,L1,Order,2026-01-14,P6B,https://d3hf2qahezjxpx.cloudfront.net/attachments/exportedBinaries20260723_175229/069N300000rpp8QIAQ/LTB-L-079536-25-HR.pdf,text,"[800.0, 1980.0, 830.0, 186.0, 1016.0, 1016.0, 84.66, 84.66, 84.74]",[],1016.0,arrears,"It is ordered that:  1. The Tenant shall pay to the Landlord >>>$1,016.00<<< for arrears of rent up to  December 31, 2025 and costs.  2. The Tenant shall pa",found in operative 'It is ordered that' section; matched expected keyword for category
LTB-L-109257-25,L1,Order,2026-03-19,M1P,https://d3hf2qahezjxpx.cloudfront.net/attachments/exportedBinaries20260723_175229/069N300000vZJOkIAO/LTB-L-109257-25-HR - March 19 2026.pdf,text,[],[],,,,no dollar amount found
LTB-L-102325-25,L1,Order,2026-03-11,M6L,"https://d3hf2qahezjxpx.cloudfront.net/attachments/exportedBinaries20260723_175229/069N300000ugqtIIAQ/LTB-L-102325-25 dated March 11 2026 for hearing February 25, 2026 SH.pdf",text,"[2124.15, 13112.9, 186.0, 13298.9, 13112.9, 186.0, 13112.9, 186.0, 13298.9, 13298.0, 738.82, 738.96]",[],13298.9,arrears,"12.90 for arrears of rent up to  February 28, 2026 and $186.00 costs, totalling >>>$13,298.90<<<.  2. The Tenants shall pay to the Landlord the amount set out in paragraph 1  (",found in operative 'It is ordered that' section; matched expected keyword for category
LTB-L-000839-26,L1,Order,2026-03-20,K7K,https://d3hf2qahezjxpx.cloudfront.net/attachments/exportedBinaries20260723_175229/069N300000vheXfIAI/LTB-L-000839-26 U-HR.pdf,text,"[142.0, 4.67, 142.0, 550.0, 18.0, 186.0, 204.0]",[204.0],,,,operative section found but contained only fee/rate/boilerplate amounts — likely no lump sum ordered
LTB-L-104282-25,L1,Order,2026-03-30,M8V,https://d3hf2qahezjxpx.cloudfront.net/attachments/exportedBinaries20260723_175229/069N300000w4NpRIAU/LTB-L-104282-25-HR.pdf,text,"[3000.0, 98.63, 3000.0, 12000.0, 20.0, 186.0, 3000.0, 67.49, 67.49, 25.0, 12206.0, 15206.0, 7815.22, 98.63, 12000.0, 186.0, 12206.0, 15000.0, 186.0, 20.0, 15206.0, 10676.71, 186.0, 20.0, 3000.0, 67.49, 7815.22, 50000.0, 98.63]","[12000.0, 186.0, 15000.0, 186.0, 20.0, 10676.71, 186.0, 20.0]",15206.0,arrears,"31, 2026. See Schedule 1  for the calculation of the amount owing.     OR    •  >>>$15,206.00<<< if the payment is made on or before April 10, 2026.  See Schedule 1 for  the ca",found in operative 'It is ordered that' section; matched expected keyword for category
LTB-L-078576-25,L1,Order,2026-01-07,M6L,https://d3hf2qahezjxpx.cloudfront.net/attachments/exportedBinaries20260723_175229/069N300000rGnKnIAK/LTB-L-078576-25_payplan.pdf,text,"[4124.12, 3938.12, 186.0, 343.68]","[3938.12, 186.0]",4124.12,arrears,"It is ordered on consent that:  1. The Tenants shall pay the Landlord >>>$4,124.12<<<, which includes:   o $3,938.12 for arrears owing up to December 31, 2025.  o $1",found in operative 'It is ordered that' section; matched expected keyword for category
LTB-L-008933-26,L1,ExParte Order,2026-03-26,L8V,https://d3hf2qahezjxpx.cloudfront.net/attachments/exportedBinaries20260723_175229/069N300000wWvwFIAS/LTB-L-008933-26-EX signed.pdf,text,[],[],,,,no dollar amount found
LTB-L-011362-26,L1,ExParte Order,2026-03-12,N8T,https://d3hf2qahezjxpx.cloudfront.net/attachments/exportedBinaries20260723_175229/069N300000vTn2vIAC/LTB-L-011362-26-EX-signed.pdf,ocr,[],[],,,,no dollar amount found
LTB-L-031158-26,L1,ExParte Order,2026-04-28,M9B,https://d3hf2qahezjxpx.cloudfront.net/attachments/exportedBinaries20260723_175229/069N300000yjV3aIAE/LTB-L-031158-26-EX.pdf,text,[],[],,,,no dollar amount found
LTB-L-009974-26,L1,Order,2026-04-21,M3A,https://d3hf2qahezjxpx.cloudfront.net/attachments/exportedBinaries20260723_175229/069N300000yGu0XIAS/LTB-L-009974-26-HR - April 21 2026.pdf,text,"[3980.07, 130.85, 3980.07, 11996.39, 6221.28, 120.0, 186.0, 3980.07, 24.27, 6527.28, 10507.35, 636.47, 130.85, 18217.67, 186.0, 120.0, 11996.39, 6527.28, 22197.74, 186.0, 120.0, 11996.39, 10507.35, 16331.2, 186.0, 120.0, 11996.39, 3980.07, 24.27, 636.47, 50000.0, 130.85]","[18217.67, 186.0, 120.0, 22197.74, 186.0, 120.0, 16331.2, 186.0, 120.0]",10507.35,arrears,"ril 30, 2026. See Schedule 1 for  the calculation of the amount owing.   OR  •  >>>$10,507.35<<< if the payment is made on or before May 29, 2026. See Schedule 1 for  the calcu",found in operative 'It is ordered that' section; matched expected keyword for category
LTB-L-009153-26,L1,Order,2026-04-28,N6J,https://d3hf2qahezjxpx.cloudfront.net/attachments/exportedBinaries20260723_175229/069N300000yikSzIAI/LTB-L-009153-26_Consent Order Certified.pdf,text,"[1601.02, 52.64, 1601.02, 1920.0, 3584.1, 186.0, 1569.0, 27.71, 1730.45, 52.64, 5061.16, 186.0, 1920.0, 1569.0, 27.71, 1730.45, 50000.0, 52.64]","[5061.16, 186.0]",1730.45,arrears,"Landlord and the Tenant is terminated.  2. The Tenant shall pay to the Landlord >>>$1,730.45<<<. This amount includes rent arrears owing  up to the date of the hearing and the",found in operative 'It is ordered that' section; matched expected keyword for category
LTB-L-013265-26,L1,Order,2026-04-29,M8V,https://d3hf2qahezjxpx.cloudfront.net/attachments/exportedBinaries20260723_175229/069N300000ynubFIAQ/LTB-L-013265-26-HR.pdf,text,"[12285.68, 1000.0, 1000.0, 1000.0, 1000.0, 1000.0, 1000.0, 1000.0, 1000.0, 1000.0, 1000.0, 1000.0, 1000.0, 285.68]",[],12285.68,arrears,"It is ordered on consent that:  1. The Tenant shall pay to the Landlord >>>$12,285.68<<<for arrears of rent up to April 30, 2026,  and costs.  2. The Tenant shall pay t",found in operative 'It is ordered that' section; matched expected keyword for category
LTB-L-043869-25,L1,Order,2026-04-01,K1G,https://d3hf2qahezjxpx.cloudfront.net/attachments/exportedBinaries20260723_175229/069N300000wskEIIAY/LTB-L-043869-25-HR.pdf,text,"[1687.0, 55.46, 1687.0, 3609.0, 15876.0, 19250.0, 14909.98, 55.46, 22859.0, 3609.0, 19250.0, 18518.98, 3609.0, 14909.98, 50000.0, 55.46]",[],22859.0,arrears,"the payment is made on or before April 12, 2026  Rent Owing To April 30, 2026  >>>$22,859.00<<<  Less the amount the Tenant paid to the Landlord since the  application was fil",found in operative 'It is ordered that' section; matched expected keyword for category
LTB-L-064794-25,L1,Review Order,2026-01-06,L5A,https://d3hf2qahezjxpx.cloudfront.net/attachments/exportedBinaries20260723_175229/069N300000rHhQGIA0/LTB-L-064794-25-RV - January 6 2026.pdf,text,[],[],,,,no dollar amount found
LTB-L-108614-25,L1,Order,2026-03-17,P0H,https://d3hf2qahezjxpx.cloudfront.net/attachments/exportedBinaries20260723_175229/069N300000vjlzeIAA/LTB-L-108614-25- HR.pdf,text,[],[],,,,no dollar amount found
LTB-L-018157-26,L1,Order,2026-05-14,N9V,https://d3hf2qahezjxpx.cloudfront.net/attachments/exportedBinaries20260723_175229/069N300000zPYmdIAG/LTB-L-018157-26.pdf,text,"[1700.0, 8500.0, 186.0, 8686.0, 1447.67, 1447.67, 1447.67, 1447.67, 1447.67, 1447.65]",[],1700.0,stated_total,"ight to a hearing on this application.    Agreed Facts:  1) The current rent is >>>$1,700.00<<<. It is due on the 1st day of each month.  2) The rent arrears owing to May 31,","no operative section found, or it had no dollar mentions at all; fell back to full-document search; explicit stated-total phrasing (""...is \$X"")"
LTB-L-085453-25,L1,Order,2026-01-27,L5B,https://d3hf2qahezjxpx.cloudfront.net/attachments/exportedBinaries20260723_175229/069N300000sWm43IAC/LTB-L-085453-25-HR.pdf,text,"[2400.0, 78.9, 2400.0, 1754.84, 12645.16, 186.0, 2400.0, 31.62, 12831.16, 15231.16, 9183.04, 78.9, 14400.0, 186.0, 1754.84, 12831.16, 16800.0, 186.0, 1754.84, 15231.16, 13183.5, 186.0, 1754.84, 2400.0, 31.62, 9183.04, 50000.0, 78.9]","[14400.0, 186.0, 16800.0, 186.0, 13183.5, 186.0]",15231.16,arrears,"ary 31, 2026. See Schedule 1  for the calculation of the amount owing.   OR  •  >>>$15,231.16<<< if the payment is made on or before February 7, 2026. See Schedule 1  for the c",found in operative 'It is ordered that' section; matched expected keyword for category
LTB-L-017625-26,L1,Review Order,2026-05-21,P2A,https://d3hf2qahezjxpx.cloudfront.net/attachments/exportedBinaries20260723_175229/069N3000010HtHJIA0/LTB-L-017625-26-RV-cert.pdf,text,[],[],,,,no dollar amount found
LTB-L-030934-26,L1,ExParte Order,2026-04-24,L5J,https://d3hf2qahezjxpx.cloudfront.net/attachments/exportedBinaries20260723_175229/069N300000yXKiIIAW/LTB-L-030934-26-EX.pdf,text,[],[],,,,no dollar amount found
LTB-L-100316-25,L1,Order,2026-02-18,N9C,https://d3hf2qahezjxpx.cloudfront.net/attachments/exportedBinaries20260723_175229/069N300000u0NArIAM/LTB-L-100316-25-HR.pdf,text,"[995.28, 32.72, 995.28, 900.0, 3155.92, 186.0, 895.0, 82.24, 3341.92, 4337.2, 1663.88, 32.72, 4055.92, 186.0, 900.0, 3341.92, 5051.2, 186.0, 900.0, 4337.2, 3355.12, 186.0, 900.0, 895.0, 82.24, 1663.88, 50000.0, 32.72]","[4055.92, 186.0, 5051.2, 186.0, 3355.12, 186.0]",4337.2,arrears,"ary 28, 2026. See Schedule 1  for the calculation of the amount owing.   OR  •  >>>$4,337.20<<< if the payment is made on or before March 31, 2026. See Schedule 1 for  the cal",found in operative 'It is ordered that' section; matched expected keyword for category
LTB-L-099002-25,L1,Order,2026-02-09,N4S,https://d3hf2qahezjxpx.cloudfront.net/attachments/exportedBinaries20260723_175229/069N300000tdTXGIA2/LTB-L-099002-25-HR.pdf,text,"[2119.23, 69.67, 2119.23, 5450.0, 2939.76, 186.0, 2119.23, 4.15, 3125.76, 907.84, 69.67, 8389.76, 186.0, 5450.0, 3125.76, 6479.54, 186.0, 5450.0, 2119.23, 4.15, 50000.0, 69.67]","[907.84, 8389.76, 186.0, 6479.54, 186.0]",3125.76,arrears,"tion was filed  - $5,450.00  Total the Tenant must pay to continue the tenancy  >>>$3,125.76<<<  B. Amount the Tenant must pay if the tenancy is terminated  Rent Owing To Hear",found in operative 'It is ordered that' section; matched expected keyword for category
LTB-L-023078-26,L1,Order,2026-05-28,M6M,https://d3hf2qahezjxpx.cloudfront.net/attachments/exportedBinaries20260723_175229/069N3000010bwz6IAA/LTB-L-023078-26-2026-MAY-28.pdf,text,"[1381.29, 45.41, 1381.29, 3360.35, 201.0, 1150.0, 171.59, 3561.35, 4942.64, 6323.93, 7705.22, 1812.08, 45.41, 3360.35, 201.0, 3561.35, 4741.64, 201.0, 4942.64, 6122.93, 201.0, 6323.93, 7504.22, 201.0, 7705.22, 2932.67, 201.0, 1150.0, 171.59, 1812.08, 50000.0, 45.41]","[3360.35, 201.0, 3561.35, 4741.64, 201.0, 4942.64, 6122.93, 201.0, 6323.93, 7504.22, 201.0, 7705.22, 2932.67, 201.0, 1150.0]",7705.22,arrears,"uly 31, 2026. See Schedule 1 for  the calculation of the amount owing.   OR  •  >>>$7,705.22<<< if the payment is made on or before August 15, 2026. See Schedule 1 for  the ca",found in operative 'It is ordered that' section; matched expected keyword for category
LTB-L-004402-26,L1,ExParte Order,2026-03-20,L4T,https://d3hf2qahezjxpx.cloudfront.net/attachments/exportedBinaries20260723_175229/069N300000w7OCJIA2/LTB-L-004402-26-EX Certified.pdf,text,[],[],,,,no dollar amount found
LTB-L-008098-26,L1,ExParte Order,2026-04-09,M8V,https://d3hf2qahezjxpx.cloudfront.net/attachments/exportedBinaries20260723_175229/069N300000xW5VdIAK/LTB-L-008098-26-EX-signed.pdf,text,[],[],,,,no dollar amount found
LTB-L-055770-25,L1,Order,2026-01-30,N5Y,https://d3hf2qahezjxpx.cloudfront.net/attachments/exportedBinaries20260723_175229/069N300000sy0UMIAY/LTB-L-055770-25_L1- Jan 30 2026.pdf,text,"[6536.0, 186.0, 6536.0, 186.0, 125.0, 125.0, 125.0, 125.0, 125.0, 175.0, 175.0, 175.0, 175.0, 125.0, 125.0, 125.0, 125.0, 125.0, 125.0, 125.0, 125.0, 175.0, 175.0, 175.0, 175.0, 125.0, 125.0, 125.0, 125.0, 125.0, 125.0, 125.0, 125.0, 175.0, 175.0, 175.0, 175.0, 125.0, 125.0, 125.0, 125.0, 125.0, 125.0, 125.0, 125.0, 175.0, 175.0, 175.0, 175.0, 111.0]","[6536.0, 186.0, 186.0]",6536.0,arrears,"Tenant moved out of the rental unit.   2. The Tenant shall pay to the Landlord >>>$6,536.00<<<, which represents the arrears of rent  owing to the date the Tenant moved out o",found in operative 'It is ordered that' section; matched expected keyword for category
LTB-L-003747-26,L1,Order,2026-03-26,N0M,https://d3hf2qahezjxpx.cloudfront.net/attachments/exportedBinaries20260723_175229/069N300000w8cGQIAY/LTB-L-003747-26 - L1 Payment Plan - Cert.pdf,text,"[8386.0, 8386.0]",[],8386.0,arrears,"It is ordered on consent that:  1. The Tenant shall pay to the Landlord >>>$8,386.00<<< for arrears of rent up to March 31, 2026,  and costs.  2. The Tenant shall pay",found in operative 'It is ordered that' section; matched expected keyword for category
LTB-L-000404-26,L1,Order,2026-03-17,N2C,https://d3hf2qahezjxpx.cloudfront.net/attachments/exportedBinaries20260723_175229/069N300000vgqvsIAA/LTB-L-000404-26_HR.pdf,text,"[2215.34, 72.83, 2215.34, 8812.57, 186.0, 2215.34, 9.05, 8998.57, 5432.8, 72.83, 8812.57, 186.0, 8998.57, 7471.19, 186.0, 2215.34, 9.05, 5432.8, 50000.0, 72.83]","[8812.57, 186.0, 8998.57, 7471.19, 186.0, 2215.34]",5432.8,arrears,"5. If the Tenant does not void the order, the Tenant shall pay to the Landlord >>>$5,432.80<<<. This  amount includes rent arrears owing up to the date of the hearing and the",found in operative 'It is ordered that' section; matched expected keyword for category
LTB-L-084569-25,L1,Order,2026-01-23,K1C,https://d3hf2qahezjxpx.cloudfront.net/attachments/exportedBinaries20260723_175229/069N300000si6SUIAY/LTB-L-084569-25-SIGN.pdf,text,"[1483.97, 48.79, 1483.97, 1860.0, 186.0, 4736.47, 3837.98, 48.79, 6410.47, 186.0, 1860.0, 4736.47, 5511.98, 186.0, 1860.0, 3837.98, 50000.0, 48.79]","[6410.47, 186.0, 5511.98, 186.0]",4736.47,arrears,"ation was filed  - $1,860.00  Total the Tenant must pay to continue the tenancy >>>$4,736.47<<< B. Amount the Tenant must pay if the tenancy is terminated  Rent Owing to Heari",found in operative 'It is ordered that' section; matched expected keyword for category
LTB-L-011125-26,L1,Order,2026-04-29,L1J,https://d3hf2qahezjxpx.cloudfront.net/attachments/exportedBinaries20260723_175229/069N300000yctDpIAI/LTB-L-011125-26 U-HR.pdf,text,"[2500.42, 82.21, 2500.42, 3881.66, 4870.02, 186.0, 2500.42, 16.11, 5056.02, 7556.44, 1847.69, 82.21, 8751.68, 186.0, 3881.66, 5056.02, 11252.1, 186.0, 3881.66, 7556.44, 8059.88, 186.0, 3881.66, 2500.42, 16.11, 1847.69, 50000.0, 82.21]","[8751.68, 186.0, 11252.1, 186.0, 8059.88, 186.0]",7556.44,arrears,"ril 30, 2026. See Schedule 1 for  the calculation of the amount owing.   OR  •  >>>$7,556.44<<< if the payment is made on or before May 10, 2026. See Schedule 1 for  the calcu",found in operative 'It is ordered that' section; matched expected keyword for category
LTB-L-028810-26,L1,ExParte Order,2026-04-24,K7M,https://d3hf2qahezjxpx.cloudfront.net/attachments/exportedBinaries20260723_175229/069N300000yUhoBIAS/LTB-L-028810-26-EX Certified.pdf,ocr,[],[],,,,no dollar amount found
LTB-L-013865-26,L1,Order,2026-05-20,M5A,https://d3hf2qahezjxpx.cloudfront.net/attachments/exportedBinaries20260723_175229/069N300000zvC7tIAE/LTB-L-013865-26-HR.pdf,text,"[2800.0, 24404.6, 186.0, 2800.0, 115.75, 21674.85, 24404.6, 186.0, 2800.0, 115.75, 21674.85]","[24404.6, 186.0, 2800.0]",21674.85,arrears,"Tenants moved out of the rental unit.  2. The Tenants shall pay to the Landlord >>>$21,674.85<<<. This amount includes rent arrears  owing up to the date the Tenants moved out",found in operative 'It is ordered that' section; matched expected keyword for category
LTB-L-094842-25,L1,Order,2026-02-09,L1P,https://d3hf2qahezjxpx.cloudfront.net/attachments/exportedBinaries20260723_175229/069N300000tQyPCIA0/LTB-L-094842-25-HR Order_CERT.pdf,text,[],[],,,,no dollar amount found
LTB-L-104001-25,L1,Order,2026-02-23,N3L,https://d3hf2qahezjxpx.cloudfront.net/attachments/exportedBinaries20260723_175229/069N300000uNWtOIAW/LTB-L-104001-25_Consent - February 23 2026.pdf,text,"[1863.58, 61.27, 1863.58, 5191.93, 186.0, 125.0, 1863.58, 12.93, 5502.93, 5191.93, 125.0, 186.0, 5502.93, 7366.51, 9230.09, 3013.72, 61.27, 5191.93, 186.0, 125.0, 5502.93, 7055.51, 186.0, 125.0, 7366.51, 8919.09, 186.0, 125.0, 9230.09, 4579.23, 186.0, 125.0, 1863.58, 12.93, 3013.72, 61.27]","[5191.93, 125.0, 186.0, 5191.93, 186.0, 125.0, 5502.93, 7055.51, 186.0, 125.0, 7366.51, 8919.09, 186.0, 125.0, 4579.23, 186.0, 125.0]",9230.09,arrears,"30, 2026. See Schedule 1 for the  calculation of the amount owing.      OR    • >>>$9,230.09<<< if the payment is made on or before April 30, 2026. See Schedule 1 for the  cal",found in operative 'It is ordered that' section; matched expected keyword for category
LTB-L-093817-25,L1,Order,2026-02-05,M6K,https://d3hf2qahezjxpx.cloudfront.net/attachments/exportedBinaries20260723_175229/069N300000tA8JDIA0/LTB-L-093817-25-HR - February 5 2026.pdf,text,"[2629.0, 86.43, 2629.0, 3999.0, 7846.0, 186.0, 2629.0, 4.08, 10661.0, 5103.53, 86.43, 14474.0, 186.0, 3999.0, 10661.0, 11549.61, 186.0, 3999.0, 2629.0, 4.08, 5103.53, 50000.0, 86.43]","[14474.0, 186.0, 11549.61, 186.0]",10661.0,arrears,"tion was filed  - $3,999.00  Total the Tenant must pay to continue the tenancy  >>>$10,661.00<<<  B. Amount the Tenant must pay if the tenancy is terminated  Rent Owing To Hear",found in operative 'It is ordered that' section; matched expected keyword for category
LTB-L-104845-25,L1,Order,2026-03-17,L8G,https://d3hf2qahezjxpx.cloudfront.net/attachments/exportedBinaries20260723_175229/069N300000vfoPyIAI/LTB-L-104845-25-HR - March 17 2026.doc.pdf,text,"[2767.5, 90.99, 2767.5, 11066.0, 186.0, 2700.0, 171.97, 14019.5, 7705.3, 90.99, 13833.5, 186.0, 14019.5, 10391.27, 186.0, 2700.0, 171.97, 7705.3, 50000.0, 90.99]","[13833.5, 186.0, 14019.5, 10391.27, 186.0, 2700.0]",7705.3,arrears,"5. If the Tenants do not void the order, the Tenants shall pay to the Landlord >>>$7,705.30<<<. This  amount includes rent arrears owing up to the date of the hearing and the",found in operative 'It is ordered that' section; matched expected keyword for category
LTB-L-000960-26,L1,Order,2026-03-20,N3T,https://d3hf2qahezjxpx.cloudfront.net/attachments/exportedBinaries20260723_175229/069N300000vppj3IAA/LTB-L-000960-26 U-HR.pdf,text,"[2700.0, 88.77, 2700.0, 13943.5, 186.0, 14129.5, 12405.97, 88.77, 13943.5, 186.0, 14129.5, 12219.97, 186.0, 12405.97, 50000.0, 88.77]","[13943.5, 186.0, 14129.5, 12219.97]",12405.97,arrears,"5. If the Tenants do not void the order, the Tenants shall pay to the Landlord >>>$12,405.97<<<.  This amount includes rent arrears owing up to the date of the hearing. See Sc",found in operative 'It is ordered that' section; matched expected keyword for category
LTB-L-006546-26,L1,Order,2026-04-08,M1L,https://d3hf2qahezjxpx.cloudfront.net/attachments/exportedBinaries20260723_175229/069N300000wybXzIAI/LTB-L-006546-26-HR.pdf,text,"[3495.0, 114.9, 3495.0, 4000.0, 13475.0, 186.0, 3495.0, 13661.0, 6785.9, 114.9, 17475.0, 186.0, 4000.0, 13661.0, 14094.9, 186.0, 4000.0, 3495.0, 6785.9, 50000.0, 114.9]","[17475.0, 186.0, 14094.9, 186.0]",13661.0,arrears,"tion was filed  - $4,000.00  Total the Tenant must pay to continue the tenancy  >>>$13,661.00<<<  B. Amount the Tenant must pay if the tenancy is terminated  Rent Owing To Hear",found in operative 'It is ordered that' section; matched expected keyword for category
LTB-L-012697-26,L1,Order,2026-05-07,L6T,https://d3hf2qahezjxpx.cloudfront.net/attachments/exportedBinaries20260723_175229/069N300000z0xEgIAI/LTB-L-012697-26-HR - May 7 2026.doc.pdf,text,"[1932.75, 63.54, 1932.75, 7584.29, 186.0, 1735.27, 576.32, 9703.04, 5458.7, 63.54, 9517.04, 186.0, 9703.04, 7584.29, 186.0, 1735.27, 576.32, 5458.7, 50000.0, 63.54]","[9517.04, 186.0, 9703.04, 7584.29, 186.0, 1735.27]",5458.7,arrears,"5. If the Tenant does not void the order, the Tenant shall pay to the Landlord >>>$5,458.70<<<. This  amount includes rent arrears owing up to the date of the hearing and the",found in operative 'It is ordered that' section; matched expected keyword for category
LTB-L-103616-25,L1,Order,2026-03-04,M1E,https://d3hf2qahezjxpx.cloudfront.net/attachments/exportedBinaries20260723_175229/069N300000uhb9LIAQ/LTB-L-103616-25.pdf,text,"[1633.0, 53.69, 1633.0, 4326.0, 12702.0, 186.0, 1557.0, 24.19, 14521.0, 10962.37, 53.69, 18661.0, 186.0, 4326.0, 14521.0, 16683.56, 186.0, 4326.0, 1557.0, 24.19, 10962.37, 50000.0, 53.69]","[18661.0, 186.0, 16683.56, 186.0]",14521.0,arrears,"ion was filed  - $4,326.00  Total the Tenants must pay to continue the tenancy  >>>$14,521.00<<<  B. Amount the Tenants must pay if the tenancy is terminated  Rent Owing to Hea",found in operative 'It is ordered that' section; matched expected keyword for category
LTB-L-003083-26,L1,Order,2026-03-10,N3B,https://d3hf2qahezjxpx.cloudfront.net/attachments/exportedBinaries20260723_175229/069N300000v3W4AIAU/LTB-L-003083-26 U-HR.pdf,text,"[750.74, 24.68, 750.74, 3753.7, 186.0, 3939.7, 3238.32, 24.68, 3753.7, 186.0, 3939.7, 3052.32, 186.0, 3238.32, 50000.0, 24.68]","[3753.7, 186.0, 3939.7, 3052.32]",3238.32,arrears,"5. If the Tenant does not void the order, the Tenant shall pay to the Landlord >>>$3,238.32<<<. This  amount includes rent arrears owing up to the date of the hearing and the",found in operative 'It is ordered that' section; matched expected keyword for category
LTB-L-088103-25,L1,Order,2026-04-14,M3A,https://d3hf2qahezjxpx.cloudfront.net/attachments/exportedBinaries20260723_175229/069N300000xIkvFIAS/LTB-L-088103-25 C-HR.pdf,text,"[4713.35, 1269.86, 3416.85, 200.0, 216.85]",[],3416.85,stated_total,"y to the Landlord the amount set out in paragraph 1 less April’s rent  which is >>>$3,416.85<<< in accordance with the following schedule:   a) The Tenants shall pay $200.00 t","found in operative 'It is ordered that' section; explicit stated-total phrasing (""...is \$X"")"
LTB-L-106633-25,L1,Order,2026-03-03,L5B,https://d3hf2qahezjxpx.cloudfront.net/attachments/exportedBinaries20260723_175229/069N300000uuI5JIAU/LTB-L-106633-25 C-HR.pdf,text,"[7236.0, 186.0, 2350.0, 2350.0, 2350.0]",[],7236.0,arrears,"It is ordered on consent that:  1. The Tenants shall pay to the Landlord >>>$7,236.00<<< for arrears of rent up to February 28,  2026, and costs.  2. The Tenants shall",found in operative 'It is ordered that' section; matched expected keyword for category
LTB-L-104064-25,L1,Order,2026-02-24,L5A,https://d3hf2qahezjxpx.cloudfront.net/attachments/exportedBinaries20260723_175229/069N300000uUva8IAC/L1 Payment Plan Consent (Order)_SD-1673454_LTBL10406425 - DRO CAMPBELL DHM STAMPED.pdf,text,"[2080.38, 400.0, 400.0, 80.38]",[],2080.38,arrears,"It is ordered on consent that:  1. The Tenants shall pay to the Landlord >>>$2,080.38<<< for arrears of rent up to February 28,  2026 and costs.  2. The Tenants shall p",found in operative 'It is ordered that' section; matched expected keyword for category
LTB-L-012586-26,L1,Order,2026-05-06,P5A,https://d3hf2qahezjxpx.cloudfront.net/attachments/exportedBinaries20260723_175229/069N300000z06ARIAY/LTB-L-012586-26-HR.pdf,text,"[922.84, 30.34, 922.84, 3675.22, 186.0, 922.84, 6.0, 4784.06, 2707.36, 30.34, 4598.06, 186.0, 4784.06, 3450.2, 186.0, 922.84, 6.0, 2707.36, 50000.0, 30.34]","[4598.06, 186.0, 4784.06, 3450.2, 186.0, 922.84]",2707.36,arrears,"5. If the Tenants do not void the order, the Tenants shall pay to the Landlord >>>$2,707.36<<<. This  amount includes rent arrears owing up to the date of the hearing and the",found in operative 'It is ordered that' section; matched expected keyword for category
LTB-L-093934-25,L1,Order,2026-02-03,M2R,https://d3hf2qahezjxpx.cloudfront.net/attachments/exportedBinaries20260723_175229/069N300000tL4lkIAC/LTB-L-093934-25 -HR.pdf,text,"[1177.66, 2109.62, 69.36, 2109.62, 5405.65, 1923.62, 186.0, 1969.77, 3.17, 4219.24, 30.86, 69.36, 9438.89, 186.0, 5405.65, 4219.24, 7161.73, 186.0, 5405.65, 1969.77, 3.17, 50000.0, 69.36]","[30.86, 9438.89, 186.0, 7161.73, 186.0]",4219.24,arrears,"tion was filed  - $5,405.65  Total the Tenant must pay to continue the tenancy  >>>$4,219.24<<<  B. Amount the Tenant must pay if the tenancy is terminated  Rent Owing To Hear",found in operative 'It is ordered that' section; matched expected keyword for category
LTB-L-010896-26,L1,Order,2026-04-22,N5A,https://d3hf2qahezjxpx.cloudfront.net/attachments/exportedBinaries20260723_175229/069N300000y2eLUIAY/LTB-L-010896-26.pdf,text,"[1112.69, 36.58, 1112.69, 3390.0, 992.12, 186.0, 1087.23, 6.57, 1178.12, 479.67, 36.58, 4382.12, 186.0, 3390.0, 1178.12, 3818.13, 186.0, 3390.0, 1087.23, 6.57, 50000.0, 36.58]","[479.67, 4382.12, 186.0, 3818.13, 186.0]",3390.0,arrears,"as follows: $1,112.69 x 12 months, divided by 365 days.  3) The Tenant has paid >>>$3,390.00<<< to the Landlord since the application was filed.  4) The rent arrears owing to","no operative section found, or it had no dollar mentions at all; fell back to full-document search; matched expected keyword for category"
LTB-L-003563-26,L1,Amended Order,2026-05-22,L4M,https://d3hf2qahezjxpx.cloudfront.net/attachments/exportedBinaries20260723_175229/069N3000010I7XBIA0/LTB-L-003563-26-AM.pdf,text,"[800.0, 26.3, 800.0, 1632.0, 2052.0, 2052.0, 2052.0, 186.0, 800.0, 3038.0, 1111.4, 26.3, 4548.0, 4484.0, 186.0, 1632.0, 3038.0, 3357.4, 186.0, 1632.0, 800.0, 1111.4, 50000.0, 26.3]","[4548.0, 4484.0, 186.0, 3357.4, 186.0]",3038.0,arrears,"tion was filed  - $1,632.00  Total the Tenant must pay to continue the tenancy  >>>$3,038.00<<<  B. Amount the Tenant must pay if the tenancy is terminated  Rent Owing To Hear",found in operative 'It is ordered that' section; matched expected keyword for category
LTB-L-080753-25,L1,Order,2026-01-06,L5L,https://d3hf2qahezjxpx.cloudfront.net/attachments/exportedBinaries20260723_175229/069N300000r1sFxIAI/LTB-L-080753-25-HR.pdf,text,"[1656.85, 276.14, 276.14, 276.14, 276.14, 276.14, 276.14]",[],1656.85,arrears,"It is ordered on consent that:  1. The Tenant shall pay to the Landlord >>>$1,656.85<<< for arrears of rent up to December 31,  2025, and costs.  2. The Tenant shall p",found in operative 'It is ordered that' section; matched expected keyword for category
LTB-L-087688-25,L1,Order,2026-01-29,L1J,"https://d3hf2qahezjxpx.cloudfront.net/attachments/exportedBinaries20260723_175229/069N300000sOAC2IAO/LTB-L-087688-25_January 29, 2026.pdf",text,"[1591.67, 1405.67, 186.0]",[186.0],1591.67,arrears,"It is ordered on consent that:  1. The Tenants shall pay to the Landlord >>>$1,591.67<<<. This amount represents $1,405.67 for  arrears of rent up to January 31, 2026,",found in operative 'It is ordered that' section; matched expected keyword for category
LTB-L-003419-26,L1,Order,2026-04-02,K7K,https://d3hf2qahezjxpx.cloudfront.net/attachments/exportedBinaries20260723_175229/069N300000wwdCWIAY/LTB-L-003419-26-HR - April 2 2026.doc.pdf,text,"[3500.0, 115.07, 3500.0, 20000.0, 186.0, 23686.0, 20186.0, 115.07, 23500.0, 186.0, 23686.0, 20000.0, 186.0, 20186.0, 50000.0, 115.07]","[23500.0, 186.0, 23686.0, 20000.0]",20186.0,arrears,"5. If the Tenant does not void the order, the Tenant shall pay to the Landlord >>>$20,186.00<<<.  This amount includes rent arrears owing up to the date of the hearing and the",found in operative 'It is ordered that' section; matched expected keyword for category
LTB-L-087019-25,L1,Order,2026-01-23,L8K,https://d3hf2qahezjxpx.cloudfront.net/attachments/exportedBinaries20260723_175229/069N300000sN7RmIAK/LTB-L-087019-25.pdf,text,"[1198.84, 39.41, 1198.84, 8882.3, 186.0, 1100.0, 9068.3, 8882.3, 186.0, 280.0, 368.3]","[9068.3, 8882.3, 186.0]",1198.84,stated_total,", the Tenant was still in possession of the rental unit.  2. The lawful rent is >>>$1,198.84<<<. It is due on the 1st day of each month.  3. Based on the Monthly rent, the dai","no operative section found, or it had no dollar mentions at all; fell back to full-document search; explicit stated-total phrasing (""...is \$X"")"
LTB-L-018118-26,L1,Order,2026-05-28,L1J,https://d3hf2qahezjxpx.cloudfront.net/attachments/exportedBinaries20260723_175229/069N3000010gLE1IAM/LTB-L-018118-26-HR.pdf,text,[],[],,,,no dollar amount found
LTB-L-022802-26,L1,ExParte Order,2026-05-27,K1J,https://d3hf2qahezjxpx.cloudfront.net/attachments/exportedBinaries20260723_175229/069N3000010d9XcIAI/LTB-L-022802-26 -EX signed.pdf,ocr,[],[],,,,no dollar amount found
LTB-L-008893-26,L1,Order,2026-04-21,L4T,https://d3hf2qahezjxpx.cloudfront.net/attachments/exportedBinaries20260723_175229/069N300000yGH0sIAG/LTB-L-008893-26_HR.pdf,text,"[2253.97, 74.1, 2253.97, 5141.94, 2159.91, 186.0, 2199.0, 88.63, 2345.91, 4599.88, 1010.09, 74.1, 7301.85, 186.0, 5141.94, 2345.91, 9555.82, 186.0, 5141.94, 4599.88, 6233.48, 186.0, 5141.94, 2199.0, 88.63, 50000.0, 74.1]","[1010.09, 7301.85, 186.0, 9555.82, 186.0, 6233.48, 186.0]",4599.88,arrears,"ril 30, 2026. See Schedule 1 for  the calculation of the amount owing.   OR  •  >>>$4,599.88<<< if the payment is made on or before May 31, 2026. See Schedule 1 for  the calcu",found in operative 'It is ordered that' section; matched expected keyword for category
LTB-L-086577-25,L1,Order,2026-01-15,M6J,https://d3hf2qahezjxpx.cloudfront.net/attachments/exportedBinaries20260723_175229/069N300000s9WHiIAM/LTB-L-086577-25 -HR.pdf,text,"[3075.0, 101.1, 3075.0, 3700.0, 9225.0, 186.0, 3000.0, 35.04, 9411.0, 12486.0, 3907.56, 101.1, 12925.0, 186.0, 3700.0, 9411.0, 16000.0, 186.0, 3700.0, 12486.0, 10456.6, 186.0, 3700.0, 3000.0, 35.04, 3907.56, 50000.0, 101.1]","[12925.0, 186.0, 16000.0, 186.0, 10456.6, 186.0]",12486.0,arrears,"ion was filed  - $3,700.00  Total the Tenants must pay to continue the tenancy  >>>$12,486.00<<<  C. Amount the Tenants must pay if the tenancy is terminated  Rent Owing To Hea",found in operative 'It is ordered that' section; matched expected keyword for category
LTB-L-104767-25,L1,Order,2026-03-19,N6H,https://d3hf2qahezjxpx.cloudfront.net/attachments/exportedBinaries20260723_175229/069N300000vdp27IAA/LTB-L-104767-25_Consent - March 19 2026.pdf,text,"[1422.19, 5896.95, 5710.95, 186.0, 5896.95, 5710.95, 186.0, 1422.19, 600.0, 600.0, 600.0, 600.0, 600.0, 600.0, 600.0, 274.76]",[],5896.95,arrears,"it is ordered that:    1.  The Tenant shall pay to the Landlord >>>$5,896.95<<< which represents the arrears of rent  ($5,710.95) and costs ($186.00) outstandi",found in operative 'It is ordered that' section; matched expected keyword for category
LTB-L-091983-25,L1,Order,2026-01-20,M9M,https://d3hf2qahezjxpx.cloudfront.net/attachments/exportedBinaries20260723_175229/069N300000sDl3gIAC/LTB-L-091983-25-HR.pdf,text,[],[],,,,no dollar amount found
LTB-L-013159-26,L1,Order,2026-05-15,L6X,https://d3hf2qahezjxpx.cloudfront.net/attachments/exportedBinaries20260723_175229/069N300000zqaihIAA/LTB-L-013159-26-HR.pdf,text,"[2800.0, 92.05, 2800.0, 13500.0, 186.0, 2800.0, 215.88, 13686.0, 8514.47, 92.05, 13500.0, 186.0, 13686.0, 11344.35, 186.0, 2800.0, 215.88, 8514.47, 50000.0, 92.05]","[13500.0, 186.0, 13686.0, 11344.35, 186.0, 2800.0]",8514.47,arrears,"5. If the Tenants do not void the order, the Tenants shall pay to the Landlord >>>$8,514.47<<<. This  amount includes rent arrears owing up to the date of the hearing and the",found in operative 'It is ordered that' section; matched expected keyword for category
LTB-L-020977-26,L1,Order,2026-05-21,M8V,https://d3hf2qahezjxpx.cloudfront.net/attachments/exportedBinaries20260723_175229/069N3000010CVM5IAO/LTB-L-020977-26.pdf,text,"[2952.0, 97.05, 2952.0, 16090.56, 60.72, 186.0, 2891.28, 79.85, 30975.84, 12075.98, 97.05, 16215.84, 30850.56, 186.0, 60.72, 30975.84, 14921.83, 186.0, 2891.28, 79.85, 60.72, 12075.98, 50000.0, 97.05]","[30850.56, 186.0, 14921.83, 186.0, 2891.28]",2952.0,stated_total,"-L-020977-26      Order Page 2 of 5       Agreed Facts:  1) The current rent is >>>$2,952.00<<<. It is due on the 1st day of each month.  2) Based on the Monthly rent, the dai","no operative section found, or it had no dollar mentions at all; fell back to full-document search; explicit stated-total phrasing (""...is \$X"")"
LTB-L-013931-26,L1,Order,2026-05-11,M3N,https://d3hf2qahezjxpx.cloudfront.net/attachments/exportedBinaries20260723_175229/069N300000zNbOuIAK/LTB-L-013931-26-HR.pdf,text,"[1366.38, 44.92, 1366.38, 4200.0, 1990.73, 186.0, 1366.38, 9.83, 2176.73, 341.26, 44.92, 6190.73, 186.0, 4200.0, 2176.73, 5048.95, 186.0, 4200.0, 1366.38, 9.83, 50000.0, 44.92]","[341.26, 6190.73, 186.0, 5048.95, 186.0]",2176.73,arrears,"tion was filed  - $4,200.00  Total the Tenant must pay to continue the tenancy  >>>$2,176.73<<<  B. Amount the Tenant must pay if the tenancy is terminated  Rent Owing To Hear",found in operative 'It is ordered that' section; matched expected keyword for category
LTB-L-015311-26,L1,ExParte Order,2026-05-05,N4W,https://d3hf2qahezjxpx.cloudfront.net/attachments/exportedBinaries20260723_175229/069N300000zF7W6IAK/LTB-L-015311-26-EX signed.pdf,text,[],[],,,,no dollar amount found
LTB-L-092711-25,L1,Order,2026-03-09,L4T,https://d3hf2qahezjxpx.cloudfront.net/attachments/exportedBinaries20260723_175229/069N300000tHKltIAG/LTB-L-092711-25-HR - February 9 2026.pdf,text,"[1433.9, 47.14, 1433.9, 4482.66, 28.41, 186.0, 28.41, 214.41]",[],214.41,arrears,It is ordered that:  1. The Tenants shall pay to the Landlord >>>$214.41<<< which represents the arrears and the cost  of filing the application.  2. If th,found in operative 'It is ordered that' section; matched expected keyword for category
LTB-L-002035-26,L1,Order,2026-03-26,N3T,https://d3hf2qahezjxpx.cloudfront.net/attachments/exportedBinaries20260723_175229/069N300000vzt6qIAA/LTB-L-002035-26_Consent - March 26 2026.pdf,text,"[2260.0, 4338.65, 4152.65, 186.0, 240.0, 3378.65]","[4338.65, 4152.65, 186.0, 3378.65]",240.0,other,o the Landlord the amount set out in paragraph 1 of this order as  follows:  a) >>>$240.00<<< per month due on or before the 1st day of each month for a 4-month period  star,"found in operative 'It is ordered that' section; single candidate amount, no strong keyword match"
LTB-L-015522-26,L1,Order,2026-05-20,K7A,https://d3hf2qahezjxpx.cloudfront.net/attachments/exportedBinaries20260723_175229/069N300000ziVpuIAE/LTB-L-015522-26-HR.pdf,text,"[895.0, 3273.2, 186.0, 3459.2, 3273.2, 186.0, 3459.2]","[3273.2, 186.0, 3459.2]",3459.2,arrears,"e Tenant moved out of the rental unit.  2. The Tenant shall pay to the Landlord >>>$3,459.20<<<. This amount includes rent arrears owing  up to the date the Tenant moved out o",found in operative 'It is ordered that' section; matched expected keyword for category
LTB-L-084445-25,L1,Order,2026-01-28,N7L,https://d3hf2qahezjxpx.cloudfront.net/attachments/exportedBinaries20260723_175229/069N300000sgaMaIAI/LTB-L-084445-25-HR - January 28 2026.pdf,text,"[1208.66, 6094.6, 186.0, 6280.6, 6094.6, 186.0, 6280.6]","[6094.6, 186.0, 6280.6]",6280.6,arrears,"e Tenant moved out of the rental unit.  2. The Tenant shall pay to the Landlord >>>$6,280.60<<<. This amount includes rent arrears owing  up to the date the Tenant moved out o",found in operative 'It is ordered that' section; matched expected keyword for category
LTB-L-092638-25,L1,Order,2026-01-29,L9S,https://d3hf2qahezjxpx.cloudfront.net/attachments/exportedBinaries20260723_175229/069N300000snpGtIAI/LTB-L-092638-25-Consent Order.pdf,text,"[2400.0, 78.9, 2400.0, 186.0, 8806.0, 2400.0, 8806.0, 750.0, 750.0, 750.0, 750.0, 750.0, 750.0, 750.0, 750.0, 750.0, 750.0, 750.0, 556.0, 78.9]","[186.0, 8806.0, 2400.0]",8806.0,arrears,"It is ordered on consent that:  1. The Tenant shall pay to the Landlord >>>$8,806.00<<< for arrears of rent up to January 31, 2026,  including the application filing f",found in operative 'It is ordered that' section; matched expected keyword for category
LTB-L-022575-26,L1,ExParte Order,2026-04-20,M3N,https://d3hf2qahezjxpx.cloudfront.net/attachments/exportedBinaries20260723_175229/069N300000y9XGjIAM/LTB-L-022575-26-EX signed.pdf,ocr,[],[],,,,no dollar amount found
LTB-L-033659-23,L1,Order,2026-02-20,M5R,https://d3hf2qahezjxpx.cloudfront.net/attachments/exportedBinaries20260723_175229/069N300000uHx0HIAS/LTB-L-033659-23-HR.pdf,text,[30000.0],[],30000.0,arrears,"2025.  Moreover, the outstanding rent arrears were  significant (approximately >>>$30,000<<<) and the member found the tenancy to no longer be  viable.  In the circumstance","no operative section found, or it had no dollar mentions at all; fell back to full-document search; matched expected keyword for category"
LTB-L-013596-26,L1,ExParte Order,2026-03-19,L8L,https://d3hf2qahezjxpx.cloudfront.net/attachments/exportedBinaries20260723_175229/069N300000w2lJDIAY/LTB-L-013596-26-EX.pdf,ocr,[],[],,,,no dollar amount found
LTB-L-009257-26,L1,Order,2026-04-16,L5K,https://d3hf2qahezjxpx.cloudfront.net/attachments/exportedBinaries20260723_175229/069N300000xhN7TIAU/LTB-L-009257-26 D-HR.pdf,text,[],[],,,,no dollar amount found
LTB-L-089620-25,L1,Order,2026-01-16,L9S,https://d3hf2qahezjxpx.cloudfront.net/attachments/exportedBinaries20260723_175229/069N300000rtOWIIA2/LTB-L-089620-25 - CERTIFIED.pdf,text,"[2800.0, 10661.5, 186.0, 10847.5, 10661.5, 186.0, 10847.5]","[10661.5, 186.0, 10847.5]",10847.5,arrears,"e Tenant moved out of the rental unit.  2. The Tenant shall pay to the Landlord >>>$10,847.50<<<. This amount includes rent arrears owing  up to the date the Tenant moved out o",found in operative 'It is ordered that' section; matched expected keyword for category
LTB-L-003326-26,L1,Order,2026-03-25,M4M,https://d3hf2qahezjxpx.cloudfront.net/attachments/exportedBinaries20260723_175229/069N300000w6f8lIAA/LTB-L-003326-26-HR.pdf,text,"[2533.81, 83.3, 2533.81, 10135.24, 186.0, 2533.81, 11.23, 10321.24, 12855.05, 6741.79, 83.3, 10135.24, 186.0, 10321.24, 12669.05, 186.0, 12855.05, 9100.83, 186.0, 2533.81, 11.23, 6741.79, 50000.0, 83.3]","[10135.24, 186.0, 10321.24, 12669.05, 186.0, 12855.05, 9100.83, 186.0, 2533.81]",12855.05,arrears,"rch 31, 2026. See  Schedule 1 for the calculation of the amount owing.   OR  •  >>>$12,855.05<<< if the payment is made on or before April 5, 2026. See  Schedule 1 for the calc",found in operative 'It is ordered that' section; matched expected keyword for category
LTB-L-097429-25,L1,Order,2026-02-06,M1P,https://d3hf2qahezjxpx.cloudfront.net/attachments/exportedBinaries20260723_175229/069N300000tGyinIAC/LTB-L-097429-25 U-HR.pdf,text,"[1202.94, 39.55, 1202.94, 3559.34, 186.0, 1202.94, 1.94, 4948.28, 2444.92, 39.55, 4762.28, 186.0, 4948.28, 3463.8, 186.0, 1202.94, 1.94, 2444.92, 50000.0, 39.55]","[4762.28, 186.0, 4948.28, 3463.8, 186.0, 1202.94]",2444.92,arrears,"5. If the Tenant does not void the order, the Tenant shall pay to the Landlord >>>$2,444.92<<<. This  amount includes rent arrears owing up to the date of the hearing and the",found in operative 'It is ordered that' section; matched expected keyword for category
LTB-L-019456-26,L1,Order,2026-05-20,L6S,https://d3hf2qahezjxpx.cloudfront.net/attachments/exportedBinaries20260723_175229/069N300000zswFKIAY/LTB-L-019456-26_Certified.pdf,text,"[5700.0, 3185.8, 186.0, 2850.0, 22.46, 499.34, 3185.8, 186.0, 2850.0, 22.46, 499.34]","[3185.8, 186.0, 2850.0]",499.34,arrears,e Tenant moved out of the rental unit.  2. The Tenant shall pay to the Landlord >>>$499.34<<<. This amount includes rent arrears owing up  to the date the Tenant moved out o,found in operative 'It is ordered that' section; matched expected keyword for category
LTB-L-017256-26,L1,ExParte Order,2026-05-05,M2P,https://d3hf2qahezjxpx.cloudfront.net/attachments/exportedBinaries20260723_175229/069N300000zAFXOIA4/LTB-L-017256-26-EX signed.pdf,ocr,[],[],,,,no dollar amount found
LTB-L-096404-25,L1,Order,2026-02-17,K1G,https://d3hf2qahezjxpx.cloudfront.net/attachments/exportedBinaries20260723_175229/069N300000tz5krIAA/LTB-L-096404-25-HR.pdf,text,"[1278.0, 42.02, 1278.0, 327.0, 10491.0, 186.0, 10677.0, 9609.1, 42.02, 10818.0, 186.0, 327.0, 10677.0, 9750.1, 186.0, 327.0, 9609.1, 50000.0, 42.02]","[10818.0, 186.0, 9750.1, 186.0]",10677.0,arrears,"cation was filed  - $327.00  Total the Tenant must pay to continue the tenancy  >>>$10,677.00<<<  B. Amount the Tenant must pay if the tenancy is terminated  Rent Owing To Hear",found in operative 'It is ordered that' section; matched expected keyword for category
LTB-L-086020-25,L1,Order,2026-01-30,P6B,https://d3hf2qahezjxpx.cloudfront.net/attachments/exportedBinaries20260723_175229/069N300000tDC0jIAG/LTB-L-086020-25-HR-signed.pdf,text,[],[],,,,no dollar amount found
LTB-L-080241-25,L1,Order,2026-01-05,L6Y,https://d3hf2qahezjxpx.cloudfront.net/attachments/exportedBinaries20260723_175229/069N300000qx1VDIAY/LTB-L-080241-25_HR.pdf,text,"[1653.24, 54.35, 1653.24, 9960.23, 186.0, 1632.13, 39.24, 60.0, 5000.0, 60.0, 5000.0, 11799.47, 7745.57, 54.35, 11613.47, 186.0, 11799.47, 9230.94, 186.0, 1632.13, 39.24, 7745.57, 50000.0, 54.35]","[11613.47, 186.0, 11799.47, 9230.94, 186.0, 1632.13]",7745.57,arrears,"5. If the Tenant does not void the order, the Tenant shall pay to the Landlord >>>$7,745.57<<<. This  amount includes rent arrears owing up to the date of the hearing and the",found in operative 'It is ordered that' section; matched expected keyword for category
LTB-L-020006-26,L1,Order,2026-05-20,N2M,https://d3hf2qahezjxpx.cloudfront.net/attachments/exportedBinaries20260723_175229/069N30000101GGlIAM/LTB-L-020006-26-HR.pdf,text,"[1683.62, 55.35, 1683.62, 13220.13, 186.0, 1649.0, 12.71, 13406.13, 10835.7, 55.35, 13220.13, 186.0, 13406.13, 12311.41, 186.0, 1649.0, 12.71, 10835.7, 50000.0, 55.35]","[13220.13, 186.0, 13406.13, 12311.41, 186.0, 1649.0]",10835.7,arrears,"5. If the Tenant does not void the order, the Tenant shall pay to the Landlord >>>$10,835.70<<<.  This amount includes rent arrears owing up to the date of the hearing and the",found in operative 'It is ordered that' section; matched expected keyword for category
LTB-L-019500-26,L1,Order,2026-05-29,L7S,https://d3hf2qahezjxpx.cloudfront.net/attachments/exportedBinaries20260723_175229/069N3000010jvZWIAY/LTB-L-019500-26-HR-cert.pdf,text,"[2743.98, 90.21, 2743.98, 6555.37, 951.39, 186.0, 2649.01, 59.44, 1137.39, 3881.37, 2059.79, 90.21, 7506.76, 186.0, 6555.37, 1137.39, 10250.74, 186.0, 6555.37, 3881.37, 7018.03, 186.0, 6555.37, 2649.01, 59.44, 50000.0, 90.21]","[2059.79, 7506.76, 186.0, 10250.74, 186.0, 7018.03, 186.0]",3881.37,arrears,"May 31, 2026. See Schedule 1 for  the calculation of the amount owing.   OR  •  >>>$3,881.37<<< if the payment is made on or before June 30, 2026. See Schedule 1 for  the calc",found in operative 'It is ordered that' section; matched expected keyword for category
LTB-L-001955-26,L1,ExParte Order,2026-01-30,K2B,https://d3hf2qahezjxpx.cloudfront.net/attachments/exportedBinaries20260723_175229/069N300000t9jmMIAQ/LTB-L-001955-26-EX-signed.pdf,ocr,[],[],,,,no dollar amount found
LTB-L-016751-26,L1,Order,2026-05-19,L5E,https://d3hf2qahezjxpx.cloudfront.net/attachments/exportedBinaries20260723_175229/069N30000100PltIAE/L1 Payment Plan Consent LTB-L-016751-26.doc.pdf,text,"[4720.62, 250.0, 250.0, 250.0, 250.0, 250.0, 250.0, 250.0, 250.0, 250.0, 823.54, 823.54, 823.54]",[],4720.62,arrears,"It is ordered on consent that:  1. The Tenant shall pay to the Landlord >>>$4,720.62<<< for arrears of rent up to May 31, 2026 and  costs.  2. The Tenant shall pay to",found in operative 'It is ordered that' section; matched expected keyword for category
LTB-L-091237-25,L1,Review Order,2026-04-02,K0J,https://d3hf2qahezjxpx.cloudfront.net/attachments/exportedBinaries20260723_175229/069N300000wgY0gIAE/LTB-L-091237-25-RV - April 2 2026.pdf,text,[],[],,,,no dollar amount found
LTB-L-084019-25,L1,Order,2026-01-23,M3J,https://d3hf2qahezjxpx.cloudfront.net/attachments/exportedBinaries20260723_175229/069N300000sV0CnIAK/LTB-L-084019-25 Discontinuance Order_Certified.pdf,text,"[1000.0, 186.0, 4186.0]",[],1000.0,stated_total,"the Landlord paid for filing the application at the LTB.  Example: the rent is >>>$1,000.00<<< per month for a monthly tenancy and the tenant pays the rent on the 1st day of","no operative section found, or it had no dollar mentions at all; fell back to full-document search; explicit stated-total phrasing (""...is \$X"")"
LTB-L-059707-25,L1,Order,2026-01-29,N2J,https://d3hf2qahezjxpx.cloudfront.net/attachments/exportedBinaries20260723_175229/069N300000t3DfOIAU/LTB Order_LTB-L-059707-25_29JAN26.pdf,text,"[1792.72, 5770.68, 186.0, 500.0, 880.0, 870.68]",[186.0],5770.68,arrears,"s ordered on consent that:  1. The Tenants shall pay to the Landlord a total of >>>$5,770.68<<<, representing arrears of rent up  to September 30, 2025, and the application fi",found in operative 'It is ordered that' section; matched expected keyword for category
LTB-L-006014-26,L1,Order,2026-04-08,L4H,https://d3hf2qahezjxpx.cloudfront.net/attachments/exportedBinaries20260723_175229/069N300000x7cbFIAQ/LTB-L-006014-26-HR.pdf,text,[],[],,,,no dollar amount found
LTB-L-060735-25,L1,Order,2026-04-15,P1B,https://d3hf2qahezjxpx.cloudfront.net/attachments/exportedBinaries20260723_175229/069N300000xZxeMIAS/LTB-L-060735-25-HR.pdf,text,"[2500.0, 82.19, 2500.0, 32870.0, 2000.0, 30870.0, 186.0, 5500.0, 31056.0, 33556.0, 29213.52, 82.19, 30870.0, 186.0, 31056.0, 33370.0, 186.0, 33556.0, 29027.52, 186.0, 29213.52, 50000.0, 82.19]","[30870.0, 186.0, 31056.0, 33370.0, 186.0, 33556.0, 29027.52]",33556.0,arrears,"ril 30, 2026. See Schedule 1 for  the calculation of the amount owing.   OR  •  >>>$33,556.00<<< if the payment is made on or before May 8, 2026. See Schedule 1 for  the calcul",found in operative 'It is ordered that' section; matched expected keyword for category
LTB-L-086251-25,L1,Order,2026-01-12,L6T,https://d3hf2qahezjxpx.cloudfront.net/attachments/exportedBinaries20260723_175229/069N300000rzHdJIAU/LTB-L-086251-25_L1N4_ConsentOrder_PymtSingleDateWIntrstClIfDef_TTsNoLongPoss_Certified.pdf,text,"[3130.54, 186.0, 3130.54, 3130.54]","[3130.54, 186.0]",3130.54,arrears,"On or before January 16, 2026 the Tenants shall pay the full sum of arrears of >>>$3,130.54<<<  noted in paragraph 1.   3. If the Tenants fail to make the payment of $3,130.5",found in operative 'It is ordered that' section; matched expected keyword for category
LTB-L-100569-25,L1,Order,2026-04-10,M4G,https://d3hf2qahezjxpx.cloudfront.net/attachments/exportedBinaries20260723_175229/069N300000wzy99IAA/LTB-L-100569-25-HR.pdf,text,"[2850.0, 93.7, 2850.0, 2850.0, 8550.0, 186.0, 2850.0, 71.33, 11586.0, 5814.67, 93.7, 14250.0, 186.0, 2850.0, 11586.0, 11400.0, 186.0, 2850.0, 2850.0, 71.33, 5814.67, 50000.0, 93.7]","[14250.0, 186.0, 11400.0, 186.0]",11586.0,arrears,"tion was filed  - $2,850.00  Total the Tenant must pay to continue the tenancy  >>>$11,586.00<<<  B. Amount the Tenant must pay if the tenancy is terminated  Rent Owing to Hear",found in operative 'It is ordered that' section; matched expected keyword for category
LTB-L-091375-25,L1,Order,2026-01-28,K2G,https://d3hf2qahezjxpx.cloudfront.net/attachments/exportedBinaries20260723_175229/069N300000stIYKIA2/LTB-L-091375-25-cert.pdf,text,"[1575.43, 3267.72, 186.0, 3453.72, 3453.72, 100.0, 100.0, 100.0, 453.72]",[],3453.72,arrears,"It is ordered on consent that:  1. The Tenants shall pay to the Landlord >>>$3,453.72<<< for arrears of rent up to January  31, 2026 and costs.  2. The Tenants shall pa",found in operative 'It is ordered that' section; matched expected keyword for category
LTB-L-102863-25,L1,Order,2026-03-02,N2M,https://d3hf2qahezjxpx.cloudfront.net/attachments/exportedBinaries20260723_175229/069N300000uoUPKIA2/LTB-L-102863-25-HR - March 2-SIGN.pdf,text,"[1669.7, 54.89, 1669.7, 3445.21, 1606.95, 3776.87, 7036.08, 186.0, 3445.21, 3776.87, 4739.59, 186.0, 3445.21, 1606.95, 50000.0, 54.89]","[7036.08, 186.0, 4739.59, 186.0]",1669.7,stated_total,"the Tenants were still in possession of the rental unit.  3. The lawful rent is >>>$1,669.70<<<. It is due on the first day of each month.  4. Based on the Monthly rent, the d","found in operative 'It is ordered that' section; explicit stated-total phrasing (""...is \$X"")"
LTB-L-084320-25,L1,Order,2026-01-16,K6H,https://d3hf2qahezjxpx.cloudfront.net/attachments/exportedBinaries20260723_175229/069N300000rtbtFIAQ/LTB-L-084320-25-HR.pdf,text,"[2000.0, 8000.0, 186.0, 2000.0, 65.75, 6120.25, 8000.0, 186.0, 2000.0, 65.75, 6120.25]","[8000.0, 186.0, 2000.0]",6120.25,arrears,"e Tenant moved out of the rental unit.  2. The Tenant shall pay to the Landlord >>>$6,120.25<<<. This amount includes rent arrears owing  up to the date the Tenant moved out o",found in operative 'It is ordered that' section; matched expected keyword for category
LTB-L-002236-26,L1,ExParte Order,2026-03-20,N6H,https://d3hf2qahezjxpx.cloudfront.net/attachments/exportedBinaries20260723_175229/069N300000w3ZO3IAM/LTB-L-002236-26_EX-Signed.pdf,text,"[2226.2, 2040.2, 186.0, 492.8, 492.8, 492.8, 492.8, 255.0]","[2040.2, 186.0]",2226.2,arrears,"it is ordered that:   1. The Tenants shall pay the Landlord >>>$2,226.20<<<, which includes:   o $2,040.20 for arrears owing up to March 31, 2026; and  o $",found in operative 'It is ordered that' section; matched expected keyword for category
LTB-L-009964-26,L1,Order,2026-05-05,L4T,https://d3hf2qahezjxpx.cloudfront.net/attachments/exportedBinaries20260723_175229/069N300000yrQUtIAM/LTB-L-009964-26-HR-cert.pdf,text,"[1308.32, 3916.64, 5.27, 186.0, 1248.17, 144.45, 191.27]",[],191.27,arrears,"It is ordered that:  1. The Tenant shall pay to the Landlord >>>$191.27<<<. This amount includes rent arrears owing up  to April 30, 2026, and the cost of",found in operative 'It is ordered that' section; matched expected keyword for category
LTB-L-028177-25,L1,Order,2026-02-05,K1H,https://d3hf2qahezjxpx.cloudfront.net/attachments/exportedBinaries20260723_175229/069N300000tJGMOIA4/LTB-L-028177-25-HR - February 5 2026.pdf,text,"[1753.0, 57.63, 1753.0, 2791.0, 186.0, 4730.0, 2376.6, 57.63, 17570.0, 186.0, 13026.0, 4730.0, 15216.6, 186.0, 13026.0, 2376.6, 50000.0, 57.63]","[17570.0, 186.0, 15216.6, 186.0]",4730.0,arrears,"ion was filed  - $13,026.00  Total the Tenant must pay to continue the tenancy  >>>$4,730.00<<<    B. Amount the Tenant must pay if the tenancy is terminated    Rent Owing To",found in operative 'It is ordered that' section; matched expected keyword for category
LTB-L-015437-26,L1,Order,2026-05-21,L0G,https://d3hf2qahezjxpx.cloudfront.net/attachments/exportedBinaries20260723_175229/069N3000010HZH2IAO/LTB-L-015437-26-HR.pdf,text,"[2562.5, 84.25, 2562.5, 21725.0, 186.0, 2500.0, 174.77, 21911.0, 24473.5, 17684.73, 84.25, 21725.0, 186.0, 21911.0, 24287.5, 186.0, 24473.5, 20173.5, 186.0, 2500.0, 174.77, 17684.73, 50000.0, 84.25]","[21725.0, 186.0, 21911.0, 24287.5, 186.0, 24473.5, 20173.5, 186.0, 2500.0]",24473.5,arrears,"May 31, 2026. See Schedule 1 for  the calculation of the amount owing.   OR  •  >>>$24,473.50<<< if the payment is made on or before June 1, 2026. See Schedule 1 for  the calcu",found in operative 'It is ordered that' section; matched expected keyword for category
LTB-L-106495-25,L1,Order,2026-03-18,M1T,"https://d3hf2qahezjxpx.cloudfront.net/attachments/exportedBinaries20260723_175229/069N300000v6sHrIAI/LTB-L-106495-25 standard N4 March 18 2026 for hearing March 4, 2026 SH.pdf",text,"[1360.9, 44.74, 1360.9, 1448.83, 186.0, 1634.83, 1360.9, 186.0, 1634.83, 44.74]",[],1634.83,other,"nd continue the tenancy by paying to the Landlord  or to the LTB in trust:   •  >>>$1,634.83<<< if the payment is made on or before March 31, 2026.   3. The Tenant may also ma","found in operative 'It is ordered that' section; single candidate amount, no strong keyword match"
LTB-L-032062-25,L1,Review Order,2026-03-30,M8W,https://d3hf2qahezjxpx.cloudfront.net/attachments/exportedBinaries20260723_175229/069N300000wbc6gIAA/LTB-L-032062-25-RV - March 30 2026.pdf,text,[],[],,,,no dollar amount found
LTB-L-109487-25,L2,Order,2026-02-13,L6Y,https://d3hf2qahezjxpx.cloudfront.net/attachments/exportedBinaries20260723_175229/069N300000tzplyIAA/LTB-L-0109487-25-sign.pdf,text,[186.0],[186.0],,,,operative section found but contained only fee/rate/boilerplate amounts — likely no lump sum ordered
LTB-L-013409-26,L2,Order,2026-05-22,M3K,https://d3hf2qahezjxpx.cloudfront.net/attachments/exportedBinaries20260723_175229/069N300000zwgocIAA/LTB-L-013409-26_HR.pdf,text,"[1917.34, 1782.58, 427.14, 935.08, 935.08, 847.5, 186.0, 1782.58, 186.0]",[186.0],1782.58,other,"ants meet the  conditions set out below.  2. The Tenants shall pay the Landlord >>>$1,782.58<<< by June 30, 2026.   3. The Tenants shall not smoke in the rental unit or 3 mete","found in operative 'It is ordered that' section; single candidate amount, no strong keyword match"
LTB-L-002790-26,L2,Order,2026-03-06,L9T,https://d3hf2qahezjxpx.cloudfront.net/attachments/exportedBinaries20260723_175229/069N300000uv93BIAQ/LTB-L-002790-26-HR - March 6 2026 cert.pdf,text,"[100000.0, 15000.0, 186.0, 186.0]",[186.0],,,,operative section found but contained only fee/rate/boilerplate amounts — likely no lump sum ordered
LTB-L-071581-25,L2,Order,2026-03-16,M8W,https://d3hf2qahezjxpx.cloudfront.net/attachments/exportedBinaries20260723_175229/069N300000vTKSPIA4/LTB-L-071581-25_HR.pdf,text,"[3000.0, 186.0]",[186.0],,,,operative section found but contained only fee/rate/boilerplate amounts — likely no lump sum ordered
LTB-L-064947-25,L2,Order,2026-01-22,K9V,https://d3hf2qahezjxpx.cloudfront.net/attachments/exportedBinaries20260723_175229/069N300000sRqDBIA0/LTB-L-064947-25-HR.pdf,text,[200.0],[],200.0,other,"s 62, 63, 65 and  66 of the Act.  6. Included in the application is a claim for >>>$200.00<<< under section 88.1 of the Residential  Tenancies Act, 2006 (the ‘Act’) but with","no operative section found, or it had no dollar mentions at all; fell back to full-document search; single candidate amount, no strong keyword match"
LTB-L-059454-25,L2,Review Order,2026-02-23,M1B,"https://d3hf2qahezjxpx.cloudfront.net/attachments/exportedBinaries20260723_175229/069N300000uQ63FIAS/LTB-L-058502-25-RV, LTB-L-059454-25-RV-cert.pdf",text,[],[],,,,no dollar amount found
LTB-L-019854-26,L2,Order,2026-05-12,M5A,https://d3hf2qahezjxpx.cloudfront.net/attachments/exportedBinaries20260723_175229/069N300000zazcyIAA/LTB-L-019854-26-HR - May 12 2026.pdf,text,"[186.0, 15.5]","[186.0, 15.5]",,,,operative section found but contained only fee/rate/boilerplate amounts — likely no lump sum ordered
LTB-L-012206-25,L2,Order,2026-01-07,L8P,https://d3hf2qahezjxpx.cloudfront.net/attachments/exportedBinaries20260723_175229/069N300000rcGV3IAM/LTB-L-012206-25-HR.pdf,text,"[3000.0, 186.0, 3000.0, 3000.0, 3139.75, 3000.0, 186.0, 45.0, 1.25, 130.0, 3000.0, 3000.0, 1000.0, 500.0, 1000.0, 500.0, 3000.0, 186.0, 45.0, 1.25, 3000.0, 3000.0, 186.0, 46.25, 45.0, 1.25, 3139.75]","[186.0, 3000.0, 186.0, 186.0, 46.25]",3139.75,stated_total,"owing by the Tenant.   7. The total amount the Tenant must pay the Landlord is >>>$3,139.75<<<.  8. If the Tenant does not pay the Landlord the full amount owing on or before","found in operative 'It is ordered that' section; explicit stated-total phrasing (""...is \$X"")"
LTB-L-100862-25,L2,Order,2026-04-13,L3X,https://d3hf2qahezjxpx.cloudfront.net/attachments/exportedBinaries20260723_175229/069N300000xBNU0IAO/LTB-L-100862-25-HR.pdf,text,"[2749.47, 24.77, 753.5, 186.0, 753.5, 19.08, 2749.47, 24.77, 186.0, 772.58, 753.5, 19.08, 2162.89, 2749.47, 186.0, 772.75]","[186.0, 772.58, 753.5, 2162.89, 2749.47, 186.0, 772.75]",2749.47,arrears,"xpedite the enforcement of this order.  4. The Tenant shall pay to the Landlord >>>$2,749.47<<<, which represents compensation for the  use of the unit from November 26, 2025",found in operative 'It is ordered that' section; matched expected keyword for category
LTB-L-009881-26,L2,Order,2026-05-25,P5A,https://d3hf2qahezjxpx.cloudfront.net/attachments/exportedBinaries20260723_175229/069N300001076V1IAI/LTB-L-009881-26 Consent Order May 25 2026 Certf..pdf,text,"[186.0, 186.0]",[],186.0,other,"on is made to the LTB without notice to the  Tenants.  4. The Tenants shall pay >>>$186.00<<< to the Landlord which is the cost of the application on or  before July 15, 202","found in operative 'It is ordered that' section; single candidate amount, no strong keyword match"
LTB-L-105128-25,L2,Order,2026-04-02,N6J,https://d3hf2qahezjxpx.cloudfront.net/attachments/exportedBinaries20260723_175229/069N300000wzvjAIAQ/LTB-L-105128-25 - April 2 2026.pdf,text,[],[],,,,no dollar amount found
LTB-L-089718-25,L2,Order,2026-02-13,L6V,https://d3hf2qahezjxpx.cloudfront.net/attachments/exportedBinaries20260723_175229/069N300000tmAH0IAM/LTB-L-086260-25 & LTB-L-089718-25_L2 - February 13 2026.pdf,text,"[41.62, 1266.0, 1266.0, 10.0, 10000.0]",[],,,,"found in operative 'It is ordered that' section; only opposite-direction amount(s) found (money flowing the other way, likely a combined hearing) — no correctly-directed amount found; largest opposite-direction figure was \$10,000.00, excluded"
LTB-L-003648-26,L2,Order,2026-03-11,L4Z,https://d3hf2qahezjxpx.cloudfront.net/attachments/exportedBinaries20260723_175229/069N300000vOb0pIAC/LTB-L-003648-26-Consent Order - March 11 2026 Certf..pdf,text,"[39.24, 1193.49, 186.0, 1000.0, 343.59, 149.51, 39.24]",[],,,,operative section found but contained only fee/rate/boilerplate amounts — likely no lump sum ordered
LTB-L-003454-26,L2,Order,2026-03-04,N5Z,"https://d3hf2qahezjxpx.cloudfront.net/attachments/exportedBinaries20260723_175229/069N300000uL7mGIAS/LTB-L-003454-26PERSISTENT dated March 4 2026 for hearing February 18, 2026 SH.pdf",text,"[928.0, 186.0, 186.0, 62.0, 62.0, 62.0]",[186.0],186.0,ambiguous-max,"Tenant.    3. The Tenant shall pay the Landlord the Landlord’s filing costs of >>>$186.00<<< as follows: (1)  $62.00 minimum on or before March 1, 2026 (2) $62.00 minimum o","found in operative 'It is ordered that' section; multiple candidate amounts, took max — manual review advised"
LTB-L-011088-26,L2,Order,2026-05-07,M6K,https://d3hf2qahezjxpx.cloudfront.net/attachments/exportedBinaries20260723_175229/069N300000yz58IIAQ/LTB-L-011088-26-Signed.pdf,text,[],[],,,,no dollar amount found
LTB-L-057916-25,L2,Order,2026-01-07,M5A,https://d3hf2qahezjxpx.cloudfront.net/attachments/exportedBinaries20260723_175229/069N300000rLqoNIAS/LTB-L-057916-25-HR.pdf,text,"[993.72, 800.84, 974.77, 993.72, 993.72, 993.72, 186.0, 1179.72]",[186.0],1179.72,stated_total,"ling the application.  5. The total amount the Tenants must pay the Landlord is >>>$1,179.72<<<.  6. If the Tenants does not pay the Landlord the full amount owing on or befor","found in operative 'It is ordered that' section; explicit stated-total phrasing (""...is \$X"")"
LTB-L-061939-25,L2,Order,2026-01-16,N9V,https://d3hf2qahezjxpx.cloudfront.net/attachments/exportedBinaries20260723_175229/069N300000sJVPJIA4/LTB-L-061939-25-HR.pdf,text,[],[],,,,no dollar amount found
LTB-L-097271-25,L2,Order,2026-03-02,L6T,https://d3hf2qahezjxpx.cloudfront.net/attachments/exportedBinaries20260723_175229/069N300000ubO4oIAE/LTB-L-097271-25-CO - March 2 2026.pdf,text,[186.0],[186.0],,,,operative section found but contained only fee/rate/boilerplate amounts — likely no lump sum ordered
LTB-L-106069-25,L2,Order,2026-02-06,N2H,https://d3hf2qahezjxpx.cloudfront.net/attachments/exportedBinaries20260723_175229/069N300000tOl1QIAS/LTB-L-106069-25.pdf,text,[],[],,,,no dollar amount found
LTB-L-003025-26,L2,Order,2026-02-25,L8M,https://d3hf2qahezjxpx.cloudfront.net/attachments/exportedBinaries20260723_175229/069N300000uIXjjIAG/LTB-L-003025-26_Consent - February 25 2026.pdf,text,[186.0],[186.0],,,,operative section found but contained only fee/rate/boilerplate amounts — likely no lump sum ordered
LTB-L-102321-25,L2,Order,2026-01-26,K1K,https://d3hf2qahezjxpx.cloudfront.net/attachments/exportedBinaries20260723_175229/069N300000sn3P9IAI/LTB-L-102321-25.pdf,text,"[1087.0, 186.0, 186.0, 31.0, 31.0, 31.0, 31.0, 31.0, 31.0]",[186.0],1087.0,stated_total,"this and still wish to agree to this Order on Consent.  2) The current rent is >>>$1,087.00<<<. It is due on the 1st day of each month.  3) The Landlord incurred costs of $18","no operative section found, or it had no dollar mentions at all; fell back to full-document search; explicit stated-total phrasing (""...is \$X"")"
LTB-L-048443-24,L2,Order,2026-02-10,P3E,https://d3hf2qahezjxpx.cloudfront.net/attachments/exportedBinaries20260723_175229/069N300000thZB0IAM/LTB-L-048443-24-HR - February 10 2026.pdf,text,"[139.0, 186.0, 186.0]",[186.0],,,,operative section found but contained only fee/rate/boilerplate amounts — likely no lump sum ordered
LTB-L-100849-25,L2,Order,2026-01-30,M4C,https://d3hf2qahezjxpx.cloudfront.net/attachments/exportedBinaries20260723_175229/069N300000sgj1gIAA/LTB-L-100849-25-HR.pdf,text,"[58.56, 1781.15, 186.0, 1000.0, 85000.0, 58.56, 186.0]",[186.0],,,,operative section found but contained only fee/rate/boilerplate amounts — likely no lump sum ordered
LTB-L-089476-25,L2,Order,2026-02-25,N8X,https://d3hf2qahezjxpx.cloudfront.net/attachments/exportedBinaries20260723_175229/069N300000uRrpcIAC/LTB-L-089476-25-HR.pdf,text,"[418.0, 44.86]",[],418.0,ambiguous-max,n met.  Last Month’s Rent Deposit  21. The Landlord collected a rent deposit of >>>$418.00<<< from the Tenant and this deposit is still  being held by the Landlord. Interest,"no operative section found, or it had no dollar mentions at all; fell back to full-document search; multiple candidate amounts, took max — manual review advised"
LTB-L-058258-25,L2,Order,2026-01-29,M6H,https://d3hf2qahezjxpx.cloudfront.net/attachments/exportedBinaries20260723_175229/069N300000t48iYIAQ/LTB-L-058258-25-HR.pdf,text,"[900.0, 1017.0, 900.0, 1203.0]",[],1203.0,arrears,"conditions set out below.  2. The Tenant shall pay to the Landlords the sum of >>>$1,203.00<<< being the reasonable costs  the Landlords will incur to repair the damage to th",found in operative 'It is ordered that' section; matched expected keyword for category
LTB-L-092082-25,L2,Order,2026-01-19,M2N,https://d3hf2qahezjxpx.cloudfront.net/attachments/exportedBinaries20260723_175229/069N300000sEtnCIAS/LTB-L-092082-25-HR_Certified.pdf,text,"[186.0, 186.0]",[186.0],,,,operative section found but contained only fee/rate/boilerplate amounts — likely no lump sum ordered
LTB-L-105068-25,L2,Order,2026-02-05,M4C,https://d3hf2qahezjxpx.cloudfront.net/attachments/exportedBinaries20260723_175229/069N300000tGsspIAC/LTB-L-105068-25-HR - February 5 2026.pdf,text,"[34.65, 1053.94, 186.0, 1053.94, 0.85, 34.65, 186.0, 186.0]",[186.0],186.0,stated_total,iling the application.  6. The total amount the Tenant must pay the Landlord is >>>$186.00<<<.  7. If the Tenant does not pay the Landlord the full amount owing on or before,"found in operative 'It is ordered that' section; explicit stated-total phrasing (""...is \$X"")"
LTB-L-072112-25,L2,Order,2026-01-12,N1S,https://d3hf2qahezjxpx.cloudfront.net/attachments/exportedBinaries20260723_175229/069N300000rxoWzIAI/LTB-L-072112-25 cert.pdf,text,"[650.0, 82.2, 82.2, 705.0]",[],705.0,stated_total,"ted from the rent for the month of January, 2026. E. The current lawful rent is >>>$705.00<<<.  File Number: LTB-L-072112-25  Order Page 2 of 2  F. The Tenant shall pay the","no operative section found, or it had no dollar mentions at all; fell back to full-document search; explicit stated-total phrasing (""...is \$X"")"
LTB-L-000652-26,L2,Order,2026-04-17,N8W,https://d3hf2qahezjxpx.cloudfront.net/attachments/exportedBinaries20260723_175229/069N300000y3oXDIAY/LTB-L-000652-26_Consent - April 17 2026.pdf,text,[],[],,,,no dollar amount found
LTB-L-026054-25,L2,Order,2026-01-06,M5S,https://d3hf2qahezjxpx.cloudfront.net/attachments/exportedBinaries20260723_175229/069N300000rUpxrIAC/LTB-L-026054-25; LTB-L-066591-24-RV-BIR.pdf,text,[],[],,,,no dollar amount found
LTB-L-089755-25,L2,Order,2026-03-04,K1W,https://d3hf2qahezjxpx.cloudfront.net/attachments/exportedBinaries20260723_175229/069N300000ud9KyIAI/LTB-L-089755-25-HR.pdf,text,"[2700.0, 2800.0, 2800.0]",[],2800.0,ambiguous-max,"uld be responsible for paying utilities and the monthly rent  would increase to >>>$2,800.00<<< and both parties would sign a mutual release.        File Number: LTB-L-089755-","no operative section found, or it had no dollar mentions at all; fell back to full-document search; multiple candidate amounts, took max — manual review advised"
LTB-L-081814-25,L2,Order,2026-04-01,K6A,https://d3hf2qahezjxpx.cloudfront.net/attachments/exportedBinaries20260723_175229/069N300000x0D8HIAU/LTB-L-081814-25-HR Fr.pdf,text,[],[],,,,no dollar amount found
LTB-L-072060-25,L2,Order,2026-03-13,M1H,https://d3hf2qahezjxpx.cloudfront.net/attachments/exportedBinaries20260723_175229/069N300000vSWqqIAG/LTB-L-072060-25-HR - March 13 2026.pdf,text,[],[],,,,no dollar amount found
LTB-L-024064-26,L2,Order,2026-05-19,N0P,https://d3hf2qahezjxpx.cloudfront.net/attachments/exportedBinaries20260723_175229/069N300000zt1bVIAQ/LTB-L-024064-26_HR- May19-26-cert.pdf,text,"[186.0, 186.0, 186.0]",[186.0],186.0,stated_total,iling the application.  5. The total amount the Tenant must pay the Landlord is >>>$186.00<<<.  6. If the Tenant does not pay the Landlord the full amount owing on or before,"found in operative 'It is ordered that' section; explicit stated-total phrasing (""...is \$X"")"
LTB-L-056467-25,L2,Order,2026-03-13,K1V,https://d3hf2qahezjxpx.cloudfront.net/attachments/exportedBinaries20260723_175229/069N300000vZUyXIAW/LTB-L-056467-25-FR.pdf,text,[],[],,,,no dollar amount found
LTB-L-081296-25,L2,Order,2026-02-11,N3C,https://d3hf2qahezjxpx.cloudfront.net/attachments/exportedBinaries20260723_175229/069N300000tjMCuIAM/LTB-L-081296-25-HR.pdf,text,[],[],,,,no dollar amount found
LTB-L-012196-26,L2,Order,2026-05-13,N8X,"https://d3hf2qahezjxpx.cloudfront.net/attachments/exportedBinaries20260723_175229/069N300000ytvKuIAI/LTB-L-012196-26 TERMINATION  dated May 13 2026 for hearing April 29, 2026 SH.pdf",text,"[1046.53, 34.41, 1000.0, 50.0, 1050.0, 1000.0, 50.0, 103.22, 55.18, 48.04, 34.41]",[],,,,operative section found but contained only fee/rate/boilerplate amounts — likely no lump sum ordered
LTB-L-010936-26,L2,Order,2026-05-06,N5Z,https://d3hf2qahezjxpx.cloudfront.net/attachments/exportedBinaries20260723_175229/069N300000yy8jSIAQ/LTB-L-010936-26-Signed.pdf,text,"[23.01, 700.0, 186.0, 700.0, 69.62, 23.01, 186.0, 186.0]",[186.0],186.0,stated_total,Order Page 3 of 3       6. The total amount the Tenant must pay the Landlord is >>>$186.00<<<.  7. If the Tenant does not pay the Landlord the full amount owing on or before,"found in operative 'It is ordered that' section; explicit stated-total phrasing (""...is \$X"")"
LTB-L-085813-25,L2,Order,2026-02-10,K7S,https://d3hf2qahezjxpx.cloudfront.net/attachments/exportedBinaries20260723_175229/069N300000tW1JGIA0/LTB-L-085813-25-HR.pdf,text,[],[],,,,no dollar amount found
LTB-L-011450-26,L2,Amended Order,2026-05-08,K8P,https://d3hf2qahezjxpx.cloudfront.net/attachments/exportedBinaries20260723_175229/069N300000zLXCNIA4/LTB-L-011450-26_Consent - AMENDED.pdf,text,[186.0],[186.0],,,,operative section found but contained only fee/rate/boilerplate amounts — likely no lump sum ordered
LTB-L-083897-25,L2,Order,2026-01-29,M5A,https://d3hf2qahezjxpx.cloudfront.net/attachments/exportedBinaries20260723_175229/069N300000t6iA0IAI/LTB-L-083897-25-HR.pdf,text,[],[],,,,no dollar amount found
LTB-L-082176-25,L2,Order,2026-03-04,L4C,https://d3hf2qahezjxpx.cloudfront.net/attachments/exportedBinaries20260723_175229/069N300000uw2naIAA/LTB-L-082176-25_HR.pdf,text,"[36.16, 1100.0, 650.0, 35.53, 36.16]",[],,,,operative section found but contained only fee/rate/boilerplate amounts — likely no lump sum ordered
LTB-L-106246-25,L2,Order,2026-03-25,P4P,https://d3hf2qahezjxpx.cloudfront.net/attachments/exportedBinaries20260723_175229/069N300000vuu3bIAA/LTB-L-106246-25-HR - March 25 2026 cert.pdf,text,[],[],,,,no dollar amount found
LTB-L-069264-25,L2,Review Order,2026-01-21,N1H,https://d3hf2qahezjxpx.cloudfront.net/attachments/exportedBinaries20260723_175229/069N300000sFLRqIAO/LTB-L-069264-25-RV.pdf,text,[],[],,,,no dollar amount found
LTB-L-005120-26,L2,Order,2026-03-06,N6A,https://d3hf2qahezjxpx.cloudfront.net/attachments/exportedBinaries20260723_175229/069N300000uzEkHIAU/LTB-L-005120-26 cert.pdf,text,[186.0],[186.0],,,,operative section found but contained only fee/rate/boilerplate amounts — likely no lump sum ordered
LTB-L-092921-25,L2,Order,2026-03-02,N1H,https://d3hf2qahezjxpx.cloudfront.net/attachments/exportedBinaries20260723_175229/069N300000uRHxaIAG/LTB-L-092921-25-HR - CERT.pdf,text,"[186.0, 186.0]",[186.0],186.0,stated_total,ing the application.  6. The total amount the Tenants must pay the Landlords is >>>$186.00<<<.  7. If the Tenants do not pay the Landlords the full amount owing on or before,"found in operative 'It is ordered that' section; explicit stated-total phrasing (""...is \$X"")"
LTB-L-100136-25,L2,Order,2026-03-04,L9N,https://d3hf2qahezjxpx.cloudfront.net/attachments/exportedBinaries20260723_175229/069N300000urbPQIAY/LTB-L-100136-25.pdf,text,"[2000.0, 200.0]",[],2000.0,arrears,"ch 31, 2026.   2. The Tenants owe rent arrears to the Landlord in the amount of >>>$2,000.00<<<. The rent arrears  are up to Feb 28, 2026.   3. The Landlord will apply the las","no operative section found, or it had no dollar mentions at all; fell back to full-document search; matched expected keyword for category"
LTB-L-016180-26,L2,Order,2026-05-22,M1T,https://d3hf2qahezjxpx.cloudfront.net/attachments/exportedBinaries20260723_175229/069N300000zwJdVIAU/LTB-L-016180-26.pdf,text,"[1819.47, 1500.0, 435.8]",[],1819.47,ambiguous-max,"tified that the Tenant was provided with compensation payment in the amount of  >>>$1,819.47<<< on February 20, 2026, by placing said payment into the Tenant’s mailbox. The  T","no operative section found, or it had no dollar mentions at all; fell back to full-document search; multiple candidate amounts, took max — manual review advised"
LTB-L-085578-25,L2,Order,2026-03-26,L8E,https://d3hf2qahezjxpx.cloudfront.net/attachments/exportedBinaries20260723_175229/069N300000wJt5uIAC/LTB-L-085578-25-HR.pdf,text,[],[],,,,no dollar amount found
LTB-L-008863-24,L2,Order,2026-01-20,N1K,https://d3hf2qahezjxpx.cloudfront.net/attachments/exportedBinaries20260723_175229/069N300000sIsvjIAC/LTB-L-008863-24-HR.pdf,text,"[1000.0, 1000.0]",[],1000.0,ambiguous-max,"or December 2025 and January  2026.  5. The Landlord shall return to the Tenant >>>$1,000.00<<< security deposit by February 28, 2026. If  the Landlord does return $1,000.00 b","found in operative 'It is ordered that' section; multiple candidate amounts, took max — manual review advised"
LTB-L-101400-25,L2,Amended Order,2026-04-10,L4H,https://d3hf2qahezjxpx.cloudfront.net/attachments/exportedBinaries20260723_175229/069N300000xOd4gIAC/LTB-L-101400-25-HR-AM2.pdf,text,"[500.0, 2500.0, 2800.0, 500.0, 2800.0, 201.0, 2800.0, 1000.0, 500.0, 500.0, 2800.0, 1000.0, 201.0, 1000.0, 201.0, 1201.0]",[201.0],1000.0,arrears,"400-25-AM2      Order Page 4 of 4       5. The Tenant shall pay to the Landlord >>>$1,000.00<<<, which represents the reasonable out-of- pocket expenses the Landlord has incur",found in operative 'It is ordered that' section; matched expected keyword for category
LTB-L-074646-25,L2,Order,2026-05-04,N1H,https://d3hf2qahezjxpx.cloudfront.net/attachments/exportedBinaries20260723_175229/069N300000z7tayIAA/LTB-T-066735-25;LTB-L-074646-25-HR.pdf,text,"[13.82, 420.25, 13.82, 10000.0, 5000.0, 5000.0]",[],5000.0,other,"providing vacant  possession of the rental unit on or before May 22, 2026. The >>>$5,000.00<<< shall be provided  to the Tenant following the Landlord's inspection confirming","found in operative 'It is ordered that' section; single candidate amount, no strong keyword match"
LTB-L-108405-25,L2,ExParte Order,2026-05-21,M8Z,https://d3hf2qahezjxpx.cloudfront.net/attachments/exportedBinaries20260723_175229/069N3000010DUkdIAG/LTB-L-108405-25-EX.pdf,text,[],[],,,,no dollar amount found
LTB-L-107398-25,L2,Order,2026-03-26,L4M,https://d3hf2qahezjxpx.cloudfront.net/attachments/exportedBinaries20260723_175229/069N300000wPiXVIA0/LTB-L-107398-25-HR - March 26 2026.doc.pdf,text,"[24.37, 741.2, 725.0, 53.6, 186.0, 24.37]",[186.0],,,,operative section found but contained only fee/rate/boilerplate amounts — likely no lump sum ordered
LTB-L-084099-25,L2,Amended Order,2026-03-13,N8W,https://d3hf2qahezjxpx.cloudfront.net/attachments/exportedBinaries20260723_175229/069N300000vTS6iIAG/LTB-L-084099-25 - Amended Order.pdf,text,"[2000.0, 665.0, 186.0]",[186.0],2000.0,ambiguous-max,", and continuing until December 1, 2026, the Tenants shall  pay to the Landlord >>>$2,000.00<<<, in full and on time, on or before the first day of each month.      File Numbe","found in operative 'It is ordered that' section; multiple candidate amounts, took max — manual review advised"
LTB-L-103923-25,L2,Order,2026-02-10,N4S,"https://d3hf2qahezjxpx.cloudfront.net/attachments/exportedBinaries20260723_175229/069N300000t3PoiIAE/LTB-L-103923-25-PERSISTENT N8 dated February 10 2026 for hearing January 27, 2026 SH.pdf",text,"[1697.0, 186.0]",[],1697.0,stated_total,"failed to pay the rent on the date it was due.   2. The current monthly rent is >>>$1,697.00<<< due on the 1st day of each month.  The rent account  is up to date for the peri","no operative section found, or it had no dollar mentions at all; fell back to full-document search; explicit stated-total phrasing (""...is \$X"")"
LTB-L-045462-25,L2,Order,2026-04-13,L6C,https://d3hf2qahezjxpx.cloudfront.net/attachments/exportedBinaries20260723_175229/069N300000xLfauIAC/LTB-L-045462-25-WD.pdf,text,[],[],,,,no dollar amount found
LTB-L-007804-26,L2,Order,2026-05-19,K2E,https://d3hf2qahezjxpx.cloudfront.net/attachments/exportedBinaries20260723_175229/069N300000zcPYbIAM/LTB-L-007804-26-HR -CERT.pdf,text,"[6750.65, 8136.0, 6750.65, 3010.0, 8136.0, 6075.0, 186.0, 3200.0, 960.0, 3200.0, 2300.0, 2300.0, 350.0, 350.0, 1350.0, 3196.0, 960.0, 2300.0, 350.0, 186.0]","[2300.0, 350.0, 186.0]",3196.0,arrears,"ered that:  1. On or before June 30, 2026, the Tenant shall pay to the Landlord >>>$3,196.00<<< for the  following:  • Replacing the carpeting $960.00;  • Repainting the renta",found in operative 'It is ordered that' section; matched expected keyword for category
LTB-L-005332-24,L2,Order,2026-04-02,N0N,https://d3hf2qahezjxpx.cloudfront.net/attachments/exportedBinaries20260723_175229/069N300000x2p7iIAA/LTB-L-005332-24-HR - April 2 2026.pdf,text,"[735.0, 19110.56, 24.16, 735.0, 735.0, 150.62, 735.0, 735.0, 19110.56, 24.16, 885.62]",[],19110.56,arrears,"nt is terminated as of April 30, 2026.  6. The Tenant shall pay to the Landlord >>>$19,110.56<<<, which represents compensation for the  use of the unit from March 1, 2024 to A",found in operative 'It is ordered that' section; matched expected keyword for category
LTB-L-060584-25,L2,Order,2026-05-26,M6S,https://d3hf2qahezjxpx.cloudfront.net/attachments/exportedBinaries20260723_175229/069N3000010Cvi3IAC/LTB-L-060584-25-HR.pdf,text,"[965.0, 5000.0, 186.0, 186.0]",[186.0],,,,operative section found but contained only fee/rate/boilerplate amounts — likely no lump sum ordered
LTB-L-074052-25,L2,Order,2026-01-12,L6E,https://d3hf2qahezjxpx.cloudfront.net/attachments/exportedBinaries20260723_175229/069N300000rwqHUIAY/LTB-L-074052-25 HR.pdf,text,[],[],,,,no dollar amount found
LTB-L-008922-26,L2,ExParte Order,2026-05-25,N5W,https://d3hf2qahezjxpx.cloudfront.net/attachments/exportedBinaries20260723_175229/069N3000010Y98QIAS/LTB-L-008922-26-EX.pdf,text,[],[],,,,no dollar amount found
LTB-L-061980-25,L2,Order,2026-01-30,K1Z,https://d3hf2qahezjxpx.cloudfront.net/attachments/exportedBinaries20260723_175229/069N300000smsYfIAI/LTB-L-061980-25-HR.pdf,text,"[6009.28, 1100.0, 186.0, 1100.0, 6009.28, 1100.0, 100.0, 1100.0, 186.0, 1286.0, 100.0, 100.0, 100.0, 100.0, 100.0, 100.0, 100.0, 100.0, 100.0, 100.0, 100.0, 100.0, 86.0]",[186.0],1286.0,stated_total,"iling the application.  7. The total amount the Tenant must pay the Landlord is >>>$1,286.00<<<.  8. The Tenant shall pay the Landlord the amount set out n Paragraph 7 in acco","found in operative 'It is ordered that' section; explicit stated-total phrasing (""...is \$X"")"
LTB-L-012072-24,L2,Review Order,2026-02-11,K7K,https://d3hf2qahezjxpx.cloudfront.net/attachments/exportedBinaries20260723_175229/069N300000tqeeZIAQ/LTB-L-012072-24-RV2 certified.pdf,text,[],[],,,,no dollar amount found
LTB-L-085844-23,L2,Order,2026-04-07,M1E,https://d3hf2qahezjxpx.cloudfront.net/attachments/exportedBinaries20260723_175229/069N300000x3Lu6IAE/LTB-L-085844-23-HR - April 7 2026.pdf,text,[],[],,,,no dollar amount found
LTB-L-072082-25,L2,Order,2026-01-05,M4L,https://d3hf2qahezjxpx.cloudfront.net/attachments/exportedBinaries20260723_175229/069N300000rRmJmIAK/LTB-L-072082-25_Consent - January 5 2026.pdf,text,[],[],,,,no dollar amount found
LTB-L-092426-25,L2,Order,2026-03-25,M1C,https://d3hf2qahezjxpx.cloudfront.net/attachments/exportedBinaries20260723_175229/069N300000wL1HXIA0/LTB-L-092426-25-L2- March 25 2026.pdf,text,"[21.37, 650.0, 7000.0, 650.0, 52.92, 7052.92, 3500.0, 3552.92]",[],3500.0,other,"Tenant $7,052.92, via bank draft in accordance with the  following schedule:  • >>>$3,500.00<<< on or before March 31, 2026, and  • $3,552.92 on or before April 18, 2026.  5.","found in operative 'It is ordered that' section; single candidate amount, no strong keyword match"
LTB-L-109155-25,L2,Order,2026-03-11,N7T,https://d3hf2qahezjxpx.cloudfront.net/attachments/exportedBinaries20260723_175229/069N300000v3emYIAQ/LTB-L-109155-25-HR.pdf,text,[],[],,,,no dollar amount found
LTB-L-084363-25,L2,Order,2026-02-03,N6E,https://d3hf2qahezjxpx.cloudfront.net/attachments/exportedBinaries20260723_175229/069N300000tHWdJIAW/LTB-L-084363-25-HR.pdf,text,"[398.54, 638.22, 638.22, 186.0, 638.22, 186.0]",[186.0],638.22,arrears,"-084363-25      Order Page 4 of 4       2. The Tenant shall pay to the Landlord >>>$638.22<<<, which represents the reasonable out-of- pocket expenses the Landlord has incur",found in operative 'It is ordered that' section; matched expected keyword for category
LTB-L-027797-25,L2,Order,2026-03-26,L1S,https://d3hf2qahezjxpx.cloudfront.net/attachments/exportedBinaries20260723_175229/069N300000w7Tk0IAE/LTB-L-027797-25-HR.pdf,text,[],[],,,,no dollar amount found
LTB-L-084805-25,L2,Order,2026-02-04,M4B,https://d3hf2qahezjxpx.cloudfront.net/attachments/exportedBinaries20260723_175229/069N300000tAKqbIAG/LTB-L-084805-25-HR.pdf,text,[],[],,,,no dollar amount found
LTB-L-083403-25,L2,Order,2026-01-06,L5H,https://d3hf2qahezjxpx.cloudfront.net/attachments/exportedBinaries20260723_175229/069N300000rhAC7IAM/LTB-L-083403-25-SIGN.pdf,text,"[266.0, 136.0, 133.0, 133.0, 133.0, 133.0, 133.0, 133.0, 133.0, 133.0, 133.0, 133.0, 133.0, 133.0, 133.0, 133.0, 133.0, 133.0, 133.0, 133.0, 133.0, 133.0, 133.0, 133.0, 133.0, 133.0, 186.0]",[186.0],266.0,stated_total,it is ordered that: 1. The lawful monthly rent is >>>$266<<<5.00.  2. The Tenants shall pay to the Landlord $1365.00 on or before December 1,"found in operative 'It is ordered that' section; explicit stated-total phrasing (""...is \$X"")"
LTB-L-053894-25,L2,Order,2026-05-19,L4H,https://d3hf2qahezjxpx.cloudfront.net/attachments/exportedBinaries20260723_175229/069N300000zrLhYIAU/LTB-L-053894-25 - May 19 2026.pdf,text,[],[],,,,no dollar amount found
LTB-L-069871-25,L2,Order,2026-01-05,N2J,https://d3hf2qahezjxpx.cloudfront.net/attachments/exportedBinaries20260723_175229/069N300000rKVsMIAW/LTB-L-069871-25-HR - January 5 2026 (1).pdf,text,"[186.0, 2620.0, 144.1, 186.0]",[186.0],,,,operative section found but contained only fee/rate/boilerplate amounts — likely no lump sum ordered
LTB-L-008029-26,L2,Order,2026-04-24,L6V,https://d3hf2qahezjxpx.cloudfront.net/attachments/exportedBinaries20260723_175229/069N300000yQfZpIAK/LTB-L-008029-26_L2_2026 04 24.pdf,text,[],[],,,,no dollar amount found
LTB-L-106843-25,L2,Order,2026-02-24,L4N,https://d3hf2qahezjxpx.cloudfront.net/attachments/exportedBinaries20260723_175229/069N300000uLECbIAO/LTB-L-106843-25.pdf,text,[],[],,,,no dollar amount found
LTB-L-109092-25,L2,Order,2026-04-13,M4H,https://d3hf2qahezjxpx.cloudfront.net/attachments/exportedBinaries20260723_175229/069N300000xJyptIAC/LTB-L-109092-25 - April 13 2026.pdf,text,[186.0],[186.0],,,,operative section found but contained only fee/rate/boilerplate amounts — likely no lump sum ordered
LTB-L-032915-26,L2,Order,2026-05-13,L2T,https://d3hf2qahezjxpx.cloudfront.net/attachments/exportedBinaries20260723_175229/069N300000zggxPIAQ/LTB-L-032915-26_L2_May-13-2026.pdf,text,[],[],,,,no dollar amount found
LTB-L-099891-25,L2,Order,2026-05-11,L9N,https://d3hf2qahezjxpx.cloudfront.net/attachments/exportedBinaries20260723_175229/069N300000zFKwBIAW/3. STAMPED LTB-L-099891-25-HR - May 11 2026.pdf,text,[],[],,,,no dollar amount found
LTB-L-064944-25,L2,Review Order,2026-03-17,L5H,https://d3hf2qahezjxpx.cloudfront.net/attachments/exportedBinaries20260723_175229/069N300000vZ2EKIA0/LTB-L-064944-25-RV-HR2.pdf,text,[],[],,,,no dollar amount found
LTB-L-028000-26,L2,Order,2026-05-29,L3V,https://d3hf2qahezjxpx.cloudfront.net/attachments/exportedBinaries20260723_175229/069N3000010Op7RIAS/LTB-L-028000-26 cert.pdf,text,[250.0],[],250.0,stated_total,"heir consent.    It is agreed by the parties that:    A. Current lawful rent is >>>$250<<<0.00 and it is due on the first of the month.    On consent of the parties, it i","no operative section found, or it had no dollar mentions at all; fell back to full-document search; explicit stated-total phrasing (""...is \$X"")"
LTB-L-093204-25,L2,Order,2026-03-31,M4C,https://d3hf2qahezjxpx.cloudfront.net/attachments/exportedBinaries20260723_175229/069N300000wj6uJIAQ/LTB-L-093204-25_HR- Mar31-26-cert.pdf,text,"[1169.55, 1169.55, 1169.5]",[],1169.55,ambiguous-max,"e  time. The rental unit door was damaged, requiring a replacement door costing >>>$1,169.55<<<.   On September 22, 2025, the Tenant turned himself over to the police and the","no operative section found, or it had no dollar mentions at all; fell back to full-document search; multiple candidate amounts, took max — manual review advised"
LTB-L-085716-25,L2,Order,2026-02-18,M1J,https://d3hf2qahezjxpx.cloudfront.net/attachments/exportedBinaries20260723_175229/069N300000tvudoIAA/LTB-L-085716-25.pdf,text,"[186.0, 186.0]",[186.0],,,,operative section found but contained only fee/rate/boilerplate amounts — likely no lump sum ordered
LTB-L-070577-25,L2,Order,2026-01-15,M6H,https://d3hf2qahezjxpx.cloudfront.net/attachments/exportedBinaries20260723_175229/069N300000s8qwtIAA/LTB-L-070577-25-HR.pdf,text,"[13300.56, 6118.2, 56.65, 1723.03, 186.0, 1600.0, 153.64, 8750.0, 6118.2, 56.65, 8750.0, 186.0, 1753.64, 13300.56]",[186.0],13300.56,stated_total,"owing by the Tenant.   9. The total amount the Tenant must pay the Landlord is >>>$13,300.56<<< less any amounts  previously paid.  10. If the Tenant does not pay the Landlord","found in operative 'It is ordered that' section; explicit stated-total phrasing (""...is \$X"")"
LTB-L-109554-25,L2,Review Order,2026-04-23,M1K,https://d3hf2qahezjxpx.cloudfront.net/attachments/exportedBinaries20260723_175229/069N300000yUeFNIA0/LTB-L-109554-25-RV certified.pdf,text,[],[],,,,no dollar amount found
LTB-L-101838-25,L2,Order,2026-04-23,L8R,https://d3hf2qahezjxpx.cloudfront.net/attachments/exportedBinaries20260723_175229/069N300000y5e0jIAA/LTB-L-101838-25-HR_cert.pdf,text,[],[],,,,no dollar amount found
LTB-L-058047-25,L2,Review Order,2026-03-02,N8L,https://d3hf2qahezjxpx.cloudfront.net/attachments/exportedBinaries20260723_175229/069N300000uoxMRIAY/LTB-L-058047-25-RV - March 2 2026.pdf,text,[],[],,,,no dollar amount found
LTB-L-079618-25,L2,Order,2026-01-22,P6C,https://d3hf2qahezjxpx.cloudfront.net/attachments/exportedBinaries20260723_175229/069N300000sFOvoIAG/LTB-L-079618-25-HR - January 22 2026.pdf,text,[],[],,,,no dollar amount found
LTB-L-006282-26,L2,Order,2026-03-16,N6J,https://d3hf2qahezjxpx.cloudfront.net/attachments/exportedBinaries20260723_175229/069N300000vAMksIAG/LTB-L-006282-26 - March 16 2026.pdf,text,[186.0],[186.0],,,,only fee/rate/boilerplate amounts found
LTB-L-061056-25,L2,Order,2026-04-16,P0M,https://d3hf2qahezjxpx.cloudfront.net/attachments/exportedBinaries20260723_175229/069N300000y3mTyIAI/LTB-L-061056-25 April 16 2026.pdf,text,[],[],,,,no dollar amount found
LTB-L-002540-26,L4,ExParte Order,2026-01-19,L5B,https://d3hf2qahezjxpx.cloudfront.net/attachments/exportedBinaries20260723_175229/069N300000s8TCLIA2/LTB-L-002540-26-EX(L4)-Signed.pdf,text,"[1324.0, 200.03, 13602.0, 12969.0, 152.08, 43.53, 1324.0, 16760.82, 43.53, 12969.0, 3944.07, 152.08, 0.17, 43.53, 16760.82, 43.53]",[13602.0],16760.82,arrears,"Landlord on or after January 31, 2026.  5. The Tenant shall pay to the Landlord >>>$16,760.82<<< (Less any payments made by the  Tenant after this application was filed on Janu",found in operative 'It is ordered that' section; matched expected keyword for category
LTB-L-006381-26,L4,Order,2026-03-16,L3T,https://d3hf2qahezjxpx.cloudfront.net/attachments/exportedBinaries20260723_175229/069N300000vOqeCIAS/LTB-L-006381-26-SA.pdf,text,[],[],,,,no dollar amount found
LTB-L-106127-25,L4,ExParte Order,2026-01-19,L9N,https://d3hf2qahezjxpx.cloudfront.net/attachments/exportedBinaries20260723_175229/069N300000sFd0MIAS/LTB-L-106127-25-EX.pdf,text,"[3400.0, 14477.0, 11581.6, 3100.0, 111.78, 3400.0, 10758.67, 111.78, 11581.6, 2558.9, 3100.0, 281.83, 111.78, 10758.67, 111.78]",[14477.0],11581.6,arrears,"Period  Amount  Amount owing from previous  order   Up to October 14, 2025     >>>$11,581.60<<<     New Arrears     December 15, 2025, to  January 19, 2026     $2,558.90     L",found in operative 'It is ordered that' section; matched expected keyword for category
LTB-L-036987-26,L4,ExParte Order,2026-05-04,K2C,https://d3hf2qahezjxpx.cloudfront.net/attachments/exportedBinaries20260723_175229/069N300000yvTQxIAM/LTB-L-036987-26-EX.pdf,text,"[1059.0, 8410.0, 4236.0, 2056.0, 67.59, 2056.0, 2446.34, 67.59, 4236.0, 270.36, 2056.0, 4.02, 67.59, 2446.34, 67.59]",[8410.0],4236.0,arrears,"Period  Amount  Amount owing from previous  order   Up to February 28, 2026     >>>$4,236.00<<<     New Arrears     May 1, 2026, to May 4, 2026     $270.36     Less the rent d",found in operative 'It is ordered that' section; matched expected keyword for category
LTB-L-026513-26,L4,ExParte Order,2026-04-02,K1N,https://d3hf2qahezjxpx.cloudfront.net/attachments/exportedBinaries20260723_175229/069N300000wr3OCIAY/LTB-L-026513-26-EX.pdf,text,"[5394.88, 5394.88, 2424.1, 1350.0, 48.94, 1488.6, 1073.57, 48.94, 2424.1, 97.88, 1350.0, 98.41, 48.94, 1073.57, 48.94]",[5394.88],2424.1,arrears,"Period  Amount  Amount owing from previous  order   Up to February 28, 2026     >>>$2,424.10<<<     New Arrears     to April 2, 2026     $97.88     Less the rent deposit:",found in operative 'It is ordered that' section; matched expected keyword for category
LTB-L-023666-26,L4,ExParte Order,2026-03-23,K8P,https://d3hf2qahezjxpx.cloudfront.net/attachments/exportedBinaries20260723_175229/069N300000vy55eIAA/LTB-L-023666-26-EX.pdf,text,[],[],,,,no dollar amount found
LTB-L-037405-26,L4,ExParte Order,2026-05-04,M1N,https://d3hf2qahezjxpx.cloudfront.net/attachments/exportedBinaries20260723_175229/069N300000ytev8IAA/LTB-L-037405-26-EX-Signed.pdf,text,"[1650.0, 1374.37, 9924.1, 8273.47, 1346.11, 45.18, 1374.37, 7100.88, 45.18, 8273.47, 180.72, 1346.11, 7.2, 45.18, 7100.88, 45.18]",[9924.1],8273.47,arrears,"g  Period  Amount  Amount owing from previous  order   Up to March 31, 2026     >>>$8,273.47<<<     New Arrears     April 1, 2026, to May 4, 2026     $180.72     Less the rent",found in operative 'It is ordered that' section; matched expected keyword for category
LTB-L-106990-25,L4,ExParte Order,2026-01-07,M1K,https://d3hf2qahezjxpx.cloudfront.net/attachments/exportedBinaries20260723_175229/069N300000rnlXLIAY/LTB-L-106990-25-EX - January 7 2026.pdf,text,[],[],,,,no dollar amount found
LTB-L-089027-25,L4,Order,2026-01-29,N6K,https://d3hf2qahezjxpx.cloudfront.net/attachments/exportedBinaries20260723_175229/069N300000t0oOXIAY/LTB-L-089027-25-SA.pdf,text,"[16312.92, 350.0, 111426.68, 700.0, 10154.72, 335.0, 10154.72, 700.0, 254.72]",[],10154.72,arrears,"lled and replaced with the following:   4. The Tenant shall pay to the Landlord >>>$10,154.72<<< plus rent as it becomes due as follows:  • The Tenant shall pay to the Landlord",found in operative 'It is ordered that' section; matched expected keyword for category
LTB-L-007045-26,L4,ExParte Order,2026-02-03,K0A,https://d3hf2qahezjxpx.cloudfront.net/attachments/exportedBinaries20260723_175229/069N300000t5tHCIAY/LTB-L-007045-26-EX.pdf,text,"[5861.0, 5861.0]",[],5861.0,arrears,"January 1, 2026.  3. The prior order LTB-L-083172-24 requires the Tenant to pay >>>$5,861.00<<< towards the  arrears as set out in a monthly payment schedule for the period of","no operative section found, or it had no dollar mentions at all; fell back to full-document search; matched expected keyword for category"
LTB-L-030938-26,L4,ExParte Order,2026-04-13,M9P,https://d3hf2qahezjxpx.cloudfront.net/attachments/exportedBinaries20260723_175229/069N300000xYCBKIA4/LTB-L-030938-26_EX-Signed.pdf,text,[],[],,,,no dollar amount found
LTB-L-104680-25,L4,ExParte Order,2026-01-06,P3C,https://d3hf2qahezjxpx.cloudfront.net/attachments/exportedBinaries20260723_175229/069N300000qU9poIAC/LTB-L-104680-25-EX-Signed.pdf,text,[],[],,,,no dollar amount found
LTB-L-013506-26,L4,ExParte Order,2026-02-17,L6Y,https://d3hf2qahezjxpx.cloudfront.net/attachments/exportedBinaries20260723_175229/069N300000u5ULNIA2/LTB-L-013506-26-EX.pdf,text,"[3300.0, 26886.0, 26886.0, 3300.0, 108.49, 3300.0, 25315.55, 108.49, 26886.0, 1844.33, 3300.0, 114.78, 108.49, 25315.55, 108.49]",[26886.0],26886.0,arrears,"Period  Amount  Amount owing from previous  order   Up to January 31, 2026     >>>$26,886.00<<<     New Arrears  February 1, 2026 to February  17, 2026  $1,844.33     Less the",found in operative 'It is ordered that' section; matched expected keyword for category
LTB-L-019190-26,L4,Amended Order,2026-05-01,L5H,https://d3hf2qahezjxpx.cloudfront.net/attachments/exportedBinaries20260723_175229/069N300000yZFt1IAG/LTB-L-019190-26-SA-AM.pdf,text,[],[],,,,no dollar amount found
LTB-L-002785-26,L4,ExParte Order,2026-01-19,N1H,https://d3hf2qahezjxpx.cloudfront.net/attachments/exportedBinaries20260723_175229/069N300000s4L5RIAU/LTB-L-002785-26-EX-Signed.pdf,text,"[1000.0, 7978.46, 5978.46, 1103.83, 52.0, 1581.67, 4328.97, 52.0, 5978.46, 1103.83, 28.8, 52.0, 4328.97, 52.0]",[7978.46],5978.46,arrears,"eriod  Amount  Amount owing from previous  order   Up to September 30, 2025     >>>$5,978.46<<<     New Arrears     October 1, 2025, to January  19, 2026     -$(516.86)     Le",found in operative 'It is ordered that' section; matched expected keyword for category
LTB-L-037369-26,L4,ExParte Order,2026-05-04,L1G,https://d3hf2qahezjxpx.cloudfront.net/attachments/exportedBinaries20260723_175229/069N300000z0PEdIAM/LTB-L-037369-26_EX.pdf,text,"[300.0, 2622.3, 1822.3, 650.0, 20.68, 628.92, 1230.55, 20.68, 1822.3, 115.64, 0.0, 650.0, 57.39, 20.68, 1230.55, 20.68]",[2622.3],1822.3,arrears,"Period  Amount  Amount owing from previous  order   Up to February 28, 2026     >>>$1,822.30<<<     New Arrears     April 1, 2026, to May 4, 2026     $115.64  New NSF cheque c",found in operative 'It is ordered that' section; matched expected keyword for category
LTB-L-000150-26,L4,Order,2026-01-07,N7T,https://d3hf2qahezjxpx.cloudfront.net/attachments/exportedBinaries20260723_175229/069N300000rXeucIAC/LTB-L-000150-26-EX.pdf,text,"[80.0, 3311.0, 3231.0, 1300.0, 43.73, 1330.0, 1292.66, 43.73, 3231.0, 1300.0, 27.45, 43.73, 1292.66, 43.73]",[3311.0],3231.0,arrears,"Period  Amount  Amount owing from previous  order   Up to November 30, 2025     >>>$3,231.00<<<     New Arrears     January 1, 2026 to January 7,  2026     $(610.89)     Less",found in operative 'It is ordered that' section; matched expected keyword for category
LTB-L-094054-25,L4,Order,2026-01-06,N9E,https://d3hf2qahezjxpx.cloudfront.net/attachments/exportedBinaries20260723_175229/069N300000rXlrGIAS/LTB-L-094054-25-SA.pdf,text,[430.0],[],430.0,other,nal  time to leave.  3. At the time of the hearing the Tenant owed the Landlord >>>$430.00<<< of the rent and could not  transfer the balance until the following day due to,"no operative section found, or it had no dollar mentions at all; fell back to full-document search; single candidate amount, no strong keyword match"
LTB-L-098181-25,L4,Order,2026-01-12,L6H,https://d3hf2qahezjxpx.cloudfront.net/attachments/exportedBinaries20260723_175229/069N300000rpylEIAQ/LTB-L-098181-25-SA.pdf,text,"[6286.0, 5957.68, 9606.48, 3000.0, 80000.0, 5400.0, 4000.0, 900.0]",[],9606.48,arrears,"portunities to reduce the arrears, the arrears have increased to  approximately >>>$9,606.48<<<. This pattern of non-compliance demonstrates an inability or  unwillingness to","no operative section found, or it had no dollar mentions at all; fell back to full-document search; matched expected keyword for category"
LTB-L-014068-26,L4,ExParte Order,2026-02-23,M9M,https://d3hf2qahezjxpx.cloudfront.net/attachments/exportedBinaries20260723_175229/069N300000uMPHTIA4/LTB-L-014068-26-EX(L4).pdf,text,"[1714.25, 1714.15, 1719.48, 0.0, 1714.15, 5.33, 1719.48]",[],1714.15,arrears,"ason for amount owing  Period  Amount     $0.00     Less the rent deposit:     ->>>$1,714.15<<<        Less the interest owing on the  rent deposit  January 1, 2026 to Februar",found in operative 'It is ordered that' section; matched expected keyword for category
LTB-L-028797-26,L4,ExParte Order,2026-04-17,M8W,https://d3hf2qahezjxpx.cloudfront.net/attachments/exportedBinaries20260723_175229/069N300000xoYCfIAM/LTB-L-028797-26-EX - April 17 2026.doc.pdf,text,"[1000.0, 13947.58, 9986.62, 2039.04, 67.04, 2039.04, 9483.75, 67.04, 9986.62, 1548.72, 2039.04, 12.55, 67.04, 9483.75, 67.04]",[13947.58],9986.62,arrears,"Period  Amount  Amount owing from previous  order   Up to January 31, 2026     >>>$9,986.62<<<     New Arrears     February 1, 2026, to April 17,  2026     $1,548.72     Less",found in operative 'It is ordered that' section; matched expected keyword for category
LTB-L-036509-26,L4,ExParte Order,2026-05-01,M4L,https://d3hf2qahezjxpx.cloudfront.net/attachments/exportedBinaries20260723_175229/069N300000yoTSbIAM/LTB-L-036509-26-EX.pdf,text,"[2286.0, 2286.0, 1100.0, 69.04, 2100.0, 1169.04, 69.04, 1100.0, 69.04, 69.04, 1169.04, 69.04]",[2286.0],1169.04,arrears,"the Landlord on or after May 13, 2026.  5. The Tenant shall pay to the Landlord >>>$1,169.04<<<*. (Less any payments made by the  Tenant after this application was filed on Ap",found in operative 'It is ordered that' section; matched expected keyword for category
LTB-L-004197-26,L4,ExParte Order,2026-01-21,N6B,https://d3hf2qahezjxpx.cloudfront.net/attachments/exportedBinaries20260723_175229/069N300000sTb5CIAS/LTB-L-004197-26-Signed.pdf,text,[],[],,,,no dollar amount found
LTB-L-025025-26,L4,ExParte Order,2026-03-30,L3V,https://d3hf2qahezjxpx.cloudfront.net/attachments/exportedBinaries20260723_175229/069N300000wQZiJIAW/LTB-L-025025-26-EX - March 30 2026.pdf,text,"[415.5, 6186.0, 4986.0, 1200.0, 39.45, 1200.0, 4940.36, 39.45, 4986.0, 1183.5, 1200.0, 29.14, 39.45, 4940.36, 39.45]",[6186.0],4986.0,arrears,"Period  Amount  Amount owing from previous  order   Up to January 31, 2026     >>>$4,986.00<<<     New Arrears     February 1, 2026, to March 30,  2026     $1,183.50     Less",found in operative 'It is ordered that' section; matched expected keyword for category
LTB-L-109080-25,L4,ExParte Order,2026-01-09,M1C,https://d3hf2qahezjxpx.cloudfront.net/attachments/exportedBinaries20260723_175229/069N300000rKL3QIAW/LTB-L-109080-25-EX - January 9 2026.pdf,text,"[75.0, 742.58, 575.83, 1253.75, 44.85, 1364.11, 867.97, 44.85, 575.83, 403.65, 0.0, 1253.75, 593.7, 44.85, 867.97, 44.85]","[742.58, 867.97]",575.83,arrears,"eriod  Amount  Amount owing from previous  order   Up to September 30, 2025     >>>$575.83<<<     New Arrears     October 1, 2025 to January 9,  2026     $403.65  New NSF ch",found in operative 'It is ordered that' section; matched expected keyword for category
LTB-L-023668-26,L4,ExParte Order,2026-03-23,N5A,https://d3hf2qahezjxpx.cloudfront.net/attachments/exportedBinaries20260723_175229/069N300000vy0E3IAI/LTB-L-023668-26-EX.pdf,text,[],[],,,,no dollar amount found
LTB-L-007697-26,L4,Order,2026-04-02,M3J,https://d3hf2qahezjxpx.cloudfront.net/attachments/exportedBinaries20260723_175229/069N300000wyAdOIAU/LTB-L-007697-26-SA Certified.pdf,text,"[719.4, 8000.0, 2000.0, 500.0]",[],719.4,arrears,"d to pay the rent on January 1, 2026 and also failed to pay the arrears pay of  >>>$719.40<<< due on January 20, 2026.    The surrounding circumstances  2. For the reasons b","no operative section found, or it had no dollar mentions at all; fell back to full-document search; matched expected keyword for category"
LTB-L-022495-26,L4,ExParte Order,2026-03-27,M5T,https://d3hf2qahezjxpx.cloudfront.net/attachments/exportedBinaries20260723_175229/069N300000wJcL8IAK/LTB-L-022495-26-EX.pdf,text,"[0.0, 0.0, 39.45, 1200.0, 39.45, 39.45]",[0.0],,,,operative section found but contained only fee/rate/boilerplate amounts — likely no lump sum ordered
LTB-L-085770-25,L4,Order,2026-01-16,M4C,https://d3hf2qahezjxpx.cloudfront.net/attachments/exportedBinaries20260723_175229/069N300000s6VQFIA2/LTB-L-085770-25-SA - January 16 2026.pdf,text,[324.0],[],324.0,arrears,", is set aside and cannot be enforced.  3. The Tenant shall pay to the Landlord >>>$324.00<<< for enforcement fees incurred on or before  February 1, 2026.  4. The Tenant sh",found in operative 'It is ordered that' section; matched expected keyword for category
LTB-L-023140-26,L4,ExParte Order,2026-03-23,K7M,https://d3hf2qahezjxpx.cloudfront.net/attachments/exportedBinaries20260723_175229/069N300000vzGeyIAE/LTB-L-023140-26-EX -L4-Signed.pdf,text,"[1135.68, 3783.99, 3783.99, 1049.52, 37.34, 1135.68, 3075.36, 37.34, 3783.99, 476.84, 1049.52, 135.95, 37.34, 3075.36, 37.34]",[3783.99],3783.99,arrears,"Period  Amount  Amount owing from previous  order   Up to January 31, 2026     >>>$3,783.99<<<     New Arrears     February 1, 2026, to March 23,  2026     $476.84     Less t",found in operative 'It is ordered that' section; matched expected keyword for category
LTB-L-033558-26,L4,ExParte Order,2026-04-21,K4P,https://d3hf2qahezjxpx.cloudfront.net/attachments/exportedBinaries20260723_175229/069N300000yC9hhIAC/LTB-L-033558-26-EX.pdf,text,"[25000.0, 31486.0, 31486.0, 4200.0, 144.66, 4400.0, 29864.22, 144.66, 31486.0, 3037.86, 4200.0, 459.64, 144.66, 29864.22, 144.66]",[31486.0],31486.0,arrears,"g  Period  Amount  Amount owing from previous  order   Up to March 31, 2026     >>>$31,486.00<<<     New Arrears     April 1, 2026, to April 21, 2026     $3,037.86     Less the",found in operative 'It is ordered that' section; matched expected keyword for category
LTB-L-024694-26,L4,Order,2026-05-12,L5N,https://d3hf2qahezjxpx.cloudfront.net/attachments/exportedBinaries20260723_175229/069N300000zJknDIAS/LTB-L-024694-26-SA.pdf,text,[],[],,,,no dollar amount found
LTB-L-032979-26,L4,ExParte Order,2026-04-20,M2J,https://d3hf2qahezjxpx.cloudfront.net/attachments/exportedBinaries20260723_175229/069N300000xwsfhIAA/LTB-L-032979-26-EX.pdf,text,"[750.0, 8263.7, 4262.7, 1700.0, 60.19, 1830.71, 3019.68, 60.19, 4262.7, 620.77, 1700.0, 163.79, 60.19, 3019.68, 60.19]",[8263.7],4262.7,arrears,"Period  Amount  Amount owing from previous  order   Up to August 31, 2025     >>>$4,262.70<<<     New Arrears     September 1, 2025, to April  20, 2026     $620.77     Less",found in operative 'It is ordered that' section; matched expected keyword for category
LTB-L-022102-26,L4,ExParte Order,2026-03-30,M1P,https://d3hf2qahezjxpx.cloudfront.net/attachments/exportedBinaries20260723_175229/069N300000wViTQIA0/LTB-L-022102-26-EX.pdf,text,"[2695.0, 8166.0, 7166.0, 2719.92, 88.6, 2695.0, 5535.15, 88.6, 7166.0, 1103.0, 2719.92, 13.93, 88.6, 5535.15, 88.6]",[8166.0],7166.0,arrears,"Period  Amount  Amount owing from previous  order   Up to January 31, 2026     >>>$7,166.00<<<     New Arrears  February 1, 2026 to March 30,  2026  $1,103.00     Less the re",found in operative 'It is ordered that' section; matched expected keyword for category
LTB-L-101620-25,L4,Review Order,2026-03-06,L1J,https://d3hf2qahezjxpx.cloudfront.net/attachments/exportedBinaries20260723_175229/069N300000utkgHIAQ/LTB-L-101620-25-SA-RV - March 6 2026.pdf,text,[3000.0],[],3000.0,other,"he unit with his 13-year-old daughter. The Tenant’s monthly income is less than >>>$3,000.00<<<  and is paid through ODSP and Child Tax Benefit.    14. Based on the evidence a","no operative section found, or it had no dollar mentions at all; fell back to full-document search; single candidate amount, no strong keyword match"
LTB-L-008159-26,L4,ExParte Order,2026-02-06,P7B,https://d3hf2qahezjxpx.cloudfront.net/attachments/exportedBinaries20260723_175229/069N300000tQzgBIAS/LTB-L-008159-26-EX.pdf,text,[200.0],[],200.0,other,"et the following condition specified in the order:     The Tenant failed to pay >>>$200.00<<< towards the water bill on or before January 31,  2026.  3. The application also","no operative section found, or it had no dollar mentions at all; fell back to full-document search; single candidate amount, no strong keyword match"
LTB-L-013687-26,L4,ExParte Order,2026-02-17,M9P,https://d3hf2qahezjxpx.cloudfront.net/attachments/exportedBinaries20260723_175229/069N300000u9DqgIAE/LTB-L-013687-26-EX(L4)-Signed.pdf,text,[558.0],[],558.0,other,"ied in the order:   The Tenant failed to pay to the Landlord the lawful rent of >>>$558.00<<< in full and on time, on or  before February 1, 2026.  It is ordered that:  1. O","no operative section found, or it had no dollar mentions at all; fell back to full-document search; single candidate amount, no strong keyword match"
LTB-L-035235-26,L4,ExParte Order,2026-04-27,N2C,https://d3hf2qahezjxpx.cloudfront.net/attachments/exportedBinaries20260723_175229/069N300000yTusJIAS/LTB-L-035235-26-EX.pdf,text,"[1000.0, 5699.1, 3699.1, 2101.98, 69.11, 2102.02, 2947.98, 69.11, 3699.1, 1365.01, 2101.98, 14.15, 69.11, 2947.98, 69.11]",[5699.1],3699.1,arrears,"Period  Amount  Amount owing from previous  order   Up to January 31, 2026     >>>$3,699.10<<<     New Arrears     February 1, 2026, to April 27,  2026     $1,365.01     Less",found in operative 'It is ordered that' section; matched expected keyword for category
LTB-L-030467-26,L4,ExParte Order,2026-04-13,N8X,https://d3hf2qahezjxpx.cloudfront.net/attachments/exportedBinaries20260723_175229/069N300000xaSTdIAM/LTB-L-030467-26-EX.pdf,text,"[1318.61, 7597.66, 7597.66, 1219.39, 43.35, 1318.61, 6865.07, 43.35, 7597.66, 563.55, 1219.39, 76.75, 43.35, 6865.07, 43.35]",[7597.66],7597.66,arrears,"g  Period  Amount  Amount owing from previous  order   Up to March 31, 2026     >>>$7,597.66<<<     New Arrears     April 1, 2026, to April 13, 2026     $563.55     Less the r",found in operative 'It is ordered that' section; matched expected keyword for category
LTB-L-012434-26,L4,ExParte Order,2026-02-17,M2R,https://d3hf2qahezjxpx.cloudfront.net/attachments/exportedBinaries20260723_175229/069N300000tsFGzIAM/LTB-L-012434-26-EX.pdf,text,"[2025.17, 500.0, 3069.72, 2594.89, 66.58, 2025.17, 2324.42, 66.58, 2594.89, 66.58, 2324.42, 66.58]",[3069.72],2594.89,arrears,"Period  Amount  Amount owing from previous  order   Up to December 31, 2025     >>>$2,594.89<<<     New Arrears  February 1, 2026 to February  17, 2026  -$(270.47)     Plus da",found in operative 'It is ordered that' section; matched expected keyword for category
LTB-L-107963-25,L4,Order,2026-02-03,L1H,https://d3hf2qahezjxpx.cloudfront.net/attachments/exportedBinaries20260723_175229/069N300000sxoBPIAY/LTB-L-107963-25-SA.pdf,text,[],[],,,,no dollar amount found
LTB-L-103765-25,L4,Order,2026-01-05,M4X,https://d3hf2qahezjxpx.cloudfront.net/attachments/exportedBinaries20260723_175229/069N300000qODRGIA4/LTB-L-103765-25-EX.pdf,text,"[2266.71, 4134.44, 1541.44, 2214.72, 74.52, 2266.71, 4043.44, 74.52, 1541.44, 4772.73, 2214.72, 56.01, 74.52, 4043.44, 74.52]",[4134.44],4772.73,arrears,"er 30, 2025     $1,541.44     New Arrears  October 1, 2025 to January 5,  2026  >>>$4,772.73<<<     Less the rent deposit:     -$2,214.72        Less the interest owing on the",found in operative 'It is ordered that' section; matched expected keyword for category
LTB-L-022565-26,L4,ExParte Order,2026-03-16,M4C,https://d3hf2qahezjxpx.cloudfront.net/attachments/exportedBinaries20260723_175229/069N300000vZkFFIA0/LTB-L-022565-26-EX - March 16 2026.pdf,text,"[5674.17, 4974.17, 1355.18, 45.11, 1372.05, 4320.51, 45.11, 4974.17, 721.71, 1355.18, 20.19, 45.11, 4320.51, 45.11]",[5674.17],4974.17,arrears,"Period  Amount  Amount owing from previous  order   Up to January 31, 2026     >>>$4,974.17<<<     New Arrears     March 1, 2026, to March 16,  2026     $721.71     Less the",found in operative 'It is ordered that' section; matched expected keyword for category
LTB-L-033365-26,L4,ExParte Order,2026-04-20,K1N,https://d3hf2qahezjxpx.cloudfront.net/attachments/exportedBinaries20260723_175229/069N300000yCn0tIAC/LTB-L-033365-26-EX.pdf,text,"[2060.3, 6968.7, 5968.7, 2060.3, 67.74, 2060.3, 5228.35, 67.74, 5968.7, 1354.8, 2060.3, 34.85, 67.74, 5228.35, 67.74]",[6968.7],5968.7,arrears,"g  Period  Amount  Amount owing from previous  order   Up to March 31, 2026     >>>$5,968.70<<<     New Arrears     April 1, 2026, to April 20, 2026     $1,354.80     Less the",found in operative 'It is ordered that' section; matched expected keyword for category
LTB-L-100052-25,L4,Order,2026-02-02,N1H,https://d3hf2qahezjxpx.cloudfront.net/attachments/exportedBinaries20260723_175229/069N300000szOOAIA2/LTB-L-100052-25-SA.pdf,text,[],[],,,,no dollar amount found
LTB-L-000081-26,L4,ExParte Order,2026-01-19,M9W,https://d3hf2qahezjxpx.cloudfront.net/attachments/exportedBinaries20260723_175229/069N300000sBotfIAC/LTB-L-000081-26-EX - January 19 2026.pdf,text,"[4086.0, 3886.0, 19.73, 600.0, 4260.87, 19.73, 3886.0, 374.87, 19.73, 4260.87, 19.73]",[4086.0],4260.87,arrears,"Landlord on or after January 31, 2026.  5. The Tenant shall pay to the Landlord >>>$4,260.87<<<*. (Less any payments made by the  Tenant after this application was filed on Ja",found in operative 'It is ordered that' section; matched expected keyword for category
LTB-L-022711-26,L4,ExParte Order,2026-03-17,L4Z,https://d3hf2qahezjxpx.cloudfront.net/attachments/exportedBinaries20260723_175229/069N300000venUIIAY/LTB-L-022711-26-EX - March 17 2026.pdf,text,"[501.33, 6186.0, 4151.0, 407.26, 45.34, 1379.0, 6528.74, 45.34, 4151.0, 2786.78, 407.26, 1.78, 45.34, 6528.74, 45.34]",[6186.0],6528.74,arrears,"Landlord on or after March 29, 2026.  5. The Tenants shall pay to the Landlord >>>$6,528.74<<<*. (Less any payments made by the  Tenants after this application was filed on M",found in operative 'It is ordered that' section; matched expected keyword for category
LTB-L-021555-26,L4,ExParte Order,2026-03-13,K2B,https://d3hf2qahezjxpx.cloudfront.net/attachments/exportedBinaries20260723_175229/069N300000vQqADIA0/LTB-L-021555-26-EX-Signed.pdf,text,"[1388.0, 3294.25, 25152.0, 20988.0, 108.3, 3294.25, 46583.15, 108.3, 20988.0, 25595.15, 108.3, 46583.15, 108.3]",[25152.0],46583.15,arrears,"e Landlord on or after March 25, 2026.  5. The Tenant shall pay to the Landlord >>>$46,583.15<<<. (Less any payments made by the  Tenant after this application was filed on Mar",found in operative 'It is ordered that' section; matched expected keyword for category
LTB-L-015355-26,L4,Order,2026-04-08,L8N,https://d3hf2qahezjxpx.cloudfront.net/attachments/exportedBinaries20260723_175229/069N300000x3JKMIA2/LTB-L-015355-26-SA.pdf,text,[],[],,,,no dollar amount found
LTB-L-036203-26,L4,ExParte Order,2026-05-01,N2M,https://d3hf2qahezjxpx.cloudfront.net/attachments/exportedBinaries20260723_175229/069N300000yljaDIAQ/LTB-L-036203-26-EX.pdf,text,"[2545.0, 575.0, 15456.0, 12910.0, 50.0, 83.67, 2545.0, 15487.74, 83.67, 12910.0, 2628.67, 50.0, 0.93, 83.67, 15487.74, 83.67]",[15456.0],15487.74,arrears,"the Landlord on or after May 13, 2026.  5. The Tenant shall pay to the Landlord >>>$15,487.74<<<*. (Less any payments made by the  Tenant after this application was filed on Ap",found in operative 'It is ordered that' section; matched expected keyword for category
LTB-L-104949-25,L4,Order,2026-01-30,P0A,https://d3hf2qahezjxpx.cloudfront.net/attachments/exportedBinaries20260723_175229/069N300000t64FsIAI/LTB-L-104949-25-SA.pdf,text,[],[],,,,no dollar amount found
LTB-L-107113-25,L4,ExParte Order,2026-01-07,N1E,https://d3hf2qahezjxpx.cloudfront.net/attachments/exportedBinaries20260723_175229/069N300000qop9TIAQ/LTB-L-107113-25-EX - January 7 2026.pdf,text,"[186.0, 186.0, 4.57, 139.0, 186.0, 4.57, 186.0, 0.0, 4.57, 186.0, 4.57]",[186.0],186.0,arrears,"Landlord on or after January 19, 2026.  5. The Tenant shall pay to the Landlord >>>$186.00<<<*. This amount represents the unpaid  compensation for damage the costs related",found in operative 'It is ordered that' section; matched expected keyword for category
LTB-L-024291-26,L4,Order,2026-05-11,L8R,https://d3hf2qahezjxpx.cloudfront.net/attachments/exportedBinaries20260723_175229/069N300000zFXesIAG/LTB-L-024291-26-SA.pdf,text,"[6386.88, 1000.0, 7091.88]",[],6386.88,arrears,"spute Resolution Officer, the parties agreed that the  Tenant owed the Landlord >>>$6,386.88<<< in arrears and costs to the end of February 2026.  2. The Tenant agreed to pay","no operative section found, or it had no dollar mentions at all; fell back to full-document search; matched expected keyword for category"
LTB-L-041223-26,L4,ExParte Order,2026-05-19,L8K,https://d3hf2qahezjxpx.cloudfront.net/attachments/exportedBinaries20260723_175229/069N300000zuFpGIAU/LTB-L-041223-26-EX.pdf,text,"[13541.86, 12563.86, 1305.0, 46.76, 1422.19, 12015.22, 46.76, 12563.86, 888.44, 1305.0, 132.08, 46.76, 12015.22, 46.76]",[13541.86],12563.86,arrears,"g  Period  Amount  Amount owing from previous  order   Up to April 30, 2026     >>>$12,563.86<<<     New Arrears     May 1, 2026, to May 19, 2026     $888.44     Less the rent",found in operative 'It is ordered that' section; matched expected keyword for category
LTB-L-038402-26,L4,ExParte Order,2026-05-11,L3V,https://d3hf2qahezjxpx.cloudfront.net/attachments/exportedBinaries20260723_175229/069N300000zRrd3IAC/LTB-L-038402-26-EX.pdf,text,"[350.0, 7388.04, 7388.04, 1395.0, 52.0, 1581.71, 6370.54, 52.0, 7388.04, 572.0, 1395.0, 194.5, 52.0, 6370.54, 52.0]",[7388.04],7388.04,arrears,"g  Period  Amount  Amount owing from  previous order   Up to March 31, 2026     >>>$7,388.04<<<     New Arrears     May 1, 2026, to May 11, 2026     $572.00     Less the rent",found in operative 'It is ordered that' section; matched expected keyword for category
LTB-L-038452-26,L4,ExParte Order,2026-05-08,L5N,https://d3hf2qahezjxpx.cloudfront.net/attachments/exportedBinaries20260723_175229/069N300000zSO5xIAG/LTB-L-038452-26-EX - May 8 2026.pdf,text,"[534.9, 8274.9, 3171.9, 1257.29, 46.42, 1412.0, 6228.81, 46.42, 3171.9, 4323.46, 0.0, 1257.29, 9.26, 46.42, 6228.81, 46.42]",[8274.9],6228.81,arrears,"the Landlord on or after May 20, 2026.  5. The Tenant shall pay to the Landlord >>>$6,228.81<<<*. (Less any payments made by the  Tenant after this application was filed on Ma",found in operative 'It is ordered that' section; matched expected keyword for category
LTB-L-015649-26,L4,Order,2026-04-10,M6M,https://d3hf2qahezjxpx.cloudfront.net/attachments/exportedBinaries20260723_175229/069N300000x5xYZIAY/LTB-L-015649-26-SA.pdf,text,"[3370.0, 18406.0, 11751.5, 3370.0, 110.79, 3370.0, 8245.64, 110.79, 11751.5, 120.36, 80.0, 3370.0, 95.5, 110.79, 8245.64, 110.79]",[],11751.5,arrears,"nt  Amount owing from previous  mediated settlement   Up to August 31, 2025     >>>$11,751.50<<<     New Arrears     to February 27, 2026     -$120.36  New NSF cheque charges a",found in operative 'It is ordered that' section; matched expected keyword for category
LTB-L-088949-25,L4,Order,2026-02-06,L3X,https://d3hf2qahezjxpx.cloudfront.net/attachments/exportedBinaries20260723_175229/069N300000tDKNqIAO/LTB-L-088949-25-SA.pdf,text,[],[],,,,no dollar amount found
LTB-L-042070-26,L4,ExParte Order,2026-05-19,N5W,https://d3hf2qahezjxpx.cloudfront.net/attachments/exportedBinaries20260723_175229/069N30000103YeAIAU/LTB-L-042070-26-EX - May 19 2026.pdf,text,"[866.42, 541.98, 1500.0, 53.95, 1640.93, 1532.91, 53.95, 541.98, 1500.0, 19.94, 53.95, 53.95]","[866.42, 1532.91]",541.98,arrears,"g  Period  Amount  Amount owing from previous  order   Up to March 31, 2026     >>>$541.98<<<     New Arrears     May 1, 2026, to May 19, 2026     $(554.95)     Less the ren",found in operative 'It is ordered that' section; matched expected keyword for category
LTB-L-012056-26,L4,ExParte Order,2026-05-01,L0E,https://d3hf2qahezjxpx.cloudfront.net/attachments/exportedBinaries20260723_175229/069N300000z2ELXIA2/LTB-L-012056-26-VO.pdf,text,[13436.0],[],13436.0,other,"became enforceable.  2. The Tenant's total payment to the Landlord is at least >>>$13,436.00<<<, the amount required to  void order LTB-L-012056-26 if the payment was to be ma","no operative section found, or it had no dollar mentions at all; fell back to full-document search; single candidate amount, no strong keyword match"
LTB-L-004996-26,L4,Order,2026-03-18,L6V,https://d3hf2qahezjxpx.cloudfront.net/attachments/exportedBinaries20260723_175229/069N300000v7yprIAA/LTB-L-004996-26-SA eng.pdf,text,"[4586.0, 4586.0, 2500.0, 82.19, 2500.0, 48100.0, 4400.0, 186.0, 2500.0, 220.01, 7086.0, 2852.27, 82.19, 6900.0, 186.0, 7086.0, 5386.28, 186.0, 2500.0, 220.01, 2852.27, 50000.0, 82.19]","[6900.0, 186.0, 7086.0, 5386.28, 186.0, 2500.0]",2500.0,stated_total,", with respect to LTB-L-089533-24 is  amended as follows  3. The lawful rent is >>>$2,500.00<<<. It is due on the 15th day of each month.  4. Based on the Monthly rent, the da","found in operative 'It is ordered that' section; explicit stated-total phrasing (""...is \$X"")"
LTB-L-021416-26,L4,Order,2026-05-06,N2M,https://d3hf2qahezjxpx.cloudfront.net/attachments/exportedBinaries20260723_175229/069N300000z8EylIAE/LTB-L-021416-26-SA.pdf,text,[],[],,,,no dollar amount found
LTB-L-092828-25,L4,Order,2026-02-05,L4N,https://d3hf2qahezjxpx.cloudfront.net/attachments/exportedBinaries20260723_175229/069N300000tJ1C7IAK/LTB-L-092828-25-SA.pdf,text,[],[],,,,no dollar amount found
LTB-L-108371-25,L4,Order,2026-01-26,L6T,https://d3hf2qahezjxpx.cloudfront.net/attachments/exportedBinaries20260723_175229/069N300000shffFIAQ/LTB-L-108371-25-SA-CERT.pdf,text,[],[],,,,no dollar amount found
LTB-L-025384-26,L4,ExParte Order,2026-03-31,L6P,https://d3hf2qahezjxpx.cloudfront.net/attachments/exportedBinaries20260723_175229/069N300000wkEpmIAE/LTB-L-025384-26-EX L4.pdf,text,"[6000.0, 42000.0, 42000.0, 197.26, 6000.0, 42000.0, 197.26, 42000.0, 197.26, 42000.0, 197.26]",[42000.0],42000.0,arrears,"Landlord on or after April 12, 2026.  5. The Tenants shall pay to the Landlord >>>$42,000.00<<<*. (Less any payments made by the  Tenants after this application was filed on M",found in operative 'It is ordered that' section; matched expected keyword for category
LTB-L-005541-26,L4,Order,2026-01-26,L4B,https://d3hf2qahezjxpx.cloudfront.net/attachments/exportedBinaries20260723_175229/069N300000seD5xIAE/LTB-L-005541-26-EX.pdf,text,"[9486.0, 10986.0, 480.0, 3400.0, 111.78, 3400.0, 36.8, 111.78, 480.0, 2906.28, 3400.0, 23.08, 111.78, 36.8, 111.78]",[10986.0],2906.28,arrears,"2025     $480.00     New Arrears     January 1, 2026, to January  26, 2026     >>>$2,906.28<<<     Less the rent deposit:     -$3,400.00        Less the interest owing on the",found in operative 'It is ordered that' section; matched expected keyword for category
LTB-L-017579-26,L4,Order,2026-04-10,K0C,https://d3hf2qahezjxpx.cloudfront.net/attachments/exportedBinaries20260723_175229/069N300000xAHVRIA4/LTB-L-017579-26-SA.pdf,text,[],[],,,,no dollar amount found
LTB-L-023210-26,L4,ExParte Order,2026-03-20,M9V,https://d3hf2qahezjxpx.cloudfront.net/attachments/exportedBinaries20260723_175229/069N300000voipsIAA/LTB-L-023210-26-EX.pdf,text,"[2716.25, 2894.25, 2894.25, 2650.0, 89.3, 2716.25, 2030.25, 89.3, 2894.25, 1786.0, 2650.0, 89.3, 2030.25, 89.3]",[2894.25],2894.25,arrears,"Period  Amount  Amount owing from previous  order   Up to February 28, 2026     >>>$2,894.25<<<     New Arrears     March 1, 2026, to March 20,  2026     $1,786.00     Less th",found in operative 'It is ordered that' section; matched expected keyword for category
LTB-L-016465-26,L4,ExParte Order,2026-03-02,L1T,https://d3hf2qahezjxpx.cloudfront.net/attachments/exportedBinaries20260723_175229/069N300000uhUqhIAE/LTB-L-016465-26-Signed.pdf,text,"[4457.4, 4457.4, 4457.4, 5.0, 152.0, 4457.4, 5.0, 4457.4, 0.0, 5.0, 4457.4, 5.0]","[4457.4, 4457.4]",4457.4,arrears,"e Landlord on or after March 14, 2026.  5. The Tenant shall pay to the Landlord >>>$4,457.40<<<*. This amount represents the unpaid  compensation for damages and the costs rel",found in operative 'It is ordered that' section; matched expected keyword for category
LTB-L-014377-26,L4,ExParte Order,2026-03-03,K1H,https://d3hf2qahezjxpx.cloudfront.net/attachments/exportedBinaries20260723_175229/069N300000uQ0x0IAC/LTB-L-014377-26 EX fre.pdf,text,[],[],,,,no dollar amount found
LTB-L-010225-26,L4,ExParte Order,2026-02-09,M1K,https://d3hf2qahezjxpx.cloudfront.net/attachments/exportedBinaries20260723_175229/069N300000tScU9IAK/LTB-L-010225-26-EX.pdf,text,[],[],,,,no dollar amount found
LTB-L-001567-26,L4,ExParte Order,2026-01-13,N9A,https://d3hf2qahezjxpx.cloudfront.net/attachments/exportedBinaries20260723_175229/069N300000rx1GDIAY/LTB-L-001567-26-Signed.pdf,text,"[500.0, 5620.99, 620.91, 51.12, 1554.88, 174.25, 51.12, 620.91, 45.0, 51.12, 174.25, 51.12]",[],620.91,arrears,"Period  Amount  Amount owing from previous  order   Up to January 31, 2025     >>>$620.91<<<     New Arrears     January 1, 2026 to January  13, 2026     $(840.16)  New NSF",found in operative 'It is ordered that' section; matched expected keyword for category
LTB-L-002938-26,L4,Amended Order,2026-04-10,N8W,https://d3hf2qahezjxpx.cloudfront.net/attachments/exportedBinaries20260723_175229/069N300000xcD5YIAU/LTB-L-002938-26-AM-SA-AM - April 10 2026.pdf,text,[],[],,,,no dollar amount found
LTB-L-018671-26,L4,ExParte Order,2026-03-16,L3T,https://d3hf2qahezjxpx.cloudfront.net/attachments/exportedBinaries20260723_175229/069N300000vTZwDIAW/LTB-L-018671-26-EX -Signed.pdf,text,"[21000.0, 34386.0, 33386.0, 82.19, 2500.0, 38701.04, 82.19, 33386.0, 5315.04, 82.19, 38701.04, 82.19]",[34386.0],38701.04,arrears,"Landlord on or after March 28, 2026.  5. The Tenants shall pay to the Landlord >>>$38,701.04<<<*. (Less any payments made by the  Tenants after this application was filed on M",found in operative 'It is ordered that' section; matched expected keyword for category
LTB-L-042307-26,L4,ExParte Order,2026-05-20,N1R,https://d3hf2qahezjxpx.cloudfront.net/attachments/exportedBinaries20260723_175229/069N300000zzdVzIAI/LTB-L-042307-26-EX.pdf,text,"[8628.52, 6528.52, 2154.95, 70.85, 2154.95, 5773.21, 70.85, 6528.52, 1417.0, 2154.95, 17.36, 70.85, 5773.21, 70.85]",[8628.52],6528.52,arrears,"Period  Amount  Amount owing from previous  order   Up to January 31, 2026     >>>$6,528.52<<<     New Arrears     May 1, 2026, to May 20, 2026     $1,417.00     Less the ren",found in operative 'It is ordered that' section; matched expected keyword for category
LTB-L-107609-25,L4,ExParte Order,2026-01-08,K9J,https://d3hf2qahezjxpx.cloudfront.net/attachments/exportedBinaries20260723_175229/069N300000r4sHvIAI/LTB-L-107609-25-Signed.pdf,text,"[4712.0, 4460.0, 26.66, 811.0, 8674.28, 26.66, 4460.0, 4214.28, 26.66, 8674.28, 26.66]",[4712.0],8674.28,arrears,"Landlord on or after January 20, 2026.  5. The Tenant shall pay to the Landlord >>>$8,674.28<<<*. (Less any payments made by the  Tenant after this application was filed on De",found in operative 'It is ordered that' section; matched expected keyword for category
LTB-L-004334-26,L4,ExParte Order,2026-01-26,M2J,https://d3hf2qahezjxpx.cloudfront.net/attachments/exportedBinaries20260723_175229/069N300000sodiDIAQ/LTB-L-004334-26-EX - January 26 2026.pdf,text,"[250.0, 29339.5, 28589.5, 43.76, 1331.0, 31483.26, 43.76, 28589.5, 2893.76, 43.76, 31483.26, 43.76]",[29339.5],31483.26,arrears,"Landlord on or after February 7, 2026.  5. The Tenant shall pay to the Landlord >>>$31,483.26<<<*. (Less any payments made by the  Tenant after this application was filed on Ja",found in operative 'It is ordered that' section; matched expected keyword for category
LTB-L-039881-26,L4,ExParte Order,2026-05-11,L4C,https://d3hf2qahezjxpx.cloudfront.net/attachments/exportedBinaries20260723_175229/069N300000zVWi2IAG/LTB-L-039881-26-EX.pdf,text,"[50.79, 1545.0]",[],1545.0,ambiguous-max,"t of the unit at a daily rate of $50.79. This amount is calculated  as follows: >>>$1,545.00<<< x 12, divided by 365 days.  It is ordered that:  1. The tenancy between the Lan","no operative section found, or it had no dollar mentions at all; fell back to full-document search; multiple candidate amounts, took max — manual review advised"
LTB-L-034381-26,L4,ExParte Order,2026-05-11,L9W,https://d3hf2qahezjxpx.cloudfront.net/attachments/exportedBinaries20260723_175229/069N300000zSpPRIA0/LTB-L-034381-26-EX.pdf,text,"[548.0, 3611.0, 13586.0, 4942.0, 118.72, 3611.0, 7858.92, 118.72, 4942.0, 2916.92, 118.72, 7858.92, 118.72]",[13586.0],7858.92,arrears,"e Landlords on or after May 23, 2026.  5. The Tenant shall pay to the Landlords >>>$7,858.92<<<. (Less any payments made by the  Tenant after this application was filed on Apr",found in operative 'It is ordered that' section; matched expected keyword for category
LTB-L-104640-25,L4,Order,2026-01-23,M5R,https://d3hf2qahezjxpx.cloudfront.net/attachments/exportedBinaries20260723_175229/069N300000sfRunIAE/LTB-L-104640-25-SA.pdf,text,"[7132.5, 713.25, 1682.39, 8313.89, 715.0, 3000.0, 8313.89, 700.0, 612.89]",[],8313.89,arrears,"lled and replaced with the following:   4. The Tenant shall pay to the Landlord >>>$8,313.89<<< as follows:  • The Tenant shall pay to the Landlord $700.00 on or before the 15",found in operative 'It is ordered that' section; matched expected keyword for category
LTB-L-013827-26,L4,ExParte Order,2026-02-17,K6J,https://d3hf2qahezjxpx.cloudfront.net/attachments/exportedBinaries20260723_175229/069N300000u9h43IAA/LTB-L-013827-26-EX - February 17 2026.pdf,text,"[310.28, 3723.43, 3111.47, 23.78, 723.46, 3515.73, 23.78, 3111.47, 404.26, 0.0, 23.78, 3515.73, 23.78]",[3723.43],3515.73,arrears,"he Landlord on or after March 1, 2026.  5. The Tenant shall pay to the Landlord >>>$3,515.73<<<*. (Less any payments made by the  Tenant after this application was filed on Fe",found in operative 'It is ordered that' section; matched expected keyword for category
LTB-L-030823-26,L4,ExParte Order,2026-04-14,K4A,https://d3hf2qahezjxpx.cloudfront.net/attachments/exportedBinaries20260723_175229/069N300000xiyTDIAY/LTB-L-030823-26-EX - April 14 2026.pdf,text,"[86.43, 2629.0]",[],2629.0,ambiguous-max,"t of the unit at a daily rate of $86.43. This amount is  calculated as follows: >>>$2,629.00<<< x 12, divided by 365 days.  It is ordered that:  1. The tenancy between the Lan","no operative section found, or it had no dollar mentions at all; fell back to full-document search; multiple candidate amounts, took max — manual review advised"
LTB-L-065014-25,L4,Review Order,2026-01-06,L1G,https://d3hf2qahezjxpx.cloudfront.net/attachments/exportedBinaries20260723_175229/069N300000qwT0ZIAU/LTB-L-065014-25-RV.pdf,text,"[2000.0, 2000.0, 2000.0]",[],2000.0,ambiguous-max,"lication,  the Landlord claims the Tenants did not make the required payment of >>>$2,000.00<<< on or  before August 5, 2025 pursuant to order LTB-L-071843-24.  14. In her tes","no operative section found, or it had no dollar mentions at all; fell back to full-document search; multiple candidate amounts, took max — manual review advised"
LTB-L-032671-26,L4,ExParte Order,2026-04-21,M4Y,https://d3hf2qahezjxpx.cloudfront.net/attachments/exportedBinaries20260723_175229/069N300000yDSdTIAW/LTB-L-032671-26-EX - April 21 2026.pdf,text,"[1089.0, 15258.44, 13068.97, 2069.53, 68.04, 2069.53, 14484.59, 68.04, 13068.97, 3498.37, 2069.53, 13.22, 68.04, 14484.59, 68.04]",[15258.44],14484.59,arrears,"the Landlord on or after May 3, 2026.  5. The Tenant shall pay to the Landlord >>>$14,484.59<<<*. (Less any payments made by the  Tenant after this application was filed on Ap",found in operative 'It is ordered that' section; matched expected keyword for category
LTB-L-018492-26,L4,ExParte Order,2026-03-06,P3B,https://d3hf2qahezjxpx.cloudfront.net/attachments/exportedBinaries20260723_175229/069N300000uyRlAIAU/LTB-L-018492-26-Signed.pdf,text,"[300.0, 8286.0, 8286.0, 44.38, 1350.0, 9902.28, 44.38, 8286.0, 1616.28, 44.38, 9902.28, 44.38]",[8286.0],9902.28,arrears,"e Landlord on or after March 18, 2026.  5. The Tenant shall pay to the Landlord >>>$9,902.28<<<*. (Less any payments made by the  Tenant after this application was filed on Fe",found in operative 'It is ordered that' section; matched expected keyword for category
LTB-L-010229-26,L4,Order,2026-03-27,N0J,https://d3hf2qahezjxpx.cloudfront.net/attachments/exportedBinaries20260723_175229/069N300000w9sksIAA/LTB-L-010229-26-SA.pdf,text,"[2536.0, 500.0, 345.33, 500.0]",[],2536.0,arrears,"empsey, attended the hearing.  Determinations:  1. The Tenant owed the Landlord >>>$2,536.00<<< in arrears and costs to the end of January 2026.   The Tenant was ordered to pa","no operative section found, or it had no dollar mentions at all; fell back to full-document search; matched expected keyword for category"
LTB-L-000465-26,L4,ExParte Order,2026-01-12,K6H,https://d3hf2qahezjxpx.cloudfront.net/attachments/exportedBinaries20260723_175229/069N300000rpjvwIAA/LTB-L-000465-26.pdf,text,"[30.0, 1291.51, 230.0, 230.0, 42.46, 1291.51, 739.52, 42.46, 230.0, 509.52, 42.46, 739.52, 42.46]",[230.0],739.52,arrears,"Landlord on or after January 24, 2026.  5. The Tenant shall pay to the Landlord >>>$739.52<<<*. (Less any payments made by the  Tenant after this application was filed on Ja",found in operative 'It is ordered that' section; matched expected keyword for category
LTB-L-006274-26,L4,Order,2026-03-10,N5Y,https://d3hf2qahezjxpx.cloudfront.net/attachments/exportedBinaries20260723_175229/069N300000v7vlZIAQ/LTB-L-006274-26-SA - March 10 2026.pdf,text,"[4094.42, 1941.71, 400.0, 350.0, 352.71]",[],4094.42,arrears,"59-25 is  replaced with the following:  4. The Tenant shall pay to the Landlord >>>$4,094.42<<< for arrears of rent up to March 31, 2026  and costs.     File Number: LTB-L-006",found in operative 'It is ordered that' section; matched expected keyword for category
LTB-L-035677-26,L4,ExParte Order,2026-05-04,L1H,https://d3hf2qahezjxpx.cloudfront.net/attachments/exportedBinaries20260723_175229/069N300000z8lZjIAI/LTB-L-035677-26-EX - May 4 2026.pdf,text,"[349.06, 8377.59, 4177.59, 47.05, 1431.17, 15008.93, 47.05, 4177.59, 10831.34, 47.05, 15008.93, 47.05]",[8377.59],15008.93,arrears,"the Landlord on or after May 16, 2026.  5. The Tenant shall pay to the Landlord >>>$15,008.93<<<*. (Less any payments made by the  Tenant after this application was filed on Ap",found in operative 'It is ordered that' section; matched expected keyword for category
LTB-T-050867-25,T2,Order,2026-05-14,M6J,https://d3hf2qahezjxpx.cloudfront.net/attachments/exportedBinaries20260723_175229/069N300000zMLxHIAW/LTB-T-050867-25 - May 14 2026.pdf,text,[],[],,,,no dollar amount found
LTB-T-042638-25,T2,Order,2026-04-30,M1R,https://d3hf2qahezjxpx.cloudfront.net/attachments/exportedBinaries20260723_175229/069N300000yqlebIAA/LTB-T-042638-25-HR.pdf,text,[],[],,,,no dollar amount found
LTB-T-102829-25,T2,ExParte Order,2026-01-22,K2S,https://d3hf2qahezjxpx.cloudfront.net/attachments/exportedBinaries20260723_175229/069N300000siztXIAQ/LTB-T-102829-25-EX Eng.pdf,text,[],[],,,,no dollar amount found
LTB-T-092147-25,T2,Order,2026-04-09,N0H,https://d3hf2qahezjxpx.cloudfront.net/attachments/exportedBinaries20260723_175229/069N300000x2abhIAA/LTB-T-092147-25_HR.pdf,text,[],[],,,,no dollar amount found
LTB-T-011804-24,T2,Order,2026-02-24,N3T,https://d3hf2qahezjxpx.cloudfront.net/attachments/exportedBinaries20260723_175229/069N300000uRzn8IAC/LTB-T-011804-24-HR - Withdrawn.pdf,text,[],[],,,,no dollar amount found
LTB-T-056626-25,T2,Order,2026-04-02,K6A,https://d3hf2qahezjxpx.cloudfront.net/attachments/exportedBinaries20260723_175229/069N300000x1Jl2IAE/LTB-T-056626-25-HR Fr.pdf,text,[],[],,,,no dollar amount found
LTB-T-030694-25,T2,Order,2026-01-20,L8L,https://d3hf2qahezjxpx.cloudfront.net/attachments/exportedBinaries20260723_175229/069N300000s9OnEIAU/LTB-T-030694-25_Consent - January 20 2026.pdf,text,[3516.0],[],3516.0,arrears,"It is ordered on consent that:  1. The Landlord shall pay the Tenant >>>$3,516.00<<< by deducting this amount from the rent  arrears owed in LTB-L-032572-25 issued","found in operative 'It is ordered that' section; single candidate amount, no strong keyword match"
LTB-T-090220-25,T2,Review Order,2026-03-06,K2P,https://d3hf2qahezjxpx.cloudfront.net/attachments/exportedBinaries20260723_175229/069N300000v85GGIAY/LTB-T-090220-25-RV certified.pdf,text,[],[],,,,no dollar amount found
LTB-T-033251-26,T2,Order,2026-05-04,L1N,https://d3hf2qahezjxpx.cloudfront.net/attachments/exportedBinaries20260723_175229/069N300000yzBaNIAU/LTB-T-033251-26-EX.pdf,text,[],[],,,,no dollar amount found
LTB-T-092203-24,T2,Order,2026-01-27,N7M,https://d3hf2qahezjxpx.cloudfront.net/attachments/exportedBinaries20260723_175229/069N300000seDXOIA2/LTB-T-092203-24-HRs.pdf,text,[],[],,,,no dollar amount found
LTB-T-105981-24,T2,Order,2026-03-23,N1R,https://d3hf2qahezjxpx.cloudfront.net/attachments/exportedBinaries20260723_175229/069N300000wAA0AIAW/LTB-T-105981-24-HR.pdf,text,[3000.0],[],3000.0,stated_total,"d on consent that:  1. The total amount the Landlord shall pay to the Tenant is >>>$3,000.00<<<. This payment  represents a full and final settlement of the Tenant’s applicati","found in operative 'It is ordered that' section; explicit stated-total phrasing (""...is \$X"")"
LTB-T-066856-25,T2,Order,2026-04-01,M1T,https://d3hf2qahezjxpx.cloudfront.net/attachments/exportedBinaries20260723_175229/069N300000wT6SDIA0/LTB-T-066856-25-HR.pdf,text,[],[],,,,no dollar amount found
LTB-T-087484-24,T2,Order,2026-03-31,L1K,https://d3hf2qahezjxpx.cloudfront.net/attachments/exportedBinaries20260723_175229/069N300000wkoIEIAY/LTB-T-087484-24-HR - March 24 2026.pdf,text,[],[],,,,no dollar amount found
LTB-T-100423-24,T2,Order,2026-03-10,M2J,https://d3hf2qahezjxpx.cloudfront.net/attachments/exportedBinaries20260723_175229/069N300000v4BdgIAE/LTB-T-100423-24-HR - March 10 2026.pdf,text,[],[],,,,no dollar amount found
LTB-T-083854-25,T2,Order,2026-03-17,M2H,https://d3hf2qahezjxpx.cloudfront.net/attachments/exportedBinaries20260723_175229/069N300000vrJGbIAM/LTB-T-083854-25-HR.pdf,text,[],[],,,,no dollar amount found
LTB-T-087989-25,T2,Review Order,2026-05-29,L3B,https://d3hf2qahezjxpx.cloudfront.net/attachments/exportedBinaries20260723_175229/069N3000010nNB3IAM/LTB-T-087989-25-RV eng.pdf,text,[825.0],[],825.0,other,not affect the outcome. The Landlord submits they  collected a rent deposit of >>>$825.00<<<  and that is the amount that has been ordered repaid  to the Tenant along with,"no operative section found, or it had no dollar mentions at all; fell back to full-document search; single candidate amount, no strong keyword match"
LTB-T-039271-25,T2,ExParte Order,2026-01-05,N1H,https://d3hf2qahezjxpx.cloudfront.net/attachments/exportedBinaries20260723_175229/069N300000rdIZjIAM/LTB-T-039271-25-EX.pdf,text,[],[],,,,no dollar amount found
LTB-T-094278-25,T2,Review Order,2026-05-22,M1P,https://d3hf2qahezjxpx.cloudfront.net/attachments/exportedBinaries20260723_175229/069N3000010Ov34IAC/LTB-T-094278-25-RV.pdf,text,[],[],,,,no dollar amount found
LTB-T-088641-24,T2,Order,2026-04-13,L4N,https://d3hf2qahezjxpx.cloudfront.net/attachments/exportedBinaries20260723_175229/069N300000x71dMIAQ/LTB-T-088641-24-HR__LTB-T-048826-24-HR.pdf,text,[],[],,,,no dollar amount found
LTB-T-058135-25,T2,Order,2026-04-22,L8N,https://d3hf2qahezjxpx.cloudfront.net/attachments/exportedBinaries20260723_175229/069N300000yJyU9IAK/LTB-T-058135-25-HR.pdf,text,[],[],,,,no dollar amount found
LTB-T-056371-25,T2,Order,2026-01-05,N9A,https://d3hf2qahezjxpx.cloudfront.net/attachments/exportedBinaries20260723_175229/069N300000r9mrjIAA/LTB-T-056371-25-HR.pdf,text,[],[],,,,no dollar amount found
LTB-T-060885-25,T2,Order,2026-02-11,L1L,https://d3hf2qahezjxpx.cloudfront.net/attachments/exportedBinaries20260723_175229/069N300000tRS0ZIAW/LTB-T-060885-25-HR - CERT.pdf,text,[],[],,,,no dollar amount found
LTB-T-103359-24,T2,Order,2026-02-13,L8H,https://d3hf2qahezjxpx.cloudfront.net/attachments/exportedBinaries20260723_175229/069N300000txOxwIAE/LTB-T-103359-24-HR - February 13 2026.doc.pdf,text,[],[],,,,no dollar amount found
LTB-T-096508-25,T2,Order,2026-03-23,L7M,https://d3hf2qahezjxpx.cloudfront.net/attachments/exportedBinaries20260723_175229/069N300000wAagjIAC/LTB-T-014986-25_Consent - March 23 2026.pdf,text,[],[],,,,no dollar amount found
LTB-T-055346-25,T2,Order,2026-02-25,K1C,https://d3hf2qahezjxpx.cloudfront.net/attachments/exportedBinaries20260723_175229/069N300000uMHQCIA4/LTB-T-055346-25-HR - February 25 2026.pdf,text,[],[],,,,no dollar amount found
LTB-T-060310-25,T2,Order,2026-05-22,M4R,https://d3hf2qahezjxpx.cloudfront.net/attachments/exportedBinaries20260723_175229/069N300000zzob3IAA/LTB-T-060310-25-HR.pdf,text,[],[],,,,no dollar amount found
LTB-T-087049-25,T2,Order,2026-05-29,M6B,https://d3hf2qahezjxpx.cloudfront.net/attachments/exportedBinaries20260723_175229/069N3000010fcf8IAA/LTB-T-087049-25-HR.pdf,text,[],[],,,,no dollar amount found
LTB-T-019821-25,T2,Order,2026-04-07,K0A,https://d3hf2qahezjxpx.cloudfront.net/attachments/exportedBinaries20260723_175229/069N300000x4gI5IAI/LTB-T-019821-25-HR.pdf,text,[],[],,,,no dollar amount found
LTB-T-062381-25,T2,Order,2026-01-19,M9B,https://d3hf2qahezjxpx.cloudfront.net/attachments/exportedBinaries20260723_175229/069N300000sSYvhIAG/LTB-T-062381-25-HR.pdf,text,[],[],,,,no dollar amount found
LTB-T-054248-25,T2,Order,2026-03-26,K1L,https://d3hf2qahezjxpx.cloudfront.net/attachments/exportedBinaries20260723_175229/069N300000wP9JiIAK/LTB-T-054248-25-HR.pdf,text,[],[],,,,no dollar amount found
LTB-T-059783-25,T2,ExParte Order,2026-04-15,M6M,https://d3hf2qahezjxpx.cloudfront.net/attachments/exportedBinaries20260723_175229/069N300000xxMnKIAU/LTB-T-059783-25-EX.pdf,text,[],[],,,,no dollar amount found
LTB-T-070033-25,T2,Order,2026-03-10,N5W,https://d3hf2qahezjxpx.cloudfront.net/attachments/exportedBinaries20260723_175229/069N300000v43jJIAQ/LTB-T-070033-25-HR.pdf,text,"[336.0, 105.0, 1100.0, 1541.0, 1100.0, 105.0, 336.0]",[],1541.0,stated_total,"It is ordered that:  1. The total amount the Landlord shall pay the Tenant is >>>$1,541.00<<<. This amount represents:   •  $1,100.00 for a rent abatement.  •  $105.00 for t","found in operative 'It is ordered that' section; explicit stated-total phrasing (""...is \$X"")"
LTB-T-067363-25,T2,Order,2026-05-12,K1W,https://d3hf2qahezjxpx.cloudfront.net/attachments/exportedBinaries20260723_175229/069N300000zGRcHIAW/LTB-T-067363-25_HR.pdf,text,[],[],,,,no dollar amount found
LTB-T-021039-25,T2,Order,2026-01-09,M8V,https://d3hf2qahezjxpx.cloudfront.net/attachments/exportedBinaries20260723_175229/069N300000ripYEIAY/LTB-T-021039-25-HR.pdf,text,[],[],,,,no dollar amount found
LTB-T-034442-25,T2,Order,2026-04-27,P0J,https://d3hf2qahezjxpx.cloudfront.net/attachments/exportedBinaries20260723_175229/069N300000yGlVEIA0/LTB-T-034442-25-HR - April 27 2026.pdf,text,[],[],,,,no dollar amount found
LTB-T-037440-25,T2,Order,2026-01-16,M5T,https://d3hf2qahezjxpx.cloudfront.net/attachments/exportedBinaries20260723_175229/069N300000ruFDyIAM/LTB-T-037440-25-HR.pdf,text,[],[],,,,no dollar amount found
LTB-T-053215-25,T2,Order,2026-04-01,P0M,https://d3hf2qahezjxpx.cloudfront.net/attachments/exportedBinaries20260723_175229/069N300000wedFwIAI/LTB-T-053215-25-HR.pdf,text,[],[],,,,no dollar amount found
LTB-T-076947-25,T2,Order,2026-04-23,N2B,https://d3hf2qahezjxpx.cloudfront.net/attachments/exportedBinaries20260723_175229/069N300000yJoxpIAC/LTB-T-076947-25-HR.pdf,text,"[50.0, 50.0]",[],50.0,ambiguous-max,It is ordered on consent that:  1. The Landlord shall pay the Tenant >>>$50.00<<< in satisfaction of the issues raised in the  Tenant’s application.  2. The Land,"found in operative 'It is ordered that' section; multiple candidate amounts, took max — manual review advised"
LTB-T-038911-25,T6,Order,2026-02-17,L4A,https://d3hf2qahezjxpx.cloudfront.net/attachments/exportedBinaries20260723_175229/069N300000tvS1fIAE/LTB-T-038911-25-HR.pdf,text,[],[],,,,no dollar amount found
LTB-T-050538-25,T6,Order,2026-05-07,M4J,https://d3hf2qahezjxpx.cloudfront.net/attachments/exportedBinaries20260723_175229/069N300000zGUVFIA4/LTB-T-050538-25-HR - May 7 2026.pdf,text,[],[],,,,no dollar amount found
LTB-T-013816-25,T6,Order,2026-03-25,L8V,https://d3hf2qahezjxpx.cloudfront.net/attachments/exportedBinaries20260723_175229/069N300000vvIXNIA2/LTB-T-013816-25.pdf,text,[500.0],[],500.0,other,"before March 31, 2026, the Landlord shall pay to the Tenant the full amount of  >>>$500.00<<<.   3. This order resolves all issues pertaining to the residential tenancy.   4","found in operative 'It is ordered that' section; single candidate amount, no strong keyword match"
LTB-T-080551-25,T6,Order,2026-03-30,M6K,https://d3hf2qahezjxpx.cloudfront.net/attachments/exportedBinaries20260723_175229/069N300000wbkNUIAY/LTB-T-080551-25 and LTB-T-095094-25-HR.pdf,text,"[1925.0, 1925.0, 1925.0, 1925.0, 200.0]",[],1925.0,ambiguous-max,"94-25.  2. The Landlord is holding a last month’s rent deposit in the amount of >>>$1,925.00<<< which shall  be applied to the rent owing for May 2026.  3. The Tenant has alre","no operative section found, or it had no dollar mentions at all; fell back to full-document search; multiple candidate amounts, took max — manual review advised"
LTB-T-079724-24,T6,Order,2026-01-20,P4N,https://d3hf2qahezjxpx.cloudfront.net/attachments/exportedBinaries20260723_175229/069N300000sANvWIAW/LTB-T-079724-24-HR.pdf,text,[],[],,,,no dollar amount found
LTB-T-068082-25,T6,Order,2026-02-23,L1J,https://d3hf2qahezjxpx.cloudfront.net/attachments/exportedBinaries20260723_175229/069N300000uMCaDIAW/LTB-T-068082-25-HR - February 23 2026.pdf,text,[],[],,,,no dollar amount found
LTB-T-089685-25,T6,Order,2026-05-27,L0S,https://d3hf2qahezjxpx.cloudfront.net/attachments/exportedBinaries20260723_175229/069N3000010DjA8IAK/LTB-T-089685-25-HR - May 27 2026 (1).pdf,text,[],[],,,,no dollar amount found
LTB-T-080565-25,T6,Order,2026-04-15,N3T,https://d3hf2qahezjxpx.cloudfront.net/attachments/exportedBinaries20260723_175229/069N300000xbtZtIAI/LTB-T-080565-25-LTB-T-080615-25-HR - April 15 2026.pdf,text,[1345.54],[],1345.54,other,"It is ordered that:  1. The Landlord shall pay to the Tenant >>>$1,345.54<<< on or before April 30, 2026.  2. If the Landlord does not pay the Tenant the fu","found in operative 'It is ordered that' section; single candidate amount, no strong keyword match"
LTB-T-013314-25,T6,Order,2026-03-24,L8S,https://d3hf2qahezjxpx.cloudfront.net/attachments/exportedBinaries20260723_175229/069N300000w4Q0vIAE/LTB-T-013314-25-HR.pdf,text,[],[],,,,no dollar amount found
LTB-T-049731-25,T6,Order,2026-04-13,L9S,https://d3hf2qahezjxpx.cloudfront.net/attachments/exportedBinaries20260723_175229/069N300000xeHRfIAM/LTB-T-049731-25-HR ABAN CERT.pdf,text,[],[],,,,no dollar amount found
LTB-T-081512-25,T6,Order,2026-03-30,N6H,https://d3hf2qahezjxpx.cloudfront.net/attachments/exportedBinaries20260723_175229/069N300000wMJabIAG/LTB-T-081512-25-HR.pdf,text,[],[],,,,no dollar amount found
LTB-T-077107-25,T6,Order,2026-03-26,K1Y,https://d3hf2qahezjxpx.cloudfront.net/attachments/exportedBinaries20260723_175229/069N300000w9UqJIAU/LTB-T-077107-25-HR.pdf,text,[],[],,,,no dollar amount found
LTB-T-005112-25,T6,Order,2026-02-18,L5G,https://d3hf2qahezjxpx.cloudfront.net/attachments/exportedBinaries20260723_175229/069N300000tzWmUIAU/LTB-T-005112-25 - February 18 2026.pdf,text,[],[],,,,no dollar amount found
LTB-T-076079-25,T6,ExParte Order,2026-03-13,L8N,https://d3hf2qahezjxpx.cloudfront.net/attachments/exportedBinaries20260723_175229/069N300000vLStaIAG/LTB-T-076079-25-EX Certified.pdf,text,[],[],,,,no dollar amount found
LTB-T-091993-25,T6,Order,2026-04-14,L6S,https://d3hf2qahezjxpx.cloudfront.net/attachments/exportedBinaries20260723_175229/069N300000xSEkQIAW/LTB-T-091993-25-HR - April 14 2026.pdf,text,[],[],,,,no dollar amount found
LTB-T-002247-25,T6,Order,2026-02-26,L3J,https://d3hf2qahezjxpx.cloudfront.net/attachments/exportedBinaries20260723_175229/069N300000uLWSyIAO/LTB-T-002247-25-HR - February 26 2026.pdf,text,[],[],,,,no dollar amount found
LTB-T-070833-25,T6,Order,2026-05-05,M9R,https://d3hf2qahezjxpx.cloudfront.net/attachments/exportedBinaries20260723_175229/069N300000yzeEEIAY/LTB-T-070833-25-HR - May 5 2026.pdf,text,[],[],,,,no dollar amount found
LTB-T-063151-25,T6,Order,2026-02-17,M9V,https://d3hf2qahezjxpx.cloudfront.net/attachments/exportedBinaries20260723_175229/069N300000tmHv4IAE/LTB-T-063151-25-HR - February 17 2026.pdf,text,[500.0],[],500.0,other,It is ordered on consent that:  1. The Landlord shall pay to the Tenant >>>$500.00<<< in full satisfaction of this herein consent.      File Number: LTB-T-063151-25,"found in operative 'It is ordered that' section; single candidate amount, no strong keyword match"
LTB-T-090904-25,T1,Order,2026-04-21,N5W,https://d3hf2qahezjxpx.cloudfront.net/attachments/exportedBinaries20260723_175229/069N300000xqOU7IAM/LTB-T-090904-25-HR.pdf,text,[],[],,,,no dollar amount found
LTB-T-095738-25,T1,Order,2026-05-27,K1L,https://d3hf2qahezjxpx.cloudfront.net/attachments/exportedBinaries20260723_175229/069N3000010i2qSIAQ/LTB-T-095738-25-HR  Fr.pdf,text,[],[],,,,no dollar amount found
LTB-T-062307-25,T1,Order,2026-04-30,M5R,https://d3hf2qahezjxpx.cloudfront.net/attachments/exportedBinaries20260723_175229/069N300000ydjVmIAI/LTB-T-062307-25-HR.pdf,text,[],[],,,,no dollar amount found
LTB-T-106860-25,T1,Order,2026-05-29,M8Y,https://d3hf2qahezjxpx.cloudfront.net/attachments/exportedBinaries20260723_175229/069N3000010g2UkIAI/LTB-L-019579-25&LTB-T-106860-25-HR - May 29 2026.pdf,text,"[1362.17, 1164.43, 1213.33, 1280.06, 1331.26, 1364.0, 1534.17, 2451.16, 1164.43, 1178.4, 1164.43, 1207.86, 1178.4, 1238.06, 1207.86, 1213.33, 1164.43, 1280.06, 1213.33, 1329.47, 1280.06, 1364.0, 1329.47, 1362.17, 1329.47, 1364.0, 1329.47, 2728.0, 4267.29, 186.0, 1362.7, 18.29, 1364.0, 1329.47, 48.0, 3024.3, 6995.29, 186.0, 48.0, 138.0, 2728.0, 1362.7, 18.29, 3024.3]","[6995.29, 186.0, 48.0, 138.0]",3024.3,ambiguous-max,"on the last month's rent deposit  - $18.29  Total amount owing to the Landlord  >>>$3,024.30<<<","found in operative 'It is ordered that' section; multiple candidate amounts, took max — manual review advised"
LTB-T-062071-25,T1,Order,2026-03-02,N8X,https://d3hf2qahezjxpx.cloudfront.net/attachments/exportedBinaries20260723_175229/069N300000upMsuIAE/LTB-T-062071-25-HR - March 3 2026.pdf,text,[],[],,,,no dollar amount found
LTB-T-071214-25,T1,Order,2026-03-24,M6S,https://d3hf2qahezjxpx.cloudfront.net/attachments/exportedBinaries20260723_175229/069N300000vu8GlIAI/LTB-T-071214-25-HR.pdf,text,[],[],,,,no dollar amount found
LTB-T-098065-25,T1,Order,2026-05-13,N5Y,https://d3hf2qahezjxpx.cloudfront.net/attachments/exportedBinaries20260723_175229/069N300000z3yB0IAI/LTB-T-098065-25-HR.pdf,text,[],[],,,,no dollar amount found
LTB-T-105859-25,T1,Order,2026-04-17,L6R,https://d3hf2qahezjxpx.cloudfront.net/attachments/exportedBinaries20260723_175229/069N300000xyQtjIAE/LTB-T-105859-25_HR.pdf,text,"[411.17, 411.17, 411.17, 411.17, 411.17, 411.17]",[411.17],411.17,stated_total,It is ordered that:  1. The total amount the Landlords shall pay the Tenant is >>>$411.17<<<. This amount represents:   •  $411.17 for the illegal charge collected.  2. The,"found in operative 'It is ordered that' section; explicit stated-total phrasing (""...is \$X"")"
LTB-T-004124-26,T1,Order,2026-04-28,L4G,https://d3hf2qahezjxpx.cloudfront.net/attachments/exportedBinaries20260723_175229/069N300000ybiKnIAI/LTB-T-004124-26 - T1 - Cert.pdf,text,"[1300.0, 379.0, 921.0]",[],1300.0,stated_total,"It is ordered that:  1. The total amount the Landlord shall pay the Tenant is >>>$1,300.00<<<. This amount represents:   •  $379.00 for railing repairs.  •  $921.00 for the","found in operative 'It is ordered that' section; explicit stated-total phrasing (""...is \$X"")"
LTB-T-090495-25,T1,Order,2026-04-15,K1N,https://d3hf2qahezjxpx.cloudfront.net/attachments/exportedBinaries20260723_175229/069N300000xrHlYIAU/LTB-T-090495-25-HR.pdf,text,[435.65],[],435.65,other,"nit with other roommates, and her portion of the  last month’s rent deposit was >>>$435.65<<<, which was still being held by the Landlord at the  time the lease was assigned","no operative section found, or it had no dollar mentions at all; fell back to full-document search; single candidate amount, no strong keyword match"
LTB-T-080002-25,T1,Order,2026-04-13,M4S,https://d3hf2qahezjxpx.cloudfront.net/attachments/exportedBinaries20260723_175229/069N300000xcEPlIAM/LTB-T-080002-25-HR - April 13 2026.pdf,text,"[10048.0, 10000.0, 48.0]","[10000.0, 48.0]",10048.0,stated_total,"it is ordered that:  1. The total amount the Landlord shall pay the Tenant is >>>$10,048.00<<<. This amount  represents:   •  $10,000.00 for the rent deposits.  •  $48.00 for","found in operative 'It is ordered that' section; explicit stated-total phrasing (""...is \$X"")"
LTB-T-093037-25,T1,Order,2026-04-22,L9J,https://d3hf2qahezjxpx.cloudfront.net/attachments/exportedBinaries20260723_175229/069N300000yLahIIAS/LTB-T-093037-25-HR - April 22 2026.pdf,text,[700.0],[],700.0,stated_total,it is ordered that:  1. The total amount the Landlord shall pay the Tenant is >>>$700.00<<< representing partial  reimbursement of a rental deposit.   2. The Landlord shal,"found in operative 'It is ordered that' section; explicit stated-total phrasing (""...is \$X"")"
LTB-T-053585-25,T1,Order,2026-02-25,L1L,https://d3hf2qahezjxpx.cloudfront.net/attachments/exportedBinaries20260723_175229/069N300000uQGp8IAG/LTB-T-053585-25-HR.pdf,text,"[65.0, 53.68, 55.22, 65.0, 53.68, 55.22, 65.0, 65.0, 3250.0, 78.14, 78.14, 48.0, 126.14, 78.14, 48.0]","[78.14, 48.0]",126.14,stated_total,It is ordered that:  1. The total amount the Landlords shall pay the Tenants is >>>$126.14<<<. This amount represents: • $78.14 for interest on the last month's rent deposit,"found in operative 'It is ordered that' section; explicit stated-total phrasing (""...is \$X"")"
LTB-T-103052-25,T1,Order,2026-05-19,M4H,https://d3hf2qahezjxpx.cloudfront.net/attachments/exportedBinaries20260723_175229/069N300000zcvWwIAI/LTB-T-103052-25-HR - May 19 2026 cert.pdf,text,[],[],,,,no dollar amount found
LTB-T-045035-25,T1,Order,2026-02-04,L5M,https://d3hf2qahezjxpx.cloudfront.net/attachments/exportedBinaries20260723_175229/069N300000tPfhrIAC/LTB-T-045035-25-HR.pdf,text,"[3160.5, 3100.0, 3100.0, 12.5, 3100.0, 3100.0, 12.5, 48.0, 3160.5, 3100.0, 12.5, 48.0, 3160.5]",[48.0],3160.5,stated_total,"t is ordered that:  19. The total amount the Landlords shall pay the Tenants is >>>$3,160.50<<<. This amount  represents:   •  $3,100.00 for excess rent collected in May 2025;","found in operative 'It is ordered that' section; explicit stated-total phrasing (""...is \$X"")"
LTB-T-004084-26,T1,Review Order,2026-05-19,K2J,https://d3hf2qahezjxpx.cloudfront.net/attachments/exportedBinaries20260723_175229/069N30000106OaKIAU/LTB-T-004084-26-RV Certified.pdf,text,[],[],,,,no dollar amount found
LTB-T-091299-25,T1,Order,2026-04-17,L1G,https://d3hf2qahezjxpx.cloudfront.net/attachments/exportedBinaries20260723_175229/069N300000xq1cNIAQ/LTB-T-091299-25-HR.pdf,text,[],[],,,,no dollar amount found
LTB-T-022287-25,T1,Order,2026-02-03,L4C,https://d3hf2qahezjxpx.cloudfront.net/attachments/exportedBinaries20260723_175229/069N300000tL0v9IAC/LTB-T-022287-25-HR.pdf,text,"[2880.0, 2880.0, 2928.0, 2880.0, 48.0]","[2880.0, 48.0]",2928.0,stated_total,"It is ordered that:  1. The total amount the Landlord shall pay the Tenant is >>>$2,928.00<<<. This amount represents:   •  $2,880.00 for the compensation owing.  •  $48.00","found in operative 'It is ordered that' section; explicit stated-total phrasing (""...is \$X"")"
